mode: set
KNIRVENGINE/desktop-client/api/agent_service.go:45.60,49.2 1 0
KNIRVENGINE/desktop-client/api/agent_service.go:51.106,53.33 2 0
KNIRVENGINE/desktop-client/api/agent_service.go:53.33,54.31 1 0
KNIRVENGINE/desktop-client/api/agent_service.go:54.31,56.4 1 0
KNIRVENGINE/desktop-client/api/agent_service.go:58.2,58.20 1 0
KNIRVENGINE/desktop-client/api/agent_service.go:61.96,62.43 1 0
KNIRVENGINE/desktop-client/api/agent_service.go:62.43,64.3 1 0
KNIRVENGINE/desktop-client/api/agent_service.go:65.2,65.43 1 0
KNIRVENGINE/desktop-client/api/agent_service.go:68.88,71.2 2 0
KNIRVENGINE/desktop-client/api/agent_service.go:73.88,74.46 1 0
KNIRVENGINE/desktop-client/api/agent_service.go:74.46,76.3 1 0
KNIRVENGINE/desktop-client/api/agent_service.go:77.2,78.12 2 0
KNIRVENGINE/desktop-client/api/agent_service.go:81.85,82.40 1 0
KNIRVENGINE/desktop-client/api/agent_service.go:82.40,84.3 1 0
KNIRVENGINE/desktop-client/api/agent_service.go:85.2,86.12 2 0
KNIRVENGINE/desktop-client/api/agent_service.go:90.58,94.2 1 0
KNIRVENGINE/desktop-client/api/agent_service.go:97.61,109.2 9 0
KNIRVENGINE/desktop-client/api/agent_service.go:112.81,114.27 1 0
KNIRVENGINE/desktop-client/api/agent_service.go:114.27,120.3 5 0
KNIRVENGINE/desktop-client/api/agent_service.go:123.2,128.9 4 0
KNIRVENGINE/desktop-client/api/agent_service.go:128.9,131.3 2 0
KNIRVENGINE/desktop-client/api/agent_service.go:134.2,135.16 2 0
KNIRVENGINE/desktop-client/api/agent_service.go:135.16,138.3 2 0
KNIRVENGINE/desktop-client/api/agent_service.go:140.2,142.4 1 0
KNIRVENGINE/desktop-client/api/agent_service.go:146.79,148.27 1 0
KNIRVENGINE/desktop-client/api/agent_service.go:148.27,154.3 5 0
KNIRVENGINE/desktop-client/api/agent_service.go:157.2,162.9 4 0
KNIRVENGINE/desktop-client/api/agent_service.go:162.9,165.3 2 0
KNIRVENGINE/desktop-client/api/agent_service.go:168.2,173.16 4 0
KNIRVENGINE/desktop-client/api/agent_service.go:173.16,176.3 2 0
KNIRVENGINE/desktop-client/api/agent_service.go:179.2,179.29 1 0
KNIRVENGINE/desktop-client/api/agent_service.go:179.29,182.3 2 0
KNIRVENGINE/desktop-client/api/agent_service.go:184.2,186.4 1 0
KNIRVENGINE/desktop-client/api/agent_service.go:190.82,192.27 1 0
KNIRVENGINE/desktop-client/api/agent_service.go:192.27,198.3 5 0
KNIRVENGINE/desktop-client/api/agent_service.go:201.2,206.9 4 0
KNIRVENGINE/desktop-client/api/agent_service.go:206.9,209.3 2 0
KNIRVENGINE/desktop-client/api/agent_service.go:212.2,213.49 2 0
KNIRVENGINE/desktop-client/api/agent_service.go:213.49,216.3 2 0
KNIRVENGINE/desktop-client/api/agent_service.go:219.2,224.70 4 0
KNIRVENGINE/desktop-client/api/agent_service.go:224.70,227.3 2 0
KNIRVENGINE/desktop-client/api/agent_service.go:229.2,231.4 1 0
KNIRVENGINE/desktop-client/api/agent_service.go:235.82,237.27 1 0
KNIRVENGINE/desktop-client/api/agent_service.go:237.27,243.3 5 0
KNIRVENGINE/desktop-client/api/agent_service.go:246.2,251.9 4 0
KNIRVENGINE/desktop-client/api/agent_service.go:251.9,254.3 2 0
KNIRVENGINE/desktop-client/api/agent_service.go:257.2,262.16 4 0
KNIRVENGINE/desktop-client/api/agent_service.go:262.16,265.3 2 0
KNIRVENGINE/desktop-client/api/agent_service.go:268.2,268.37 1 0
KNIRVENGINE/desktop-client/api/agent_service.go:268.37,271.3 2 0
KNIRVENGINE/desktop-client/api/agent_service.go:274.2,275.49 2 0
KNIRVENGINE/desktop-client/api/agent_service.go:275.49,278.3 2 0
KNIRVENGINE/desktop-client/api/agent_service.go:281.2,286.70 4 0
KNIRVENGINE/desktop-client/api/agent_service.go:286.70,289.3 2 0
KNIRVENGINE/desktop-client/api/agent_service.go:291.2,293.4 1 0
KNIRVENGINE/desktop-client/api/agent_service.go:297.82,299.27 1 0
KNIRVENGINE/desktop-client/api/agent_service.go:299.27,305.3 5 0
KNIRVENGINE/desktop-client/api/agent_service.go:308.2,313.9 4 0
KNIRVENGINE/desktop-client/api/agent_service.go:313.9,316.3 2 0
KNIRVENGINE/desktop-client/api/agent_service.go:319.2,324.16 4 0
KNIRVENGINE/desktop-client/api/agent_service.go:324.16,327.3 2 0
KNIRVENGINE/desktop-client/api/agent_service.go:330.2,330.37 1 0
KNIRVENGINE/desktop-client/api/agent_service.go:330.37,333.3 2 0
KNIRVENGINE/desktop-client/api/agent_service.go:336.2,336.71 1 0
KNIRVENGINE/desktop-client/api/agent_service.go:336.71,339.3 2 0
KNIRVENGINE/desktop-client/api/agent_service.go:341.2,343.4 1 0
KNIRVENGINE/desktop-client/api/agent_service.go:347.85,349.27 1 0
KNIRVENGINE/desktop-client/api/agent_service.go:349.27,355.3 5 0
KNIRVENGINE/desktop-client/api/agent_service.go:358.2,363.9 4 0
KNIRVENGINE/desktop-client/api/agent_service.go:363.9,366.3 2 0
KNIRVENGINE/desktop-client/api/agent_service.go:369.2,370.16 2 0
KNIRVENGINE/desktop-client/api/agent_service.go:370.16,373.3 2 0
KNIRVENGINE/desktop-client/api/agent_service.go:376.2,392.31 2 0
KNIRVENGINE/desktop-client/api/agent_service.go:392.31,396.71 3 0
KNIRVENGINE/desktop-client/api/agent_service.go:396.71,397.62 1 0
KNIRVENGINE/desktop-client/api/agent_service.go:397.62,398.30 1 0
KNIRVENGINE/desktop-client/api/agent_service.go:398.30,400.6 1 0
KNIRVENGINE/desktop-client/api/agent_service.go:404.3,414.4 1 0
KNIRVENGINE/desktop-client/api/agent_service.go:417.2,417.54 1 0
KNIRVENGINE/desktop-client/api/agent_service.go:421.83,423.27 1 0
KNIRVENGINE/desktop-client/api/agent_service.go:423.27,429.3 5 0
KNIRVENGINE/desktop-client/api/agent_service.go:432.2,437.9 4 0
KNIRVENGINE/desktop-client/api/agent_service.go:437.9,440.3 2 0
KNIRVENGINE/desktop-client/api/agent_service.go:443.2,450.65 2 0
KNIRVENGINE/desktop-client/api/agent_service.go:450.65,453.3 2 0
KNIRVENGINE/desktop-client/api/agent_service.go:456.2,457.44 2 0
KNIRVENGINE/desktop-client/api/agent_service.go:457.44,460.3 2 0
KNIRVENGINE/desktop-client/api/agent_service.go:462.2,463.46 2 0
KNIRVENGINE/desktop-client/api/agent_service.go:463.46,466.3 2 0
KNIRVENGINE/desktop-client/api/agent_service.go:470.2,474.4 1 0
KNIRVENGINE/desktop-client/api/agent_service.go:478.78,480.27 1 0
KNIRVENGINE/desktop-client/api/agent_service.go:480.27,486.3 5 0
KNIRVENGINE/desktop-client/api/agent_service.go:489.2,494.9 4 0
KNIRVENGINE/desktop-client/api/agent_service.go:494.9,497.3 2 0
KNIRVENGINE/desktop-client/api/agent_service.go:500.2,512.4 3 0
KNIRVENGINE/desktop-client/api/agent_service.go:516.88,518.27 1 0
KNIRVENGINE/desktop-client/api/agent_service.go:518.27,524.3 5 0
KNIRVENGINE/desktop-client/api/agent_service.go:527.2,532.9 4 0
KNIRVENGINE/desktop-client/api/agent_service.go:532.9,535.3 2 0
KNIRVENGINE/desktop-client/api/agent_service.go:538.2,543.75 2 0
KNIRVENGINE/desktop-client/api/agent_service.go:543.75,546.3 2 0
KNIRVENGINE/desktop-client/api/agent_service.go:549.2,550.43 2 0
KNIRVENGINE/desktop-client/api/agent_service.go:550.43,553.3 2 0
KNIRVENGINE/desktop-client/api/agent_service.go:556.2,557.70 2 0
KNIRVENGINE/desktop-client/api/agent_service.go:557.70,560.3 2 0
KNIRVENGINE/desktop-client/api/agent_service.go:562.2,564.16 3 0
KNIRVENGINE/desktop-client/api/agent_service.go:564.16,567.3 2 0
KNIRVENGINE/desktop-client/api/agent_service.go:569.2,570.69 2 0
KNIRVENGINE/desktop-client/api/agent_service.go:570.69,573.3 2 0
KNIRVENGINE/desktop-client/api/agent_service.go:575.2,579.4 1 0
KNIRVENGINE/desktop-client/api/agent_terminal_handler.go:20.86,25.2 1 1
KNIRVENGINE/desktop-client/api/agent_terminal_handler.go:28.80,30.2 1 0
KNIRVENGINE/desktop-client/api/agent_terminal_handler.go:33.82,36.2 2 0
KNIRVENGINE/desktop-client/api/agent_terminal_handler.go:77.67,84.2 5 1
KNIRVENGINE/desktop-client/api/agent_terminal_handler.go:87.55,88.24 1 0
KNIRVENGINE/desktop-client/api/agent_terminal_handler.go:88.24,89.35 1 0
KNIRVENGINE/desktop-client/api/agent_terminal_handler.go:89.35,91.4 1 0
KNIRVENGINE/desktop-client/api/agent_terminal_handler.go:93.2,93.14 1 0
KNIRVENGINE/desktop-client/api/agent_terminal_handler.go:97.93,99.61 2 0
KNIRVENGINE/desktop-client/api/agent_terminal_handler.go:99.61,102.3 2 0
KNIRVENGINE/desktop-client/api/agent_terminal_handler.go:105.2,105.25 1 0
KNIRVENGINE/desktop-client/api/agent_terminal_handler.go:105.25,108.3 2 0
KNIRVENGINE/desktop-client/api/agent_terminal_handler.go:111.2,112.23 2 0
KNIRVENGINE/desktop-client/api/agent_terminal_handler.go:112.23,114.9 2 0
KNIRVENGINE/desktop-client/api/agent_terminal_handler.go:114.9,119.4 3 0
KNIRVENGINE/desktop-client/api/agent_terminal_handler.go:123.2,123.41 1 0
KNIRVENGINE/desktop-client/api/agent_terminal_handler.go:123.41,125.3 1 0
KNIRVENGINE/desktop-client/api/agent_terminal_handler.go:128.2,129.16 2 0
KNIRVENGINE/desktop-client/api/agent_terminal_handler.go:129.16,132.3 2 0
KNIRVENGINE/desktop-client/api/agent_terminal_handler.go:135.2,135.40 1 0
KNIRVENGINE/desktop-client/api/agent_terminal_handler.go:135.40,138.3 2 0
KNIRVENGINE/desktop-client/api/agent_terminal_handler.go:141.2,141.34 1 0
KNIRVENGINE/desktop-client/api/agent_terminal_handler.go:141.35,143.3 0 0
KNIRVENGINE/desktop-client/api/agent_terminal_handler.go:146.2,152.37 3 0
KNIRVENGINE/desktop-client/api/agent_terminal_handler.go:156.93,158.61 2 0
KNIRVENGINE/desktop-client/api/agent_terminal_handler.go:158.61,161.3 2 0
KNIRVENGINE/desktop-client/api/agent_terminal_handler.go:164.2,164.49 1 0
KNIRVENGINE/desktop-client/api/agent_terminal_handler.go:164.49,167.3 2 0
KNIRVENGINE/desktop-client/api/agent_terminal_handler.go:170.2,171.16 2 0
KNIRVENGINE/desktop-client/api/agent_terminal_handler.go:171.16,174.3 2 0
KNIRVENGINE/desktop-client/api/agent_terminal_handler.go:178.2,181.61 3 0
KNIRVENGINE/desktop-client/api/agent_terminal_handler.go:185.92,187.61 2 0
KNIRVENGINE/desktop-client/api/agent_terminal_handler.go:187.61,190.3 2 0
KNIRVENGINE/desktop-client/api/agent_terminal_handler.go:193.2,193.49 1 0
KNIRVENGINE/desktop-client/api/agent_terminal_handler.go:193.49,196.3 2 0
KNIRVENGINE/desktop-client/api/agent_terminal_handler.go:199.2,199.71 1 0
KNIRVENGINE/desktop-client/api/agent_terminal_handler.go:199.71,202.3 2 0
KNIRVENGINE/desktop-client/api/agent_terminal_handler.go:204.2,205.61 2 0
KNIRVENGINE/desktop-client/api/agent_terminal_handler.go:209.86,214.41 3 0
KNIRVENGINE/desktop-client/api/agent_terminal_handler.go:214.41,217.3 2 0
KNIRVENGINE/desktop-client/api/agent_terminal_handler.go:220.2,221.16 2 0
KNIRVENGINE/desktop-client/api/agent_terminal_handler.go:221.16,224.3 2 0
KNIRVENGINE/desktop-client/api/agent_terminal_handler.go:227.2,231.32 3 0
KNIRVENGINE/desktop-client/api/agent_terminal_handler.go:231.32,238.3 1 0
KNIRVENGINE/desktop-client/api/agent_terminal_handler.go:240.2,244.4 2 0
KNIRVENGINE/desktop-client/api/agent_terminal_handler.go:248.88,253.41 3 0
KNIRVENGINE/desktop-client/api/agent_terminal_handler.go:253.41,256.3 2 0
KNIRVENGINE/desktop-client/api/agent_terminal_handler.go:259.2,260.16 2 0
KNIRVENGINE/desktop-client/api/agent_terminal_handler.go:260.16,263.3 2 0
KNIRVENGINE/desktop-client/api/agent_terminal_handler.go:266.2,266.61 1 0
KNIRVENGINE/desktop-client/api/analytics_service.go:86.88,92.2 1 0
KNIRVENGINE/desktop-client/api/analytics_service.go:95.110,98.40 2 0
KNIRVENGINE/desktop-client/api/analytics_service.go:98.40,99.54 1 0
KNIRVENGINE/desktop-client/api/analytics_service.go:99.54,102.4 2 0
KNIRVENGINE/desktop-client/api/analytics_service.go:104.2,113.16 4 0
KNIRVENGINE/desktop-client/api/analytics_service.go:113.16,115.3 1 0
KNIRVENGINE/desktop-client/api/analytics_service.go:118.2,128.37 5 0
KNIRVENGINE/desktop-client/api/analytics_service.go:128.37,130.73 1 0
KNIRVENGINE/desktop-client/api/analytics_service.go:130.73,132.4 1 0
KNIRVENGINE/desktop-client/api/analytics_service.go:135.3,139.26 3 0
KNIRVENGINE/desktop-client/api/analytics_service.go:140.32,144.31 2 0
KNIRVENGINE/desktop-client/api/analytics_service.go:144.31,147.5 2 0
KNIRVENGINE/desktop-client/api/analytics_service.go:148.29,149.29 1 0
KNIRVENGINE/desktop-client/api/analytics_service.go:154.2,154.32 1 0
KNIRVENGINE/desktop-client/api/analytics_service.go:154.32,156.3 1 0
KNIRVENGINE/desktop-client/api/analytics_service.go:159.2,159.36 1 0
KNIRVENGINE/desktop-client/api/analytics_service.go:159.36,161.3 1 0
KNIRVENGINE/desktop-client/api/analytics_service.go:164.2,170.37 4 0
KNIRVENGINE/desktop-client/api/analytics_service.go:170.37,172.3 1 0
KNIRVENGINE/desktop-client/api/analytics_service.go:175.2,175.42 1 0
KNIRVENGINE/desktop-client/api/analytics_service.go:175.42,181.3 1 0
KNIRVENGINE/desktop-client/api/analytics_service.go:184.2,184.52 1 0
KNIRVENGINE/desktop-client/api/analytics_service.go:184.52,185.57 1 0
KNIRVENGINE/desktop-client/api/analytics_service.go:185.57,186.75 1 0
KNIRVENGINE/desktop-client/api/analytics_service.go:186.75,188.5 1 0
KNIRVENGINE/desktop-client/api/analytics_service.go:193.2,193.38 1 0
KNIRVENGINE/desktop-client/api/analytics_service.go:193.38,195.3 1 0
KNIRVENGINE/desktop-client/api/analytics_service.go:198.2,202.21 4 0
KNIRVENGINE/desktop-client/api/analytics_service.go:206.65,216.2 7 0
KNIRVENGINE/desktop-client/api/analytics_service.go:219.94,224.16 3 0
KNIRVENGINE/desktop-client/api/analytics_service.go:224.16,227.3 2 0
KNIRVENGINE/desktop-client/api/analytics_service.go:229.2,232.4 2 0
KNIRVENGINE/desktop-client/api/analytics_service.go:236.93,243.20 4 0
KNIRVENGINE/desktop-client/api/analytics_service.go:243.20,244.80 1 0
KNIRVENGINE/desktop-client/api/analytics_service.go:244.80,246.4 1 0
KNIRVENGINE/desktop-client/api/analytics_service.go:250.2,251.16 2 0
KNIRVENGINE/desktop-client/api/analytics_service.go:251.16,254.3 2 0
KNIRVENGINE/desktop-client/api/analytics_service.go:257.2,258.34 2 0
KNIRVENGINE/desktop-client/api/analytics_service.go:258.34,260.3 1 0
KNIRVENGINE/desktop-client/api/analytics_service.go:262.2,265.4 2 0
KNIRVENGINE/desktop-client/api/analytics_service.go:269.91,273.19 3 0
KNIRVENGINE/desktop-client/api/analytics_service.go:273.19,276.3 2 0
KNIRVENGINE/desktop-client/api/analytics_service.go:279.2,301.4 3 0
KNIRVENGINE/desktop-client/api/analytics_service.go:305.94,309.19 3 0
KNIRVENGINE/desktop-client/api/analytics_service.go:309.19,312.3 2 0
KNIRVENGINE/desktop-client/api/analytics_service.go:315.2,336.4 3 0
KNIRVENGINE/desktop-client/api/analytics_service.go:340.92,342.16 2 0
KNIRVENGINE/desktop-client/api/analytics_service.go:342.16,345.3 2 0
KNIRVENGINE/desktop-client/api/analytics_service.go:347.2,351.4 2 0
KNIRVENGINE/desktop-client/api/analytics_service.go:355.92,359.20 3 0
KNIRVENGINE/desktop-client/api/analytics_service.go:359.20,360.72 1 0
KNIRVENGINE/desktop-client/api/analytics_service.go:360.72,362.4 1 0
KNIRVENGINE/desktop-client/api/analytics_service.go:365.2,366.16 2 0
KNIRVENGINE/desktop-client/api/analytics_service.go:366.16,369.3 2 0
KNIRVENGINE/desktop-client/api/analytics_service.go:371.2,376.4 2 0
KNIRVENGINE/desktop-client/api/analytics_service.go:380.90,382.16 2 0
KNIRVENGINE/desktop-client/api/analytics_service.go:382.16,385.3 2 0
KNIRVENGINE/desktop-client/api/analytics_service.go:387.2,391.4 2 0
KNIRVENGINE/desktop-client/api/analytics_service.go:395.98,433.2 12 0
KNIRVENGINE/desktop-client/api/analytics_service.go:436.104,449.39 8 0
KNIRVENGINE/desktop-client/api/analytics_service.go:449.39,464.37 3 0
KNIRVENGINE/desktop-client/api/analytics_service.go:464.37,466.4 1 0
KNIRVENGINE/desktop-client/api/analytics_service.go:466.9,466.41 1 0
KNIRVENGINE/desktop-client/api/analytics_service.go:466.41,468.4 1 0
KNIRVENGINE/desktop-client/api/analytics_service.go:470.3,470.44 1 0
KNIRVENGINE/desktop-client/api/analytics_service.go:473.2,473.24 1 0
KNIRVENGINE/desktop-client/api/analytics_service.go:477.97,524.2 2 0
KNIRVENGINE/desktop-client/api/analytics_service.go:527.40,530.28 2 0
KNIRVENGINE/desktop-client/api/analytics_service.go:530.28,532.3 1 0
KNIRVENGINE/desktop-client/api/analytics_service.go:532.8,532.33 1 0
KNIRVENGINE/desktop-client/api/analytics_service.go:532.33,534.19 2 0
KNIRVENGINE/desktop-client/api/analytics_service.go:534.19,536.4 1 0
KNIRVENGINE/desktop-client/api/analytics_service.go:537.3,537.48 1 0
KNIRVENGINE/desktop-client/api/analytics_service.go:538.8,538.36 1 0
KNIRVENGINE/desktop-client/api/analytics_service.go:538.36,540.17 2 0
KNIRVENGINE/desktop-client/api/analytics_service.go:540.17,542.4 1 0
KNIRVENGINE/desktop-client/api/analytics_service.go:543.3,543.44 1 0
KNIRVENGINE/desktop-client/api/analytics_service.go:544.8,546.16 2 0
KNIRVENGINE/desktop-client/api/analytics_service.go:546.16,548.4 1 0
KNIRVENGINE/desktop-client/api/analytics_service.go:549.3,549.42 1 0
KNIRVENGINE/desktop-client/api/application_connection.go:20.85,24.2 1 0
KNIRVENGINE/desktop-client/api/application_connection.go:27.68,32.17 4 0
KNIRVENGINE/desktop-client/api/application_connection.go:32.17,34.3 1 0
KNIRVENGINE/desktop-client/api/application_connection.go:37.2,38.19 2 0
KNIRVENGINE/desktop-client/api/application_connection.go:38.19,39.51 1 0
KNIRVENGINE/desktop-client/api/application_connection.go:39.51,41.4 1 0
KNIRVENGINE/desktop-client/api/application_connection.go:44.2,46.12 3 0
KNIRVENGINE/desktop-client/api/application_connection.go:50.71,56.2 5 0
KNIRVENGINE/desktop-client/api/application_connection.go:59.52,63.2 3 0
KNIRVENGINE/desktop-client/api/application_connection.go:66.60,74.2 1 0
KNIRVENGINE/desktop-client/api/application_connection.go:77.132,78.22 1 0
KNIRVENGINE/desktop-client/api/application_connection.go:78.22,80.3 1 0
KNIRVENGINE/desktop-client/api/application_connection.go:82.2,82.19 1 0
KNIRVENGINE/desktop-client/api/application_connection.go:83.20,84.34 1 0
KNIRVENGINE/desktop-client/api/application_connection.go:85.22,86.36 1 0
KNIRVENGINE/desktop-client/api/application_connection.go:87.22,88.35 1 0
KNIRVENGINE/desktop-client/api/application_connection.go:89.10,90.65 1 0
KNIRVENGINE/desktop-client/api/application_connection.go:95.68,104.2 3 0
KNIRVENGINE/desktop-client/api/application_connection.go:107.60,109.2 1 0
KNIRVENGINE/desktop-client/api/application_connection.go:113.116,115.19 2 0
KNIRVENGINE/desktop-client/api/application_connection.go:115.19,117.3 1 0
KNIRVENGINE/desktop-client/api/application_connection.go:119.2,120.36 2 0
KNIRVENGINE/desktop-client/api/application_connection.go:120.36,122.3 1 0
KNIRVENGINE/desktop-client/api/application_connection.go:124.2,128.8 1 0
KNIRVENGINE/desktop-client/api/application_connection.go:131.118,133.19 2 0
KNIRVENGINE/desktop-client/api/application_connection.go:133.19,135.3 1 0
KNIRVENGINE/desktop-client/api/application_connection.go:137.2,139.16 3 0
KNIRVENGINE/desktop-client/api/application_connection.go:139.16,141.3 1 0
KNIRVENGINE/desktop-client/api/application_connection.go:143.2,147.8 1 0
KNIRVENGINE/desktop-client/api/application_connection.go:150.117,153.19 3 0
KNIRVENGINE/desktop-client/api/application_connection.go:153.19,155.3 1 0
KNIRVENGINE/desktop-client/api/application_connection.go:157.2,158.16 2 0
KNIRVENGINE/desktop-client/api/application_connection.go:158.16,160.3 1 0
KNIRVENGINE/desktop-client/api/application_connection.go:162.2,166.8 1 0
KNIRVENGINE/desktop-client/api/auth_service.go:43.16,44.24 1 0
KNIRVENGINE/desktop-client/api/auth_service.go:44.24,46.3 1 0
KNIRVENGINE/desktop-client/api/auth_service.go:48.2,54.3 1 0
KNIRVENGINE/desktop-client/api/auth_service.go:58.60,70.2 8 0
KNIRVENGINE/desktop-client/api/auth_service.go:73.75,75.27 1 0
KNIRVENGINE/desktop-client/api/auth_service.go:75.27,81.3 5 0
KNIRVENGINE/desktop-client/api/auth_service.go:84.2,93.47 4 0
KNIRVENGINE/desktop-client/api/auth_service.go:93.47,96.3 2 0
KNIRVENGINE/desktop-client/api/auth_service.go:99.2,99.46 1 0
KNIRVENGINE/desktop-client/api/auth_service.go:99.46,102.3 2 0
KNIRVENGINE/desktop-client/api/auth_service.go:105.2,106.16 2 0
KNIRVENGINE/desktop-client/api/auth_service.go:106.16,109.3 2 0
KNIRVENGINE/desktop-client/api/auth_service.go:111.2,111.12 1 0
KNIRVENGINE/desktop-client/api/auth_service.go:111.12,114.3 2 0
KNIRVENGINE/desktop-client/api/auth_service.go:117.2,118.16 2 0
KNIRVENGINE/desktop-client/api/auth_service.go:118.16,121.3 2 0
KNIRVENGINE/desktop-client/api/auth_service.go:124.2,125.16 2 0
KNIRVENGINE/desktop-client/api/auth_service.go:125.16,128.3 2 0
KNIRVENGINE/desktop-client/api/auth_service.go:131.2,139.4 1 0
KNIRVENGINE/desktop-client/api/auth_service.go:143.82,145.27 1 0
KNIRVENGINE/desktop-client/api/auth_service.go:145.27,151.3 5 0
KNIRVENGINE/desktop-client/api/auth_service.go:154.2,162.22 5 0
KNIRVENGINE/desktop-client/api/auth_service.go:162.22,164.56 2 0
KNIRVENGINE/desktop-client/api/auth_service.go:164.56,165.72 1 0
KNIRVENGINE/desktop-client/api/auth_service.go:165.72,167.5 1 0
KNIRVENGINE/desktop-client/api/auth_service.go:172.2,177.4 2 0
KNIRVENGINE/desktop-client/api/auth_service.go:181.78,183.27 1 0
KNIRVENGINE/desktop-client/api/auth_service.go:183.27,189.3 5 0
KNIRVENGINE/desktop-client/api/auth_service.go:192.2,202.47 4 0
KNIRVENGINE/desktop-client/api/auth_service.go:202.47,205.3 2 0
KNIRVENGINE/desktop-client/api/auth_service.go:208.2,208.65 1 0
KNIRVENGINE/desktop-client/api/auth_service.go:208.65,211.3 2 0
KNIRVENGINE/desktop-client/api/auth_service.go:214.2,220.66 2 0
KNIRVENGINE/desktop-client/api/auth_service.go:220.66,221.64 1 0
KNIRVENGINE/desktop-client/api/auth_service.go:221.64,224.4 2 0
KNIRVENGINE/desktop-client/api/auth_service.go:225.3,226.9 2 0
KNIRVENGINE/desktop-client/api/auth_service.go:230.2,231.16 2 0
KNIRVENGINE/desktop-client/api/auth_service.go:231.16,234.3 2 0
KNIRVENGINE/desktop-client/api/auth_service.go:237.2,245.4 1 0
KNIRVENGINE/desktop-client/api/auth_service.go:249.82,251.27 1 0
KNIRVENGINE/desktop-client/api/auth_service.go:251.27,257.3 5 0
KNIRVENGINE/desktop-client/api/auth_service.go:260.2,265.22 4 0
KNIRVENGINE/desktop-client/api/auth_service.go:265.22,268.3 2 0
KNIRVENGINE/desktop-client/api/auth_service.go:271.2,272.55 2 0
KNIRVENGINE/desktop-client/api/auth_service.go:272.55,275.3 2 0
KNIRVENGINE/desktop-client/api/auth_service.go:277.2,281.16 3 0
KNIRVENGINE/desktop-client/api/auth_service.go:281.16,284.3 2 0
KNIRVENGINE/desktop-client/api/auth_service.go:287.2,288.16 2 0
KNIRVENGINE/desktop-client/api/auth_service.go:288.16,291.3 2 0
KNIRVENGINE/desktop-client/api/auth_service.go:294.2,295.16 2 0
KNIRVENGINE/desktop-client/api/auth_service.go:295.16,298.3 2 0
KNIRVENGINE/desktop-client/api/auth_service.go:301.2,309.4 1 0
KNIRVENGINE/desktop-client/api/auth_service.go:313.76,315.27 1 0
KNIRVENGINE/desktop-client/api/auth_service.go:315.27,321.3 5 0
KNIRVENGINE/desktop-client/api/auth_service.go:324.2,332.4 3 0
KNIRVENGINE/desktop-client/api/auth_service.go:336.80,338.27 1 0
KNIRVENGINE/desktop-client/api/auth_service.go:338.27,344.3 5 0
KNIRVENGINE/desktop-client/api/auth_service.go:347.2,352.9 4 0
KNIRVENGINE/desktop-client/api/auth_service.go:352.9,355.3 2 0
KNIRVENGINE/desktop-client/api/auth_service.go:358.2,359.16 2 0
KNIRVENGINE/desktop-client/api/auth_service.go:359.16,362.3 2 0
KNIRVENGINE/desktop-client/api/auth_service.go:365.2,365.31 1 0
KNIRVENGINE/desktop-client/api/auth_service.go:365.31,366.27 1 0
KNIRVENGINE/desktop-client/api/auth_service.go:366.27,368.4 1 0
KNIRVENGINE/desktop-client/api/auth_service.go:371.2,373.4 1 0
KNIRVENGINE/desktop-client/api/auth_service.go:377.81,379.27 1 0
KNIRVENGINE/desktop-client/api/auth_service.go:379.27,385.3 5 0
KNIRVENGINE/desktop-client/api/auth_service.go:388.2,393.9 4 0
KNIRVENGINE/desktop-client/api/auth_service.go:393.9,396.3 2 0
KNIRVENGINE/desktop-client/api/auth_service.go:399.2,404.47 2 0
KNIRVENGINE/desktop-client/api/auth_service.go:404.47,407.3 2 0
KNIRVENGINE/desktop-client/api/auth_service.go:410.2,411.49 2 0
KNIRVENGINE/desktop-client/api/auth_service.go:411.49,414.3 2 0
KNIRVENGINE/desktop-client/api/auth_service.go:416.2,426.68 3 0
KNIRVENGINE/desktop-client/api/auth_service.go:426.68,429.3 2 0
KNIRVENGINE/desktop-client/api/auth_service.go:432.2,434.4 1 0
KNIRVENGINE/desktop-client/api/auth_service.go:438.81,440.27 1 0
KNIRVENGINE/desktop-client/api/auth_service.go:440.27,446.3 5 0
KNIRVENGINE/desktop-client/api/auth_service.go:449.2,454.9 4 0
KNIRVENGINE/desktop-client/api/auth_service.go:454.9,457.3 2 0
KNIRVENGINE/desktop-client/api/auth_service.go:460.2,462.16 3 0
KNIRVENGINE/desktop-client/api/auth_service.go:462.16,465.3 2 0
KNIRVENGINE/desktop-client/api/auth_service.go:468.2,469.16 2 0
KNIRVENGINE/desktop-client/api/auth_service.go:469.16,472.3 2 0
KNIRVENGINE/desktop-client/api/auth_service.go:475.2,475.28 1 0
KNIRVENGINE/desktop-client/api/auth_service.go:475.28,478.3 2 0
KNIRVENGINE/desktop-client/api/auth_service.go:481.2,481.70 1 0
KNIRVENGINE/desktop-client/api/auth_service.go:481.70,484.3 2 0
KNIRVENGINE/desktop-client/api/auth_service.go:486.2,488.4 1 0
KNIRVENGINE/desktop-client/api/auth_service.go:492.72,503.2 2 0
KNIRVENGINE/desktop-client/api/auth_service.go:506.70,508.83 1 0
KNIRVENGINE/desktop-client/api/auth_service.go:508.83,510.58 1 0
KNIRVENGINE/desktop-client/api/auth_service.go:510.58,512.4 1 0
KNIRVENGINE/desktop-client/api/auth_service.go:514.3,514.26 1 0
KNIRVENGINE/desktop-client/api/auth_service.go:517.2,517.16 1 0
KNIRVENGINE/desktop-client/api/auth_service.go:517.16,519.3 1 0
KNIRVENGINE/desktop-client/api/auth_service.go:522.2,522.67 1 0
KNIRVENGINE/desktop-client/api/auth_service.go:522.67,524.45 1 0
KNIRVENGINE/desktop-client/api/auth_service.go:524.45,525.38 1 0
KNIRVENGINE/desktop-client/api/auth_service.go:525.38,527.5 1 0
KNIRVENGINE/desktop-client/api/auth_service.go:528.9,530.4 1 0
KNIRVENGINE/desktop-client/api/auth_service.go:533.3,533.45 1 0
KNIRVENGINE/desktop-client/api/auth_service.go:533.45,535.4 1 0
KNIRVENGINE/desktop-client/api/auth_service.go:537.3,537.44 1 0
KNIRVENGINE/desktop-client/api/auth_service.go:540.2,540.39 1 0
KNIRVENGINE/desktop-client/api/auth_service.go:544.70,545.71 1 0
KNIRVENGINE/desktop-client/api/auth_service.go:545.71,547.28 1 0
KNIRVENGINE/desktop-client/api/auth_service.go:547.28,553.4 5 0
KNIRVENGINE/desktop-client/api/auth_service.go:556.3,560.23 3 0
KNIRVENGINE/desktop-client/api/auth_service.go:560.23,563.4 2 0
KNIRVENGINE/desktop-client/api/auth_service.go:566.3,567.56 2 0
KNIRVENGINE/desktop-client/api/auth_service.go:567.56,570.4 2 0
KNIRVENGINE/desktop-client/api/auth_service.go:573.3,574.17 2 0
KNIRVENGINE/desktop-client/api/auth_service.go:574.17,577.4 2 0
KNIRVENGINE/desktop-client/api/auth_service.go:580.3,583.40 2 0
KNIRVENGINE/desktop-client/api/auth_service.go:588.92,589.46 1 0
KNIRVENGINE/desktop-client/api/auth_service.go:589.46,590.72 1 0
KNIRVENGINE/desktop-client/api/auth_service.go:590.72,593.11 2 0
KNIRVENGINE/desktop-client/api/auth_service.go:593.11,596.5 2 0
KNIRVENGINE/desktop-client/api/auth_service.go:599.4,600.18 2 0
KNIRVENGINE/desktop-client/api/auth_service.go:600.18,603.5 2 0
KNIRVENGINE/desktop-client/api/auth_service.go:605.4,605.22 1 0
KNIRVENGINE/desktop-client/api/auth_service.go:605.22,608.5 2 0
KNIRVENGINE/desktop-client/api/auth_service.go:611.4,611.24 1 0
KNIRVENGINE/desktop-client/api/auth_service.go:619.58,622.2 2 0
KNIRVENGINE/desktop-client/api/browser_connection.go:28.81,33.2 1 0
KNIRVENGINE/desktop-client/api/browser_connection.go:36.64,41.17 4 0
KNIRVENGINE/desktop-client/api/browser_connection.go:41.17,43.3 1 0
KNIRVENGINE/desktop-client/api/browser_connection.go:46.2,47.59 2 0
KNIRVENGINE/desktop-client/api/browser_connection.go:47.59,49.3 1 0
KNIRVENGINE/desktop-client/api/browser_connection.go:52.2,53.53 2 0
KNIRVENGINE/desktop-client/api/browser_connection.go:53.53,55.3 1 0
KNIRVENGINE/desktop-client/api/browser_connection.go:58.2,61.38 2 0
KNIRVENGINE/desktop-client/api/browser_connection.go:62.28,63.50 1 0
KNIRVENGINE/desktop-client/api/browser_connection.go:64.17,65.59 1 0
KNIRVENGINE/desktop-client/api/browser_connection.go:66.14,67.48 1 0
KNIRVENGINE/desktop-client/api/browser_connection.go:68.10,69.65 1 0
KNIRVENGINE/desktop-client/api/browser_connection.go:73.2,73.14 1 0
KNIRVENGINE/desktop-client/api/browser_connection.go:73.14,75.3 1 0
KNIRVENGINE/desktop-client/api/browser_connection.go:75.8,77.3 1 0
KNIRVENGINE/desktop-client/api/browser_connection.go:80.2,88.16 3 0
KNIRVENGINE/desktop-client/api/browser_connection.go:88.16,90.3 1 0
KNIRVENGINE/desktop-client/api/browser_connection.go:93.2,94.44 2 0
KNIRVENGINE/desktop-client/api/browser_connection.go:94.44,96.3 1 0
KNIRVENGINE/desktop-client/api/browser_connection.go:98.2,101.12 3 0
KNIRVENGINE/desktop-client/api/browser_connection.go:105.67,110.18 4 0
KNIRVENGINE/desktop-client/api/browser_connection.go:110.18,112.3 1 0
KNIRVENGINE/desktop-client/api/browser_connection.go:115.2,115.31 1 0
KNIRVENGINE/desktop-client/api/browser_connection.go:115.31,117.3 1 0
KNIRVENGINE/desktop-client/api/browser_connection.go:118.2,121.22 2 0
KNIRVENGINE/desktop-client/api/browser_connection.go:121.22,123.3 1 0
KNIRVENGINE/desktop-client/api/browser_connection.go:126.2,126.23 1 0
KNIRVENGINE/desktop-client/api/browser_connection.go:126.23,128.3 1 0
KNIRVENGINE/desktop-client/api/browser_connection.go:130.2,131.12 2 0
KNIRVENGINE/desktop-client/api/browser_connection.go:135.48,139.2 3 0
KNIRVENGINE/desktop-client/api/browser_connection.go:142.56,161.2 1 0
KNIRVENGINE/desktop-client/api/browser_connection.go:164.128,165.22 1 0
KNIRVENGINE/desktop-client/api/browser_connection.go:165.22,167.3 1 0
KNIRVENGINE/desktop-client/api/browser_connection.go:169.2,169.19 1 0
KNIRVENGINE/desktop-client/api/browser_connection.go:170.18,171.33 1 0
KNIRVENGINE/desktop-client/api/browser_connection.go:172.15,173.30 1 0
KNIRVENGINE/desktop-client/api/browser_connection.go:174.14,175.33 1 0
KNIRVENGINE/desktop-client/api/browser_connection.go:176.20,177.35 1 0
KNIRVENGINE/desktop-client/api/browser_connection.go:178.18,179.32 1 0
KNIRVENGINE/desktop-client/api/browser_connection.go:180.18,181.32 1 0
KNIRVENGINE/desktop-client/api/browser_connection.go:182.24,183.38 1 0
KNIRVENGINE/desktop-client/api/browser_connection.go:184.26,185.39 1 0
KNIRVENGINE/desktop-client/api/browser_connection.go:186.21,187.35 1 0
KNIRVENGINE/desktop-client/api/browser_connection.go:188.21,189.35 1 0
KNIRVENGINE/desktop-client/api/browser_connection.go:190.25,191.38 1 0
KNIRVENGINE/desktop-client/api/browser_connection.go:192.16,193.31 1 0
KNIRVENGINE/desktop-client/api/browser_connection.go:194.15,195.30 1 0
KNIRVENGINE/desktop-client/api/browser_connection.go:196.18,197.32 1 0
KNIRVENGINE/desktop-client/api/browser_connection.go:198.20,199.34 1 0
KNIRVENGINE/desktop-client/api/browser_connection.go:200.20,201.34 1 0
KNIRVENGINE/desktop-client/api/browser_connection.go:202.10,203.65 1 0
KNIRVENGINE/desktop-client/api/browser_connection.go:208.64,219.37 4 0
KNIRVENGINE/desktop-client/api/browser_connection.go:219.37,221.54 1 0
KNIRVENGINE/desktop-client/api/browser_connection.go:221.54,224.4 2 0
KNIRVENGINE/desktop-client/api/browser_connection.go:227.3,228.32 2 0
KNIRVENGINE/desktop-client/api/browser_connection.go:228.32,229.44 1 0
KNIRVENGINE/desktop-client/api/browser_connection.go:229.44,231.5 1 0
KNIRVENGINE/desktop-client/api/browser_connection.go:233.3,233.36 1 0
KNIRVENGINE/desktop-client/api/browser_connection.go:236.2,236.15 1 0
KNIRVENGINE/desktop-client/api/browser_connection.go:240.56,242.2 1 0
KNIRVENGINE/desktop-client/api/browser_connection.go:247.32,261.29 2 0
KNIRVENGINE/desktop-client/api/browser_connection.go:261.29,262.48 1 0
KNIRVENGINE/desktop-client/api/browser_connection.go:262.48,264.4 1 0
KNIRVENGINE/desktop-client/api/browser_connection.go:268.2,268.61 1 0
KNIRVENGINE/desktop-client/api/browser_connection.go:268.61,270.3 1 0
KNIRVENGINE/desktop-client/api/browser_connection.go:271.2,271.56 1 0
KNIRVENGINE/desktop-client/api/browser_connection.go:271.56,273.3 1 0
KNIRVENGINE/desktop-client/api/browser_connection.go:274.2,274.64 1 0
KNIRVENGINE/desktop-client/api/browser_connection.go:274.64,276.3 1 0
KNIRVENGINE/desktop-client/api/browser_connection.go:278.2,278.24 1 0
KNIRVENGINE/desktop-client/api/browser_connection.go:282.30,291.29 2 0
KNIRVENGINE/desktop-client/api/browser_connection.go:291.29,292.48 1 0
KNIRVENGINE/desktop-client/api/browser_connection.go:292.48,294.4 1 0
KNIRVENGINE/desktop-client/api/browser_connection.go:297.2,297.62 1 0
KNIRVENGINE/desktop-client/api/browser_connection.go:297.62,299.3 1 0
KNIRVENGINE/desktop-client/api/browser_connection.go:301.2,301.25 1 0
KNIRVENGINE/desktop-client/api/browser_connection.go:305.79,309.37 3 0
KNIRVENGINE/desktop-client/api/browser_connection.go:309.37,311.3 1 0
KNIRVENGINE/desktop-client/api/browser_connection.go:314.2,315.16 2 0
KNIRVENGINE/desktop-client/api/browser_connection.go:315.16,317.3 1 0
KNIRVENGINE/desktop-client/api/browser_connection.go:319.2,320.18 2 0
KNIRVENGINE/desktop-client/api/browser_connection.go:326.111,329.15 3 0
KNIRVENGINE/desktop-client/api/browser_connection.go:329.15,331.3 1 0
KNIRVENGINE/desktop-client/api/browser_connection.go:333.2,335.16 3 0
KNIRVENGINE/desktop-client/api/browser_connection.go:335.16,337.3 1 0
KNIRVENGINE/desktop-client/api/browser_connection.go:339.2,339.43 1 0
KNIRVENGINE/desktop-client/api/browser_connection.go:339.43,341.3 1 0
KNIRVENGINE/desktop-client/api/browser_connection.go:343.2,343.40 1 0
KNIRVENGINE/desktop-client/api/browser_connection.go:343.40,345.3 1 0
KNIRVENGINE/desktop-client/api/browser_connection.go:347.2,351.8 1 0
KNIRVENGINE/desktop-client/api/browser_connection.go:355.108,358.20 3 0
KNIRVENGINE/desktop-client/api/browser_connection.go:358.20,360.3 1 0
KNIRVENGINE/desktop-client/api/browser_connection.go:362.2,364.16 3 0
KNIRVENGINE/desktop-client/api/browser_connection.go:364.16,366.3 1 0
KNIRVENGINE/desktop-client/api/browser_connection.go:368.2,369.16 2 0
KNIRVENGINE/desktop-client/api/browser_connection.go:369.16,371.3 1 0
KNIRVENGINE/desktop-client/api/browser_connection.go:373.2,373.69 1 0
KNIRVENGINE/desktop-client/api/browser_connection.go:373.69,375.3 1 0
KNIRVENGINE/desktop-client/api/browser_connection.go:377.2,379.8 1 0
KNIRVENGINE/desktop-client/api/browser_connection.go:383.111,387.20 4 0
KNIRVENGINE/desktop-client/api/browser_connection.go:387.20,389.3 1 0
KNIRVENGINE/desktop-client/api/browser_connection.go:391.2,393.16 3 0
KNIRVENGINE/desktop-client/api/browser_connection.go:393.16,395.3 1 0
KNIRVENGINE/desktop-client/api/browser_connection.go:397.2,398.16 2 0
KNIRVENGINE/desktop-client/api/browser_connection.go:398.16,400.3 1 0
KNIRVENGINE/desktop-client/api/browser_connection.go:403.2,403.42 1 0
KNIRVENGINE/desktop-client/api/browser_connection.go:403.42,404.49 1 0
KNIRVENGINE/desktop-client/api/browser_connection.go:404.49,406.4 1 0
KNIRVENGINE/desktop-client/api/browser_connection.go:409.2,409.44 1 0
KNIRVENGINE/desktop-client/api/browser_connection.go:409.44,411.3 1 0
KNIRVENGINE/desktop-client/api/browser_connection.go:413.2,415.8 1 0
KNIRVENGINE/desktop-client/api/browser_connection.go:419.113,423.16 4 0
KNIRVENGINE/desktop-client/api/browser_connection.go:423.16,425.3 1 0
KNIRVENGINE/desktop-client/api/browser_connection.go:428.2,429.16 2 0
KNIRVENGINE/desktop-client/api/browser_connection.go:429.16,431.3 1 0
KNIRVENGINE/desktop-client/api/browser_connection.go:433.2,437.8 1 0
KNIRVENGINE/desktop-client/api/browser_connection.go:441.110,444.20 3 0
KNIRVENGINE/desktop-client/api/browser_connection.go:444.20,446.3 1 0
KNIRVENGINE/desktop-client/api/browser_connection.go:448.2,450.16 3 0
KNIRVENGINE/desktop-client/api/browser_connection.go:450.16,452.3 1 0
KNIRVENGINE/desktop-client/api/browser_connection.go:454.2,455.16 2 0
KNIRVENGINE/desktop-client/api/browser_connection.go:455.16,457.3 1 0
KNIRVENGINE/desktop-client/api/browser_connection.go:459.2,460.16 2 0
KNIRVENGINE/desktop-client/api/browser_connection.go:460.16,462.3 1 0
KNIRVENGINE/desktop-client/api/browser_connection.go:464.2,467.8 1 0
KNIRVENGINE/desktop-client/api/browser_connection.go:471.110,477.16 5 0
KNIRVENGINE/desktop-client/api/browser_connection.go:477.16,479.3 1 0
KNIRVENGINE/desktop-client/api/browser_connection.go:481.2,482.20 2 0
KNIRVENGINE/desktop-client/api/browser_connection.go:482.20,486.21 3 0
KNIRVENGINE/desktop-client/api/browser_connection.go:486.21,488.4 1 0
KNIRVENGINE/desktop-client/api/browser_connection.go:489.8,492.24 2 0
KNIRVENGINE/desktop-client/api/browser_connection.go:492.24,494.4 1 0
KNIRVENGINE/desktop-client/api/browser_connection.go:495.3,497.21 3 0
KNIRVENGINE/desktop-client/api/browser_connection.go:497.21,499.4 1 0
KNIRVENGINE/desktop-client/api/browser_connection.go:502.2,505.8 1 0
KNIRVENGINE/desktop-client/api/browser_connection.go:509.116,512.18 3 0
KNIRVENGINE/desktop-client/api/browser_connection.go:512.18,514.3 1 0
KNIRVENGINE/desktop-client/api/browser_connection.go:516.2,518.16 3 0
KNIRVENGINE/desktop-client/api/browser_connection.go:518.16,520.3 1 0
KNIRVENGINE/desktop-client/api/browser_connection.go:522.2,523.16 2 0
KNIRVENGINE/desktop-client/api/browser_connection.go:523.16,525.3 1 0
KNIRVENGINE/desktop-client/api/browser_connection.go:527.2,530.8 1 0
KNIRVENGINE/desktop-client/api/browser_connection.go:534.117,537.20 3 0
KNIRVENGINE/desktop-client/api/browser_connection.go:537.20,539.3 1 0
KNIRVENGINE/desktop-client/api/browser_connection.go:541.2,545.16 4 0
KNIRVENGINE/desktop-client/api/browser_connection.go:545.16,547.3 1 0
KNIRVENGINE/desktop-client/api/browser_connection.go:550.2,551.16 2 0
KNIRVENGINE/desktop-client/api/browser_connection.go:551.16,553.3 1 0
KNIRVENGINE/desktop-client/api/browser_connection.go:555.2,558.8 1 0
KNIRVENGINE/desktop-client/api/browser_connection.go:562.113,566.16 4 0
KNIRVENGINE/desktop-client/api/browser_connection.go:566.16,568.3 1 0
KNIRVENGINE/desktop-client/api/browser_connection.go:570.2,571.16 2 0
KNIRVENGINE/desktop-client/api/browser_connection.go:571.16,573.3 1 0
KNIRVENGINE/desktop-client/api/browser_connection.go:575.2,578.8 1 0
KNIRVENGINE/desktop-client/api/browser_connection.go:582.113,586.16 4 0
KNIRVENGINE/desktop-client/api/browser_connection.go:586.16,588.3 1 0
KNIRVENGINE/desktop-client/api/browser_connection.go:591.2,592.9 2 0
KNIRVENGINE/desktop-client/api/browser_connection.go:592.9,594.3 1 0
KNIRVENGINE/desktop-client/api/browser_connection.go:597.2,598.56 2 0
KNIRVENGINE/desktop-client/api/browser_connection.go:598.56,599.41 1 0
KNIRVENGINE/desktop-client/api/browser_connection.go:599.41,600.64 1 0
KNIRVENGINE/desktop-client/api/browser_connection.go:600.64,605.72 2 0
KNIRVENGINE/desktop-client/api/browser_connection.go:605.72,607.6 1 0
KNIRVENGINE/desktop-client/api/browser_connection.go:608.5,608.66 1 0
KNIRVENGINE/desktop-client/api/browser_connection.go:608.66,610.6 1 0
KNIRVENGINE/desktop-client/api/browser_connection.go:611.5,611.38 1 0
KNIRVENGINE/desktop-client/api/browser_connection.go:616.2,616.49 1 0
KNIRVENGINE/desktop-client/api/browser_connection.go:616.49,618.3 1 0
KNIRVENGINE/desktop-client/api/browser_connection.go:620.2,622.8 1 0
KNIRVENGINE/desktop-client/api/browser_connection.go:626.116,630.16 4 0
KNIRVENGINE/desktop-client/api/browser_connection.go:630.16,632.3 1 0
KNIRVENGINE/desktop-client/api/browser_connection.go:634.2,635.16 2 0
KNIRVENGINE/desktop-client/api/browser_connection.go:635.16,637.3 1 0
KNIRVENGINE/desktop-client/api/browser_connection.go:639.2,642.8 1 0
KNIRVENGINE/desktop-client/api/browser_connection.go:646.109,650.16 4 0
KNIRVENGINE/desktop-client/api/browser_connection.go:650.16,652.3 1 0
KNIRVENGINE/desktop-client/api/browser_connection.go:654.2,658.20 4 0
KNIRVENGINE/desktop-client/api/browser_connection.go:658.20,661.17 2 0
KNIRVENGINE/desktop-client/api/browser_connection.go:661.17,663.4 1 0
KNIRVENGINE/desktop-client/api/browser_connection.go:664.3,664.50 1 0
KNIRVENGINE/desktop-client/api/browser_connection.go:664.50,666.4 1 0
KNIRVENGINE/desktop-client/api/browser_connection.go:667.8,669.70 1 0
KNIRVENGINE/desktop-client/api/browser_connection.go:669.70,671.4 1 0
KNIRVENGINE/desktop-client/api/browser_connection.go:674.2,676.8 1 0
KNIRVENGINE/desktop-client/api/browser_connection.go:680.108,683.20 3 0
KNIRVENGINE/desktop-client/api/browser_connection.go:683.20,685.3 1 0
KNIRVENGINE/desktop-client/api/browser_connection.go:687.2,689.16 3 0
KNIRVENGINE/desktop-client/api/browser_connection.go:689.16,691.3 1 0
KNIRVENGINE/desktop-client/api/browser_connection.go:693.2,694.16 2 0
KNIRVENGINE/desktop-client/api/browser_connection.go:694.16,696.3 1 0
KNIRVENGINE/desktop-client/api/browser_connection.go:698.2,698.40 1 0
KNIRVENGINE/desktop-client/api/browser_connection.go:698.40,700.3 1 0
KNIRVENGINE/desktop-client/api/browser_connection.go:702.2,704.8 1 0
KNIRVENGINE/desktop-client/api/browser_connection.go:708.110,713.16 4 0
KNIRVENGINE/desktop-client/api/browser_connection.go:713.16,715.3 1 0
KNIRVENGINE/desktop-client/api/browser_connection.go:717.2,724.8 4 0
KNIRVENGINE/desktop-client/api/browser_connection.go:728.112,734.8 5 0
KNIRVENGINE/desktop-client/api/browser_connection.go:734.8,736.3 1 0
KNIRVENGINE/desktop-client/api/browser_connection.go:737.2,739.9 2 0
KNIRVENGINE/desktop-client/api/browser_connection.go:739.9,741.3 1 0
KNIRVENGINE/desktop-client/api/browser_connection.go:743.2,743.37 1 0
KNIRVENGINE/desktop-client/api/browser_connection.go:743.37,745.3 1 0
KNIRVENGINE/desktop-client/api/browser_connection.go:747.2,749.8 1 0
KNIRVENGINE/desktop-client/api/browser_connection.go:753.112,760.36 6 0
KNIRVENGINE/desktop-client/api/browser_connection.go:760.36,767.3 2 0
KNIRVENGINE/desktop-client/api/browser_connection.go:769.2,772.8 1 0
KNIRVENGINE/desktop-client/api/connection_security.go:52.64,56.2 1 1
KNIRVENGINE/desktop-client/api/connection_security.go:59.161,65.16 4 1
KNIRVENGINE/desktop-client/api/connection_security.go:65.16,67.3 1 0
KNIRVENGINE/desktop-client/api/connection_security.go:70.2,82.17 3 1
KNIRVENGINE/desktop-client/api/connection_security.go:86.105,91.9 4 1
KNIRVENGINE/desktop-client/api/connection_security.go:91.9,93.3 1 1
KNIRVENGINE/desktop-client/api/connection_security.go:96.2,96.37 1 1
KNIRVENGINE/desktop-client/api/connection_security.go:96.37,98.3 1 0
KNIRVENGINE/desktop-client/api/connection_security.go:100.2,100.17 1 1
KNIRVENGINE/desktop-client/api/connection_security.go:104.100,106.16 2 1
KNIRVENGINE/desktop-client/api/connection_security.go:106.16,108.3 1 0
KNIRVENGINE/desktop-client/api/connection_security.go:111.2,111.36 1 1
KNIRVENGINE/desktop-client/api/connection_security.go:111.36,112.46 1 1
KNIRVENGINE/desktop-client/api/connection_security.go:112.46,114.4 1 1
KNIRVENGINE/desktop-client/api/connection_security.go:117.2,117.56 1 1
KNIRVENGINE/desktop-client/api/connection_security.go:121.75,127.2 4 1
KNIRVENGINE/desktop-client/api/connection_security.go:130.62,135.41 4 0
KNIRVENGINE/desktop-client/api/connection_security.go:135.41,136.31 1 0
KNIRVENGINE/desktop-client/api/connection_security.go:136.31,138.4 1 0
KNIRVENGINE/desktop-client/api/connection_security.go:157.33,165.2 1 1
KNIRVENGINE/desktop-client/api/connection_security.go:168.75,170.90 1 1
KNIRVENGINE/desktop-client/api/connection_security.go:170.90,172.3 1 0
KNIRVENGINE/desktop-client/api/connection_security.go:174.2,174.34 1 1
KNIRVENGINE/desktop-client/api/connection_security.go:178.78,180.2 1 1
KNIRVENGINE/desktop-client/api/connection_security.go:183.59,185.2 1 0
KNIRVENGINE/desktop-client/api/connection_security.go:188.67,192.45 3 1
KNIRVENGINE/desktop-client/api/connection_security.go:192.45,193.39 1 1
KNIRVENGINE/desktop-client/api/connection_security.go:193.39,195.4 1 1
KNIRVENGINE/desktop-client/api/connection_security.go:198.2,198.28 1 1
KNIRVENGINE/desktop-client/api/connection_security.go:202.139,204.38 1 1
KNIRVENGINE/desktop-client/api/connection_security.go:204.38,206.3 1 1
KNIRVENGINE/desktop-client/api/connection_security.go:209.2,210.8 2 1
KNIRVENGINE/desktop-client/api/connection_security.go:210.8,211.38 1 1
KNIRVENGINE/desktop-client/api/connection_security.go:211.38,212.79 1 1
KNIRVENGINE/desktop-client/api/connection_security.go:212.79,214.5 1 0
KNIRVENGINE/desktop-client/api/connection_security.go:219.2,219.70 1 1
KNIRVENGINE/desktop-client/api/connection_security.go:219.70,221.3 1 0
KNIRVENGINE/desktop-client/api/connection_security.go:223.2,223.53 1 1
KNIRVENGINE/desktop-client/api/connection_security.go:227.75,235.88 4 0
KNIRVENGINE/desktop-client/api/connection_security.go:235.88,236.85 1 0
KNIRVENGINE/desktop-client/api/connection_security.go:236.85,242.4 1 0
KNIRVENGINE/desktop-client/api/connection_security.go:245.2,245.15 1 0
KNIRVENGINE/desktop-client/api/connection_security.go:249.67,251.2 1 0
KNIRVENGINE/desktop-client/api/connection_security.go:256.82,258.9 2 1
KNIRVENGINE/desktop-client/api/connection_security.go:258.9,261.3 1 1
KNIRVENGINE/desktop-client/api/connection_security.go:264.2,264.37 1 1
KNIRVENGINE/desktop-client/api/connection_security.go:264.37,265.66 1 1
KNIRVENGINE/desktop-client/api/connection_security.go:265.66,267.4 1 1
KNIRVENGINE/desktop-client/api/connection_security.go:270.2,270.14 1 1
KNIRVENGINE/desktop-client/api/connection_security.go:274.120,275.25 1 1
KNIRVENGINE/desktop-client/api/connection_security.go:276.25,277.13 1 0
KNIRVENGINE/desktop-client/api/connection_security.go:278.26,279.52 1 0
KNIRVENGINE/desktop-client/api/connection_security.go:280.29,281.55 1 1
KNIRVENGINE/desktop-client/api/connection_security.go:282.25,283.51 1 0
KNIRVENGINE/desktop-client/api/connection_security.go:284.10,285.67 1 0
KNIRVENGINE/desktop-client/api/connection_security.go:290.117,292.31 1 1
KNIRVENGINE/desktop-client/api/connection_security.go:292.31,293.74 1 0
KNIRVENGINE/desktop-client/api/connection_security.go:293.74,295.4 1 0
KNIRVENGINE/desktop-client/api/connection_security.go:297.2,297.12 1 1
KNIRVENGINE/desktop-client/api/connection_security.go:301.120,302.67 1 1
KNIRVENGINE/desktop-client/api/connection_security.go:302.67,304.3 1 0
KNIRVENGINE/desktop-client/api/connection_security.go:307.2,307.59 1 1
KNIRVENGINE/desktop-client/api/connection_security.go:307.59,308.46 1 0
KNIRVENGINE/desktop-client/api/connection_security.go:308.46,309.106 1 0
KNIRVENGINE/desktop-client/api/connection_security.go:309.106,311.5 1 0
KNIRVENGINE/desktop-client/api/connection_security.go:315.2,315.36 1 1
KNIRVENGINE/desktop-client/api/connection_security.go:315.36,316.52 1 0
KNIRVENGINE/desktop-client/api/connection_security.go:316.52,318.48 2 0
KNIRVENGINE/desktop-client/api/connection_security.go:318.48,319.62 1 0
KNIRVENGINE/desktop-client/api/connection_security.go:319.62,321.6 1 0
KNIRVENGINE/desktop-client/api/connection_security.go:326.2,326.12 1 1
KNIRVENGINE/desktop-client/api/connection_security.go:330.116,331.70 1 0
KNIRVENGINE/desktop-client/api/connection_security.go:331.70,333.3 1 0
KNIRVENGINE/desktop-client/api/connection_security.go:336.2,337.35 2 0
KNIRVENGINE/desktop-client/api/connection_security.go:337.35,338.27 1 0
KNIRVENGINE/desktop-client/api/connection_security.go:338.27,340.4 1 0
KNIRVENGINE/desktop-client/api/connection_security.go:343.2,343.12 1 0
KNIRVENGINE/desktop-client/api/connection_security.go:347.90,348.20 1 1
KNIRVENGINE/desktop-client/api/connection_security.go:349.25,358.4 1 0
KNIRVENGINE/desktop-client/api/connection_security.go:359.28,366.4 1 1
KNIRVENGINE/desktop-client/api/connection_security.go:367.26,373.4 1 0
KNIRVENGINE/desktop-client/api/connection_security.go:374.24,379.4 1 0
KNIRVENGINE/desktop-client/api/connection_security.go:380.10,381.35 1 0
KNIRVENGINE/desktop-client/api/connection_security.go:386.42,388.44 2 1
KNIRVENGINE/desktop-client/api/connection_security.go:388.44,390.3 1 0
KNIRVENGINE/desktop-client/api/connection_security.go:392.2,393.41 2 1
KNIRVENGINE/desktop-client/api/database_connection.go:26.82,32.56 2 0
KNIRVENGINE/desktop-client/api/database_connection.go:32.56,34.3 1 0
KNIRVENGINE/desktop-client/api/database_connection.go:34.8,36.3 1 0
KNIRVENGINE/desktop-client/api/database_connection.go:38.2,38.18 1 0
KNIRVENGINE/desktop-client/api/database_connection.go:42.65,46.17 3 0
KNIRVENGINE/desktop-client/api/database_connection.go:46.17,48.3 1 0
KNIRVENGINE/desktop-client/api/database_connection.go:51.2,54.18 3 0
KNIRVENGINE/desktop-client/api/database_connection.go:55.17,56.25 1 0
KNIRVENGINE/desktop-client/api/database_connection.go:57.32,58.27 1 0
KNIRVENGINE/desktop-client/api/database_connection.go:59.15,60.24 1 0
KNIRVENGINE/desktop-client/api/database_connection.go:61.10,62.63 1 0
KNIRVENGINE/desktop-client/api/database_connection.go:66.2,67.16 2 0
KNIRVENGINE/desktop-client/api/database_connection.go:67.16,69.3 1 0
KNIRVENGINE/desktop-client/api/database_connection.go:72.2,72.46 1 0
KNIRVENGINE/desktop-client/api/database_connection.go:72.46,75.3 2 0
KNIRVENGINE/desktop-client/api/database_connection.go:78.2,85.12 6 0
KNIRVENGINE/desktop-client/api/database_connection.go:89.68,93.18 3 0
KNIRVENGINE/desktop-client/api/database_connection.go:93.18,95.3 1 0
KNIRVENGINE/desktop-client/api/database_connection.go:97.2,97.17 1 0
KNIRVENGINE/desktop-client/api/database_connection.go:97.17,99.3 1 0
KNIRVENGINE/desktop-client/api/database_connection.go:101.2,102.12 2 0
KNIRVENGINE/desktop-client/api/database_connection.go:106.49,110.2 3 0
KNIRVENGINE/desktop-client/api/database_connection.go:113.57,124.2 1 0
KNIRVENGINE/desktop-client/api/database_connection.go:127.129,128.22 1 0
KNIRVENGINE/desktop-client/api/database_connection.go:128.22,130.3 1 0
KNIRVENGINE/desktop-client/api/database_connection.go:132.2,132.19 1 0
KNIRVENGINE/desktop-client/api/database_connection.go:133.15,134.30 1 0
KNIRVENGINE/desktop-client/api/database_connection.go:135.17,136.32 1 0
KNIRVENGINE/desktop-client/api/database_connection.go:137.21,138.36 1 0
KNIRVENGINE/desktop-client/api/database_connection.go:139.21,140.35 1 0
KNIRVENGINE/desktop-client/api/database_connection.go:141.24,142.38 1 0
KNIRVENGINE/desktop-client/api/database_connection.go:143.20,144.34 1 0
KNIRVENGINE/desktop-client/api/database_connection.go:145.10,146.65 1 0
KNIRVENGINE/desktop-client/api/database_connection.go:151.65,162.32 4 0
KNIRVENGINE/desktop-client/api/database_connection.go:162.32,167.3 4 0
KNIRVENGINE/desktop-client/api/database_connection.go:169.2,169.15 1 0
KNIRVENGINE/desktop-client/api/database_connection.go:173.57,175.2 1 0
KNIRVENGINE/desktop-client/api/database_connection.go:179.52,180.54 1 0
KNIRVENGINE/desktop-client/api/database_connection.go:180.54,182.3 1 0
KNIRVENGINE/desktop-client/api/database_connection.go:183.2,183.19 1 0
KNIRVENGINE/desktop-client/api/database_connection.go:186.54,196.2 7 0
KNIRVENGINE/desktop-client/api/database_connection.go:198.51,206.2 6 0
KNIRVENGINE/desktop-client/api/database_connection.go:210.109,212.17 2 0
KNIRVENGINE/desktop-client/api/database_connection.go:212.17,214.3 1 0
KNIRVENGINE/desktop-client/api/database_connection.go:216.2,217.16 2 0
KNIRVENGINE/desktop-client/api/database_connection.go:217.16,219.3 1 0
KNIRVENGINE/desktop-client/api/database_connection.go:220.2,224.16 3 0
KNIRVENGINE/desktop-client/api/database_connection.go:224.16,226.3 1 0
KNIRVENGINE/desktop-client/api/database_connection.go:229.2,231.18 2 0
KNIRVENGINE/desktop-client/api/database_connection.go:231.18,236.25 3 0
KNIRVENGINE/desktop-client/api/database_connection.go:236.25,238.4 1 0
KNIRVENGINE/desktop-client/api/database_connection.go:241.3,241.49 1 0
KNIRVENGINE/desktop-client/api/database_connection.go:241.49,243.4 1 0
KNIRVENGINE/desktop-client/api/database_connection.go:246.3,247.31 2 0
KNIRVENGINE/desktop-client/api/database_connection.go:247.31,249.4 1 0
KNIRVENGINE/desktop-client/api/database_connection.go:250.3,250.33 1 0
KNIRVENGINE/desktop-client/api/database_connection.go:253.2,253.35 1 0
KNIRVENGINE/desktop-client/api/database_connection.go:253.35,255.3 1 0
KNIRVENGINE/desktop-client/api/database_connection.go:257.2,262.8 1 0
KNIRVENGINE/desktop-client/api/database_connection.go:265.111,267.17 2 0
KNIRVENGINE/desktop-client/api/database_connection.go:267.17,269.3 1 0
KNIRVENGINE/desktop-client/api/database_connection.go:271.2,272.16 2 0
KNIRVENGINE/desktop-client/api/database_connection.go:272.16,274.3 1 0
KNIRVENGINE/desktop-client/api/database_connection.go:276.2,283.8 3 0
KNIRVENGINE/desktop-client/api/database_connection.go:286.115,288.9 2 0
KNIRVENGINE/desktop-client/api/database_connection.go:288.9,290.3 1 0
KNIRVENGINE/desktop-client/api/database_connection.go:292.2,293.16 2 0
KNIRVENGINE/desktop-client/api/database_connection.go:293.16,295.3 1 0
KNIRVENGINE/desktop-client/api/database_connection.go:297.2,299.41 2 0
KNIRVENGINE/desktop-client/api/database_connection.go:299.41,301.10 2 0
KNIRVENGINE/desktop-client/api/database_connection.go:301.10,304.4 2 0
KNIRVENGINE/desktop-client/api/database_connection.go:306.3,307.17 2 0
KNIRVENGINE/desktop-client/api/database_connection.go:307.17,310.4 2 0
KNIRVENGINE/desktop-client/api/database_connection.go:312.3,319.5 3 0
KNIRVENGINE/desktop-client/api/database_connection.go:322.2,322.36 1 0
KNIRVENGINE/desktop-client/api/database_connection.go:322.36,324.3 1 0
KNIRVENGINE/desktop-client/api/database_connection.go:326.2,330.8 1 0
KNIRVENGINE/desktop-client/api/database_connection.go:333.114,337.18 3 0
KNIRVENGINE/desktop-client/api/database_connection.go:338.17,339.62 1 0
KNIRVENGINE/desktop-client/api/database_connection.go:340.32,341.72 1 0
KNIRVENGINE/desktop-client/api/database_connection.go:342.15,343.24 1 0
KNIRVENGINE/desktop-client/api/database_connection.go:344.10,345.86 1 0
KNIRVENGINE/desktop-client/api/database_connection.go:348.2,348.61 1 0
KNIRVENGINE/desktop-client/api/database_connection.go:351.117,353.21 2 0
KNIRVENGINE/desktop-client/api/database_connection.go:353.21,355.3 1 0
KNIRVENGINE/desktop-client/api/database_connection.go:357.2,359.18 2 0
KNIRVENGINE/desktop-client/api/database_connection.go:360.17,361.58 1 0
KNIRVENGINE/desktop-client/api/database_connection.go:362.32,363.135 1 0
KNIRVENGINE/desktop-client/api/database_connection.go:364.15,365.48 1 0
KNIRVENGINE/desktop-client/api/database_connection.go:366.10,367.89 1 0
KNIRVENGINE/desktop-client/api/database_connection.go:370.2,370.61 1 0
KNIRVENGINE/desktop-client/api/database_connection.go:373.113,376.16 2 0
KNIRVENGINE/desktop-client/api/database_connection.go:376.16,378.3 1 0
KNIRVENGINE/desktop-client/api/database_connection.go:380.2,384.8 1 0
KNIRVENGINE/desktop-client/api/enhanced_connection_security.go:81.80,92.2 3 0
KNIRVENGINE/desktop-client/api/enhanced_connection_security.go:95.79,183.2 3 0
KNIRVENGINE/desktop-client/api/enhanced_connection_security.go:195.37,200.16 3 0
KNIRVENGINE/desktop-client/api/enhanced_connection_security.go:200.16,203.3 2 0
KNIRVENGINE/desktop-client/api/enhanced_connection_security.go:206.2,207.9 2 0
KNIRVENGINE/desktop-client/api/enhanced_connection_security.go:207.9,210.3 2 0
KNIRVENGINE/desktop-client/api/enhanced_connection_security.go:213.2,265.17 8 0
KNIRVENGINE/desktop-client/api/enhanced_connection_security.go:273.37,278.9 4 0
KNIRVENGINE/desktop-client/api/enhanced_connection_security.go:278.9,296.3 2 0
KNIRVENGINE/desktop-client/api/enhanced_connection_security.go:299.2,299.37 1 0
KNIRVENGINE/desktop-client/api/enhanced_connection_security.go:299.37,317.3 2 0
KNIRVENGINE/desktop-client/api/enhanced_connection_security.go:320.2,320.105 1 0
KNIRVENGINE/desktop-client/api/enhanced_connection_security.go:320.105,321.33 1 0
KNIRVENGINE/desktop-client/api/enhanced_connection_security.go:321.33,342.4 2 0
KNIRVENGINE/desktop-client/api/enhanced_connection_security.go:346.2,364.17 3 0
KNIRVENGINE/desktop-client/api/enhanced_connection_security.go:375.9,377.16 2 0
KNIRVENGINE/desktop-client/api/enhanced_connection_security.go:377.16,379.3 1 0
KNIRVENGINE/desktop-client/api/enhanced_connection_security.go:382.2,382.36 1 0
KNIRVENGINE/desktop-client/api/enhanced_connection_security.go:382.36,383.51 1 0
KNIRVENGINE/desktop-client/api/enhanced_connection_security.go:383.51,385.72 1 0
KNIRVENGINE/desktop-client/api/enhanced_connection_security.go:385.72,405.5 2 0
KNIRVENGINE/desktop-client/api/enhanced_connection_security.go:410.2,428.91 2 0
KNIRVENGINE/desktop-client/api/enhanced_connection_security.go:435.9,437.41 1 0
KNIRVENGINE/desktop-client/api/enhanced_connection_security.go:437.41,438.81 1 0
KNIRVENGINE/desktop-client/api/enhanced_connection_security.go:438.81,440.45 2 0
KNIRVENGINE/desktop-client/api/enhanced_connection_security.go:440.45,441.53 1 0
KNIRVENGINE/desktop-client/api/enhanced_connection_security.go:441.53,443.11 2 0
KNIRVENGINE/desktop-client/api/enhanced_connection_security.go:446.4,446.20 1 0
KNIRVENGINE/desktop-client/api/enhanced_connection_security.go:446.20,448.5 1 0
KNIRVENGINE/desktop-client/api/enhanced_connection_security.go:453.2,453.71 1 0
KNIRVENGINE/desktop-client/api/enhanced_connection_security.go:453.71,454.87 1 0
KNIRVENGINE/desktop-client/api/enhanced_connection_security.go:454.87,457.51 3 0
KNIRVENGINE/desktop-client/api/enhanced_connection_security.go:457.51,458.34 1 0
KNIRVENGINE/desktop-client/api/enhanced_connection_security.go:458.34,460.11 2 0
KNIRVENGINE/desktop-client/api/enhanced_connection_security.go:463.4,463.23 1 0
KNIRVENGINE/desktop-client/api/enhanced_connection_security.go:463.23,465.5 1 0
KNIRVENGINE/desktop-client/api/enhanced_connection_security.go:470.2,470.39 1 0
KNIRVENGINE/desktop-client/api/enhanced_connection_security.go:470.39,471.83 1 0
KNIRVENGINE/desktop-client/api/enhanced_connection_security.go:471.83,473.47 2 0
KNIRVENGINE/desktop-client/api/enhanced_connection_security.go:473.47,474.45 1 0
KNIRVENGINE/desktop-client/api/enhanced_connection_security.go:474.45,477.49 2 0
KNIRVENGINE/desktop-client/api/enhanced_connection_security.go:477.49,479.12 2 0
KNIRVENGINE/desktop-client/api/enhanced_connection_security.go:481.11,481.44 1 0
KNIRVENGINE/desktop-client/api/enhanced_connection_security.go:481.44,483.11 2 0
KNIRVENGINE/desktop-client/api/enhanced_connection_security.go:486.4,486.21 1 0
KNIRVENGINE/desktop-client/api/enhanced_connection_security.go:486.21,488.5 1 0
KNIRVENGINE/desktop-client/api/enhanced_connection_security.go:492.2,492.12 1 0
KNIRVENGINE/desktop-client/api/enhanced_connection_security.go:501.9,506.9 4 0
KNIRVENGINE/desktop-client/api/enhanced_connection_security.go:506.9,508.3 1 0
KNIRVENGINE/desktop-client/api/enhanced_connection_security.go:511.2,532.12 4 0
KNIRVENGINE/desktop-client/api/enhanced_connection_security.go:541.9,546.9 4 0
KNIRVENGINE/desktop-client/api/enhanced_connection_security.go:546.9,548.3 1 0
KNIRVENGINE/desktop-client/api/enhanced_connection_security.go:551.2,572.12 3 0
KNIRVENGINE/desktop-client/api/enhanced_connection_security.go:577.94,585.27 4 0
KNIRVENGINE/desktop-client/api/enhanced_connection_security.go:585.27,586.49 1 0
KNIRVENGINE/desktop-client/api/enhanced_connection_security.go:586.49,588.4 1 0
KNIRVENGINE/desktop-client/api/enhanced_connection_security.go:592.2,592.65 1 0
KNIRVENGINE/desktop-client/api/enhanced_connection_security.go:592.65,596.3 1 0
KNIRVENGINE/desktop-client/api/enhanced_connection_security.go:600.88,608.27 4 0
KNIRVENGINE/desktop-client/api/enhanced_connection_security.go:608.27,613.9 4 0
KNIRVENGINE/desktop-client/api/enhanced_connection_security.go:613.9,617.4 3 0
KNIRVENGINE/desktop-client/api/enhanced_connection_security.go:621.2,621.65 1 0
KNIRVENGINE/desktop-client/api/enhanced_connection_security.go:621.65,625.3 1 0
KNIRVENGINE/desktop-client/api/enhanced_connection_security.go:636.24,642.35 4 0
KNIRVENGINE/desktop-client/api/enhanced_connection_security.go:642.35,644.76 1 0
KNIRVENGINE/desktop-client/api/enhanced_connection_security.go:644.76,646.27 1 0
KNIRVENGINE/desktop-client/api/enhanced_connection_security.go:646.27,648.42 2 0
KNIRVENGINE/desktop-client/api/enhanced_connection_security.go:648.42,649.38 1 0
KNIRVENGINE/desktop-client/api/enhanced_connection_security.go:649.38,651.12 2 0
KNIRVENGINE/desktop-client/api/enhanced_connection_security.go:654.5,654.21 1 0
KNIRVENGINE/desktop-client/api/enhanced_connection_security.go:654.21,655.14 1 0
KNIRVENGINE/desktop-client/api/enhanced_connection_security.go:660.4,660.52 1 0
KNIRVENGINE/desktop-client/api/enhanced_connection_security.go:660.52,661.13 1 0
KNIRVENGINE/desktop-client/api/enhanced_connection_security.go:665.4,665.45 1 0
KNIRVENGINE/desktop-client/api/enhanced_connection_security.go:665.45,666.13 1 0
KNIRVENGINE/desktop-client/api/enhanced_connection_security.go:670.4,670.55 1 0
KNIRVENGINE/desktop-client/api/enhanced_connection_security.go:670.55,671.13 1 0
KNIRVENGINE/desktop-client/api/enhanced_connection_security.go:674.4,674.50 1 0
KNIRVENGINE/desktop-client/api/enhanced_connection_security.go:678.2,678.23 1 0
KNIRVENGINE/desktop-client/api/enhanced_connection_security.go:682.70,687.41 4 0
KNIRVENGINE/desktop-client/api/enhanced_connection_security.go:687.41,688.31 1 0
KNIRVENGINE/desktop-client/api/enhanced_connection_security.go:688.31,709.4 2 0
KNIRVENGINE/desktop-client/api/enhanced_connection_security.go:731.41,740.2 1 0
KNIRVENGINE/desktop-client/api/enhanced_connection_security.go:743.83,752.16 1 0
KNIRVENGINE/desktop-client/api/enhanced_connection_security.go:752.16,754.3 1 0
KNIRVENGINE/desktop-client/api/enhanced_connection_security.go:756.2,756.34 1 0
KNIRVENGINE/desktop-client/api/enhanced_connection_security.go:760.86,762.2 1 0
KNIRVENGINE/desktop-client/api/enhanced_connection_security.go:765.67,767.2 1 0
KNIRVENGINE/desktop-client/api/enhanced_connection_security.go:770.75,774.45 3 0
KNIRVENGINE/desktop-client/api/enhanced_connection_security.go:774.45,788.17 3 0
KNIRVENGINE/desktop-client/api/enhanced_connection_security.go:788.17,790.4 1 0
KNIRVENGINE/desktop-client/api/enhanced_connection_security.go:793.2,793.28 1 0
KNIRVENGINE/desktop-client/api/enhanced_connection_security.go:801.24,816.16 3 0
KNIRVENGINE/desktop-client/api/enhanced_connection_security.go:816.16,818.3 1 0
KNIRVENGINE/desktop-client/api/enhanced_connection_security.go:821.2,821.70 1 0
KNIRVENGINE/desktop-client/api/enhanced_connection_security.go:821.70,823.3 1 0
KNIRVENGINE/desktop-client/api/enhanced_connection_security.go:826.2,834.25 2 0
KNIRVENGINE/desktop-client/api/enhanced_connection_security.go:834.25,835.18 1 0
KNIRVENGINE/desktop-client/api/enhanced_connection_security.go:835.18,837.5 1 0
KNIRVENGINE/desktop-client/api/enhanced_connection_security.go:837.10,839.5 1 0
KNIRVENGINE/desktop-client/api/enhanced_connection_security.go:848.27,849.19 1 0
KNIRVENGINE/desktop-client/api/enhanced_connection_security.go:849.19,851.6 1 0
KNIRVENGINE/desktop-client/api/enhanced_connection_security.go:851.11,853.6 1 0
KNIRVENGINE/desktop-client/api/enhanced_connection_security.go:856.29,857.18 1 0
KNIRVENGINE/desktop-client/api/enhanced_connection_security.go:857.18,859.5 1 0
KNIRVENGINE/desktop-client/api/enhanced_connection_security.go:859.10,861.5 1 0
KNIRVENGINE/desktop-client/api/enhanced_connection_security.go:863.27,864.18 1 0
KNIRVENGINE/desktop-client/api/enhanced_connection_security.go:864.18,866.5 1 0
KNIRVENGINE/desktop-client/api/enhanced_connection_security.go:866.10,868.5 1 0
KNIRVENGINE/desktop-client/api/enhanced_connection_security.go:872.2,872.20 1 0
KNIRVENGINE/desktop-client/api/enhanced_connection_security.go:876.83,884.2 4 0
KNIRVENGINE/desktop-client/api/enhanced_connection_security.go:887.75,889.2 1 0
KNIRVENGINE/desktop-client/api/enhanced_connection_security.go:897.9,898.25 1 0
KNIRVENGINE/desktop-client/api/enhanced_connection_security.go:899.34,900.52 1 0
KNIRVENGINE/desktop-client/api/enhanced_connection_security.go:901.37,902.55 1 0
KNIRVENGINE/desktop-client/api/enhanced_connection_security.go:903.33,904.51 1 0
KNIRVENGINE/desktop-client/api/enhanced_connection_security.go:905.36,906.54 1 0
KNIRVENGINE/desktop-client/api/enhanced_connection_security.go:907.10,908.67 1 0
KNIRVENGINE/desktop-client/api/enhanced_connection_security.go:916.9,918.31 1 0
KNIRVENGINE/desktop-client/api/enhanced_connection_security.go:918.31,919.74 1 0
KNIRVENGINE/desktop-client/api/enhanced_connection_security.go:919.74,921.4 1 0
KNIRVENGINE/desktop-client/api/enhanced_connection_security.go:923.2,923.12 1 0
KNIRVENGINE/desktop-client/api/enhanced_connection_security.go:930.9,931.67 1 0
KNIRVENGINE/desktop-client/api/enhanced_connection_security.go:931.67,933.3 1 0
KNIRVENGINE/desktop-client/api/enhanced_connection_security.go:936.2,936.59 1 0
KNIRVENGINE/desktop-client/api/enhanced_connection_security.go:936.59,937.46 1 0
KNIRVENGINE/desktop-client/api/enhanced_connection_security.go:937.46,938.106 1 0
KNIRVENGINE/desktop-client/api/enhanced_connection_security.go:938.106,940.5 1 0
KNIRVENGINE/desktop-client/api/enhanced_connection_security.go:944.2,944.36 1 0
KNIRVENGINE/desktop-client/api/enhanced_connection_security.go:944.36,945.52 1 0
KNIRVENGINE/desktop-client/api/enhanced_connection_security.go:945.52,947.48 2 0
KNIRVENGINE/desktop-client/api/enhanced_connection_security.go:947.48,948.62 1 0
KNIRVENGINE/desktop-client/api/enhanced_connection_security.go:948.62,950.6 1 0
KNIRVENGINE/desktop-client/api/enhanced_connection_security.go:955.2,955.12 1 0
KNIRVENGINE/desktop-client/api/enhanced_connection_security.go:962.9,963.70 1 0
KNIRVENGINE/desktop-client/api/enhanced_connection_security.go:963.70,965.3 1 0
KNIRVENGINE/desktop-client/api/enhanced_connection_security.go:968.2,968.36 1 0
KNIRVENGINE/desktop-client/api/enhanced_connection_security.go:968.36,969.52 1 0
KNIRVENGINE/desktop-client/api/enhanced_connection_security.go:969.52,975.47 4 0
KNIRVENGINE/desktop-client/api/enhanced_connection_security.go:975.47,976.34 1 0
KNIRVENGINE/desktop-client/api/enhanced_connection_security.go:976.34,978.11 2 0
KNIRVENGINE/desktop-client/api/enhanced_connection_security.go:982.4,982.16 1 0
KNIRVENGINE/desktop-client/api/enhanced_connection_security.go:982.16,984.5 1 0
KNIRVENGINE/desktop-client/api/enhanced_connection_security.go:988.2,988.12 1 0
KNIRVENGINE/desktop-client/api/enhanced_connection_security.go:995.9,996.66 1 0
KNIRVENGINE/desktop-client/api/enhanced_connection_security.go:996.66,998.3 1 0
KNIRVENGINE/desktop-client/api/enhanced_connection_security.go:1001.2,1002.35 2 0
KNIRVENGINE/desktop-client/api/enhanced_connection_security.go:1002.35,1003.27 1 0
KNIRVENGINE/desktop-client/api/enhanced_connection_security.go:1003.27,1005.4 1 0
KNIRVENGINE/desktop-client/api/enhanced_connection_security.go:1008.2,1008.12 1 0
KNIRVENGINE/desktop-client/api/enhanced_connection_security.go:1012.72,1033.50 2 0
KNIRVENGINE/desktop-client/api/enhanced_connection_security.go:1033.50,1035.3 1 0
KNIRVENGINE/desktop-client/api/enhanced_connection_security.go:1038.2,1038.29 1 0
KNIRVENGINE/desktop-client/api/enhanced_connection_security.go:1042.99,1045.27 2 0
KNIRVENGINE/desktop-client/api/enhanced_connection_security.go:1045.27,1047.3 1 0
KNIRVENGINE/desktop-client/api/enhanced_connection_security.go:1050.2,1050.20 1 0
KNIRVENGINE/desktop-client/api/enhanced_connection_security.go:1051.25,1052.27 1 0
KNIRVENGINE/desktop-client/api/enhanced_connection_security.go:1053.28,1054.30 1 0
KNIRVENGINE/desktop-client/api/enhanced_connection_security.go:1055.26,1056.28 1 0
KNIRVENGINE/desktop-client/api/enhanced_connection_security.go:1057.24,1058.26 1 0
KNIRVENGINE/desktop-client/api/enhanced_connection_security.go:1059.10,1060.30 1 0
KNIRVENGINE/desktop-client/api/enhanced_connection_security.go:1065.88,1067.89 1 0
KNIRVENGINE/desktop-client/api/enhanced_connection_security.go:1067.89,1068.46 1 0
KNIRVENGINE/desktop-client/api/enhanced_connection_security.go:1068.46,1070.4 1 0
KNIRVENGINE/desktop-client/api/enhanced_connection_security.go:1073.2,1073.36 1 0
KNIRVENGINE/desktop-client/api/enhanced_connection_security.go:1073.36,1074.52 1 0
KNIRVENGINE/desktop-client/api/enhanced_connection_security.go:1074.52,1076.4 1 0
KNIRVENGINE/desktop-client/api/enhanced_connection_security.go:1079.2,1079.67 1 0
KNIRVENGINE/desktop-client/api/enhanced_connection_security.go:1079.67,1080.48 1 0
KNIRVENGINE/desktop-client/api/enhanced_connection_security.go:1080.48,1082.4 1 0
KNIRVENGINE/desktop-client/api/enhanced_connection_security.go:1083.3,1083.48 1 0
KNIRVENGINE/desktop-client/api/enhanced_connection_security.go:1083.48,1085.4 1 0
KNIRVENGINE/desktop-client/api/enhanced_connection_security.go:1089.2,1089.11 1 0
KNIRVENGINE/desktop-client/api/enhanced_connection_security.go:1097.11,1102.23 2 0
KNIRVENGINE/desktop-client/api/enhanced_connection_security.go:1103.34,1104.19 1 0
KNIRVENGINE/desktop-client/api/enhanced_connection_security.go:1105.37,1106.19 1 0
KNIRVENGINE/desktop-client/api/enhanced_connection_security.go:1107.33,1108.19 1 0
KNIRVENGINE/desktop-client/api/enhanced_connection_security.go:1109.36,1110.19 1 0
KNIRVENGINE/desktop-client/api/enhanced_connection_security.go:1114.2,1114.20 1 0
KNIRVENGINE/desktop-client/api/enhanced_connection_security.go:1115.18,1116.19 1 0
KNIRVENGINE/desktop-client/api/enhanced_connection_security.go:1117.15,1118.19 1 0
KNIRVENGINE/desktop-client/api/enhanced_connection_security.go:1119.21,1120.19 1 0
KNIRVENGINE/desktop-client/api/enhanced_connection_security.go:1124.2,1124.17 1 0
KNIRVENGINE/desktop-client/api/enhanced_connection_security.go:1124.17,1126.3 1 0
KNIRVENGINE/desktop-client/api/enhanced_connection_security.go:1126.8,1128.3 1 0
KNIRVENGINE/desktop-client/api/enhanced_connection_security.go:1131.2,1131.19 1 0
KNIRVENGINE/desktop-client/api/enhanced_connection_security.go:1131.19,1133.3 1 0
KNIRVENGINE/desktop-client/api/enhanced_connection_security.go:1134.2,1134.19 1 0
KNIRVENGINE/desktop-client/api/enhanced_connection_security.go:1134.19,1136.3 1 0
KNIRVENGINE/desktop-client/api/enhanced_connection_security.go:1138.2,1138.18 1 0
KNIRVENGINE/desktop-client/api/enhanced_connection_security.go:1142.50,1148.44 3 0
KNIRVENGINE/desktop-client/api/enhanced_connection_security.go:1148.44,1150.3 1 0
KNIRVENGINE/desktop-client/api/enhanced_connection_security.go:1153.2,1157.47 4 0
KNIRVENGINE/desktop-client/api/filesystem_connection.go:30.84,37.60 2 1
KNIRVENGINE/desktop-client/api/filesystem_connection.go:37.60,39.3 1 1
KNIRVENGINE/desktop-client/api/filesystem_connection.go:39.8,41.3 1 0
KNIRVENGINE/desktop-client/api/filesystem_connection.go:43.2,43.75 1 1
KNIRVENGINE/desktop-client/api/filesystem_connection.go:43.75,44.37 1 0
KNIRVENGINE/desktop-client/api/filesystem_connection.go:44.37,45.40 1 0
KNIRVENGINE/desktop-client/api/filesystem_connection.go:45.40,47.5 1 0
KNIRVENGINE/desktop-client/api/filesystem_connection.go:51.2,51.73 1 1
KNIRVENGINE/desktop-client/api/filesystem_connection.go:51.73,52.36 1 0
KNIRVENGINE/desktop-client/api/filesystem_connection.go:52.36,53.40 1 0
KNIRVENGINE/desktop-client/api/filesystem_connection.go:53.40,55.5 1 0
KNIRVENGINE/desktop-client/api/filesystem_connection.go:59.2,59.58 1 1
KNIRVENGINE/desktop-client/api/filesystem_connection.go:59.58,61.3 1 1
KNIRVENGINE/desktop-client/api/filesystem_connection.go:63.2,63.63 1 1
KNIRVENGINE/desktop-client/api/filesystem_connection.go:63.63,65.3 1 1
KNIRVENGINE/desktop-client/api/filesystem_connection.go:67.2,67.18 1 1
KNIRVENGINE/desktop-client/api/filesystem_connection.go:71.67,76.17 4 1
KNIRVENGINE/desktop-client/api/filesystem_connection.go:76.17,78.3 1 0
KNIRVENGINE/desktop-client/api/filesystem_connection.go:81.2,81.47 1 1
KNIRVENGINE/desktop-client/api/filesystem_connection.go:81.47,83.3 1 0
KNIRVENGINE/desktop-client/api/filesystem_connection.go:86.2,87.69 2 1
KNIRVENGINE/desktop-client/api/filesystem_connection.go:87.69,88.18 1 0
KNIRVENGINE/desktop-client/api/filesystem_connection.go:88.18,90.4 1 0
KNIRVENGINE/desktop-client/api/filesystem_connection.go:91.8,93.3 1 1
KNIRVENGINE/desktop-client/api/filesystem_connection.go:95.2,97.12 3 1
KNIRVENGINE/desktop-client/api/filesystem_connection.go:101.70,108.2 5 1
KNIRVENGINE/desktop-client/api/filesystem_connection.go:111.51,115.2 3 1
KNIRVENGINE/desktop-client/api/filesystem_connection.go:118.59,127.17 2 1
KNIRVENGINE/desktop-client/api/filesystem_connection.go:127.17,137.3 1 1
KNIRVENGINE/desktop-client/api/filesystem_connection.go:139.2,139.21 1 1
KNIRVENGINE/desktop-client/api/filesystem_connection.go:143.131,144.22 1 1
KNIRVENGINE/desktop-client/api/filesystem_connection.go:144.22,146.3 1 0
KNIRVENGINE/desktop-client/api/filesystem_connection.go:148.2,148.19 1 1
KNIRVENGINE/desktop-client/api/filesystem_connection.go:149.19,150.33 1 0
KNIRVENGINE/desktop-client/api/filesystem_connection.go:151.20,152.34 1 0
KNIRVENGINE/desktop-client/api/filesystem_connection.go:153.24,154.38 1 1
KNIRVENGINE/desktop-client/api/filesystem_connection.go:155.26,156.40 1 0
KNIRVENGINE/desktop-client/api/filesystem_connection.go:157.21,158.35 1 0
KNIRVENGINE/desktop-client/api/filesystem_connection.go:159.26,160.40 1 0
KNIRVENGINE/desktop-client/api/filesystem_connection.go:161.23,162.36 1 0
KNIRVENGINE/desktop-client/api/filesystem_connection.go:163.19,164.33 1 0
KNIRVENGINE/desktop-client/api/filesystem_connection.go:165.19,166.33 1 0
KNIRVENGINE/desktop-client/api/filesystem_connection.go:167.22,168.36 1 0
KNIRVENGINE/desktop-client/api/filesystem_connection.go:169.25,170.39 1 0
KNIRVENGINE/desktop-client/api/filesystem_connection.go:171.25,172.39 1 0
KNIRVENGINE/desktop-client/api/filesystem_connection.go:173.10,174.65 1 0
KNIRVENGINE/desktop-client/api/filesystem_connection.go:179.67,192.17 4 1
KNIRVENGINE/desktop-client/api/filesystem_connection.go:192.17,194.49 1 1
KNIRVENGINE/desktop-client/api/filesystem_connection.go:194.49,196.4 1 1
KNIRVENGINE/desktop-client/api/filesystem_connection.go:199.2,199.15 1 1
KNIRVENGINE/desktop-client/api/filesystem_connection.go:203.59,205.2 1 1
KNIRVENGINE/desktop-client/api/filesystem_connection.go:210.64,215.32 2 1
KNIRVENGINE/desktop-client/api/filesystem_connection.go:215.32,217.3 1 1
KNIRVENGINE/desktop-client/api/filesystem_connection.go:220.2,220.47 1 1
KNIRVENGINE/desktop-client/api/filesystem_connection.go:220.47,222.3 1 0
KNIRVENGINE/desktop-client/api/filesystem_connection.go:225.2,225.39 1 1
KNIRVENGINE/desktop-client/api/filesystem_connection.go:225.39,226.43 1 0
KNIRVENGINE/desktop-client/api/filesystem_connection.go:226.43,228.4 1 0
KNIRVENGINE/desktop-client/api/filesystem_connection.go:232.2,232.29 1 1
KNIRVENGINE/desktop-client/api/filesystem_connection.go:232.29,234.46 2 0
KNIRVENGINE/desktop-client/api/filesystem_connection.go:234.46,235.49 1 0
KNIRVENGINE/desktop-client/api/filesystem_connection.go:235.49,237.10 2 0
KNIRVENGINE/desktop-client/api/filesystem_connection.go:240.3,240.15 1 0
KNIRVENGINE/desktop-client/api/filesystem_connection.go:240.15,242.4 1 0
KNIRVENGINE/desktop-client/api/filesystem_connection.go:245.2,245.12 1 1
KNIRVENGINE/desktop-client/api/filesystem_connection.go:249.73,250.45 1 1
KNIRVENGINE/desktop-client/api/filesystem_connection.go:250.45,252.3 1 0
KNIRVENGINE/desktop-client/api/filesystem_connection.go:254.2,255.32 2 1
KNIRVENGINE/desktop-client/api/filesystem_connection.go:255.32,257.3 1 1
KNIRVENGINE/desktop-client/api/filesystem_connection.go:259.2,259.23 1 1
KNIRVENGINE/desktop-client/api/filesystem_connection.go:263.79,267.49 3 1
KNIRVENGINE/desktop-client/api/filesystem_connection.go:267.49,269.3 1 0
KNIRVENGINE/desktop-client/api/filesystem_connection.go:272.2,278.8 1 1
KNIRVENGINE/desktop-client/api/filesystem_connection.go:282.120,284.16 2 0
KNIRVENGINE/desktop-client/api/filesystem_connection.go:284.16,286.3 1 0
KNIRVENGINE/desktop-client/api/filesystem_connection.go:288.2,289.16 2 0
KNIRVENGINE/desktop-client/api/filesystem_connection.go:289.16,291.3 1 0
KNIRVENGINE/desktop-client/api/filesystem_connection.go:293.2,294.16 2 0
KNIRVENGINE/desktop-client/api/filesystem_connection.go:294.16,296.3 1 0
KNIRVENGINE/desktop-client/api/filesystem_connection.go:298.2,299.16 2 0
KNIRVENGINE/desktop-client/api/filesystem_connection.go:299.16,301.3 1 0
KNIRVENGINE/desktop-client/api/filesystem_connection.go:304.2,305.34 2 0
KNIRVENGINE/desktop-client/api/filesystem_connection.go:305.34,307.64 1 0
KNIRVENGINE/desktop-client/api/filesystem_connection.go:307.64,309.4 1 0
KNIRVENGINE/desktop-client/api/filesystem_connection.go:309.9,311.4 1 0
KNIRVENGINE/desktop-client/api/filesystem_connection.go:312.8,314.64 1 0
KNIRVENGINE/desktop-client/api/filesystem_connection.go:314.64,316.4 1 0
KNIRVENGINE/desktop-client/api/filesystem_connection.go:316.9,318.4 1 0
KNIRVENGINE/desktop-client/api/filesystem_connection.go:321.2,321.57 1 0
KNIRVENGINE/desktop-client/api/filesystem_connection.go:321.57,323.3 1 0
KNIRVENGINE/desktop-client/api/filesystem_connection.go:325.2,329.8 1 0
KNIRVENGINE/desktop-client/api/filesystem_connection.go:333.120,336.16 3 0
KNIRVENGINE/desktop-client/api/filesystem_connection.go:336.16,338.3 1 0
KNIRVENGINE/desktop-client/api/filesystem_connection.go:340.2,341.16 2 0
KNIRVENGINE/desktop-client/api/filesystem_connection.go:341.16,343.3 1 0
KNIRVENGINE/desktop-client/api/filesystem_connection.go:346.2,346.52 1 0
KNIRVENGINE/desktop-client/api/filesystem_connection.go:346.52,348.3 1 0
KNIRVENGINE/desktop-client/api/filesystem_connection.go:348.8,348.26 1 0
KNIRVENGINE/desktop-client/api/filesystem_connection.go:348.26,350.3 1 0
KNIRVENGINE/desktop-client/api/filesystem_connection.go:354.2,355.16 2 0
KNIRVENGINE/desktop-client/api/filesystem_connection.go:355.16,357.3 1 0
KNIRVENGINE/desktop-client/api/filesystem_connection.go:359.2,360.32 2 0
KNIRVENGINE/desktop-client/api/filesystem_connection.go:360.32,362.17 2 0
KNIRVENGINE/desktop-client/api/filesystem_connection.go:362.17,363.12 1 0
KNIRVENGINE/desktop-client/api/filesystem_connection.go:366.3,371.5 1 0
KNIRVENGINE/desktop-client/api/filesystem_connection.go:374.2,381.8 1 0
KNIRVENGINE/desktop-client/api/filesystem_connection.go:387.114,390.16 3 0
KNIRVENGINE/desktop-client/api/filesystem_connection.go:390.16,392.3 1 0
KNIRVENGINE/desktop-client/api/filesystem_connection.go:394.2,395.16 2 0
KNIRVENGINE/desktop-client/api/filesystem_connection.go:395.16,397.3 1 0
KNIRVENGINE/desktop-client/api/filesystem_connection.go:400.2,400.52 1 0
KNIRVENGINE/desktop-client/api/filesystem_connection.go:400.52,402.3 1 0
KNIRVENGINE/desktop-client/api/filesystem_connection.go:402.8,402.40 1 0
KNIRVENGINE/desktop-client/api/filesystem_connection.go:402.40,404.3 1 0
KNIRVENGINE/desktop-client/api/filesystem_connection.go:406.2,407.16 2 0
KNIRVENGINE/desktop-client/api/filesystem_connection.go:407.16,409.3 1 0
KNIRVENGINE/desktop-client/api/filesystem_connection.go:411.2,416.8 1 0
KNIRVENGINE/desktop-client/api/filesystem_connection.go:420.115,422.16 2 0
KNIRVENGINE/desktop-client/api/filesystem_connection.go:422.16,424.3 1 0
KNIRVENGINE/desktop-client/api/filesystem_connection.go:426.2,428.16 3 0
KNIRVENGINE/desktop-client/api/filesystem_connection.go:428.16,430.3 1 0
KNIRVENGINE/desktop-client/api/filesystem_connection.go:432.2,433.16 2 0
KNIRVENGINE/desktop-client/api/filesystem_connection.go:433.16,435.3 1 0
KNIRVENGINE/desktop-client/api/filesystem_connection.go:438.2,438.38 1 0
KNIRVENGINE/desktop-client/api/filesystem_connection.go:438.38,440.3 1 0
KNIRVENGINE/desktop-client/api/filesystem_connection.go:443.2,443.70 1 0
KNIRVENGINE/desktop-client/api/filesystem_connection.go:443.70,445.3 1 0
KNIRVENGINE/desktop-client/api/filesystem_connection.go:448.2,448.71 1 0
KNIRVENGINE/desktop-client/api/filesystem_connection.go:448.71,450.3 1 0
KNIRVENGINE/desktop-client/api/filesystem_connection.go:452.2,456.8 1 0
KNIRVENGINE/desktop-client/api/filesystem_connection.go:460.119,463.16 3 1
KNIRVENGINE/desktop-client/api/filesystem_connection.go:463.16,465.3 1 0
KNIRVENGINE/desktop-client/api/filesystem_connection.go:467.2,468.16 2 1
KNIRVENGINE/desktop-client/api/filesystem_connection.go:468.16,470.3 1 0
KNIRVENGINE/desktop-client/api/filesystem_connection.go:472.2,473.16 2 1
KNIRVENGINE/desktop-client/api/filesystem_connection.go:473.16,475.3 1 0
KNIRVENGINE/desktop-client/api/filesystem_connection.go:477.2,478.32 2 1
KNIRVENGINE/desktop-client/api/filesystem_connection.go:478.32,480.17 2 1
KNIRVENGINE/desktop-client/api/filesystem_connection.go:480.17,481.12 1 0
KNIRVENGINE/desktop-client/api/filesystem_connection.go:484.3,490.5 1 1
KNIRVENGINE/desktop-client/api/filesystem_connection.go:493.2,498.8 1 1
KNIRVENGINE/desktop-client/api/filesystem_connection.go:502.121,504.16 2 0
KNIRVENGINE/desktop-client/api/filesystem_connection.go:504.16,506.3 1 0
KNIRVENGINE/desktop-client/api/filesystem_connection.go:508.2,509.16 2 0
KNIRVENGINE/desktop-client/api/filesystem_connection.go:509.16,511.3 1 0
KNIRVENGINE/desktop-client/api/filesystem_connection.go:513.2,514.16 2 0
KNIRVENGINE/desktop-client/api/filesystem_connection.go:514.16,516.3 1 0
KNIRVENGINE/desktop-client/api/filesystem_connection.go:518.2,521.15 3 0
KNIRVENGINE/desktop-client/api/filesystem_connection.go:521.15,523.3 1 0
KNIRVENGINE/desktop-client/api/filesystem_connection.go:523.8,525.3 1 0
KNIRVENGINE/desktop-client/api/filesystem_connection.go:527.2,527.22 1 0
KNIRVENGINE/desktop-client/api/filesystem_connection.go:527.22,529.3 1 0
KNIRVENGINE/desktop-client/api/filesystem_connection.go:531.2,534.8 1 0
KNIRVENGINE/desktop-client/api/filesystem_connection.go:538.116,540.16 2 0
KNIRVENGINE/desktop-client/api/filesystem_connection.go:540.16,542.3 1 0
KNIRVENGINE/desktop-client/api/filesystem_connection.go:544.2,545.16 2 0
KNIRVENGINE/desktop-client/api/filesystem_connection.go:545.16,547.3 1 0
KNIRVENGINE/desktop-client/api/filesystem_connection.go:549.2,550.16 2 0
KNIRVENGINE/desktop-client/api/filesystem_connection.go:550.16,552.3 1 0
KNIRVENGINE/desktop-client/api/filesystem_connection.go:555.2,555.52 1 0
KNIRVENGINE/desktop-client/api/filesystem_connection.go:555.52,557.3 1 0
KNIRVENGINE/desktop-client/api/filesystem_connection.go:557.8,557.25 1 0
KNIRVENGINE/desktop-client/api/filesystem_connection.go:557.25,559.3 1 0
KNIRVENGINE/desktop-client/api/filesystem_connection.go:561.2,561.48 1 0
KNIRVENGINE/desktop-client/api/filesystem_connection.go:561.48,563.3 1 0
KNIRVENGINE/desktop-client/api/filesystem_connection.go:565.2,568.8 1 0
KNIRVENGINE/desktop-client/api/filesystem_connection.go:572.121,574.16 2 0
KNIRVENGINE/desktop-client/api/filesystem_connection.go:574.16,576.3 1 0
KNIRVENGINE/desktop-client/api/filesystem_connection.go:578.2,579.16 2 0
KNIRVENGINE/desktop-client/api/filesystem_connection.go:579.16,581.3 1 0
KNIRVENGINE/desktop-client/api/filesystem_connection.go:583.2,584.16 2 0
KNIRVENGINE/desktop-client/api/filesystem_connection.go:584.16,586.3 1 0
KNIRVENGINE/desktop-client/api/filesystem_connection.go:589.2,589.52 1 0
KNIRVENGINE/desktop-client/api/filesystem_connection.go:589.52,591.3 1 0
KNIRVENGINE/desktop-client/api/filesystem_connection.go:591.8,591.26 1 0
KNIRVENGINE/desktop-client/api/filesystem_connection.go:591.26,593.3 1 0
KNIRVENGINE/desktop-client/api/filesystem_connection.go:595.2,598.15 3 0
KNIRVENGINE/desktop-client/api/filesystem_connection.go:598.15,600.3 1 0
KNIRVENGINE/desktop-client/api/filesystem_connection.go:600.8,602.3 1 0
KNIRVENGINE/desktop-client/api/filesystem_connection.go:604.2,604.22 1 0
KNIRVENGINE/desktop-client/api/filesystem_connection.go:604.22,606.3 1 0
KNIRVENGINE/desktop-client/api/filesystem_connection.go:608.2,611.8 1 0
KNIRVENGINE/desktop-client/api/filesystem_connection.go:615.117,618.16 3 0
KNIRVENGINE/desktop-client/api/filesystem_connection.go:618.16,620.3 1 0
KNIRVENGINE/desktop-client/api/filesystem_connection.go:622.2,623.16 2 0
KNIRVENGINE/desktop-client/api/filesystem_connection.go:623.16,625.3 1 0
KNIRVENGINE/desktop-client/api/filesystem_connection.go:627.2,628.16 2 0
KNIRVENGINE/desktop-client/api/filesystem_connection.go:628.16,630.3 1 0
KNIRVENGINE/desktop-client/api/filesystem_connection.go:632.2,640.8 1 0
KNIRVENGINE/desktop-client/api/filesystem_connection.go:644.114,646.16 2 0
KNIRVENGINE/desktop-client/api/filesystem_connection.go:646.16,648.3 1 0
KNIRVENGINE/desktop-client/api/filesystem_connection.go:650.2,652.36 3 0
KNIRVENGINE/desktop-client/api/filesystem_connection.go:652.36,654.3 1 0
KNIRVENGINE/desktop-client/api/filesystem_connection.go:656.2,657.16 2 0
KNIRVENGINE/desktop-client/api/filesystem_connection.go:657.16,659.3 1 0
KNIRVENGINE/desktop-client/api/filesystem_connection.go:661.2,662.16 2 0
KNIRVENGINE/desktop-client/api/filesystem_connection.go:662.16,664.3 1 0
KNIRVENGINE/desktop-client/api/filesystem_connection.go:667.2,667.69 1 0
KNIRVENGINE/desktop-client/api/filesystem_connection.go:667.69,669.3 1 0
KNIRVENGINE/desktop-client/api/filesystem_connection.go:671.2,671.60 1 0
KNIRVENGINE/desktop-client/api/filesystem_connection.go:671.60,673.3 1 0
KNIRVENGINE/desktop-client/api/filesystem_connection.go:675.2,679.8 1 0
KNIRVENGINE/desktop-client/api/filesystem_connection.go:683.114,685.16 2 0
KNIRVENGINE/desktop-client/api/filesystem_connection.go:685.16,687.3 1 0
KNIRVENGINE/desktop-client/api/filesystem_connection.go:689.2,691.36 3 0
KNIRVENGINE/desktop-client/api/filesystem_connection.go:691.36,693.3 1 0
KNIRVENGINE/desktop-client/api/filesystem_connection.go:695.2,696.16 2 0
KNIRVENGINE/desktop-client/api/filesystem_connection.go:696.16,698.3 1 0
KNIRVENGINE/desktop-client/api/filesystem_connection.go:700.2,701.16 2 0
KNIRVENGINE/desktop-client/api/filesystem_connection.go:701.16,703.3 1 0
KNIRVENGINE/desktop-client/api/filesystem_connection.go:706.2,707.16 2 0
KNIRVENGINE/desktop-client/api/filesystem_connection.go:707.16,709.3 1 0
KNIRVENGINE/desktop-client/api/filesystem_connection.go:710.2,713.69 2 0
KNIRVENGINE/desktop-client/api/filesystem_connection.go:713.69,715.3 1 0
KNIRVENGINE/desktop-client/api/filesystem_connection.go:718.2,719.16 2 0
KNIRVENGINE/desktop-client/api/filesystem_connection.go:719.16,721.3 1 0
KNIRVENGINE/desktop-client/api/filesystem_connection.go:722.2,726.16 3 0
KNIRVENGINE/desktop-client/api/filesystem_connection.go:726.16,728.3 1 0
KNIRVENGINE/desktop-client/api/filesystem_connection.go:730.2,735.8 1 0
KNIRVENGINE/desktop-client/api/filesystem_connection.go:739.117,746.16 6 0
KNIRVENGINE/desktop-client/api/filesystem_connection.go:746.16,748.3 1 0
KNIRVENGINE/desktop-client/api/filesystem_connection.go:750.2,752.15 2 0
KNIRVENGINE/desktop-client/api/filesystem_connection.go:752.15,753.92 1 0
KNIRVENGINE/desktop-client/api/filesystem_connection.go:753.92,754.18 1 0
KNIRVENGINE/desktop-client/api/filesystem_connection.go:754.18,756.5 1 0
KNIRVENGINE/desktop-client/api/filesystem_connection.go:759.4,759.67 1 0
KNIRVENGINE/desktop-client/api/filesystem_connection.go:759.67,761.5 1 0
KNIRVENGINE/desktop-client/api/filesystem_connection.go:763.4,764.23 2 0
KNIRVENGINE/desktop-client/api/filesystem_connection.go:764.23,766.5 1 0
KNIRVENGINE/desktop-client/api/filesystem_connection.go:768.4,768.15 1 0
KNIRVENGINE/desktop-client/api/filesystem_connection.go:768.15,770.23 2 0
KNIRVENGINE/desktop-client/api/filesystem_connection.go:770.23,779.6 2 0
KNIRVENGINE/desktop-client/api/filesystem_connection.go:781.4,781.14 1 0
KNIRVENGINE/desktop-client/api/filesystem_connection.go:783.8,785.17 2 0
KNIRVENGINE/desktop-client/api/filesystem_connection.go:785.17,787.4 1 0
KNIRVENGINE/desktop-client/api/filesystem_connection.go:789.3,789.33 1 0
KNIRVENGINE/desktop-client/api/filesystem_connection.go:789.33,791.23 2 0
KNIRVENGINE/desktop-client/api/filesystem_connection.go:791.23,792.13 1 0
KNIRVENGINE/desktop-client/api/filesystem_connection.go:795.4,795.15 1 0
KNIRVENGINE/desktop-client/api/filesystem_connection.go:795.15,797.23 2 0
KNIRVENGINE/desktop-client/api/filesystem_connection.go:797.23,805.6 1 0
KNIRVENGINE/desktop-client/api/filesystem_connection.go:810.2,816.8 1 0
KNIRVENGINE/desktop-client/api/mcp_config_http.go:55.81,58.16 2 1
KNIRVENGINE/desktop-client/api/mcp_config_http.go:58.16,61.3 1 0
KNIRVENGINE/desktop-client/api/mcp_config_http.go:64.2,64.51 1 1
KNIRVENGINE/desktop-client/api/mcp_config_http.go:64.51,67.3 1 0
KNIRVENGINE/desktop-client/api/mcp_config_http.go:69.2,78.16 3 1
KNIRVENGINE/desktop-client/api/mcp_config_http.go:82.49,84.16 2 1
KNIRVENGINE/desktop-client/api/mcp_config_http.go:84.16,86.3 1 0
KNIRVENGINE/desktop-client/api/mcp_config_http.go:88.2,88.29 1 1
KNIRVENGINE/desktop-client/api/mcp_config_http.go:88.29,90.17 2 0
KNIRVENGINE/desktop-client/api/mcp_config_http.go:90.17,91.12 1 0
KNIRVENGINE/desktop-client/api/mcp_config_http.go:94.3,95.55 2 0
KNIRVENGINE/desktop-client/api/mcp_config_http.go:95.55,96.12 1 0
KNIRVENGINE/desktop-client/api/mcp_config_http.go:99.3,99.39 1 0
KNIRVENGINE/desktop-client/api/mcp_config_http.go:104.77,106.16 2 0
KNIRVENGINE/desktop-client/api/mcp_config_http.go:106.16,108.3 1 0
KNIRVENGINE/desktop-client/api/mcp_config_http.go:110.2,111.43 2 0
KNIRVENGINE/desktop-client/api/mcp_config_http.go:115.87,120.13 4 0
KNIRVENGINE/desktop-client/api/mcp_config_http.go:120.13,123.17 2 0
KNIRVENGINE/desktop-client/api/mcp_config_http.go:123.17,125.4 1 0
KNIRVENGINE/desktop-client/api/mcp_config_http.go:127.3,128.31 2 0
KNIRVENGINE/desktop-client/api/mcp_config_http.go:131.2,131.20 1 0
KNIRVENGINE/desktop-client/api/mcp_config_http.go:135.122,140.13 4 0
KNIRVENGINE/desktop-client/api/mcp_config_http.go:140.13,143.17 2 0
KNIRVENGINE/desktop-client/api/mcp_config_http.go:143.17,145.4 1 0
KNIRVENGINE/desktop-client/api/mcp_config_http.go:146.3,146.41 1 0
KNIRVENGINE/desktop-client/api/mcp_config_http.go:150.2,150.46 1 0
KNIRVENGINE/desktop-client/api/mcp_config_http.go:150.46,152.3 1 0
KNIRVENGINE/desktop-client/api/mcp_config_http.go:153.2,153.60 1 0
KNIRVENGINE/desktop-client/api/mcp_config_http.go:153.60,155.3 1 0
KNIRVENGINE/desktop-client/api/mcp_config_http.go:156.2,156.68 1 0
KNIRVENGINE/desktop-client/api/mcp_config_http.go:156.68,158.25 2 0
KNIRVENGINE/desktop-client/api/mcp_config_http.go:158.25,159.33 1 0
KNIRVENGINE/desktop-client/api/mcp_config_http.go:159.33,161.5 1 0
KNIRVENGINE/desktop-client/api/mcp_config_http.go:164.2,164.58 1 0
KNIRVENGINE/desktop-client/api/mcp_config_http.go:164.58,166.28 2 0
KNIRVENGINE/desktop-client/api/mcp_config_http.go:166.28,167.35 1 0
KNIRVENGINE/desktop-client/api/mcp_config_http.go:167.35,169.5 1 0
KNIRVENGINE/desktop-client/api/mcp_config_http.go:172.2,172.59 1 0
KNIRVENGINE/desktop-client/api/mcp_config_http.go:172.59,174.3 1 0
KNIRVENGINE/desktop-client/api/mcp_config_http.go:175.2,175.55 1 0
KNIRVENGINE/desktop-client/api/mcp_config_http.go:175.55,177.3 1 0
KNIRVENGINE/desktop-client/api/mcp_config_http.go:178.2,178.64 1 0
KNIRVENGINE/desktop-client/api/mcp_config_http.go:178.64,180.3 1 0
KNIRVENGINE/desktop-client/api/mcp_config_http.go:181.2,181.62 1 0
KNIRVENGINE/desktop-client/api/mcp_config_http.go:181.62,183.3 1 0
KNIRVENGINE/desktop-client/api/mcp_config_http.go:186.2,186.77 1 0
KNIRVENGINE/desktop-client/api/mcp_config_http.go:186.77,187.55 1 0
KNIRVENGINE/desktop-client/api/mcp_config_http.go:187.55,189.4 1 0
KNIRVENGINE/desktop-client/api/mcp_config_http.go:190.3,190.60 1 0
KNIRVENGINE/desktop-client/api/mcp_config_http.go:190.60,192.4 1 0
KNIRVENGINE/desktop-client/api/mcp_config_http.go:193.3,193.58 1 0
KNIRVENGINE/desktop-client/api/mcp_config_http.go:193.58,195.4 1 0
KNIRVENGINE/desktop-client/api/mcp_config_http.go:199.2,199.72 1 0
KNIRVENGINE/desktop-client/api/mcp_config_http.go:199.72,200.61 1 0
KNIRVENGINE/desktop-client/api/mcp_config_http.go:200.61,202.4 1 0
KNIRVENGINE/desktop-client/api/mcp_config_http.go:203.3,203.55 1 0
KNIRVENGINE/desktop-client/api/mcp_config_http.go:203.55,205.4 1 0
KNIRVENGINE/desktop-client/api/mcp_config_http.go:209.2,209.70 1 0
KNIRVENGINE/desktop-client/api/mcp_config_http.go:209.70,210.56 1 0
KNIRVENGINE/desktop-client/api/mcp_config_http.go:210.56,212.4 1 0
KNIRVENGINE/desktop-client/api/mcp_config_http.go:213.3,213.72 1 0
KNIRVENGINE/desktop-client/api/mcp_config_http.go:213.72,215.38 2 0
KNIRVENGINE/desktop-client/api/mcp_config_http.go:215.38,216.37 1 0
KNIRVENGINE/desktop-client/api/mcp_config_http.go:216.37,218.6 1 0
KNIRVENGINE/desktop-client/api/mcp_config_http.go:221.3,221.72 1 0
KNIRVENGINE/desktop-client/api/mcp_config_http.go:221.72,223.38 2 0
KNIRVENGINE/desktop-client/api/mcp_config_http.go:223.38,224.37 1 0
KNIRVENGINE/desktop-client/api/mcp_config_http.go:224.37,226.6 1 0
KNIRVENGINE/desktop-client/api/mcp_config_http.go:229.3,229.72 1 0
KNIRVENGINE/desktop-client/api/mcp_config_http.go:229.72,231.38 2 0
KNIRVENGINE/desktop-client/api/mcp_config_http.go:231.38,232.38 1 0
KNIRVENGINE/desktop-client/api/mcp_config_http.go:232.38,234.6 1 0
KNIRVENGINE/desktop-client/api/mcp_config_http.go:237.3,237.64 1 0
KNIRVENGINE/desktop-client/api/mcp_config_http.go:237.64,239.4 1 0
KNIRVENGINE/desktop-client/api/mcp_config_http.go:242.2,246.52 3 0
KNIRVENGINE/desktop-client/api/mcp_config_http.go:246.52,248.3 1 0
KNIRVENGINE/desktop-client/api/mcp_config_http.go:250.2,250.20 1 0
KNIRVENGINE/desktop-client/api/mcp_config_http.go:254.70,262.67 5 0
KNIRVENGINE/desktop-client/api/mcp_config_http.go:262.67,264.3 1 0
KNIRVENGINE/desktop-client/api/mcp_config_http.go:266.2,266.12 1 0
KNIRVENGINE/desktop-client/api/mcp_config_http.go:270.72,276.30 4 0
KNIRVENGINE/desktop-client/api/mcp_config_http.go:276.30,278.3 1 0
KNIRVENGINE/desktop-client/api/mcp_config_http.go:280.2,280.15 1 0
KNIRVENGINE/desktop-client/api/mcp_config_http.go:284.84,318.2 13 0
KNIRVENGINE/desktop-client/api/mcp_config_http.go:321.34,323.2 1 0
KNIRVENGINE/desktop-client/api/mcp_config_http.go:328.91,333.16 4 0
KNIRVENGINE/desktop-client/api/mcp_config_http.go:333.16,336.3 2 0
KNIRVENGINE/desktop-client/api/mcp_config_http.go:338.2,343.37 3 0
KNIRVENGINE/desktop-client/api/mcp_config_http.go:347.94,352.65 4 0
KNIRVENGINE/desktop-client/api/mcp_config_http.go:352.65,355.3 2 0
KNIRVENGINE/desktop-client/api/mcp_config_http.go:357.2,358.16 2 0
KNIRVENGINE/desktop-client/api/mcp_config_http.go:358.16,361.3 2 0
KNIRVENGINE/desktop-client/api/mcp_config_http.go:363.2,368.37 3 0
KNIRVENGINE/desktop-client/api/mcp_config_http.go:372.94,376.55 3 0
KNIRVENGINE/desktop-client/api/mcp_config_http.go:376.55,379.3 2 0
KNIRVENGINE/desktop-client/api/mcp_config_http.go:381.2,386.37 3 0
KNIRVENGINE/desktop-client/api/mcp_config_http.go:390.89,400.2 4 0
KNIRVENGINE/desktop-client/api/mcp_config_http.go:403.65,409.2 5 1
KNIRVENGINE/desktop-client/api/mcp_installation_http.go:42.93,45.16 2 1
KNIRVENGINE/desktop-client/api/mcp_installation_http.go:45.16,48.3 1 0
KNIRVENGINE/desktop-client/api/mcp_installation_http.go:51.2,51.52 1 1
KNIRVENGINE/desktop-client/api/mcp_installation_http.go:51.52,54.3 1 0
KNIRVENGINE/desktop-client/api/mcp_installation_http.go:56.2,60.3 1 1
KNIRVENGINE/desktop-client/api/mcp_installation_http.go:64.92,67.16 2 0
KNIRVENGINE/desktop-client/api/mcp_installation_http.go:67.16,69.3 1 0
KNIRVENGINE/desktop-client/api/mcp_installation_http.go:72.2,73.90 2 0
KNIRVENGINE/desktop-client/api/mcp_installation_http.go:73.90,76.3 2 0
KNIRVENGINE/desktop-client/api/mcp_installation_http.go:79.2,79.61 1 0
KNIRVENGINE/desktop-client/api/mcp_installation_http.go:79.61,82.3 2 0
KNIRVENGINE/desktop-client/api/mcp_installation_http.go:85.2,99.12 5 0
KNIRVENGINE/desktop-client/api/mcp_installation_http.go:103.125,108.53 3 0
KNIRVENGINE/desktop-client/api/mcp_installation_http.go:108.53,111.3 2 0
KNIRVENGINE/desktop-client/api/mcp_installation_http.go:113.2,117.21 3 0
KNIRVENGINE/desktop-client/api/mcp_installation_http.go:118.16,119.62 1 0
KNIRVENGINE/desktop-client/api/mcp_installation_http.go:120.20,121.66 1 0
KNIRVENGINE/desktop-client/api/mcp_installation_http.go:122.10,123.63 1 0
KNIRVENGINE/desktop-client/api/mcp_installation_http.go:126.2,126.16 1 0
KNIRVENGINE/desktop-client/api/mcp_installation_http.go:126.16,129.3 2 0
KNIRVENGINE/desktop-client/api/mcp_installation_http.go:132.2,133.76 2 0
KNIRVENGINE/desktop-client/api/mcp_installation_http.go:133.76,136.3 2 0
KNIRVENGINE/desktop-client/api/mcp_installation_http.go:137.2,140.69 2 0
KNIRVENGINE/desktop-client/api/mcp_installation_http.go:140.69,142.3 1 0
KNIRVENGINE/desktop-client/api/mcp_installation_http.go:142.8,144.3 1 0
KNIRVENGINE/desktop-client/api/mcp_installation_http.go:146.2,147.33 2 0
KNIRVENGINE/desktop-client/api/mcp_installation_http.go:151.149,155.46 2 0
KNIRVENGINE/desktop-client/api/mcp_installation_http.go:155.46,157.3 1 0
KNIRVENGINE/desktop-client/api/mcp_installation_http.go:159.2,163.23 3 0
KNIRVENGINE/desktop-client/api/mcp_installation_http.go:163.23,165.3 1 0
KNIRVENGINE/desktop-client/api/mcp_installation_http.go:167.2,174.53 5 0
KNIRVENGINE/desktop-client/api/mcp_installation_http.go:174.53,181.17 5 0
KNIRVENGINE/desktop-client/api/mcp_installation_http.go:181.17,182.9 1 0
KNIRVENGINE/desktop-client/api/mcp_installation_http.go:185.3,185.27 1 0
KNIRVENGINE/desktop-client/api/mcp_installation_http.go:185.27,188.4 2 0
KNIRVENGINE/desktop-client/api/mcp_installation_http.go:191.2,191.16 1 0
KNIRVENGINE/desktop-client/api/mcp_installation_http.go:191.16,193.3 1 0
KNIRVENGINE/desktop-client/api/mcp_installation_http.go:195.2,202.46 5 0
KNIRVENGINE/desktop-client/api/mcp_installation_http.go:202.46,204.3 1 0
KNIRVENGINE/desktop-client/api/mcp_installation_http.go:204.8,206.3 1 0
KNIRVENGINE/desktop-client/api/mcp_installation_http.go:208.2,208.12 1 0
KNIRVENGINE/desktop-client/api/mcp_installation_http.go:212.153,216.46 2 0
KNIRVENGINE/desktop-client/api/mcp_installation_http.go:216.46,218.3 1 0
KNIRVENGINE/desktop-client/api/mcp_installation_http.go:220.2,224.23 3 0
KNIRVENGINE/desktop-client/api/mcp_installation_http.go:224.23,226.3 1 0
KNIRVENGINE/desktop-client/api/mcp_installation_http.go:229.2,233.53 4 0
KNIRVENGINE/desktop-client/api/mcp_installation_http.go:233.53,240.17 5 0
KNIRVENGINE/desktop-client/api/mcp_installation_http.go:240.17,243.9 3 0
KNIRVENGINE/desktop-client/api/mcp_installation_http.go:247.3,249.17 3 0
KNIRVENGINE/desktop-client/api/mcp_installation_http.go:249.17,252.9 3 0
KNIRVENGINE/desktop-client/api/mcp_installation_http.go:255.3,255.27 1 0
KNIRVENGINE/desktop-client/api/mcp_installation_http.go:255.27,258.4 2 0
KNIRVENGINE/desktop-client/api/mcp_installation_http.go:261.2,261.16 1 0
KNIRVENGINE/desktop-client/api/mcp_installation_http.go:261.16,265.3 2 0
KNIRVENGINE/desktop-client/api/mcp_installation_http.go:267.2,269.12 2 0
KNIRVENGINE/desktop-client/api/mcp_installation_http.go:273.105,278.13 4 0
KNIRVENGINE/desktop-client/api/mcp_installation_http.go:278.13,280.3 1 0
KNIRVENGINE/desktop-client/api/mcp_installation_http.go:282.2,282.20 1 0
KNIRVENGINE/desktop-client/api/mcp_installation_http.go:288.69,291.2 2 0
KNIRVENGINE/desktop-client/api/mcp_installation_http.go:294.89,296.29 2 0
KNIRVENGINE/desktop-client/api/mcp_installation_http.go:296.29,297.39 1 0
KNIRVENGINE/desktop-client/api/mcp_installation_http.go:297.39,299.40 1 0
KNIRVENGINE/desktop-client/api/mcp_installation_http.go:299.40,300.42 1 0
KNIRVENGINE/desktop-client/api/mcp_installation_http.go:300.42,302.6 1 0
KNIRVENGINE/desktop-client/api/mcp_installation_http.go:306.2,306.11 1 0
KNIRVENGINE/desktop-client/api/mcp_installation_http.go:310.117,312.16 2 0
KNIRVENGINE/desktop-client/api/mcp_installation_http.go:312.16,314.3 1 0
KNIRVENGINE/desktop-client/api/mcp_installation_http.go:316.2,317.16 2 0
KNIRVENGINE/desktop-client/api/mcp_installation_http.go:317.16,319.3 1 0
KNIRVENGINE/desktop-client/api/mcp_installation_http.go:321.2,321.36 1 0
KNIRVENGINE/desktop-client/api/mcp_installation_http.go:321.36,323.3 1 0
KNIRVENGINE/desktop-client/api/mcp_installation_http.go:326.2,329.12 2 0
KNIRVENGINE/desktop-client/api/mcp_installation_http.go:329.12,331.22 2 0
KNIRVENGINE/desktop-client/api/mcp_installation_http.go:331.22,335.4 3 0
KNIRVENGINE/desktop-client/api/mcp_installation_http.go:339.2,339.12 1 0
KNIRVENGINE/desktop-client/api/mcp_installation_http.go:339.12,341.22 2 0
KNIRVENGINE/desktop-client/api/mcp_installation_http.go:341.22,345.4 3 0
KNIRVENGINE/desktop-client/api/mcp_installation_http.go:348.2,349.29 2 0
KNIRVENGINE/desktop-client/api/mcp_installation_http.go:353.126,360.2 5 0
KNIRVENGINE/desktop-client/api/mcp_installation_http.go:363.100,375.82 8 0
KNIRVENGINE/desktop-client/api/mcp_installation_http.go:375.82,378.3 2 0
KNIRVENGINE/desktop-client/api/mcp_installation_http.go:379.2,379.34 1 0
KNIRVENGINE/desktop-client/api/mcp_installation_http.go:383.91,390.33 4 0
KNIRVENGINE/desktop-client/api/mcp_installation_http.go:390.33,392.3 1 0
KNIRVENGINE/desktop-client/api/mcp_installation_http.go:398.95,402.63 3 0
KNIRVENGINE/desktop-client/api/mcp_installation_http.go:402.63,405.3 2 0
KNIRVENGINE/desktop-client/api/mcp_installation_http.go:407.2,412.37 3 0
KNIRVENGINE/desktop-client/api/mcp_installation_http.go:416.103,421.16 4 0
KNIRVENGINE/desktop-client/api/mcp_installation_http.go:421.16,424.3 2 0
KNIRVENGINE/desktop-client/api/mcp_installation_http.go:426.2,431.37 3 0
KNIRVENGINE/desktop-client/api/mcp_installation_http.go:435.110,441.9 3 0
KNIRVENGINE/desktop-client/api/mcp_installation_http.go:442.24,443.74 1 0
KNIRVENGINE/desktop-client/api/mcp_installation_http.go:444.10,448.77 3 0
KNIRVENGINE/desktop-client/api/mcp_installation_http.go:448.77,449.43 1 0
KNIRVENGINE/desktop-client/api/mcp_installation_http.go:449.43,451.5 1 0
KNIRVENGINE/desktop-client/api/mcp_installation_http.go:453.4,456.103 4 0
KNIRVENGINE/desktop-client/api/mcp_installation_http.go:460.2,460.12 1 0
KNIRVENGINE/desktop-client/api/mcp_installation_http.go:464.89,465.18 1 0
KNIRVENGINE/desktop-client/api/mcp_installation_http.go:466.13,467.27 1 0
KNIRVENGINE/desktop-client/api/mcp_installation_http.go:468.14,469.23 1 0
KNIRVENGINE/desktop-client/api/mcp_installation_http.go:470.14,471.27 1 0
KNIRVENGINE/desktop-client/api/mcp_installation_http.go:472.12,473.23 1 0
KNIRVENGINE/desktop-client/api/mcp_installation_http.go:474.16,475.24 1 0
KNIRVENGINE/desktop-client/api/mcp_installation_http.go:476.18,477.20 1 0
KNIRVENGINE/desktop-client/api/mcp_installation_http.go:478.15,479.26 1 0
KNIRVENGINE/desktop-client/api/mcp_installation_http.go:480.16,481.24 1 0
KNIRVENGINE/desktop-client/api/mcp_installation_http.go:482.10,483.19 1 0
KNIRVENGINE/desktop-client/api/mcp_installation_http.go:488.86,490.21 1 0
KNIRVENGINE/desktop-client/api/mcp_installation_http.go:491.16,492.47 1 0
KNIRVENGINE/desktop-client/api/mcp_installation_http.go:492.47,494.50 1 0
KNIRVENGINE/desktop-client/api/mcp_installation_http.go:494.50,496.5 1 0
KNIRVENGINE/desktop-client/api/mcp_installation_http.go:498.4,498.97 1 0
KNIRVENGINE/desktop-client/api/mcp_installation_http.go:502.3,502.48 1 0
KNIRVENGINE/desktop-client/api/mcp_installation_http.go:502.48,504.4 1 0
KNIRVENGINE/desktop-client/api/mcp_installation_http.go:506.20,507.47 1 0
KNIRVENGINE/desktop-client/api/mcp_installation_http.go:507.47,509.50 1 0
KNIRVENGINE/desktop-client/api/mcp_installation_http.go:509.50,511.5 1 0
KNIRVENGINE/desktop-client/api/mcp_installation_http.go:515.3,515.46 1 0
KNIRVENGINE/desktop-client/api/mcp_installation_http.go:515.46,517.4 1 0
KNIRVENGINE/desktop-client/api/mcp_installation_http.go:519.10,520.64 1 0
KNIRVENGINE/desktop-client/api/mcp_installation_http.go:524.2,524.43 1 0
KNIRVENGINE/desktop-client/api/mcp_installation_http.go:524.43,526.3 1 0
KNIRVENGINE/desktop-client/api/mcp_installation_http.go:529.2,529.64 1 0
KNIRVENGINE/desktop-client/api/mcp_installation_http.go:529.64,531.3 1 0
KNIRVENGINE/desktop-client/api/mcp_installation_http.go:533.2,533.12 1 0
KNIRVENGINE/desktop-client/api/mcp_installation_http.go:537.61,540.16 3 0
KNIRVENGINE/desktop-client/api/mcp_installation_http.go:540.16,542.3 1 0
KNIRVENGINE/desktop-client/api/mcp_installation_http.go:544.2,545.12 2 0
KNIRVENGINE/desktop-client/api/mcp_installation_http.go:549.59,552.16 3 0
KNIRVENGINE/desktop-client/api/mcp_installation_http.go:552.16,554.3 1 0
KNIRVENGINE/desktop-client/api/mcp_installation_http.go:556.2,557.12 2 0
KNIRVENGINE/desktop-client/api/mcp_installation_http.go:561.57,564.16 2 0
KNIRVENGINE/desktop-client/api/mcp_installation_http.go:564.16,566.3 1 0
KNIRVENGINE/desktop-client/api/mcp_installation_http.go:568.2,568.19 1 0
KNIRVENGINE/desktop-client/api/mcp_installation_http.go:568.19,570.3 1 0
KNIRVENGINE/desktop-client/api/mcp_installation_http.go:572.2,572.12 1 0
KNIRVENGINE/desktop-client/api/mcp_installation_http.go:576.84,578.20 2 0
KNIRVENGINE/desktop-client/api/mcp_installation_http.go:579.16,580.31 1 0
KNIRVENGINE/desktop-client/api/mcp_installation_http.go:581.20,582.41 1 0
KNIRVENGINE/desktop-client/api/mcp_installation_http.go:583.10,584.13 1 0
KNIRVENGINE/desktop-client/api/mcp_installation_http.go:587.2,589.16 3 0
KNIRVENGINE/desktop-client/api/mcp_installation_http.go:589.16,591.3 1 0
KNIRVENGINE/desktop-client/api/mcp_installation_http.go:592.2,594.28 2 0
KNIRVENGINE/desktop-client/api/mcp_installation_http.go:594.28,596.3 1 0
KNIRVENGINE/desktop-client/api/mcp_installation_http.go:598.2,598.12 1 0
KNIRVENGINE/desktop-client/api/mcp_installation_http.go:602.93,603.18 1 0
KNIRVENGINE/desktop-client/api/mcp_installation_http.go:604.12,605.26 1 0
KNIRVENGINE/desktop-client/api/mcp_installation_http.go:605.26,607.4 1 0
KNIRVENGINE/desktop-client/api/mcp_installation_http.go:608.3,608.24 1 0
KNIRVENGINE/desktop-client/api/mcp_installation_http.go:609.14,610.28 1 0
KNIRVENGINE/desktop-client/api/mcp_installation_http.go:610.28,612.4 1 0
KNIRVENGINE/desktop-client/api/mcp_installation_http.go:613.3,613.24 1 0
KNIRVENGINE/desktop-client/api/mcp_installation_http.go:614.13,615.27 1 0
KNIRVENGINE/desktop-client/api/mcp_installation_http.go:615.27,617.4 1 0
KNIRVENGINE/desktop-client/api/mcp_installation_http.go:618.3,618.23 1 0
KNIRVENGINE/desktop-client/api/mcp_installation_http.go:619.14,620.27 1 0
KNIRVENGINE/desktop-client/api/mcp_installation_http.go:620.27,622.4 1 0
KNIRVENGINE/desktop-client/api/mcp_installation_http.go:623.3,623.23 1 0
KNIRVENGINE/desktop-client/api/mcp_installation_http.go:624.10,625.23 1 0
KNIRVENGINE/desktop-client/api/mcp_installation_http.go:630.71,634.2 3 1
KNIRVENGINE/desktop-client/api/mcp_lifecycle_http.go:50.132,53.57 2 1
KNIRVENGINE/desktop-client/api/mcp_lifecycle_http.go:53.57,55.3 1 1
KNIRVENGINE/desktop-client/api/mcp_lifecycle_http.go:56.2,69.16 5 1
KNIRVENGINE/desktop-client/api/mcp_lifecycle_http.go:73.64,77.2 2 0
KNIRVENGINE/desktop-client/api/mcp_lifecycle_http.go:80.113,83.16 2 0
KNIRVENGINE/desktop-client/api/mcp_lifecycle_http.go:83.16,85.3 1 0
KNIRVENGINE/desktop-client/api/mcp_lifecycle_http.go:88.2,88.34 1 0
KNIRVENGINE/desktop-client/api/mcp_lifecycle_http.go:88.34,90.3 1 0
KNIRVENGINE/desktop-client/api/mcp_lifecycle_http.go:93.2,94.85 2 0
KNIRVENGINE/desktop-client/api/mcp_lifecycle_http.go:94.85,97.3 2 0
KNIRVENGINE/desktop-client/api/mcp_lifecycle_http.go:100.2,109.33 2 0
KNIRVENGINE/desktop-client/api/mcp_lifecycle_http.go:109.33,111.3 1 0
KNIRVENGINE/desktop-client/api/mcp_lifecycle_http.go:113.2,119.12 4 0
KNIRVENGINE/desktop-client/api/mcp_lifecycle_http.go:123.117,131.16 5 0
KNIRVENGINE/desktop-client/api/mcp_lifecycle_http.go:131.16,134.3 2 0
KNIRVENGINE/desktop-client/api/mcp_lifecycle_http.go:135.2,142.46 4 0
KNIRVENGINE/desktop-client/api/mcp_lifecycle_http.go:142.46,144.3 1 0
KNIRVENGINE/desktop-client/api/mcp_lifecycle_http.go:147.2,155.36 5 0
KNIRVENGINE/desktop-client/api/mcp_lifecycle_http.go:155.36,158.3 2 0
KNIRVENGINE/desktop-client/api/mcp_lifecycle_http.go:161.2,168.76 6 0
KNIRVENGINE/desktop-client/api/mcp_lifecycle_http.go:168.76,171.3 2 0
KNIRVENGINE/desktop-client/api/mcp_lifecycle_http.go:172.2,180.16 6 0
KNIRVENGINE/desktop-client/api/mcp_lifecycle_http.go:180.16,182.3 1 0
KNIRVENGINE/desktop-client/api/mcp_lifecycle_http.go:183.2,187.76 3 0
KNIRVENGINE/desktop-client/api/mcp_lifecycle_http.go:187.76,190.3 2 0
KNIRVENGINE/desktop-client/api/mcp_lifecycle_http.go:191.2,191.34 1 0
KNIRVENGINE/desktop-client/api/mcp_lifecycle_http.go:195.65,198.44 3 0
KNIRVENGINE/desktop-client/api/mcp_lifecycle_http.go:198.44,201.3 2 0
KNIRVENGINE/desktop-client/api/mcp_lifecycle_http.go:203.2,207.21 3 0
KNIRVENGINE/desktop-client/api/mcp_lifecycle_http.go:207.21,208.62 1 0
KNIRVENGINE/desktop-client/api/mcp_lifecycle_http.go:208.62,210.4 1 0
KNIRVENGINE/desktop-client/api/mcp_lifecycle_http.go:214.2,218.6 4 0
KNIRVENGINE/desktop-client/api/mcp_lifecycle_http.go:218.6,219.10 1 0
KNIRVENGINE/desktop-client/api/mcp_lifecycle_http.go:220.18,222.23 1 0
KNIRVENGINE/desktop-client/api/mcp_lifecycle_http.go:222.23,224.5 1 0
KNIRVENGINE/desktop-client/api/mcp_lifecycle_http.go:225.4,229.14 5 0
KNIRVENGINE/desktop-client/api/mcp_lifecycle_http.go:230.19,232.35 2 0
KNIRVENGINE/desktop-client/api/mcp_lifecycle_http.go:232.35,235.5 2 0
KNIRVENGINE/desktop-client/api/mcp_lifecycle_http.go:236.4,236.21 1 0
KNIRVENGINE/desktop-client/api/mcp_lifecycle_http.go:242.92,247.13 4 0
KNIRVENGINE/desktop-client/api/mcp_lifecycle_http.go:247.13,249.3 1 0
KNIRVENGINE/desktop-client/api/mcp_lifecycle_http.go:251.2,251.21 1 0
KNIRVENGINE/desktop-client/api/mcp_lifecycle_http.go:255.71,260.38 4 0
KNIRVENGINE/desktop-client/api/mcp_lifecycle_http.go:260.38,261.34 1 0
KNIRVENGINE/desktop-client/api/mcp_lifecycle_http.go:261.34,263.4 1 0
KNIRVENGINE/desktop-client/api/mcp_lifecycle_http.go:266.2,266.16 1 0
KNIRVENGINE/desktop-client/api/mcp_lifecycle_http.go:272.84,274.21 2 0
KNIRVENGINE/desktop-client/api/mcp_lifecycle_http.go:274.21,276.3 1 0
KNIRVENGINE/desktop-client/api/mcp_lifecycle_http.go:278.2,282.60 3 0
KNIRVENGINE/desktop-client/api/mcp_lifecycle_http.go:282.60,284.3 1 0
KNIRVENGINE/desktop-client/api/mcp_lifecycle_http.go:286.2,286.22 1 0
KNIRVENGINE/desktop-client/api/mcp_lifecycle_http.go:290.94,297.2 5 0
KNIRVENGINE/desktop-client/api/mcp_lifecycle_http.go:300.66,304.6 3 0
KNIRVENGINE/desktop-client/api/mcp_lifecycle_http.go:304.6,305.10 1 0
KNIRVENGINE/desktop-client/api/mcp_lifecycle_http.go:306.21,307.10 1 0
KNIRVENGINE/desktop-client/api/mcp_lifecycle_http.go:308.19,309.27 1 0
KNIRVENGINE/desktop-client/api/mcp_lifecycle_http.go:315.53,319.45 3 0
KNIRVENGINE/desktop-client/api/mcp_lifecycle_http.go:319.45,320.34 1 0
KNIRVENGINE/desktop-client/api/mcp_lifecycle_http.go:320.34,322.23 1 0
KNIRVENGINE/desktop-client/api/mcp_lifecycle_http.go:322.23,323.37 1 0
KNIRVENGINE/desktop-client/api/mcp_lifecycle_http.go:323.37,330.79 4 0
KNIRVENGINE/desktop-client/api/mcp_lifecycle_http.go:330.79,333.7 2 0
KNIRVENGINE/desktop-client/api/mcp_lifecycle_http.go:334.11,337.6 1 0
KNIRVENGINE/desktop-client/api/mcp_lifecycle_http.go:346.90,351.64 4 0
KNIRVENGINE/desktop-client/api/mcp_lifecycle_http.go:351.64,353.3 1 0
KNIRVENGINE/desktop-client/api/mcp_lifecycle_http.go:355.2,355.69 1 0
KNIRVENGINE/desktop-client/api/mcp_lifecycle_http.go:355.69,358.3 2 0
KNIRVENGINE/desktop-client/api/mcp_lifecycle_http.go:360.2,365.37 3 0
KNIRVENGINE/desktop-client/api/mcp_lifecycle_http.go:369.89,373.47 3 0
KNIRVENGINE/desktop-client/api/mcp_lifecycle_http.go:373.47,376.3 2 0
KNIRVENGINE/desktop-client/api/mcp_lifecycle_http.go:378.2,383.37 3 0
KNIRVENGINE/desktop-client/api/mcp_lifecycle_http.go:387.96,397.2 4 0
KNIRVENGINE/desktop-client/api/mcp_lifecycle_http.go:400.68,405.2 4 1
KNIRVENGINE/desktop-client/api/mcp_monitoring_http.go:97.128,100.64 2 1
KNIRVENGINE/desktop-client/api/mcp_monitoring_http.go:100.64,102.3 1 1
KNIRVENGINE/desktop-client/api/mcp_monitoring_http.go:103.2,114.3 2 1
KNIRVENGINE/desktop-client/api/mcp_monitoring_http.go:118.46,122.2 2 0
KNIRVENGINE/desktop-client/api/mcp_monitoring_http.go:125.49,129.21 3 0
KNIRVENGINE/desktop-client/api/mcp_monitoring_http.go:129.21,132.3 2 0
KNIRVENGINE/desktop-client/api/mcp_monitoring_http.go:136.49,143.41 4 0
KNIRVENGINE/desktop-client/api/mcp_monitoring_http.go:143.41,145.14 2 0
KNIRVENGINE/desktop-client/api/mcp_monitoring_http.go:145.14,154.4 2 0
KNIRVENGINE/desktop-client/api/mcp_monitoring_http.go:157.3,163.34 5 0
KNIRVENGINE/desktop-client/api/mcp_monitoring_http.go:163.34,166.4 2 0
KNIRVENGINE/desktop-client/api/mcp_monitoring_http.go:166.9,169.4 2 0
KNIRVENGINE/desktop-client/api/mcp_monitoring_http.go:172.3,175.38 2 0
KNIRVENGINE/desktop-client/api/mcp_monitoring_http.go:179.2,179.43 1 0
KNIRVENGINE/desktop-client/api/mcp_monitoring_http.go:179.43,181.42 2 0
KNIRVENGINE/desktop-client/api/mcp_monitoring_http.go:181.42,182.36 1 0
KNIRVENGINE/desktop-client/api/mcp_monitoring_http.go:182.36,184.10 2 0
KNIRVENGINE/desktop-client/api/mcp_monitoring_http.go:187.3,187.13 1 0
KNIRVENGINE/desktop-client/api/mcp_monitoring_http.go:187.13,192.4 4 0
KNIRVENGINE/desktop-client/api/mcp_monitoring_http.go:197.109,205.30 3 0
KNIRVENGINE/desktop-client/api/mcp_monitoring_http.go:205.30,207.3 1 0
KNIRVENGINE/desktop-client/api/mcp_monitoring_http.go:207.8,209.3 1 0
KNIRVENGINE/desktop-client/api/mcp_monitoring_http.go:212.2,228.34 9 0
KNIRVENGINE/desktop-client/api/mcp_monitoring_http.go:228.34,232.3 3 0
KNIRVENGINE/desktop-client/api/mcp_monitoring_http.go:235.2,235.34 1 0
KNIRVENGINE/desktop-client/api/mcp_monitoring_http.go:235.34,237.3 1 0
KNIRVENGINE/desktop-client/api/mcp_monitoring_http.go:240.2,242.86 3 0
KNIRVENGINE/desktop-client/api/mcp_monitoring_http.go:246.84,260.43 3 0
KNIRVENGINE/desktop-client/api/mcp_monitoring_http.go:260.43,262.3 1 0
KNIRVENGINE/desktop-client/api/mcp_monitoring_http.go:266.46,270.43 3 0
KNIRVENGINE/desktop-client/api/mcp_monitoring_http.go:270.43,272.31 1 0
KNIRVENGINE/desktop-client/api/mcp_monitoring_http.go:272.31,278.4 1 0
KNIRVENGINE/desktop-client/api/mcp_monitoring_http.go:281.3,281.73 1 0
KNIRVENGINE/desktop-client/api/mcp_monitoring_http.go:281.73,287.4 1 0
KNIRVENGINE/desktop-client/api/mcp_monitoring_http.go:292.3,292.42 1 0
KNIRVENGINE/desktop-client/api/mcp_monitoring_http.go:292.42,298.4 1 0
KNIRVENGINE/desktop-client/api/mcp_monitoring_http.go:301.3,301.30 1 0
KNIRVENGINE/desktop-client/api/mcp_monitoring_http.go:301.30,307.4 1 0
KNIRVENGINE/desktop-client/api/mcp_monitoring_http.go:310.3,310.62 1 0
KNIRVENGINE/desktop-client/api/mcp_monitoring_http.go:310.62,317.4 1 0
KNIRVENGINE/desktop-client/api/mcp_monitoring_http.go:320.3,320.36 1 0
KNIRVENGINE/desktop-client/api/mcp_monitoring_http.go:320.36,326.4 1 0
KNIRVENGINE/desktop-client/api/mcp_monitoring_http.go:329.3,329.91 1 0
KNIRVENGINE/desktop-client/api/mcp_monitoring_http.go:329.91,336.4 1 0
KNIRVENGINE/desktop-client/api/mcp_monitoring_http.go:339.3,339.29 1 0
KNIRVENGINE/desktop-client/api/mcp_monitoring_http.go:339.29,345.4 1 0
KNIRVENGINE/desktop-client/api/mcp_monitoring_http.go:348.3,348.66 1 0
KNIRVENGINE/desktop-client/api/mcp_monitoring_http.go:348.66,354.4 1 0
KNIRVENGINE/desktop-client/api/mcp_monitoring_http.go:359.135,361.33 1 0
KNIRVENGINE/desktop-client/api/mcp_monitoring_http.go:361.33,362.85 1 0
KNIRVENGINE/desktop-client/api/mcp_monitoring_http.go:362.85,364.4 1 0
KNIRVENGINE/desktop-client/api/mcp_monitoring_http.go:367.2,382.33 3 0
KNIRVENGINE/desktop-client/api/mcp_monitoring_http.go:382.33,384.3 1 0
KNIRVENGINE/desktop-client/api/mcp_monitoring_http.go:387.2,387.94 1 0
KNIRVENGINE/desktop-client/api/mcp_monitoring_http.go:391.118,395.2 3 0
KNIRVENGINE/desktop-client/api/mcp_monitoring_http.go:398.118,412.35 3 0
KNIRVENGINE/desktop-client/api/mcp_monitoring_http.go:412.35,414.3 1 0
KNIRVENGINE/desktop-client/api/mcp_monitoring_http.go:417.2,417.25 1 0
KNIRVENGINE/desktop-client/api/mcp_monitoring_http.go:421.66,425.16 3 0
KNIRVENGINE/desktop-client/api/mcp_monitoring_http.go:425.16,427.3 1 0
KNIRVENGINE/desktop-client/api/mcp_monitoring_http.go:428.2,436.27 3 0
KNIRVENGINE/desktop-client/api/mcp_monitoring_http.go:440.89,444.20 3 0
KNIRVENGINE/desktop-client/api/mcp_monitoring_http.go:444.20,445.53 1 0
KNIRVENGINE/desktop-client/api/mcp_monitoring_http.go:445.53,447.4 1 0
KNIRVENGINE/desktop-client/api/mcp_monitoring_http.go:448.3,448.44 1 0
KNIRVENGINE/desktop-client/api/mcp_monitoring_http.go:452.2,453.30 2 0
KNIRVENGINE/desktop-client/api/mcp_monitoring_http.go:453.30,455.3 1 0
KNIRVENGINE/desktop-client/api/mcp_monitoring_http.go:456.2,456.15 1 0
KNIRVENGINE/desktop-client/api/mcp_monitoring_http.go:460.89,465.40 4 0
KNIRVENGINE/desktop-client/api/mcp_monitoring_http.go:465.40,468.51 2 0
KNIRVENGINE/desktop-client/api/mcp_monitoring_http.go:468.51,469.12 1 0
KNIRVENGINE/desktop-client/api/mcp_monitoring_http.go:471.3,471.42 1 0
KNIRVENGINE/desktop-client/api/mcp_monitoring_http.go:471.42,472.12 1 0
KNIRVENGINE/desktop-client/api/mcp_monitoring_http.go:475.3,477.42 2 0
KNIRVENGINE/desktop-client/api/mcp_monitoring_http.go:477.42,478.9 1 0
KNIRVENGINE/desktop-client/api/mcp_monitoring_http.go:482.2,482.17 1 0
KNIRVENGINE/desktop-client/api/mcp_monitoring_http.go:486.78,491.42 4 0
KNIRVENGINE/desktop-client/api/mcp_monitoring_http.go:491.42,494.51 2 0
KNIRVENGINE/desktop-client/api/mcp_monitoring_http.go:494.51,495.12 1 0
KNIRVENGINE/desktop-client/api/mcp_monitoring_http.go:497.3,497.45 1 0
KNIRVENGINE/desktop-client/api/mcp_monitoring_http.go:497.45,498.12 1 0
KNIRVENGINE/desktop-client/api/mcp_monitoring_http.go:501.3,501.37 1 0
KNIRVENGINE/desktop-client/api/mcp_monitoring_http.go:504.2,504.17 1 0
KNIRVENGINE/desktop-client/api/mcp_monitoring_http.go:508.67,512.26 3 0
KNIRVENGINE/desktop-client/api/mcp_monitoring_http.go:512.26,513.32 1 0
KNIRVENGINE/desktop-client/api/mcp_monitoring_http.go:513.32,518.4 4 0
KNIRVENGINE/desktop-client/api/mcp_monitoring_http.go:521.2,521.51 1 0
KNIRVENGINE/desktop-client/api/mcp_monitoring_http.go:527.90,538.2 5 0
KNIRVENGINE/desktop-client/api/mcp_monitoring_http.go:541.87,547.20 5 0
KNIRVENGINE/desktop-client/api/mcp_monitoring_http.go:547.20,548.51 1 0
KNIRVENGINE/desktop-client/api/mcp_monitoring_http.go:548.51,550.4 1 0
KNIRVENGINE/desktop-client/api/mcp_monitoring_http.go:553.2,561.37 4 0
KNIRVENGINE/desktop-client/api/mcp_monitoring_http.go:565.89,578.2 6 0
KNIRVENGINE/desktop-client/api/mcp_monitoring_http.go:581.92,585.48 3 0
KNIRVENGINE/desktop-client/api/mcp_monitoring_http.go:585.48,588.3 2 0
KNIRVENGINE/desktop-client/api/mcp_monitoring_http.go:590.2,595.37 3 0
KNIRVENGINE/desktop-client/api/mcp_monitoring_http.go:599.69,605.2 5 1
KNIRVENGINE/desktop-client/api/mcp_registry_http.go:60.50,68.2 1 1
KNIRVENGINE/desktop-client/api/mcp_registry_http.go:71.63,73.46 1 0
KNIRVENGINE/desktop-client/api/mcp_registry_http.go:73.46,75.3 1 0
KNIRVENGINE/desktop-client/api/mcp_registry_http.go:78.2,80.12 2 0
KNIRVENGINE/desktop-client/api/mcp_registry_http.go:84.64,88.6 3 0
KNIRVENGINE/desktop-client/api/mcp_registry_http.go:88.6,89.10 1 0
KNIRVENGINE/desktop-client/api/mcp_registry_http.go:90.21,91.10 1 0
KNIRVENGINE/desktop-client/api/mcp_registry_http.go:92.19,93.48 1 0
KNIRVENGINE/desktop-client/api/mcp_registry_http.go:93.48,96.5 1 0
KNIRVENGINE/desktop-client/api/mcp_registry_http.go:102.72,108.16 4 0
KNIRVENGINE/desktop-client/api/mcp_registry_http.go:108.16,110.3 1 0
KNIRVENGINE/desktop-client/api/mcp_registry_http.go:113.2,114.16 2 0
KNIRVENGINE/desktop-client/api/mcp_registry_http.go:114.16,116.3 1 0
KNIRVENGINE/desktop-client/api/mcp_registry_http.go:119.2,119.33 1 0
KNIRVENGINE/desktop-client/api/mcp_registry_http.go:119.33,120.55 1 0
KNIRVENGINE/desktop-client/api/mcp_registry_http.go:120.55,125.4 3 0
KNIRVENGINE/desktop-client/api/mcp_registry_http.go:125.9,129.4 2 0
KNIRVENGINE/desktop-client/api/mcp_registry_http.go:130.3,131.32 2 0
KNIRVENGINE/desktop-client/api/mcp_registry_http.go:134.2,135.12 2 0
KNIRVENGINE/desktop-client/api/mcp_registry_http.go:139.85,143.16 3 0
KNIRVENGINE/desktop-client/api/mcp_registry_http.go:143.16,145.3 1 0
KNIRVENGINE/desktop-client/api/mcp_registry_http.go:147.2,148.16 2 0
KNIRVENGINE/desktop-client/api/mcp_registry_http.go:148.16,150.3 1 0
KNIRVENGINE/desktop-client/api/mcp_registry_http.go:151.2,153.38 2 0
KNIRVENGINE/desktop-client/api/mcp_registry_http.go:153.38,155.3 1 0
KNIRVENGINE/desktop-client/api/mcp_registry_http.go:157.2,158.16 2 0
KNIRVENGINE/desktop-client/api/mcp_registry_http.go:158.16,160.3 1 0
KNIRVENGINE/desktop-client/api/mcp_registry_http.go:162.2,162.26 1 0
KNIRVENGINE/desktop-client/api/mcp_registry_http.go:166.90,178.2 6 0
KNIRVENGINE/desktop-client/api/mcp_registry_http.go:181.80,186.22 3 0
KNIRVENGINE/desktop-client/api/mcp_registry_http.go:186.22,188.3 1 0
KNIRVENGINE/desktop-client/api/mcp_registry_http.go:191.2,194.32 3 0
KNIRVENGINE/desktop-client/api/mcp_registry_http.go:194.32,195.22 1 0
KNIRVENGINE/desktop-client/api/mcp_registry_http.go:195.22,216.4 5 0
KNIRVENGINE/desktop-client/api/mcp_registry_http.go:219.2,219.16 1 0
KNIRVENGINE/desktop-client/api/mcp_registry_http.go:223.81,228.29 3 0
KNIRVENGINE/desktop-client/api/mcp_registry_http.go:228.29,230.3 1 0
KNIRVENGINE/desktop-client/api/mcp_registry_http.go:233.2,236.32 3 0
KNIRVENGINE/desktop-client/api/mcp_registry_http.go:236.32,237.22 1 0
KNIRVENGINE/desktop-client/api/mcp_registry_http.go:237.22,259.4 6 0
KNIRVENGINE/desktop-client/api/mcp_registry_http.go:262.2,262.16 1 0
KNIRVENGINE/desktop-client/api/mcp_registry_http.go:266.91,268.20 2 0
KNIRVENGINE/desktop-client/api/mcp_registry_http.go:268.20,270.3 1 0
KNIRVENGINE/desktop-client/api/mcp_registry_http.go:272.2,273.18 2 0
KNIRVENGINE/desktop-client/api/mcp_registry_http.go:273.18,275.3 1 0
KNIRVENGINE/desktop-client/api/mcp_registry_http.go:277.2,277.43 1 0
KNIRVENGINE/desktop-client/api/mcp_registry_http.go:281.67,287.2 3 0
KNIRVENGINE/desktop-client/api/mcp_registry_http.go:290.80,294.84 3 0
KNIRVENGINE/desktop-client/api/mcp_registry_http.go:294.84,296.3 1 0
KNIRVENGINE/desktop-client/api/mcp_registry_http.go:297.2,297.92 1 0
KNIRVENGINE/desktop-client/api/mcp_registry_http.go:297.92,299.3 1 0
KNIRVENGINE/desktop-client/api/mcp_registry_http.go:302.2,302.21 1 0
KNIRVENGINE/desktop-client/api/mcp_registry_http.go:306.80,321.45 4 0
KNIRVENGINE/desktop-client/api/mcp_registry_http.go:321.45,322.36 1 0
KNIRVENGINE/desktop-client/api/mcp_registry_http.go:322.36,323.84 1 0
KNIRVENGINE/desktop-client/api/mcp_registry_http.go:323.84,325.5 1 0
KNIRVENGINE/desktop-client/api/mcp_registry_http.go:329.2,329.18 1 0
KNIRVENGINE/desktop-client/api/mcp_registry_http.go:333.71,343.38 4 0
KNIRVENGINE/desktop-client/api/mcp_registry_http.go:343.38,344.43 1 0
KNIRVENGINE/desktop-client/api/mcp_registry_http.go:344.43,346.4 1 0
KNIRVENGINE/desktop-client/api/mcp_registry_http.go:349.2,349.13 1 0
KNIRVENGINE/desktop-client/api/mcp_registry_http.go:353.67,356.29 2 0
KNIRVENGINE/desktop-client/api/mcp_registry_http.go:356.29,359.3 2 0
KNIRVENGINE/desktop-client/api/mcp_registry_http.go:359.8,362.3 2 0
KNIRVENGINE/desktop-client/api/mcp_registry_http.go:366.71,368.55 1 0
KNIRVENGINE/desktop-client/api/mcp_registry_http.go:368.55,370.22 2 0
KNIRVENGINE/desktop-client/api/mcp_registry_http.go:370.22,373.31 2 0
KNIRVENGINE/desktop-client/api/mcp_registry_http.go:373.31,376.5 2 0
KNIRVENGINE/desktop-client/api/mcp_registry_http.go:376.10,379.5 2 0
KNIRVENGINE/desktop-client/api/mcp_registry_http.go:385.78,391.35 4 0
KNIRVENGINE/desktop-client/api/mcp_registry_http.go:391.35,392.38 1 0
KNIRVENGINE/desktop-client/api/mcp_registry_http.go:392.38,394.4 1 0
KNIRVENGINE/desktop-client/api/mcp_registry_http.go:397.2,397.15 1 0
KNIRVENGINE/desktop-client/api/mcp_registry_http.go:401.75,406.13 4 0
KNIRVENGINE/desktop-client/api/mcp_registry_http.go:406.13,408.3 1 0
KNIRVENGINE/desktop-client/api/mcp_registry_http.go:410.2,410.20 1 0
KNIRVENGINE/desktop-client/api/mcp_registry_http.go:414.92,415.65 1 0
KNIRVENGINE/desktop-client/api/mcp_registry_http.go:415.65,417.3 1 0
KNIRVENGINE/desktop-client/api/mcp_registry_http.go:419.2,419.53 1 0
KNIRVENGINE/desktop-client/api/mcp_registry_http.go:419.53,421.3 1 0
KNIRVENGINE/desktop-client/api/mcp_registry_http.go:423.2,423.59 1 0
KNIRVENGINE/desktop-client/api/mcp_registry_http.go:423.59,425.3 1 0
KNIRVENGINE/desktop-client/api/mcp_registry_http.go:427.2,427.25 1 0
KNIRVENGINE/desktop-client/api/mcp_registry_http.go:427.25,430.72 2 0
KNIRVENGINE/desktop-client/api/mcp_registry_http.go:430.72,432.4 1 0
KNIRVENGINE/desktop-client/api/mcp_registry_http.go:435.2,435.26 1 0
KNIRVENGINE/desktop-client/api/mcp_registry_http.go:435.26,437.41 2 0
KNIRVENGINE/desktop-client/api/mcp_registry_http.go:437.41,438.42 1 0
KNIRVENGINE/desktop-client/api/mcp_registry_http.go:438.42,439.48 1 0
KNIRVENGINE/desktop-client/api/mcp_registry_http.go:439.48,441.11 2 0
KNIRVENGINE/desktop-client/api/mcp_registry_http.go:444.4,444.14 1 0
KNIRVENGINE/desktop-client/api/mcp_registry_http.go:444.14,445.10 1 0
KNIRVENGINE/desktop-client/api/mcp_registry_http.go:448.3,448.14 1 0
KNIRVENGINE/desktop-client/api/mcp_registry_http.go:448.14,450.4 1 0
KNIRVENGINE/desktop-client/api/mcp_registry_http.go:453.2,453.13 1 0
KNIRVENGINE/desktop-client/api/mcp_registry_http.go:459.88,468.61 2 0
KNIRVENGINE/desktop-client/api/mcp_registry_http.go:468.61,470.3 1 0
KNIRVENGINE/desktop-client/api/mcp_registry_http.go:472.2,481.37 4 0
KNIRVENGINE/desktop-client/api/mcp_registry_http.go:485.87,490.16 4 0
KNIRVENGINE/desktop-client/api/mcp_registry_http.go:490.16,493.3 2 0
KNIRVENGINE/desktop-client/api/mcp_registry_http.go:495.2,500.37 3 0
KNIRVENGINE/desktop-client/api/mcp_registry_http.go:504.89,505.54 1 0
KNIRVENGINE/desktop-client/api/mcp_registry_http.go:505.54,508.3 2 0
KNIRVENGINE/desktop-client/api/mcp_registry_http.go:510.2,517.37 3 0
KNIRVENGINE/desktop-client/api/mcp_registry_http.go:521.52,530.2 6 0
KNIRVENGINE/desktop-client/api/mcp_registry_http.go:533.67,538.2 4 1
KNIRVENGINE/desktop-client/api/mobile_connection.go:19.80,23.2 1 0
KNIRVENGINE/desktop-client/api/mobile_connection.go:26.63,31.17 4 0
KNIRVENGINE/desktop-client/api/mobile_connection.go:31.17,33.3 1 0
KNIRVENGINE/desktop-client/api/mobile_connection.go:37.2,39.12 3 0
KNIRVENGINE/desktop-client/api/mobile_connection.go:43.66,49.2 5 0
KNIRVENGINE/desktop-client/api/mobile_connection.go:52.47,56.2 3 0
KNIRVENGINE/desktop-client/api/mobile_connection.go:59.55,68.2 1 0
KNIRVENGINE/desktop-client/api/mobile_connection.go:71.127,72.22 1 0
KNIRVENGINE/desktop-client/api/mobile_connection.go:72.22,74.3 1 0
KNIRVENGINE/desktop-client/api/mobile_connection.go:76.2,76.19 1 0
KNIRVENGINE/desktop-client/api/mobile_connection.go:77.22,78.36 1 0
KNIRVENGINE/desktop-client/api/mobile_connection.go:79.25,80.38 1 0
KNIRVENGINE/desktop-client/api/mobile_connection.go:81.10,82.65 1 0
KNIRVENGINE/desktop-client/api/mobile_connection.go:87.63,96.2 3 0
KNIRVENGINE/desktop-client/api/mobile_connection.go:99.55,101.2 1 0
KNIRVENGINE/desktop-client/api/mobile_connection.go:105.113,121.2 3 0
KNIRVENGINE/desktop-client/api/mobile_connection.go:123.115,126.20 3 0
KNIRVENGINE/desktop-client/api/mobile_connection.go:126.20,128.3 1 0
KNIRVENGINE/desktop-client/api/mobile_connection.go:131.2,140.8 1 0
KNIRVENGINE/desktop-client/api/network_connection.go:20.81,24.2 1 0
KNIRVENGINE/desktop-client/api/network_connection.go:27.64,32.17 4 0
KNIRVENGINE/desktop-client/api/network_connection.go:32.17,34.3 1 0
KNIRVENGINE/desktop-client/api/network_connection.go:37.2,37.56 1 0
KNIRVENGINE/desktop-client/api/network_connection.go:37.56,39.3 1 0
KNIRVENGINE/desktop-client/api/network_connection.go:41.2,43.12 3 0
KNIRVENGINE/desktop-client/api/network_connection.go:47.67,53.2 5 0
KNIRVENGINE/desktop-client/api/network_connection.go:56.48,60.2 3 0
KNIRVENGINE/desktop-client/api/network_connection.go:63.56,72.2 1 0
KNIRVENGINE/desktop-client/api/network_connection.go:75.128,76.22 1 0
KNIRVENGINE/desktop-client/api/network_connection.go:76.22,78.3 1 0
KNIRVENGINE/desktop-client/api/network_connection.go:80.2,80.19 1 0
KNIRVENGINE/desktop-client/api/network_connection.go:81.14,82.29 1 0
KNIRVENGINE/desktop-client/api/network_connection.go:83.20,84.34 1 0
KNIRVENGINE/desktop-client/api/network_connection.go:85.22,86.39 1 0
KNIRVENGINE/desktop-client/api/network_connection.go:87.10,88.65 1 0
KNIRVENGINE/desktop-client/api/network_connection.go:93.64,102.2 3 0
KNIRVENGINE/desktop-client/api/network_connection.go:105.56,107.2 1 0
KNIRVENGINE/desktop-client/api/network_connection.go:111.107,114.16 3 0
KNIRVENGINE/desktop-client/api/network_connection.go:114.16,116.3 1 0
KNIRVENGINE/desktop-client/api/network_connection.go:118.2,127.8 4 0
KNIRVENGINE/desktop-client/api/network_connection.go:130.112,133.16 3 0
KNIRVENGINE/desktop-client/api/network_connection.go:133.16,135.3 1 0
KNIRVENGINE/desktop-client/api/network_connection.go:137.2,138.16 2 0
KNIRVENGINE/desktop-client/api/network_connection.go:138.16,140.3 1 0
KNIRVENGINE/desktop-client/api/network_connection.go:142.2,143.25 2 0
KNIRVENGINE/desktop-client/api/network_connection.go:143.25,145.3 1 0
KNIRVENGINE/desktop-client/api/network_connection.go:147.2,152.8 1 0
KNIRVENGINE/desktop-client/api/network_connection.go:155.117,159.16 4 0
KNIRVENGINE/desktop-client/api/network_connection.go:159.16,161.3 1 0
KNIRVENGINE/desktop-client/api/network_connection.go:163.2,164.35 2 0
KNIRVENGINE/desktop-client/api/network_connection.go:164.35,167.30 3 0
KNIRVENGINE/desktop-client/api/network_connection.go:167.30,169.4 1 0
KNIRVENGINE/desktop-client/api/network_connection.go:171.3,175.5 1 0
KNIRVENGINE/desktop-client/api/network_connection.go:178.2,182.8 1 0
KNIRVENGINE/desktop-client/api/performance_cache.go:119.75,132.2 4 1
KNIRVENGINE/desktop-client/api/performance_cache.go:135.85,139.14 3 0
KNIRVENGINE/desktop-client/api/performance_cache.go:139.14,141.3 1 0
KNIRVENGINE/desktop-client/api/performance_cache.go:144.2,147.33 2 0
KNIRVENGINE/desktop-client/api/performance_cache.go:147.33,149.3 1 0
KNIRVENGINE/desktop-client/api/performance_cache.go:151.2,162.12 4 0
KNIRVENGINE/desktop-client/api/performance_cache.go:166.61,171.13 4 0
KNIRVENGINE/desktop-client/api/performance_cache.go:171.13,173.3 1 0
KNIRVENGINE/desktop-client/api/performance_cache.go:176.2,176.39 1 0
KNIRVENGINE/desktop-client/api/performance_cache.go:176.39,179.3 2 0
KNIRVENGINE/desktop-client/api/performance_cache.go:182.2,185.26 3 0
KNIRVENGINE/desktop-client/api/performance_cache.go:189.44,193.2 3 0
KNIRVENGINE/desktop-client/api/performance_cache.go:196.33,201.2 4 0
KNIRVENGINE/desktop-client/api/performance_cache.go:204.47,210.33 5 0
KNIRVENGINE/desktop-client/api/performance_cache.go:210.33,213.3 2 0
KNIRVENGINE/desktop-client/api/performance_cache.go:215.2,216.23 2 0
KNIRVENGINE/desktop-client/api/performance_cache.go:216.23,218.3 1 0
KNIRVENGINE/desktop-client/api/performance_cache.go:220.2,225.3 1 0
KNIRVENGINE/desktop-client/api/performance_cache.go:229.62,232.16 2 0
KNIRVENGINE/desktop-client/api/performance_cache.go:232.16,234.3 1 0
KNIRVENGINE/desktop-client/api/performance_cache.go:235.2,235.18 1 0
KNIRVENGINE/desktop-client/api/performance_cache.go:239.36,243.35 3 0
KNIRVENGINE/desktop-client/api/performance_cache.go:243.35,244.61 1 0
KNIRVENGINE/desktop-client/api/performance_cache.go:244.61,247.4 2 0
KNIRVENGINE/desktop-client/api/performance_cache.go:250.2,250.21 1 0
KNIRVENGINE/desktop-client/api/performance_cache.go:250.21,253.3 2 0
KNIRVENGINE/desktop-client/api/performance_cache.go:257.35,258.6 1 1
KNIRVENGINE/desktop-client/api/performance_cache.go:258.6,259.10 1 1
KNIRVENGINE/desktop-client/api/performance_cache.go:260.29,265.37 4 0
KNIRVENGINE/desktop-client/api/performance_cache.go:265.37,266.35 1 0
KNIRVENGINE/desktop-client/api/performance_cache.go:266.35,268.6 1 0
KNIRVENGINE/desktop-client/api/performance_cache.go:271.4,271.36 1 0
KNIRVENGINE/desktop-client/api/performance_cache.go:271.36,273.5 1 0
KNIRVENGINE/desktop-client/api/performance_cache.go:275.4,275.28 1 0
KNIRVENGINE/desktop-client/api/performance_cache.go:275.28,277.5 1 0
KNIRVENGINE/desktop-client/api/performance_cache.go:278.4,278.21 1 0
KNIRVENGINE/desktop-client/api/performance_cache.go:280.22,282.10 2 0
KNIRVENGINE/desktop-client/api/performance_cache.go:288.32,290.2 1 0
KNIRVENGINE/desktop-client/api/performance_cache.go:293.128,301.2 1 0
KNIRVENGINE/desktop-client/api/performance_cache.go:304.77,306.15 2 0
KNIRVENGINE/desktop-client/api/performance_cache.go:306.15,311.3 4 0
KNIRVENGINE/desktop-client/api/performance_cache.go:313.2,313.9 1 0
KNIRVENGINE/desktop-client/api/performance_cache.go:314.32,319.19 5 0
KNIRVENGINE/desktop-client/api/performance_cache.go:320.20,321.24 1 0
KNIRVENGINE/desktop-client/api/performance_cache.go:322.10,325.34 2 0
KNIRVENGINE/desktop-client/api/performance_cache.go:325.34,330.18 4 0
KNIRVENGINE/desktop-client/api/performance_cache.go:330.18,335.5 4 0
KNIRVENGINE/desktop-client/api/performance_cache.go:337.4,342.20 5 0
KNIRVENGINE/desktop-client/api/performance_cache.go:344.3,347.10 2 0
KNIRVENGINE/desktop-client/api/performance_cache.go:348.33,353.20 5 0
KNIRVENGINE/desktop-client/api/performance_cache.go:354.21,355.25 1 0
KNIRVENGINE/desktop-client/api/performance_cache.go:361.53,369.9 6 0
KNIRVENGINE/desktop-client/api/performance_cache.go:370.30,370.30 0 0
KNIRVENGINE/desktop-client/api/performance_cache.go:372.10,374.26 1 0
KNIRVENGINE/desktop-client/api/performance_cache.go:374.26,376.4 1 0
KNIRVENGINE/desktop-client/api/performance_cache.go:377.3,379.23 3 0
KNIRVENGINE/desktop-client/api/performance_cache.go:384.48,388.2 3 0
KNIRVENGINE/desktop-client/api/performance_cache.go:391.69,397.2 1 1
KNIRVENGINE/desktop-client/api/performance_cache.go:400.101,405.12 4 0
KNIRVENGINE/desktop-client/api/performance_cache.go:405.12,408.3 2 0
KNIRVENGINE/desktop-client/api/performance_cache.go:411.2,426.18 6 0
KNIRVENGINE/desktop-client/api/performance_cache.go:430.107,431.33 1 0
KNIRVENGINE/desktop-client/api/performance_cache.go:431.33,433.3 1 0
KNIRVENGINE/desktop-client/api/performance_cache.go:435.2,449.31 5 0
KNIRVENGINE/desktop-client/api/performance_cache.go:449.31,451.3 1 0
KNIRVENGINE/desktop-client/api/performance_cache.go:453.2,453.88 1 0
KNIRVENGINE/desktop-client/api/performance_cache.go:457.67,464.20 2 0
KNIRVENGINE/desktop-client/api/performance_cache.go:464.20,470.3 1 0
KNIRVENGINE/desktop-client/api/performance_cache.go:472.2,472.18 1 0
KNIRVENGINE/desktop-client/api/performance_cache.go:476.77,481.22 2 0
KNIRVENGINE/desktop-client/api/performance_cache.go:481.22,483.3 1 0
KNIRVENGINE/desktop-client/api/performance_cache.go:484.2,484.22 1 0
KNIRVENGINE/desktop-client/api/performance_cache.go:484.22,486.3 1 0
KNIRVENGINE/desktop-client/api/performance_cache.go:488.2,488.17 1 0
KNIRVENGINE/desktop-client/api/performance_cache.go:492.69,497.20 2 0
KNIRVENGINE/desktop-client/api/performance_cache.go:497.20,499.3 1 0
KNIRVENGINE/desktop-client/api/performance_cache.go:501.2,501.14 1 0
KNIRVENGINE/desktop-client/api/performance_cache.go:505.65,509.47 3 0
KNIRVENGINE/desktop-client/api/performance_cache.go:509.47,511.3 1 0
KNIRVENGINE/desktop-client/api/performance_cache.go:514.2,515.15 2 0
KNIRVENGINE/desktop-client/api/performance_cache.go:515.15,517.3 1 0
KNIRVENGINE/desktop-client/api/performance_cache.go:519.2,519.31 1 0
KNIRVENGINE/desktop-client/api/performance_cache.go:523.44,527.2 1 1
KNIRVENGINE/desktop-client/api/performance_cache.go:530.44,541.2 7 0
KNIRVENGINE/desktop-client/api/performance_cache.go:544.64,555.2 3 0
KNIRVENGINE/desktop-client/api/performance_cache.go:558.50,566.2 1 1
KNIRVENGINE/desktop-client/api/performance_cache.go:569.63,571.2 1 0
KNIRVENGINE/desktop-client/api/performance_cache.go:574.78,578.2 3 0
KNIRVENGINE/desktop-client/api/performance_cache.go:581.84,585.2 3 0
KNIRVENGINE/desktop-client/api/performance_cache.go:588.67,590.2 1 0
KNIRVENGINE/desktop-client/api/performance_cache.go:593.69,595.2 1 0
KNIRVENGINE/desktop-client/api/performance_cache.go:598.65,603.45 4 0
KNIRVENGINE/desktop-client/api/performance_cache.go:603.45,605.3 1 0
KNIRVENGINE/desktop-client/api/performance_cache.go:607.2,614.3 1 0
KNIRVENGINE/desktop-client/api/performance_cache.go:618.40,623.2 4 0
KNIRVENGINE/desktop-client/api/performance_cache.go:626.41,631.2 4 0
KNIRVENGINE/desktop-client/api/performance_cache.go:634.38,637.2 2 0
KNIRVENGINE/desktop-client/api/process_utils.go:6.50,8.2 1 0
KNIRVENGINE/desktop-client/api/process_utils.go:12.35,14.2 1 0
KNIRVENGINE/desktop-client/api/process_utils_unix.go:11.58,13.11 2 0
KNIRVENGINE/desktop-client/api/process_utils_unix.go:13.11,15.3 1 0
KNIRVENGINE/desktop-client/api/process_utils_unix.go:15.8,17.3 1 0
KNIRVENGINE/desktop-client/api/process_utils_unix.go:18.2,18.34 1 0
KNIRVENGINE/desktop-client/api/process_utils_unix.go:22.43,26.2 2 0
KNIRVENGINE/desktop-client/api/reliability_manager.go:46.40,47.12 1 0
KNIRVENGINE/desktop-client/api/reliability_manager.go:48.21,49.18 1 0
KNIRVENGINE/desktop-client/api/reliability_manager.go:50.19,51.16 1 0
KNIRVENGINE/desktop-client/api/reliability_manager.go:52.23,53.21 1 0
KNIRVENGINE/desktop-client/api/reliability_manager.go:54.10,55.19 1 0
KNIRVENGINE/desktop-client/api/reliability_manager.go:122.50,130.2 1 1
KNIRVENGINE/desktop-client/api/reliability_manager.go:133.107,142.2 1 1
KNIRVENGINE/desktop-client/api/reliability_manager.go:145.88,150.29 3 0
KNIRVENGINE/desktop-client/api/reliability_manager.go:150.29,151.55 1 0
KNIRVENGINE/desktop-client/api/reliability_manager.go:151.55,153.4 1 0
KNIRVENGINE/desktop-client/api/reliability_manager.go:153.9,155.4 1 0
KNIRVENGINE/desktop-client/api/reliability_manager.go:159.2,161.16 2 0
KNIRVENGINE/desktop-client/api/reliability_manager.go:161.16,164.3 2 0
KNIRVENGINE/desktop-client/api/reliability_manager.go:166.2,167.20 2 0
KNIRVENGINE/desktop-client/api/reliability_manager.go:171.39,175.35 3 0
KNIRVENGINE/desktop-client/api/reliability_manager.go:175.35,177.3 1 0
KNIRVENGINE/desktop-client/api/reliability_manager.go:181.39,183.33 2 0
KNIRVENGINE/desktop-client/api/reliability_manager.go:183.33,185.3 1 0
KNIRVENGINE/desktop-client/api/reliability_manager.go:189.59,195.29 4 0
KNIRVENGINE/desktop-client/api/reliability_manager.go:195.29,197.3 1 0
KNIRVENGINE/desktop-client/api/reliability_manager.go:201.58,214.2 3 0
KNIRVENGINE/desktop-client/api/reliability_manager.go:217.109,229.2 1 1
KNIRVENGINE/desktop-client/api/reliability_manager.go:232.106,235.57 2 0
KNIRVENGINE/desktop-client/api/reliability_manager.go:235.57,237.17 2 0
KNIRVENGINE/desktop-client/api/reliability_manager.go:237.17,239.4 1 0
KNIRVENGINE/desktop-client/api/reliability_manager.go:241.3,244.27 2 0
KNIRVENGINE/desktop-client/api/reliability_manager.go:244.27,246.4 1 0
KNIRVENGINE/desktop-client/api/reliability_manager.go:249.3,249.32 1 0
KNIRVENGINE/desktop-client/api/reliability_manager.go:249.32,250.9 1 0
KNIRVENGINE/desktop-client/api/reliability_manager.go:254.3,259.10 3 0
KNIRVENGINE/desktop-client/api/reliability_manager.go:260.28,260.28 0 0
KNIRVENGINE/desktop-client/api/reliability_manager.go:262.21,263.25 1 0
KNIRVENGINE/desktop-client/api/reliability_manager.go:267.2,267.97 1 0
KNIRVENGINE/desktop-client/api/reliability_manager.go:271.52,272.50 1 0
KNIRVENGINE/desktop-client/api/reliability_manager.go:272.50,273.42 1 0
KNIRVENGINE/desktop-client/api/reliability_manager.go:273.42,275.4 1 0
KNIRVENGINE/desktop-client/api/reliability_manager.go:277.2,277.14 1 0
KNIRVENGINE/desktop-client/api/reliability_manager.go:281.66,283.25 2 0
KNIRVENGINE/desktop-client/api/reliability_manager.go:283.25,285.3 1 0
KNIRVENGINE/desktop-client/api/reliability_manager.go:286.2,286.14 1 0
KNIRVENGINE/desktop-client/api/reliability_manager.go:290.122,300.2 1 1
KNIRVENGINE/desktop-client/api/reliability_manager.go:303.34,304.12 1 1
KNIRVENGINE/desktop-client/api/reliability_manager.go:304.12,308.7 3 1
KNIRVENGINE/desktop-client/api/reliability_manager.go:308.7,309.11 1 1
KNIRVENGINE/desktop-client/api/reliability_manager.go:310.20,311.22 1 0
KNIRVENGINE/desktop-client/api/reliability_manager.go:312.23,313.11 1 0
KNIRVENGINE/desktop-client/api/reliability_manager.go:320.33,322.2 1 0
KNIRVENGINE/desktop-client/api/reliability_manager.go:325.41,333.12 6 0
KNIRVENGINE/desktop-client/api/reliability_manager.go:333.12,335.3 1 0
KNIRVENGINE/desktop-client/api/reliability_manager.go:337.2,337.9 1 0
KNIRVENGINE/desktop-client/api/reliability_manager.go:338.21,340.17 2 0
KNIRVENGINE/desktop-client/api/reliability_manager.go:340.17,343.42 3 0
KNIRVENGINE/desktop-client/api/reliability_manager.go:343.42,345.5 1 0
KNIRVENGINE/desktop-client/api/reliability_manager.go:346.4,346.107 1 0
KNIRVENGINE/desktop-client/api/reliability_manager.go:347.9,351.4 3 0
KNIRVENGINE/desktop-client/api/reliability_manager.go:352.20,356.41 4 0
KNIRVENGINE/desktop-client/api/reliability_manager.go:356.41,358.4 1 0
KNIRVENGINE/desktop-client/api/reliability_manager.go:359.3,359.98 1 0
KNIRVENGINE/desktop-client/api/reliability_manager.go:364.51,369.25 4 0
KNIRVENGINE/desktop-client/api/reliability_manager.go:369.25,371.3 1 0
KNIRVENGINE/desktop-client/api/reliability_manager.go:373.2,380.3 1 0
KNIRVENGINE/desktop-client/api/reliability_manager.go:384.38,390.2 1 1
KNIRVENGINE/desktop-client/api/reliability_manager.go:393.78,402.12 5 0
KNIRVENGINE/desktop-client/api/reliability_manager.go:402.12,404.60 1 0
KNIRVENGINE/desktop-client/api/reliability_manager.go:404.60,408.84 2 0
KNIRVENGINE/desktop-client/api/reliability_manager.go:408.84,410.5 1 0
KNIRVENGINE/desktop-client/api/reliability_manager.go:414.2,415.12 2 0
KNIRVENGINE/desktop-client/api/reliability_manager.go:419.86,423.2 3 1
KNIRVENGINE/desktop-client/api/reliability_manager.go:426.88,430.2 3 1
KNIRVENGINE/desktop-client/api/reliability_manager.go:433.64,442.2 3 0
KNIRVENGINE/desktop-client/api/reliability_manager.go:445.82,449.2 3 1
KNIRVENGINE/desktop-client/api/reliability_manager.go:452.78,456.2 3 0
KNIRVENGINE/desktop-client/api/reliability_manager.go:459.80,463.2 3 1
KNIRVENGINE/desktop-client/api/reliability_manager.go:466.72,470.2 3 0
KNIRVENGINE/desktop-client/api/reliability_manager.go:473.80,478.2 4 1
KNIRVENGINE/desktop-client/api/reliability_manager.go:481.76,485.2 3 0
KNIRVENGINE/desktop-client/api/reliability_manager.go:488.63,490.2 1 0
KNIRVENGINE/desktop-client/api/reliability_manager.go:493.148,494.17 1 0
KNIRVENGINE/desktop-client/api/reliability_manager.go:494.17,496.3 1 0
KNIRVENGINE/desktop-client/api/reliability_manager.go:499.2,500.15 2 0
KNIRVENGINE/desktop-client/api/reliability_manager.go:500.15,504.3 2 0
KNIRVENGINE/desktop-client/api/reliability_manager.go:507.2,508.24 2 0
KNIRVENGINE/desktop-client/api/reliability_manager.go:508.24,512.3 2 0
KNIRVENGINE/desktop-client/api/reliability_manager.go:515.2,515.48 1 0
KNIRVENGINE/desktop-client/api/reliability_manager.go:515.48,517.3 1 0
KNIRVENGINE/desktop-client/api/reliability_manager.go:521.65,526.43 4 0
KNIRVENGINE/desktop-client/api/reliability_manager.go:526.43,528.3 1 0
KNIRVENGINE/desktop-client/api/reliability_manager.go:530.2,531.42 2 0
KNIRVENGINE/desktop-client/api/reliability_manager.go:531.42,533.3 1 0
KNIRVENGINE/desktop-client/api/reliability_manager.go:535.2,542.3 1 0
KNIRVENGINE/desktop-client/api/reliability_manager.go:546.40,551.2 4 0
KNIRVENGINE/desktop-client/api/reliability_manager.go:554.41,559.2 4 0
KNIRVENGINE/desktop-client/api/reliability_manager.go:562.38,566.39 3 0
KNIRVENGINE/desktop-client/api/reliability_manager.go:566.39,568.3 1 0
KNIRVENGINE/desktop-client/api/reliability_manager.go:570.2,570.44 1 0
KNIRVENGINE/desktop-client/api/reliability_manager.go:574.57,586.63 7 1
KNIRVENGINE/desktop-client/api/reliability_manager.go:586.63,589.3 1 0
KNIRVENGINE/desktop-client/api/reliability_manager.go:590.2,602.72 3 1
KNIRVENGINE/desktop-client/api/reliability_manager.go:602.72,607.3 1 0
KNIRVENGINE/desktop-client/api/reliability_manager.go:609.2,609.58 1 1
KNIRVENGINE/desktop-client/api/security_middleware.go:85.50,93.2 1 1
KNIRVENGINE/desktop-client/api/security_middleware.go:96.76,111.2 4 1
KNIRVENGINE/desktop-client/api/security_middleware.go:114.42,134.2 2 1
KNIRVENGINE/desktop-client/api/security_middleware.go:137.65,142.2 1 1
KNIRVENGINE/desktop-client/api/security_middleware.go:145.42,150.2 1 1
KNIRVENGINE/desktop-client/api/security_middleware.go:153.74,154.71 1 0
KNIRVENGINE/desktop-client/api/security_middleware.go:154.71,155.18 1 0
KNIRVENGINE/desktop-client/api/security_middleware.go:155.18,158.4 2 0
KNIRVENGINE/desktop-client/api/security_middleware.go:161.3,169.46 5 0
KNIRVENGINE/desktop-client/api/security_middleware.go:169.46,175.4 3 0
KNIRVENGINE/desktop-client/api/security_middleware.go:178.3,178.32 1 0
KNIRVENGINE/desktop-client/api/security_middleware.go:178.32,179.63 1 0
KNIRVENGINE/desktop-client/api/security_middleware.go:179.63,185.5 3 0
KNIRVENGINE/desktop-client/api/security_middleware.go:189.3,189.80 1 0
KNIRVENGINE/desktop-client/api/security_middleware.go:189.80,190.69 1 0
KNIRVENGINE/desktop-client/api/security_middleware.go:190.69,196.5 3 0
KNIRVENGINE/desktop-client/api/security_middleware.go:200.3,202.23 2 0
KNIRVENGINE/desktop-client/api/security_middleware.go:207.73,215.2 7 0
KNIRVENGINE/desktop-client/api/security_middleware.go:218.67,221.15 2 0
KNIRVENGINE/desktop-client/api/security_middleware.go:221.15,223.19 2 0
KNIRVENGINE/desktop-client/api/security_middleware.go:223.19,225.4 1 0
KNIRVENGINE/desktop-client/api/security_middleware.go:229.2,230.15 2 0
KNIRVENGINE/desktop-client/api/security_middleware.go:230.15,232.3 1 0
KNIRVENGINE/desktop-client/api/security_middleware.go:235.2,236.16 2 0
KNIRVENGINE/desktop-client/api/security_middleware.go:236.16,238.3 1 0
KNIRVENGINE/desktop-client/api/security_middleware.go:239.2,239.11 1 0
KNIRVENGINE/desktop-client/api/security_middleware.go:243.65,244.67 1 0
KNIRVENGINE/desktop-client/api/security_middleware.go:244.67,246.3 1 0
KNIRVENGINE/desktop-client/api/security_middleware.go:247.2,247.20 1 0
KNIRVENGINE/desktop-client/api/security_middleware.go:251.76,253.2 1 0
KNIRVENGINE/desktop-client/api/security_middleware.go:256.66,299.41 2 0
KNIRVENGINE/desktop-client/api/security_middleware.go:299.41,300.25 1 0
KNIRVENGINE/desktop-client/api/security_middleware.go:300.25,302.4 1 0
KNIRVENGINE/desktop-client/api/security_middleware.go:306.2,352.40 2 0
KNIRVENGINE/desktop-client/api/security_middleware.go:352.40,353.38 1 0
KNIRVENGINE/desktop-client/api/security_middleware.go:353.38,355.4 1 0
KNIRVENGINE/desktop-client/api/security_middleware.go:358.2,358.14 1 0
KNIRVENGINE/desktop-client/api/security_middleware.go:362.72,365.2 1 0
KNIRVENGINE/desktop-client/api/security_middleware.go:368.60,374.13 4 0
KNIRVENGINE/desktop-client/api/security_middleware.go:374.13,377.3 2 0
KNIRVENGINE/desktop-client/api/security_middleware.go:379.2,379.24 1 0
KNIRVENGINE/desktop-client/api/security_middleware.go:379.24,381.3 1 0
KNIRVENGINE/desktop-client/api/security_middleware.go:384.2,384.27 1 0
KNIRVENGINE/desktop-client/api/security_middleware.go:384.27,386.14 2 0
KNIRVENGINE/desktop-client/api/security_middleware.go:386.14,389.4 2 0
KNIRVENGINE/desktop-client/api/security_middleware.go:391.3,391.27 1 0
KNIRVENGINE/desktop-client/api/security_middleware.go:391.27,393.4 1 0
KNIRVENGINE/desktop-client/api/security_middleware.go:396.2,396.13 1 0
KNIRVENGINE/desktop-client/api/security_middleware.go:400.34,401.6 1 1
KNIRVENGINE/desktop-client/api/security_middleware.go:401.6,402.10 1 1
KNIRVENGINE/desktop-client/api/security_middleware.go:403.29,407.33 2 0
KNIRVENGINE/desktop-client/api/security_middleware.go:407.33,409.5 1 0
KNIRVENGINE/desktop-client/api/security_middleware.go:410.4,410.35 1 0
KNIRVENGINE/desktop-client/api/security_middleware.go:410.35,412.5 1 0
KNIRVENGINE/desktop-client/api/security_middleware.go:413.4,413.21 1 0
KNIRVENGINE/desktop-client/api/security_middleware.go:414.22,416.10 2 0
KNIRVENGINE/desktop-client/api/security_middleware.go:422.66,424.41 1 0
KNIRVENGINE/desktop-client/api/security_middleware.go:424.41,426.3 1 0
KNIRVENGINE/desktop-client/api/security_middleware.go:429.2,430.43 2 0
KNIRVENGINE/desktop-client/api/security_middleware.go:430.43,431.25 1 0
KNIRVENGINE/desktop-client/api/security_middleware.go:431.25,433.9 2 0
KNIRVENGINE/desktop-client/api/security_middleware.go:436.2,436.20 1 0
KNIRVENGINE/desktop-client/api/security_middleware.go:436.20,438.3 1 0
KNIRVENGINE/desktop-client/api/security_middleware.go:441.2,441.52 1 0
KNIRVENGINE/desktop-client/api/security_middleware.go:441.52,443.3 1 0
KNIRVENGINE/desktop-client/api/security_middleware.go:446.2,446.41 1 0
KNIRVENGINE/desktop-client/api/security_middleware.go:446.41,447.32 1 0
KNIRVENGINE/desktop-client/api/security_middleware.go:447.32,448.50 1 0
KNIRVENGINE/desktop-client/api/security_middleware.go:448.50,450.5 1 0
KNIRVENGINE/desktop-client/api/security_middleware.go:455.2,455.36 1 0
KNIRVENGINE/desktop-client/api/security_middleware.go:455.36,456.32 1 0
KNIRVENGINE/desktop-client/api/security_middleware.go:456.32,457.50 1 0
KNIRVENGINE/desktop-client/api/security_middleware.go:457.50,459.5 1 0
KNIRVENGINE/desktop-client/api/security_middleware.go:463.2,463.12 1 0
KNIRVENGINE/desktop-client/api/security_middleware.go:467.59,469.34 1 0
KNIRVENGINE/desktop-client/api/security_middleware.go:469.34,471.3 1 0
KNIRVENGINE/desktop-client/api/security_middleware.go:474.2,474.36 1 0
KNIRVENGINE/desktop-client/api/security_middleware.go:474.36,476.3 1 0
KNIRVENGINE/desktop-client/api/security_middleware.go:478.2,478.12 1 0
KNIRVENGINE/desktop-client/api/security_middleware.go:482.61,483.45 1 0
KNIRVENGINE/desktop-client/api/security_middleware.go:483.45,484.33 1 0
KNIRVENGINE/desktop-client/api/security_middleware.go:484.33,486.4 1 0
KNIRVENGINE/desktop-client/api/security_middleware.go:488.2,488.12 1 0
KNIRVENGINE/desktop-client/api/security_middleware.go:492.79,494.17 2 0
KNIRVENGINE/desktop-client/api/security_middleware.go:494.17,496.3 1 0
KNIRVENGINE/desktop-client/api/security_middleware.go:498.2,498.17 1 0
KNIRVENGINE/desktop-client/api/security_middleware.go:498.17,500.3 1 0
KNIRVENGINE/desktop-client/api/security_middleware.go:502.2,506.13 4 0
KNIRVENGINE/desktop-client/api/security_middleware.go:506.13,508.3 1 0
KNIRVENGINE/desktop-client/api/security_middleware.go:510.2,510.32 1 0
KNIRVENGINE/desktop-client/api/security_middleware.go:510.32,512.3 1 0
KNIRVENGINE/desktop-client/api/security_middleware.go:514.2,514.45 1 0
KNIRVENGINE/desktop-client/api/security_middleware.go:514.45,519.3 4 0
KNIRVENGINE/desktop-client/api/security_middleware.go:521.2,521.12 1 0
KNIRVENGINE/desktop-client/api/security_middleware.go:525.63,537.2 5 0
KNIRVENGINE/desktop-client/api/security_middleware.go:540.166,558.50 3 0
KNIRVENGINE/desktop-client/api/security_middleware.go:558.50,561.3 1 0
KNIRVENGINE/desktop-client/api/security_middleware.go:565.63,572.37 4 0
KNIRVENGINE/desktop-client/api/security_middleware.go:572.37,574.3 1 0
KNIRVENGINE/desktop-client/api/security_middleware.go:578.70,582.43 3 0
KNIRVENGINE/desktop-client/api/security_middleware.go:582.43,584.3 1 0
KNIRVENGINE/desktop-client/api/security_middleware.go:587.2,588.27 2 0
KNIRVENGINE/desktop-client/api/security_middleware.go:592.94,597.69 4 0
KNIRVENGINE/desktop-client/api/security_middleware.go:597.69,598.38 1 0
KNIRVENGINE/desktop-client/api/security_middleware.go:598.38,600.4 1 0
KNIRVENGINE/desktop-client/api/security_middleware.go:603.2,603.17 1 0
KNIRVENGINE/desktop-client/api/security_middleware.go:607.40,612.2 4 0
KNIRVENGINE/desktop-client/api/security_middleware.go:615.41,620.2 4 0
KNIRVENGINE/desktop-client/api/security_middleware.go:623.65,631.37 6 0
KNIRVENGINE/desktop-client/api/security_middleware.go:631.37,632.20 1 0
KNIRVENGINE/desktop-client/api/security_middleware.go:632.20,634.4 1 0
KNIRVENGINE/desktop-client/api/security_middleware.go:635.3,635.27 1 0
KNIRVENGINE/desktop-client/api/security_middleware.go:638.2,647.3 1 0
KNIRVENGINE/desktop-client/api/security_middleware.go:651.38,653.2 1 0
KNIRVENGINE/desktop-client/api/server.go:19.26,37.2 7 0
KNIRVENGINE/desktop-client/api/server.go:40.35,46.2 1 0
KNIRVENGINE/desktop-client/api/server.go:49.43,53.21 3 0
KNIRVENGINE/desktop-client/api/server.go:53.21,55.3 1 0
KNIRVENGINE/desktop-client/api/server.go:59.43,62.2 2 0
KNIRVENGINE/desktop-client/api/server.go:65.66,67.2 1 0
KNIRVENGINE/desktop-client/api/server.go:70.42,72.2 1 0
KNIRVENGINE/desktop-client/api/simple_server.go:42.81,44.16 2 1
KNIRVENGINE/desktop-client/api/simple_server.go:44.16,46.3 1 0
KNIRVENGINE/desktop-client/api/simple_server.go:47.2,49.20 3 1
KNIRVENGINE/desktop-client/api/simple_server.go:53.31,55.2 1 1
KNIRVENGINE/desktop-client/api/simple_server.go:58.91,62.53 2 0
KNIRVENGINE/desktop-client/api/simple_server.go:62.53,65.3 2 0
KNIRVENGINE/desktop-client/api/simple_server.go:67.2,68.16 2 0
KNIRVENGINE/desktop-client/api/simple_server.go:68.16,70.3 1 0
KNIRVENGINE/desktop-client/api/simple_server.go:72.2,73.50 2 0
KNIRVENGINE/desktop-client/api/simple_server.go:73.50,75.3 1 0
KNIRVENGINE/desktop-client/api/simple_server.go:77.2,78.17 2 0
KNIRVENGINE/desktop-client/api/simple_server.go:82.131,84.16 2 0
KNIRVENGINE/desktop-client/api/simple_server.go:84.16,87.3 2 0
KNIRVENGINE/desktop-client/api/simple_server.go:89.2,93.35 3 0
KNIRVENGINE/desktop-client/api/simple_server.go:93.35,95.3 1 0
KNIRVENGINE/desktop-client/api/simple_server.go:98.2,98.34 1 0
KNIRVENGINE/desktop-client/api/simple_server.go:98.34,103.36 3 0
KNIRVENGINE/desktop-client/api/simple_server.go:103.36,104.55 1 0
KNIRVENGINE/desktop-client/api/simple_server.go:104.55,106.5 1 0
KNIRVENGINE/desktop-client/api/simple_server.go:110.3,110.16 1 0
KNIRVENGINE/desktop-client/api/simple_server.go:110.16,112.4 1 0
KNIRVENGINE/desktop-client/api/simple_server.go:116.2,119.32 3 0
KNIRVENGINE/desktop-client/api/simple_server.go:119.32,120.84 1 0
KNIRVENGINE/desktop-client/api/simple_server.go:120.84,122.4 1 0
KNIRVENGINE/desktop-client/api/simple_server.go:122.9,124.4 1 0
KNIRVENGINE/desktop-client/api/simple_server.go:128.2,129.21 2 0
KNIRVENGINE/desktop-client/api/simple_server.go:129.21,131.3 1 0
KNIRVENGINE/desktop-client/api/simple_server.go:133.2,133.15 1 0
KNIRVENGINE/desktop-client/api/simple_server.go:146.54,148.51 1 1
KNIRVENGINE/desktop-client/api/simple_server.go:148.51,150.3 1 0
KNIRVENGINE/desktop-client/api/simple_server.go:153.2,153.51 1 1
KNIRVENGINE/desktop-client/api/simple_server.go:153.51,156.3 2 1
KNIRVENGINE/desktop-client/api/simple_server.go:159.2,159.84 1 1
KNIRVENGINE/desktop-client/api/simple_server.go:159.84,160.17 1 1
KNIRVENGINE/desktop-client/api/simple_server.go:160.17,162.4 1 0
KNIRVENGINE/desktop-client/api/simple_server.go:165.3,165.19 1 1
KNIRVENGINE/desktop-client/api/simple_server.go:165.19,167.4 1 1
KNIRVENGINE/desktop-client/api/simple_server.go:170.3,170.44 1 1
KNIRVENGINE/desktop-client/api/simple_server.go:170.44,172.4 1 1
KNIRVENGINE/desktop-client/api/simple_server.go:175.3,176.17 2 1
KNIRVENGINE/desktop-client/api/simple_server.go:176.17,178.4 1 0
KNIRVENGINE/desktop-client/api/simple_server.go:181.3,185.56 3 1
KNIRVENGINE/desktop-client/api/simple_server.go:185.56,187.4 1 0
KNIRVENGINE/desktop-client/api/simple_server.go:190.3,190.34 1 1
KNIRVENGINE/desktop-client/api/simple_server.go:195.38,197.16 2 1
KNIRVENGINE/desktop-client/api/simple_server.go:197.16,199.3 1 1
KNIRVENGINE/desktop-client/api/simple_server.go:200.2,203.16 3 1
KNIRVENGINE/desktop-client/api/simple_server.go:203.16,205.3 1 1
KNIRVENGINE/desktop-client/api/simple_server.go:206.2,209.16 3 1
KNIRVENGINE/desktop-client/api/simple_server.go:209.16,211.3 1 0
KNIRVENGINE/desktop-client/api/simple_server.go:214.2,215.16 2 1
KNIRVENGINE/desktop-client/api/simple_server.go:215.16,217.3 1 0
KNIRVENGINE/desktop-client/api/simple_server.go:219.2,219.41 1 1
KNIRVENGINE/desktop-client/api/simple_server.go:267.331,271.16 3 1
KNIRVENGINE/desktop-client/api/simple_server.go:271.16,273.3 1 0
KNIRVENGINE/desktop-client/api/simple_server.go:276.2,324.16 21 1
KNIRVENGINE/desktop-client/api/simple_server.go:324.16,327.3 2 0
KNIRVENGINE/desktop-client/api/simple_server.go:330.2,336.76 5 1
KNIRVENGINE/desktop-client/api/simple_server.go:336.76,339.3 1 0
KNIRVENGINE/desktop-client/api/simple_server.go:342.2,343.16 2 1
KNIRVENGINE/desktop-client/api/simple_server.go:343.16,346.3 2 0
KNIRVENGINE/desktop-client/api/simple_server.go:349.2,350.16 2 1
KNIRVENGINE/desktop-client/api/simple_server.go:350.16,353.3 2 0
KNIRVENGINE/desktop-client/api/simple_server.go:356.2,357.16 2 1
KNIRVENGINE/desktop-client/api/simple_server.go:357.16,360.3 2 0
KNIRVENGINE/desktop-client/api/simple_server.go:365.2,366.16 2 1
KNIRVENGINE/desktop-client/api/simple_server.go:366.16,369.3 2 0
KNIRVENGINE/desktop-client/api/simple_server.go:370.2,374.16 3 1
KNIRVENGINE/desktop-client/api/simple_server.go:374.16,377.3 2 0
KNIRVENGINE/desktop-client/api/simple_server.go:380.2,432.23 9 1
KNIRVENGINE/desktop-client/api/simple_server.go:436.41,451.26 6 1
KNIRVENGINE/desktop-client/api/simple_server.go:451.26,453.3 1 0
KNIRVENGINE/desktop-client/api/simple_server.go:456.2,456.26 1 1
KNIRVENGINE/desktop-client/api/simple_server.go:456.26,458.3 1 0
KNIRVENGINE/desktop-client/api/simple_server.go:459.2,459.31 1 1
KNIRVENGINE/desktop-client/api/simple_server.go:459.31,461.3 1 0
KNIRVENGINE/desktop-client/api/simple_server.go:462.2,462.36 1 1
KNIRVENGINE/desktop-client/api/simple_server.go:462.36,464.3 1 0
KNIRVENGINE/desktop-client/api/simple_server.go:465.2,465.34 1 1
KNIRVENGINE/desktop-client/api/simple_server.go:465.34,467.3 1 1
KNIRVENGINE/desktop-client/api/simple_server.go:470.2,636.38 105 1
KNIRVENGINE/desktop-client/api/simple_server.go:636.38,638.3 1 1
KNIRVENGINE/desktop-client/api/simple_server.go:641.89,642.27 1 0
KNIRVENGINE/desktop-client/api/simple_server.go:642.27,648.3 5 0
KNIRVENGINE/desktop-client/api/simple_server.go:649.2,652.33 3 0
KNIRVENGINE/desktop-client/api/simple_server.go:652.33,653.10 1 0
KNIRVENGINE/desktop-client/api/simple_server.go:654.43,655.60 1 0
KNIRVENGINE/desktop-client/api/simple_server.go:656.11,657.85 1 0
KNIRVENGINE/desktop-client/api/simple_server.go:660.2,661.60 2 0
KNIRVENGINE/desktop-client/api/simple_server.go:665.74,666.71 1 0
KNIRVENGINE/desktop-client/api/simple_server.go:666.71,671.28 4 0
KNIRVENGINE/desktop-client/api/simple_server.go:671.28,674.4 2 0
KNIRVENGINE/desktop-client/api/simple_server.go:676.3,676.23 1 0
KNIRVENGINE/desktop-client/api/simple_server.go:681.41,689.56 4 0
KNIRVENGINE/desktop-client/api/simple_server.go:689.56,691.3 1 0
KNIRVENGINE/desktop-client/api/simple_server.go:693.2,693.57 1 0
KNIRVENGINE/desktop-client/api/simple_server.go:693.57,695.3 1 0
KNIRVENGINE/desktop-client/api/simple_server.go:697.2,697.55 1 0
KNIRVENGINE/desktop-client/api/simple_server.go:697.55,699.3 1 0
KNIRVENGINE/desktop-client/api/simple_server.go:702.2,702.58 1 0
KNIRVENGINE/desktop-client/api/simple_server.go:702.58,704.3 1 0
KNIRVENGINE/desktop-client/api/simple_server.go:706.2,706.38 1 0
KNIRVENGINE/desktop-client/api/simple_server.go:710.59,712.25 2 0
KNIRVENGINE/desktop-client/api/simple_server.go:712.25,714.3 1 0
KNIRVENGINE/desktop-client/api/simple_server.go:715.2,715.35 1 0
KNIRVENGINE/desktop-client/api/simple_server.go:719.86,720.71 1 0
KNIRVENGINE/desktop-client/api/simple_server.go:720.71,722.39 1 0
KNIRVENGINE/desktop-client/api/simple_server.go:722.39,724.4 1 0
KNIRVENGINE/desktop-client/api/simple_server.go:727.3,736.68 3 0
KNIRVENGINE/desktop-client/api/simple_server.go:736.68,738.4 1 0
KNIRVENGINE/desktop-client/api/simple_server.go:748.61,751.2 2 0
KNIRVENGINE/desktop-client/api/simple_server.go:754.51,756.2 1 0
KNIRVENGINE/desktop-client/api/simple_server.go:759.86,760.35 1 0
KNIRVENGINE/desktop-client/api/simple_server.go:760.35,763.3 2 0
KNIRVENGINE/desktop-client/api/simple_server.go:763.8,765.3 1 0
KNIRVENGINE/desktop-client/api/simple_server.go:769.81,778.2 3 0
KNIRVENGINE/desktop-client/api/simple_server.go:781.86,789.65 2 0
KNIRVENGINE/desktop-client/api/simple_server.go:789.65,792.3 2 0
KNIRVENGINE/desktop-client/api/simple_server.go:795.2,796.76 2 0
KNIRVENGINE/desktop-client/api/simple_server.go:796.76,799.3 2 0
KNIRVENGINE/desktop-client/api/simple_server.go:802.2,803.9 2 0
KNIRVENGINE/desktop-client/api/simple_server.go:803.9,806.3 2 0
KNIRVENGINE/desktop-client/api/simple_server.go:809.2,826.64 3 0
KNIRVENGINE/desktop-client/api/simple_server.go:826.64,827.28 1 0
KNIRVENGINE/desktop-client/api/simple_server.go:827.28,828.38 1 0
KNIRVENGINE/desktop-client/api/simple_server.go:828.38,830.5 1 0
KNIRVENGINE/desktop-client/api/simple_server.go:835.2,835.67 1 0
KNIRVENGINE/desktop-client/api/simple_server.go:835.67,837.34 2 0
KNIRVENGINE/desktop-client/api/simple_server.go:837.34,838.44 1 0
KNIRVENGINE/desktop-client/api/simple_server.go:838.44,840.5 1 0
KNIRVENGINE/desktop-client/api/simple_server.go:845.2,846.65 2 0
KNIRVENGINE/desktop-client/api/simple_server.go:846.65,850.3 3 0
KNIRVENGINE/desktop-client/api/simple_server.go:853.2,875.54 4 0
KNIRVENGINE/desktop-client/api/simple_server.go:879.84,882.22 2 0
KNIRVENGINE/desktop-client/api/simple_server.go:882.22,885.3 2 0
KNIRVENGINE/desktop-client/api/simple_server.go:887.2,888.16 2 0
KNIRVENGINE/desktop-client/api/simple_server.go:888.16,891.3 2 0
KNIRVENGINE/desktop-client/api/simple_server.go:894.2,895.16 2 0
KNIRVENGINE/desktop-client/api/simple_server.go:895.16,899.3 3 0
KNIRVENGINE/desktop-client/api/simple_server.go:902.2,903.45 2 0
KNIRVENGINE/desktop-client/api/simple_server.go:903.45,926.3 3 0
KNIRVENGINE/desktop-client/api/simple_server.go:928.2,928.63 1 0
KNIRVENGINE/desktop-client/api/simple_server.go:932.83,938.16 5 0
KNIRVENGINE/desktop-client/api/simple_server.go:938.16,942.3 3 0
KNIRVENGINE/desktop-client/api/simple_server.go:945.2,967.48 4 0
KNIRVENGINE/desktop-client/api/simple_server.go:971.86,982.65 4 0
KNIRVENGINE/desktop-client/api/simple_server.go:982.65,985.3 2 0
KNIRVENGINE/desktop-client/api/simple_server.go:988.2,990.16 3 0
KNIRVENGINE/desktop-client/api/simple_server.go:990.16,994.3 3 0
KNIRVENGINE/desktop-client/api/simple_server.go:997.2,998.76 2 0
KNIRVENGINE/desktop-client/api/simple_server.go:998.76,1001.3 2 0
KNIRVENGINE/desktop-client/api/simple_server.go:1004.2,1019.64 2 0
KNIRVENGINE/desktop-client/api/simple_server.go:1019.64,1021.28 2 0
KNIRVENGINE/desktop-client/api/simple_server.go:1021.28,1022.38 1 0
KNIRVENGINE/desktop-client/api/simple_server.go:1022.38,1024.5 1 0
KNIRVENGINE/desktop-client/api/simple_server.go:1026.8,1029.3 1 0
KNIRVENGINE/desktop-client/api/simple_server.go:1032.2,1032.67 1 0
KNIRVENGINE/desktop-client/api/simple_server.go:1032.67,1034.34 2 0
KNIRVENGINE/desktop-client/api/simple_server.go:1034.34,1035.44 1 0
KNIRVENGINE/desktop-client/api/simple_server.go:1035.44,1037.5 1 0
KNIRVENGINE/desktop-client/api/simple_server.go:1039.8,1042.3 1 0
KNIRVENGINE/desktop-client/api/simple_server.go:1045.2,1045.72 1 0
KNIRVENGINE/desktop-client/api/simple_server.go:1045.72,1049.3 3 0
KNIRVENGINE/desktop-client/api/simple_server.go:1052.2,1074.54 4 0
KNIRVENGINE/desktop-client/api/simple_server.go:1078.84,1086.16 5 0
KNIRVENGINE/desktop-client/api/simple_server.go:1086.16,1089.3 2 0
KNIRVENGINE/desktop-client/api/simple_server.go:1092.2,1096.72 3 0
KNIRVENGINE/desktop-client/api/simple_server.go:1096.72,1099.3 2 0
KNIRVENGINE/desktop-client/api/simple_server.go:1102.2,1102.30 1 0
KNIRVENGINE/desktop-client/api/simple_server.go:1102.30,1106.75 2 0
KNIRVENGINE/desktop-client/api/simple_server.go:1106.75,1109.4 1 0
KNIRVENGINE/desktop-client/api/simple_server.go:1112.2,1115.67 2 0
KNIRVENGINE/desktop-client/api/simple_server.go:1119.86,1131.16 7 0
KNIRVENGINE/desktop-client/api/simple_server.go:1131.16,1133.3 1 0
KNIRVENGINE/desktop-client/api/simple_server.go:1133.8,1135.3 1 0
KNIRVENGINE/desktop-client/api/simple_server.go:1138.2,1138.27 1 0
KNIRVENGINE/desktop-client/api/simple_server.go:1138.27,1140.17 2 0
KNIRVENGINE/desktop-client/api/simple_server.go:1140.17,1142.4 1 0
KNIRVENGINE/desktop-client/api/simple_server.go:1142.9,1144.4 1 0
KNIRVENGINE/desktop-client/api/simple_server.go:1148.2,1148.44 1 0
KNIRVENGINE/desktop-client/api/simple_server.go:1148.44,1151.3 2 0
KNIRVENGINE/desktop-client/api/simple_server.go:1154.2,1154.30 1 0
KNIRVENGINE/desktop-client/api/simple_server.go:1154.30,1162.40 2 0
KNIRVENGINE/desktop-client/api/simple_server.go:1162.40,1163.76 1 0
KNIRVENGINE/desktop-client/api/simple_server.go:1163.76,1166.5 1 0
KNIRVENGINE/desktop-client/api/simple_server.go:1166.10,1168.5 1 0
KNIRVENGINE/desktop-client/api/simple_server.go:1173.2,1173.47 1 0
KNIRVENGINE/desktop-client/api/simple_server.go:1173.47,1174.56 1 0
KNIRVENGINE/desktop-client/api/simple_server.go:1174.56,1177.4 1 0
KNIRVENGINE/desktop-client/api/simple_server.go:1177.9,1179.4 1 0
KNIRVENGINE/desktop-client/api/simple_server.go:1183.2,1183.22 1 0
KNIRVENGINE/desktop-client/api/simple_server.go:1183.22,1184.63 1 0
KNIRVENGINE/desktop-client/api/simple_server.go:1184.63,1187.24 2 0
KNIRVENGINE/desktop-client/api/simple_server.go:1187.24,1194.5 3 0
KNIRVENGINE/desktop-client/api/simple_server.go:1196.4,1197.10 2 0
KNIRVENGINE/desktop-client/api/simple_server.go:1201.2,1204.55 2 0
KNIRVENGINE/desktop-client/api/simple_server.go:1208.85,1250.2 3 0
KNIRVENGINE/desktop-client/api/simple_server.go:1253.52,1291.37 3 0
KNIRVENGINE/desktop-client/api/simple_server.go:1291.37,1292.61 1 0
KNIRVENGINE/desktop-client/api/simple_server.go:1292.61,1294.4 1 0
KNIRVENGINE/desktop-client/api/simple_server.go:1295.3,1295.53 1 0
KNIRVENGINE/desktop-client/api/simple_server.go:1298.2,1298.12 1 0
KNIRVENGINE/desktop-client/api/simple_server.go:1304.88,1305.27 1 0
KNIRVENGINE/desktop-client/api/simple_server.go:1305.27,1311.3 5 0
KNIRVENGINE/desktop-client/api/simple_server.go:1313.2,1326.60 5 0
KNIRVENGINE/desktop-client/api/simple_server.go:1326.60,1329.3 2 0
KNIRVENGINE/desktop-client/api/simple_server.go:1333.88,1334.27 1 0
KNIRVENGINE/desktop-client/api/simple_server.go:1334.27,1340.3 5 0
KNIRVENGINE/desktop-client/api/simple_server.go:1342.2,1348.20 5 0
KNIRVENGINE/desktop-client/api/simple_server.go:1348.20,1349.80 1 0
KNIRVENGINE/desktop-client/api/simple_server.go:1349.80,1351.4 1 0
KNIRVENGINE/desktop-client/api/simple_server.go:1354.2,1365.60 3 0
KNIRVENGINE/desktop-client/api/simple_server.go:1365.60,1368.3 2 0
KNIRVENGINE/desktop-client/api/simple_server.go:1372.86,1373.27 1 0
KNIRVENGINE/desktop-client/api/simple_server.go:1373.27,1379.3 5 0
KNIRVENGINE/desktop-client/api/simple_server.go:1381.2,1394.60 5 0
KNIRVENGINE/desktop-client/api/simple_server.go:1394.60,1397.3 2 0
KNIRVENGINE/desktop-client/api/simple_server.go:1401.94,1402.27 1 0
KNIRVENGINE/desktop-client/api/simple_server.go:1402.27,1408.3 5 0
KNIRVENGINE/desktop-client/api/simple_server.go:1410.2,1416.19 5 0
KNIRVENGINE/desktop-client/api/simple_server.go:1416.19,1419.3 2 0
KNIRVENGINE/desktop-client/api/simple_server.go:1422.2,1424.16 3 0
KNIRVENGINE/desktop-client/api/simple_server.go:1424.16,1428.3 3 0
KNIRVENGINE/desktop-client/api/simple_server.go:1430.2,1440.60 2 0
KNIRVENGINE/desktop-client/api/simple_server.go:1440.60,1443.3 2 0
KNIRVENGINE/desktop-client/api/simple_server.go:1447.94,1448.27 1 0
KNIRVENGINE/desktop-client/api/simple_server.go:1448.27,1454.3 5 0
KNIRVENGINE/desktop-client/api/simple_server.go:1456.2,1462.19 5 0
KNIRVENGINE/desktop-client/api/simple_server.go:1462.19,1465.3 2 0
KNIRVENGINE/desktop-client/api/simple_server.go:1469.2,1472.16 3 0
KNIRVENGINE/desktop-client/api/simple_server.go:1472.16,1476.3 3 0
KNIRVENGINE/desktop-client/api/simple_server.go:1478.2,1487.60 2 0
KNIRVENGINE/desktop-client/api/simple_server.go:1487.60,1490.3 2 0
KNIRVENGINE/desktop-client/api/simple_server.go:1496.91,1497.27 1 0
KNIRVENGINE/desktop-client/api/simple_server.go:1497.27,1503.3 5 0
KNIRVENGINE/desktop-client/api/simple_server.go:1505.2,1518.60 5 0
KNIRVENGINE/desktop-client/api/simple_server.go:1518.60,1521.3 2 0
KNIRVENGINE/desktop-client/api/simple_server.go:1525.84,1526.27 1 0
KNIRVENGINE/desktop-client/api/simple_server.go:1526.27,1532.3 5 0
KNIRVENGINE/desktop-client/api/simple_server.go:1534.2,1548.60 6 0
KNIRVENGINE/desktop-client/api/simple_server.go:1548.60,1551.3 2 0
KNIRVENGINE/desktop-client/api/simple_server.go:1555.84,1556.27 1 0
KNIRVENGINE/desktop-client/api/simple_server.go:1556.27,1562.3 5 0
KNIRVENGINE/desktop-client/api/simple_server.go:1564.2,1578.60 6 0
KNIRVENGINE/desktop-client/api/simple_server.go:1578.60,1581.3 2 0
KNIRVENGINE/desktop-client/api/simple_server.go:1585.85,1586.27 1 0
KNIRVENGINE/desktop-client/api/simple_server.go:1586.27,1592.3 5 0
KNIRVENGINE/desktop-client/api/simple_server.go:1594.2,1600.20 5 0
KNIRVENGINE/desktop-client/api/simple_server.go:1600.20,1601.80 1 0
KNIRVENGINE/desktop-client/api/simple_server.go:1601.80,1603.4 1 0
KNIRVENGINE/desktop-client/api/simple_server.go:1606.2,1618.60 4 0
KNIRVENGINE/desktop-client/api/simple_server.go:1618.60,1621.3 2 0
KNIRVENGINE/desktop-client/api/simple_server.go:1625.81,1631.65 2 0
KNIRVENGINE/desktop-client/api/simple_server.go:1631.65,1634.3 2 0
KNIRVENGINE/desktop-client/api/simple_server.go:1642.2,1651.37 4 0
KNIRVENGINE/desktop-client/api/simple_server.go:1655.89,1673.2 3 0
KNIRVENGINE/desktop-client/api/simple_server.go:1676.86,1692.65 2 0
KNIRVENGINE/desktop-client/api/simple_server.go:1692.65,1696.3 3 0
KNIRVENGINE/desktop-client/api/simple_server.go:1699.2,1700.44 2 0
KNIRVENGINE/desktop-client/api/simple_server.go:1700.44,1703.3 2 0
KNIRVENGINE/desktop-client/api/simple_server.go:1706.2,1714.37 3 0
KNIRVENGINE/desktop-client/api/simple_server.go:1714.37,1716.48 2 0
KNIRVENGINE/desktop-client/api/simple_server.go:1716.48,1721.4 4 0
KNIRVENGINE/desktop-client/api/simple_server.go:1722.3,1722.61 1 0
KNIRVENGINE/desktop-client/api/simple_server.go:1726.2,1793.31 10 0
KNIRVENGINE/desktop-client/api/simple_server.go:1793.31,1797.17 3 0
KNIRVENGINE/desktop-client/api/simple_server.go:1797.17,1803.89 3 0
KNIRVENGINE/desktop-client/api/simple_server.go:1803.89,1805.62 1 0
KNIRVENGINE/desktop-client/api/simple_server.go:1805.62,1807.6 1 0
KNIRVENGINE/desktop-client/api/simple_server.go:1808.5,1808.73 1 0
KNIRVENGINE/desktop-client/api/simple_server.go:1808.73,1810.32 2 0
KNIRVENGINE/desktop-client/api/simple_server.go:1810.32,1811.41 1 0
KNIRVENGINE/desktop-client/api/simple_server.go:1811.41,1813.8 1 0
KNIRVENGINE/desktop-client/api/simple_server.go:1816.5,1816.61 1 0
KNIRVENGINE/desktop-client/api/simple_server.go:1816.61,1818.6 1 0
KNIRVENGINE/desktop-client/api/simple_server.go:1819.5,1819.57 1 0
KNIRVENGINE/desktop-client/api/simple_server.go:1819.57,1821.6 1 0
KNIRVENGINE/desktop-client/api/simple_server.go:1822.5,1822.78 1 0
KNIRVENGINE/desktop-client/api/simple_server.go:1822.78,1824.6 1 0
KNIRVENGINE/desktop-client/api/simple_server.go:1825.5,1825.77 1 0
KNIRVENGINE/desktop-client/api/simple_server.go:1825.77,1827.6 1 0
KNIRVENGINE/desktop-client/api/simple_server.go:1828.5,1828.74 1 0
KNIRVENGINE/desktop-client/api/simple_server.go:1828.74,1830.6 1 0
KNIRVENGINE/desktop-client/api/simple_server.go:1831.10,1834.5 1 0
KNIRVENGINE/desktop-client/api/simple_server.go:1838.2,1838.40 1 0
KNIRVENGINE/desktop-client/api/simple_server.go:1838.40,1846.3 3 0
KNIRVENGINE/desktop-client/api/simple_server.go:1849.2,1860.37 3 0
KNIRVENGINE/desktop-client/api/simple_server.go:1864.75,1869.44 2 0
KNIRVENGINE/desktop-client/api/simple_server.go:1869.44,1872.23 2 0
KNIRVENGINE/desktop-client/api/simple_server.go:1872.23,1876.47 3 0
KNIRVENGINE/desktop-client/api/simple_server.go:1876.47,1878.5 1 0
KNIRVENGINE/desktop-client/api/simple_server.go:1880.8,1880.47 1 0
KNIRVENGINE/desktop-client/api/simple_server.go:1880.47,1883.23 2 0
KNIRVENGINE/desktop-client/api/simple_server.go:1883.23,1886.86 2 0
KNIRVENGINE/desktop-client/api/simple_server.go:1886.86,1888.5 1 0
KNIRVENGINE/desktop-client/api/simple_server.go:1890.4,1891.47 2 0
KNIRVENGINE/desktop-client/api/simple_server.go:1891.47,1893.5 1 0
KNIRVENGINE/desktop-client/api/simple_server.go:1898.2,1901.39 2 0
KNIRVENGINE/desktop-client/api/simple_server.go:1901.39,1904.66 3 0
KNIRVENGINE/desktop-client/api/simple_server.go:1904.66,1906.4 1 0
KNIRVENGINE/desktop-client/api/simple_server.go:1909.2,1909.17 1 0
KNIRVENGINE/desktop-client/api/simple_server.go:1913.83,1925.65 2 0
KNIRVENGINE/desktop-client/api/simple_server.go:1925.65,1928.3 2 0
KNIRVENGINE/desktop-client/api/simple_server.go:1931.2,1932.35 2 0
KNIRVENGINE/desktop-client/api/simple_server.go:1932.35,1934.17 2 0
KNIRVENGINE/desktop-client/api/simple_server.go:1934.17,1936.4 1 0
KNIRVENGINE/desktop-client/api/simple_server.go:1940.2,1941.64 2 0
KNIRVENGINE/desktop-client/api/simple_server.go:1941.64,1943.62 2 0
KNIRVENGINE/desktop-client/api/simple_server.go:1943.62,1945.4 1 0
KNIRVENGINE/desktop-client/api/simple_server.go:1947.3,1948.68 2 0
KNIRVENGINE/desktop-client/api/simple_server.go:1948.68,1949.66 1 0
KNIRVENGINE/desktop-client/api/simple_server.go:1949.66,1950.43 1 0
KNIRVENGINE/desktop-client/api/simple_server.go:1950.43,1951.48 1 0
KNIRVENGINE/desktop-client/api/simple_server.go:1951.48,1953.7 1 0
KNIRVENGINE/desktop-client/api/simple_server.go:1958.3,1958.94 1 0
KNIRVENGINE/desktop-client/api/simple_server.go:1962.2,1963.37 2 0
KNIRVENGINE/desktop-client/api/simple_server.go:1963.37,1965.48 2 0
KNIRVENGINE/desktop-client/api/simple_server.go:1965.48,1970.4 4 0
KNIRVENGINE/desktop-client/api/simple_server.go:1971.3,1971.54 1 0
KNIRVENGINE/desktop-client/api/simple_server.go:1975.2,2001.31 4 0
KNIRVENGINE/desktop-client/api/simple_server.go:2001.31,2004.3 2 0
KNIRVENGINE/desktop-client/api/simple_server.go:2004.8,2006.3 1 0
KNIRVENGINE/desktop-client/api/simple_server.go:2008.2,2008.16 1 0
KNIRVENGINE/desktop-client/api/simple_server.go:2008.16,2011.3 2 0
KNIRVENGINE/desktop-client/api/simple_server.go:2013.2,2023.41 3 0
KNIRVENGINE/desktop-client/api/simple_server.go:2027.91,2028.19 1 0
KNIRVENGINE/desktop-client/api/simple_server.go:2029.17,2030.202 1 0
KNIRVENGINE/desktop-client/api/simple_server.go:2031.24,2032.181 1 0
KNIRVENGINE/desktop-client/api/simple_server.go:2033.16,2034.189 1 0
KNIRVENGINE/desktop-client/api/simple_server.go:2035.20,2036.198 1 0
KNIRVENGINE/desktop-client/api/simple_server.go:2037.10,2038.197 1 0
KNIRVENGINE/desktop-client/api/simple_server.go:2047.11,2048.23 1 0
KNIRVENGINE/desktop-client/api/simple_server.go:2048.23,2050.3 1 0
KNIRVENGINE/desktop-client/api/simple_server.go:2052.2,2053.30 2 0
KNIRVENGINE/desktop-client/api/simple_server.go:2053.30,2055.3 1 0
KNIRVENGINE/desktop-client/api/simple_server.go:2056.2,2056.15 1 0
KNIRVENGINE/desktop-client/api/simple_server.go:2060.85,2068.65 4 0
KNIRVENGINE/desktop-client/api/simple_server.go:2068.65,2071.3 2 0
KNIRVENGINE/desktop-client/api/simple_server.go:2078.2,2088.37 4 0
KNIRVENGINE/desktop-client/api/simple_server.go:2094.89,2095.30 1 0
KNIRVENGINE/desktop-client/api/simple_server.go:2095.30,2098.3 2 0
KNIRVENGINE/desktop-client/api/simple_server.go:2100.2,2102.16 3 0
KNIRVENGINE/desktop-client/api/simple_server.go:2102.16,2106.3 3 0
KNIRVENGINE/desktop-client/api/simple_server.go:2108.2,2113.37 3 0
KNIRVENGINE/desktop-client/api/simple_server.go:2117.87,2123.27 4 0
KNIRVENGINE/desktop-client/api/simple_server.go:2123.27,2126.3 2 0
KNIRVENGINE/desktop-client/api/simple_server.go:2129.2,2130.9 2 0
KNIRVENGINE/desktop-client/api/simple_server.go:2130.9,2132.3 1 0
KNIRVENGINE/desktop-client/api/simple_server.go:2134.2,2137.24 2 0
KNIRVENGINE/desktop-client/api/simple_server.go:2137.24,2139.17 2 0
KNIRVENGINE/desktop-client/api/simple_server.go:2139.17,2140.35 1 0
KNIRVENGINE/desktop-client/api/simple_server.go:2140.35,2156.5 2 0
KNIRVENGINE/desktop-client/api/simple_server.go:2161.2,2161.30 1 0
KNIRVENGINE/desktop-client/api/simple_server.go:2161.30,2163.17 2 0
KNIRVENGINE/desktop-client/api/simple_server.go:2163.17,2164.45 1 0
KNIRVENGINE/desktop-client/api/simple_server.go:2164.45,2167.23 2 0
KNIRVENGINE/desktop-client/api/simple_server.go:2167.23,2168.14 1 0
KNIRVENGINE/desktop-client/api/simple_server.go:2171.5,2183.28 4 0
KNIRVENGINE/desktop-client/api/simple_server.go:2183.28,2184.17 1 0
KNIRVENGINE/desktop-client/api/simple_server.go:2184.17,2186.8 1 0
KNIRVENGINE/desktop-client/api/simple_server.go:2186.13,2188.8 1 0
KNIRVENGINE/desktop-client/api/simple_server.go:2196.33,2197.17 1 0
KNIRVENGINE/desktop-client/api/simple_server.go:2197.17,2199.8 1 0
KNIRVENGINE/desktop-client/api/simple_server.go:2199.13,2201.8 1 0
KNIRVENGINE/desktop-client/api/simple_server.go:2206.5,2206.45 1 0
KNIRVENGINE/desktop-client/api/simple_server.go:2211.2,2217.37 3 0
KNIRVENGINE/desktop-client/api/simple_server.go:2221.88,2222.30 1 0
KNIRVENGINE/desktop-client/api/simple_server.go:2222.30,2225.3 2 0
KNIRVENGINE/desktop-client/api/simple_server.go:2227.2,2234.65 2 0
KNIRVENGINE/desktop-client/api/simple_server.go:2234.65,2237.3 2 0
KNIRVENGINE/desktop-client/api/simple_server.go:2239.2,2241.16 3 0
KNIRVENGINE/desktop-client/api/simple_server.go:2241.16,2245.3 3 0
KNIRVENGINE/desktop-client/api/simple_server.go:2247.2,2255.37 3 0
KNIRVENGINE/desktop-client/api/simple_server.go:2259.90,2260.30 1 0
KNIRVENGINE/desktop-client/api/simple_server.go:2260.30,2263.3 2 0
KNIRVENGINE/desktop-client/api/simple_server.go:2265.2,2269.65 2 0
KNIRVENGINE/desktop-client/api/simple_server.go:2269.65,2272.3 2 0
KNIRVENGINE/desktop-client/api/simple_server.go:2274.2,2276.16 3 0
KNIRVENGINE/desktop-client/api/simple_server.go:2276.16,2280.3 3 0
KNIRVENGINE/desktop-client/api/simple_server.go:2282.2,2289.37 3 0
KNIRVENGINE/desktop-client/api/simple_server.go:2293.95,2294.30 1 0
KNIRVENGINE/desktop-client/api/simple_server.go:2294.30,2297.3 2 0
KNIRVENGINE/desktop-client/api/simple_server.go:2299.2,2300.21 2 0
KNIRVENGINE/desktop-client/api/simple_server.go:2300.21,2303.3 2 0
KNIRVENGINE/desktop-client/api/simple_server.go:2305.2,2307.16 3 0
KNIRVENGINE/desktop-client/api/simple_server.go:2307.16,2311.3 3 0
KNIRVENGINE/desktop-client/api/simple_server.go:2313.2,2314.41 2 0
KNIRVENGINE/desktop-client/api/simple_server.go:2318.89,2319.30 1 0
KNIRVENGINE/desktop-client/api/simple_server.go:2319.30,2322.3 2 0
KNIRVENGINE/desktop-client/api/simple_server.go:2324.2,2325.21 2 0
KNIRVENGINE/desktop-client/api/simple_server.go:2325.21,2328.3 2 0
KNIRVENGINE/desktop-client/api/simple_server.go:2330.2,2332.16 3 0
KNIRVENGINE/desktop-client/api/simple_server.go:2332.16,2336.3 3 0
KNIRVENGINE/desktop-client/api/simple_server.go:2338.2,2339.35 2 0
KNIRVENGINE/desktop-client/api/simple_server.go:2343.91,2344.30 1 0
KNIRVENGINE/desktop-client/api/simple_server.go:2344.30,2347.3 2 0
KNIRVENGINE/desktop-client/api/simple_server.go:2349.2,2350.65 2 0
KNIRVENGINE/desktop-client/api/simple_server.go:2350.65,2353.3 2 0
KNIRVENGINE/desktop-client/api/simple_server.go:2355.2,2357.16 3 0
KNIRVENGINE/desktop-client/api/simple_server.go:2357.16,2361.3 3 0
KNIRVENGINE/desktop-client/api/simple_server.go:2363.2,2364.37 2 0
KNIRVENGINE/desktop-client/api/simple_server.go:2368.89,2369.30 1 0
KNIRVENGINE/desktop-client/api/simple_server.go:2369.30,2372.3 2 0
KNIRVENGINE/desktop-client/api/simple_server.go:2374.2,2380.65 2 0
KNIRVENGINE/desktop-client/api/simple_server.go:2380.65,2383.3 2 0
KNIRVENGINE/desktop-client/api/simple_server.go:2385.2,2387.16 3 0
KNIRVENGINE/desktop-client/api/simple_server.go:2387.16,2391.3 3 0
KNIRVENGINE/desktop-client/api/simple_server.go:2393.2,2399.37 3 0
KNIRVENGINE/desktop-client/api/simple_server.go:2403.89,2404.30 1 0
KNIRVENGINE/desktop-client/api/simple_server.go:2404.30,2407.3 2 0
KNIRVENGINE/desktop-client/api/simple_server.go:2409.2,2412.34 3 0
KNIRVENGINE/desktop-client/api/simple_server.go:2412.34,2415.3 2 0
KNIRVENGINE/desktop-client/api/simple_server.go:2417.2,2419.16 3 0
KNIRVENGINE/desktop-client/api/simple_server.go:2419.16,2423.3 3 0
KNIRVENGINE/desktop-client/api/simple_server.go:2425.2,2430.37 3 0
KNIRVENGINE/desktop-client/api/simple_server.go:2436.89,2437.30 1 0
KNIRVENGINE/desktop-client/api/simple_server.go:2437.30,2440.3 2 0
KNIRVENGINE/desktop-client/api/simple_server.go:2442.2,2448.65 2 0
KNIRVENGINE/desktop-client/api/simple_server.go:2448.65,2451.3 2 0
KNIRVENGINE/desktop-client/api/simple_server.go:2454.2,2454.23 1 0
KNIRVENGINE/desktop-client/api/simple_server.go:2454.23,2456.3 1 0
KNIRVENGINE/desktop-client/api/simple_server.go:2457.2,2457.23 1 0
KNIRVENGINE/desktop-client/api/simple_server.go:2457.23,2459.3 1 0
KNIRVENGINE/desktop-client/api/simple_server.go:2461.2,2463.16 3 0
KNIRVENGINE/desktop-client/api/simple_server.go:2463.16,2467.3 3 0
KNIRVENGINE/desktop-client/api/simple_server.go:2469.2,2477.37 3 0
KNIRVENGINE/desktop-client/api/simple_server.go:2481.90,2482.30 1 0
KNIRVENGINE/desktop-client/api/simple_server.go:2482.30,2485.3 2 0
KNIRVENGINE/desktop-client/api/simple_server.go:2487.2,2493.65 2 0
KNIRVENGINE/desktop-client/api/simple_server.go:2493.65,2496.3 2 0
KNIRVENGINE/desktop-client/api/simple_server.go:2498.2,2500.16 3 0
KNIRVENGINE/desktop-client/api/simple_server.go:2500.16,2504.3 3 0
KNIRVENGINE/desktop-client/api/simple_server.go:2506.2,2512.37 3 0
KNIRVENGINE/desktop-client/api/simple_server.go:2516.91,2517.30 1 0
KNIRVENGINE/desktop-client/api/simple_server.go:2517.30,2520.3 2 0
KNIRVENGINE/desktop-client/api/simple_server.go:2522.2,2525.41 3 0
KNIRVENGINE/desktop-client/api/simple_server.go:2525.41,2528.3 2 0
KNIRVENGINE/desktop-client/api/simple_server.go:2530.2,2532.16 3 0
KNIRVENGINE/desktop-client/api/simple_server.go:2532.16,2536.3 3 0
KNIRVENGINE/desktop-client/api/simple_server.go:2538.2,2543.37 3 0
KNIRVENGINE/desktop-client/api/simple_server.go:2547.89,2548.30 1 0
KNIRVENGINE/desktop-client/api/simple_server.go:2548.30,2551.3 2 0
KNIRVENGINE/desktop-client/api/simple_server.go:2553.2,2560.65 2 0
KNIRVENGINE/desktop-client/api/simple_server.go:2560.65,2563.3 2 0
KNIRVENGINE/desktop-client/api/simple_server.go:2565.2,2567.16 3 0
KNIRVENGINE/desktop-client/api/simple_server.go:2567.16,2571.3 3 0
KNIRVENGINE/desktop-client/api/simple_server.go:2573.2,2579.37 3 0
KNIRVENGINE/desktop-client/api/simple_server.go:2583.88,2584.30 1 0
KNIRVENGINE/desktop-client/api/simple_server.go:2584.30,2587.3 2 0
KNIRVENGINE/desktop-client/api/simple_server.go:2589.2,2594.65 2 0
KNIRVENGINE/desktop-client/api/simple_server.go:2594.65,2597.3 2 0
KNIRVENGINE/desktop-client/api/simple_server.go:2599.2,2601.16 3 0
KNIRVENGINE/desktop-client/api/simple_server.go:2601.16,2605.3 3 0
KNIRVENGINE/desktop-client/api/simple_server.go:2607.2,2613.37 3 0
KNIRVENGINE/desktop-client/api/simple_server.go:2619.93,2620.30 1 0
KNIRVENGINE/desktop-client/api/simple_server.go:2620.30,2623.3 2 0
KNIRVENGINE/desktop-client/api/simple_server.go:2625.2,2627.16 3 0
KNIRVENGINE/desktop-client/api/simple_server.go:2627.16,2631.3 3 0
KNIRVENGINE/desktop-client/api/simple_server.go:2633.2,2638.37 3 0
KNIRVENGINE/desktop-client/api/simple_server.go:2642.87,2643.30 1 0
KNIRVENGINE/desktop-client/api/simple_server.go:2643.30,2646.3 2 0
KNIRVENGINE/desktop-client/api/simple_server.go:2648.2,2649.65 2 0
KNIRVENGINE/desktop-client/api/simple_server.go:2649.65,2652.3 2 0
KNIRVENGINE/desktop-client/api/simple_server.go:2655.2,2655.78 1 0
KNIRVENGINE/desktop-client/api/simple_server.go:2655.78,2658.3 2 0
KNIRVENGINE/desktop-client/api/simple_server.go:2660.2,2662.16 3 0
KNIRVENGINE/desktop-client/api/simple_server.go:2662.16,2666.3 3 0
KNIRVENGINE/desktop-client/api/simple_server.go:2669.2,2670.9 2 0
KNIRVENGINE/desktop-client/api/simple_server.go:2670.9,2673.3 2 0
KNIRVENGINE/desktop-client/api/simple_server.go:2676.2,2690.16 5 0
KNIRVENGINE/desktop-client/api/simple_server.go:2690.16,2693.3 1 0
KNIRVENGINE/desktop-client/api/simple_server.go:2693.8,2695.3 1 0
KNIRVENGINE/desktop-client/api/simple_server.go:2697.2,2705.37 3 0
KNIRVENGINE/desktop-client/api/simple_server.go:2709.92,2712.21 2 0
KNIRVENGINE/desktop-client/api/simple_server.go:2712.21,2716.3 3 0
KNIRVENGINE/desktop-client/api/simple_server.go:2718.2,2719.22 2 0
KNIRVENGINE/desktop-client/api/simple_server.go:2719.22,2723.3 3 0
KNIRVENGINE/desktop-client/api/simple_server.go:2725.2,2728.30 2 0
KNIRVENGINE/desktop-client/api/simple_server.go:2728.30,2732.3 3 0
KNIRVENGINE/desktop-client/api/simple_server.go:2735.2,2738.43 1 0
KNIRVENGINE/desktop-client/api/simple_server.go:2738.43,2741.4 1 0
KNIRVENGINE/desktop-client/api/simple_server.go:2745.2,2746.16 2 0
KNIRVENGINE/desktop-client/api/simple_server.go:2746.16,2749.3 2 0
KNIRVENGINE/desktop-client/api/simple_server.go:2750.2,2755.109 3 0
KNIRVENGINE/desktop-client/api/simple_server.go:2755.109,2758.3 2 0
KNIRVENGINE/desktop-client/api/simple_server.go:2761.2,2762.52 2 0
KNIRVENGINE/desktop-client/api/simple_server.go:2766.100,2773.6 4 0
KNIRVENGINE/desktop-client/api/simple_server.go:2773.6,2774.10 1 0
KNIRVENGINE/desktop-client/api/simple_server.go:2775.19,2779.18 3 0
KNIRVENGINE/desktop-client/api/simple_server.go:2779.18,2783.86 3 0
KNIRVENGINE/desktop-client/api/simple_server.go:2783.86,2785.6 1 0
KNIRVENGINE/desktop-client/api/simple_server.go:2786.5,2786.11 1 0
KNIRVENGINE/desktop-client/api/simple_server.go:2789.4,2789.23 1 0
KNIRVENGINE/desktop-client/api/simple_server.go:2789.23,2790.76 1 0
KNIRVENGINE/desktop-client/api/simple_server.go:2790.76,2793.6 2 0
KNIRVENGINE/desktop-client/api/simple_server.go:2800.99,2803.6 2 0
KNIRVENGINE/desktop-client/api/simple_server.go:2803.6,2805.17 2 0
KNIRVENGINE/desktop-client/api/simple_server.go:2805.17,2806.103 1 0
KNIRVENGINE/desktop-client/api/simple_server.go:2806.103,2808.5 1 0
KNIRVENGINE/desktop-client/api/simple_server.go:2808.10,2810.5 1 0
KNIRVENGINE/desktop-client/api/simple_server.go:2811.4,2811.9 1 0
KNIRVENGINE/desktop-client/api/simple_server.go:2815.3,2815.43 1 0
KNIRVENGINE/desktop-client/api/simple_server.go:2815.43,2817.12 2 0
KNIRVENGINE/desktop-client/api/simple_server.go:2820.3,2824.96 3 0
KNIRVENGINE/desktop-client/api/simple_server.go:2824.96,2828.85 3 0
KNIRVENGINE/desktop-client/api/simple_server.go:2828.85,2830.5 1 0
KNIRVENGINE/desktop-client/api/simple_server.go:2836.90,2837.30 1 0
KNIRVENGINE/desktop-client/api/simple_server.go:2837.30,2840.3 2 0
KNIRVENGINE/desktop-client/api/simple_server.go:2843.2,2844.21 2 0
KNIRVENGINE/desktop-client/api/simple_server.go:2844.21,2847.3 2 0
KNIRVENGINE/desktop-client/api/simple_server.go:2849.2,2850.22 2 0
KNIRVENGINE/desktop-client/api/simple_server.go:2850.22,2853.3 2 0
KNIRVENGINE/desktop-client/api/simple_server.go:2856.2,2858.16 3 0
KNIRVENGINE/desktop-client/api/simple_server.go:2858.16,2861.3 2 0
KNIRVENGINE/desktop-client/api/simple_server.go:2864.2,2868.17 2 0
KNIRVENGINE/desktop-client/api/simple_server.go:2868.17,2871.3 2 0
KNIRVENGINE/desktop-client/api/simple_server.go:2877.83,2880.2 1 0
KNIRVENGINE/desktop-client/api/simple_server.go:2883.81,2886.2 1 0
KNIRVENGINE/desktop-client/api/simple_server.go:2889.84,2892.2 1 0
KNIRVENGINE/desktop-client/api/simple_server.go:2895.84,2898.2 1 0
KNIRVENGINE/desktop-client/api/simple_server.go:2901.84,2904.2 1 0
KNIRVENGINE/desktop-client/api/simple_server.go:2911.85,2920.65 4 0
KNIRVENGINE/desktop-client/api/simple_server.go:2920.65,2923.3 2 0
KNIRVENGINE/desktop-client/api/simple_server.go:2925.2,2925.27 1 0
KNIRVENGINE/desktop-client/api/simple_server.go:2925.27,2928.3 2 0
KNIRVENGINE/desktop-client/api/simple_server.go:2931.2,2949.16 3 0
KNIRVENGINE/desktop-client/api/simple_server.go:2949.16,2953.3 3 0
KNIRVENGINE/desktop-client/api/simple_server.go:2955.2,2960.4 2 0
KNIRVENGINE/desktop-client/api/simple_server.go:2964.94,2968.27 3 0
KNIRVENGINE/desktop-client/api/simple_server.go:2968.27,2971.3 2 0
KNIRVENGINE/desktop-client/api/simple_server.go:2974.2,2975.16 2 0
KNIRVENGINE/desktop-client/api/simple_server.go:2975.16,2989.3 4 0
KNIRVENGINE/desktop-client/api/simple_server.go:2992.2,3003.4 3 0
KNIRVENGINE/desktop-client/api/simple_server.go:3007.87,3011.27 3 0
KNIRVENGINE/desktop-client/api/simple_server.go:3011.27,3014.3 2 0
KNIRVENGINE/desktop-client/api/simple_server.go:3017.2,3018.16 2 0
KNIRVENGINE/desktop-client/api/simple_server.go:3018.16,3022.3 3 0
KNIRVENGINE/desktop-client/api/simple_server.go:3024.2,3028.4 2 0
KNIRVENGINE/desktop-client/api/simple_server.go:3032.92,3083.2 3 0
KNIRVENGINE/desktop-client/api/simple_server.go:3086.93,3087.27 1 0
KNIRVENGINE/desktop-client/api/simple_server.go:3087.27,3090.3 2 0
KNIRVENGINE/desktop-client/api/simple_server.go:3093.2,3094.16 2 0
KNIRVENGINE/desktop-client/api/simple_server.go:3094.16,3098.3 3 0
KNIRVENGINE/desktop-client/api/simple_server.go:3100.2,3101.35 2 0
KNIRVENGINE/desktop-client/api/simple_server.go:3101.35,3104.17 2 0
KNIRVENGINE/desktop-client/api/simple_server.go:3104.17,3105.12 1 0
KNIRVENGINE/desktop-client/api/simple_server.go:3109.3,3110.17 2 0
KNIRVENGINE/desktop-client/api/simple_server.go:3110.17,3111.12 1 0
KNIRVENGINE/desktop-client/api/simple_server.go:3115.3,3116.17 2 0
KNIRVENGINE/desktop-client/api/simple_server.go:3116.17,3118.12 2 0
KNIRVENGINE/desktop-client/api/simple_server.go:3120.3,3129.65 6 0
KNIRVENGINE/desktop-client/api/simple_server.go:3129.65,3131.54 2 0
KNIRVENGINE/desktop-client/api/simple_server.go:3131.54,3132.64 1 0
KNIRVENGINE/desktop-client/api/simple_server.go:3132.64,3134.6 1 0
KNIRVENGINE/desktop-client/api/simple_server.go:3135.5,3135.59 1 0
KNIRVENGINE/desktop-client/api/simple_server.go:3135.59,3137.6 1 0
KNIRVENGINE/desktop-client/api/simple_server.go:3138.5,3138.65 1 0
KNIRVENGINE/desktop-client/api/simple_server.go:3138.65,3140.6 1 0
KNIRVENGINE/desktop-client/api/simple_server.go:3145.3,3145.22 1 0
KNIRVENGINE/desktop-client/api/simple_server.go:3145.22,3146.52 1 0
KNIRVENGINE/desktop-client/api/simple_server.go:3146.52,3149.5 2 0
KNIRVENGINE/desktop-client/api/simple_server.go:3149.10,3152.5 1 0
KNIRVENGINE/desktop-client/api/simple_server.go:3155.3,3166.36 2 0
KNIRVENGINE/desktop-client/api/simple_server.go:3169.2,3172.4 2 0
KNIRVENGINE/desktop-client/api/simple_server.go:3176.104,3177.24 1 0
KNIRVENGINE/desktop-client/api/simple_server.go:3177.24,3179.3 1 0
KNIRVENGINE/desktop-client/api/simple_server.go:3182.2,3184.16 3 0
KNIRVENGINE/desktop-client/api/simple_server.go:3184.16,3186.3 1 0
KNIRVENGINE/desktop-client/api/simple_server.go:3189.2,3190.39 2 0
KNIRVENGINE/desktop-client/api/simple_server.go:3190.39,3191.42 1 0
KNIRVENGINE/desktop-client/api/simple_server.go:3191.42,3193.4 1 0
KNIRVENGINE/desktop-client/api/simple_server.go:3197.2,3212.16 3 0
KNIRVENGINE/desktop-client/api/simple_server.go:3212.16,3214.3 1 0
KNIRVENGINE/desktop-client/api/simple_server.go:3214.8,3216.3 1 0
KNIRVENGINE/desktop-client/api/simple_server.go:3220.97,3221.27 1 0
KNIRVENGINE/desktop-client/api/simple_server.go:3221.27,3223.3 1 0
KNIRVENGINE/desktop-client/api/simple_server.go:3226.2,3226.9 1 0
KNIRVENGINE/desktop-client/api/simple_server.go:3227.20,3229.9 2 0
KNIRVENGINE/desktop-client/api/simple_server.go:3230.10,3230.10 0 0
KNIRVENGINE/desktop-client/api/simple_server.go:3234.2,3234.61 1 0
KNIRVENGINE/desktop-client/api/simple_server.go:3234.61,3236.3 1 0
KNIRVENGINE/desktop-client/api/simple_server.go:3239.2,3246.85 2 0
KNIRVENGINE/desktop-client/api/simple_server.go:3246.85,3249.3 2 0
KNIRVENGINE/desktop-client/api/simple_server.go:3251.2,3251.66 1 0
KNIRVENGINE/desktop-client/api/simple_server.go:3255.85,3265.2 3 0
KNIRVENGINE/desktop-client/api/simple_server.go:3268.43,3269.49 1 0
KNIRVENGINE/desktop-client/api/simple_server.go:3269.49,3271.3 1 0
KNIRVENGINE/desktop-client/api/simple_server.go:3273.2,3277.16 3 0
KNIRVENGINE/desktop-client/api/simple_server.go:3277.16,3280.3 2 0
KNIRVENGINE/desktop-client/api/simple_server.go:3283.2,3284.16 2 0
KNIRVENGINE/desktop-client/api/simple_server.go:3284.16,3287.3 2 0
KNIRVENGINE/desktop-client/api/simple_server.go:3290.2,3291.33 2 0
KNIRVENGINE/desktop-client/api/simple_server.go:3291.33,3293.3 1 0
KNIRVENGINE/desktop-client/api/simple_server.go:3295.2,3296.38 2 0
KNIRVENGINE/desktop-client/api/simple_server.go:3296.38,3298.3 1 0
KNIRVENGINE/desktop-client/api/simple_server.go:3301.2,3301.33 1 0
KNIRVENGINE/desktop-client/api/simple_server.go:3301.33,3302.34 1 0
KNIRVENGINE/desktop-client/api/simple_server.go:3302.34,3304.4 1 0
KNIRVENGINE/desktop-client/api/simple_server.go:3308.2,3308.38 1 0
KNIRVENGINE/desktop-client/api/simple_server.go:3308.38,3309.43 1 0
KNIRVENGINE/desktop-client/api/simple_server.go:3309.43,3312.18 2 0
KNIRVENGINE/desktop-client/api/simple_server.go:3312.18,3314.13 2 0
KNIRVENGINE/desktop-client/api/simple_server.go:3316.4,3316.44 1 0
KNIRVENGINE/desktop-client/api/simple_server.go:3320.2,3320.125 1 0
KNIRVENGINE/desktop-client/api/simple_server.go:3324.92,3328.27 3 0
KNIRVENGINE/desktop-client/api/simple_server.go:3328.27,3331.3 2 0
KNIRVENGINE/desktop-client/api/simple_server.go:3334.2,3335.16 2 0
KNIRVENGINE/desktop-client/api/simple_server.go:3335.16,3339.3 3 0
KNIRVENGINE/desktop-client/api/simple_server.go:3341.2,3344.4 2 0
KNIRVENGINE/desktop-client/api/simple_server.go:3352.88,3361.65 4 0
KNIRVENGINE/desktop-client/api/simple_server.go:3361.65,3364.3 2 0
KNIRVENGINE/desktop-client/api/simple_server.go:3367.2,3367.64 1 0
KNIRVENGINE/desktop-client/api/simple_server.go:3367.64,3370.3 2 0
KNIRVENGINE/desktop-client/api/simple_server.go:3377.2,3385.16 3 0
KNIRVENGINE/desktop-client/api/simple_server.go:3385.16,3389.3 3 0
KNIRVENGINE/desktop-client/api/simple_server.go:3392.2,3406.16 5 0
KNIRVENGINE/desktop-client/api/simple_server.go:3406.16,3420.3 6 0
KNIRVENGINE/desktop-client/api/simple_server.go:3423.2,3434.37 4 0
KNIRVENGINE/desktop-client/api/simple_server.go:3438.87,3452.2 6 0
KNIRVENGINE/desktop-client/api/simple_server.go:3455.92,3466.2 6 0
KNIRVENGINE/desktop-client/api/simple_server.go:3469.94,3480.2 6 0
KNIRVENGINE/desktop-client/api/simple_server.go:3483.94,3492.65 5 0
KNIRVENGINE/desktop-client/api/simple_server.go:3492.65,3495.3 2 0
KNIRVENGINE/desktop-client/api/simple_server.go:3497.2,3502.4 3 0
KNIRVENGINE/desktop-client/api/simple_server.go:3506.90,3514.20 6 0
KNIRVENGINE/desktop-client/api/simple_server.go:3514.20,3515.61 1 0
KNIRVENGINE/desktop-client/api/simple_server.go:3515.61,3517.4 1 0
KNIRVENGINE/desktop-client/api/simple_server.go:3521.2,3530.23 2 0
KNIRVENGINE/desktop-client/api/simple_server.go:3530.23,3532.3 1 0
KNIRVENGINE/desktop-client/api/simple_server.go:3534.2,3539.4 3 0
KNIRVENGINE/desktop-client/api/simple_server.go:3543.88,3549.43 2 0
KNIRVENGINE/desktop-client/api/simple_server.go:3549.43,3550.20 1 0
KNIRVENGINE/desktop-client/api/simple_server.go:3550.20,3557.5 2 0
KNIRVENGINE/desktop-client/api/simple_server.go:3557.10,3560.5 1 0
KNIRVENGINE/desktop-client/api/simple_server.go:3565.2,3566.16 2 0
KNIRVENGINE/desktop-client/api/simple_server.go:3566.16,3569.3 2 0
KNIRVENGINE/desktop-client/api/simple_server.go:3570.2,3581.15 6 0
KNIRVENGINE/desktop-client/api/simple_server.go:3581.15,3585.3 3 0
KNIRVENGINE/desktop-client/api/simple_server.go:3587.2,3597.55 3 0
KNIRVENGINE/desktop-client/api/simple_server.go:3597.55,3600.3 2 0
KNIRVENGINE/desktop-client/api/simple_server.go:3603.2,3603.6 1 0
KNIRVENGINE/desktop-client/api/simple_server.go:3603.6,3605.49 2 0
KNIRVENGINE/desktop-client/api/simple_server.go:3605.49,3606.103 1 0
KNIRVENGINE/desktop-client/api/simple_server.go:3606.103,3608.5 1 0
KNIRVENGINE/desktop-client/api/simple_server.go:3609.4,3609.9 1 0
KNIRVENGINE/desktop-client/api/simple_server.go:3613.3,3613.50 1 0
KNIRVENGINE/desktop-client/api/simple_server.go:3613.50,3614.19 1 0
KNIRVENGINE/desktop-client/api/simple_server.go:3615.16,3621.55 2 0
KNIRVENGINE/desktop-client/api/simple_server.go:3621.55,3624.6 2 0
KNIRVENGINE/desktop-client/api/simple_server.go:3625.21,3627.62 1 0
KNIRVENGINE/desktop-client/api/simple_server.go:3628.12,3629.62 1 0
KNIRVENGINE/desktop-client/api/simple_server.go:3636.97,3639.19 2 0
KNIRVENGINE/desktop-client/api/simple_server.go:3639.19,3642.3 2 0
KNIRVENGINE/desktop-client/api/simple_server.go:3645.2,3646.43 1 0
KNIRVENGINE/desktop-client/api/simple_server.go:3646.43,3650.4 2 0
KNIRVENGINE/desktop-client/api/simple_server.go:3654.2,3655.16 2 0
KNIRVENGINE/desktop-client/api/simple_server.go:3655.16,3658.3 2 0
KNIRVENGINE/desktop-client/api/simple_server.go:3659.2,3664.6 3 0
KNIRVENGINE/desktop-client/api/simple_server.go:3664.6,3666.49 2 0
KNIRVENGINE/desktop-client/api/simple_server.go:3666.49,3667.103 1 0
KNIRVENGINE/desktop-client/api/simple_server.go:3667.103,3669.5 1 0
KNIRVENGINE/desktop-client/api/simple_server.go:3670.4,3670.9 1 0
KNIRVENGINE/desktop-client/api/simple_server.go:3674.3,3674.50 1 0
KNIRVENGINE/desktop-client/api/simple_server.go:3674.50,3675.19 1 0
KNIRVENGINE/desktop-client/api/simple_server.go:3676.16,3683.52 2 0
KNIRVENGINE/desktop-client/api/simple_server.go:3683.52,3686.6 2 0
KNIRVENGINE/desktop-client/api/simple_server.go:3687.26,3695.52 3 0
KNIRVENGINE/desktop-client/api/simple_server.go:3695.52,3698.6 2 0
KNIRVENGINE/desktop-client/api/simple_server.go:3699.12,3700.67 1 0
KNIRVENGINE/desktop-client/api/simple_server.go:3709.93,3719.65 4 0
KNIRVENGINE/desktop-client/api/simple_server.go:3719.65,3722.3 2 0
KNIRVENGINE/desktop-client/api/simple_server.go:3724.2,3725.16 2 0
KNIRVENGINE/desktop-client/api/simple_server.go:3725.16,3728.3 2 0
KNIRVENGINE/desktop-client/api/simple_server.go:3730.2,3731.36 2 0
KNIRVENGINE/desktop-client/api/simple_server.go:3735.92,3740.16 4 0
KNIRVENGINE/desktop-client/api/simple_server.go:3740.16,3743.3 2 0
KNIRVENGINE/desktop-client/api/simple_server.go:3745.2,3746.37 2 0
KNIRVENGINE/desktop-client/api/simple_server.go:3750.92,3759.65 4 0
KNIRVENGINE/desktop-client/api/simple_server.go:3759.65,3762.3 2 0
KNIRVENGINE/desktop-client/api/simple_server.go:3764.2,3764.24 1 0
KNIRVENGINE/desktop-client/api/simple_server.go:3764.24,3766.3 1 0
KNIRVENGINE/desktop-client/api/simple_server.go:3768.2,3769.16 2 0
KNIRVENGINE/desktop-client/api/simple_server.go:3769.16,3772.3 2 0
KNIRVENGINE/desktop-client/api/simple_server.go:3774.2,3775.35 2 0
KNIRVENGINE/desktop-client/api/simple_server.go:3779.91,3784.16 4 0
KNIRVENGINE/desktop-client/api/simple_server.go:3784.16,3787.3 2 0
KNIRVENGINE/desktop-client/api/simple_server.go:3789.2,3790.36 2 0
KNIRVENGINE/desktop-client/api/simple_server.go:3794.97,3800.16 5 0
KNIRVENGINE/desktop-client/api/simple_server.go:3800.16,3803.3 2 0
KNIRVENGINE/desktop-client/api/simple_server.go:3805.2,3813.37 3 0
KNIRVENGINE/desktop-client/api/simple_server.go:3817.98,3822.16 4 0
KNIRVENGINE/desktop-client/api/simple_server.go:3822.16,3825.3 2 0
KNIRVENGINE/desktop-client/api/simple_server.go:3827.2,3828.35 2 0
KNIRVENGINE/desktop-client/api/simple_server.go:3832.96,3837.16 4 0
KNIRVENGINE/desktop-client/api/simple_server.go:3837.16,3840.3 2 0
KNIRVENGINE/desktop-client/api/simple_server.go:3842.2,3843.36 2 0
KNIRVENGINE/desktop-client/api/simple_server.go:3847.97,3853.16 5 0
KNIRVENGINE/desktop-client/api/simple_server.go:3853.16,3856.3 2 0
KNIRVENGINE/desktop-client/api/simple_server.go:3858.2,3859.38 2 0
KNIRVENGINE/desktop-client/api/simple_server.go:3863.90,3904.2 8 0
KNIRVENGINE/desktop-client/api/simple_server.go:3907.93,3917.2 4 0
KNIRVENGINE/desktop-client/api/simple_server.go:3920.80,3927.33 4 0
KNIRVENGINE/desktop-client/api/simple_server.go:3927.33,3929.34 1 0
KNIRVENGINE/desktop-client/api/simple_server.go:3929.34,3930.118 1 0
KNIRVENGINE/desktop-client/api/simple_server.go:3930.118,3948.5 2 0
KNIRVENGINE/desktop-client/api/simple_server.go:3952.2,3952.21 1 0
KNIRVENGINE/desktop-client/api/simple_server.go:3956.88,3957.27 1 0
KNIRVENGINE/desktop-client/api/simple_server.go:3957.27,3963.3 5 0
KNIRVENGINE/desktop-client/api/simple_server.go:3965.2,3974.23 7 0
KNIRVENGINE/desktop-client/api/simple_server.go:3974.23,3980.17 3 0
KNIRVENGINE/desktop-client/api/simple_server.go:3980.17,3983.4 2 0
KNIRVENGINE/desktop-client/api/simple_server.go:3983.9,3985.4 1 0
KNIRVENGINE/desktop-client/api/simple_server.go:3988.3,3988.49 1 0
KNIRVENGINE/desktop-client/api/simple_server.go:3988.49,3991.4 2 0
KNIRVENGINE/desktop-client/api/simple_server.go:3993.3,3994.42 2 0
KNIRVENGINE/desktop-client/api/simple_server.go:3996.8,4000.30 2 0
KNIRVENGINE/desktop-client/api/simple_server.go:4000.30,4002.59 1 0
KNIRVENGINE/desktop-client/api/simple_server.go:4002.59,4007.48 3 0
KNIRVENGINE/desktop-client/api/simple_server.go:4007.48,4010.6 2 0
KNIRVENGINE/desktop-client/api/simple_server.go:4012.9,4014.47 1 0
KNIRVENGINE/desktop-client/api/simple_server.go:4014.47,4017.5 2 0
KNIRVENGINE/desktop-client/api/simple_server.go:4020.3,4021.41 2 0
KNIRVENGINE/desktop-client/api/simple_server.go:4025.2,4033.21 2 0
KNIRVENGINE/desktop-client/api/simple_server.go:4033.21,4038.3 3 0
KNIRVENGINE/desktop-client/api/simple_server.go:4040.2,4040.60 1 0
KNIRVENGINE/desktop-client/api/simple_server.go:4040.60,4043.3 2 0
KNIRVENGINE/desktop-client/api/simple_server.go:4047.88,4048.27 1 0
KNIRVENGINE/desktop-client/api/simple_server.go:4048.27,4054.3 5 0
KNIRVENGINE/desktop-client/api/simple_server.go:4056.2,4068.29 6 0
KNIRVENGINE/desktop-client/api/simple_server.go:4068.29,4070.3 1 0
KNIRVENGINE/desktop-client/api/simple_server.go:4072.2,4072.60 1 0
KNIRVENGINE/desktop-client/api/simple_server.go:4072.60,4075.3 2 0
KNIRVENGINE/desktop-client/api/simple_server.go:4079.88,4080.27 1 0
KNIRVENGINE/desktop-client/api/simple_server.go:4080.27,4086.3 5 0
KNIRVENGINE/desktop-client/api/simple_server.go:4088.2,4104.35 9 0
KNIRVENGINE/desktop-client/api/simple_server.go:4104.35,4106.17 2 0
KNIRVENGINE/desktop-client/api/simple_server.go:4106.17,4108.12 2 0
KNIRVENGINE/desktop-client/api/simple_server.go:4110.3,4110.32 1 0
KNIRVENGINE/desktop-client/api/simple_server.go:4110.32,4112.4 1 0
KNIRVENGINE/desktop-client/api/simple_server.go:4116.2,4116.40 1 0
KNIRVENGINE/desktop-client/api/simple_server.go:4116.40,4118.17 2 0
KNIRVENGINE/desktop-client/api/simple_server.go:4118.17,4121.4 2 0
KNIRVENGINE/desktop-client/api/simple_server.go:4121.9,4124.4 2 0
KNIRVENGINE/desktop-client/api/simple_server.go:4128.2,4128.27 1 0
KNIRVENGINE/desktop-client/api/simple_server.go:4128.27,4130.22 2 0
KNIRVENGINE/desktop-client/api/simple_server.go:4130.22,4133.18 2 0
KNIRVENGINE/desktop-client/api/simple_server.go:4133.18,4136.5 2 0
KNIRVENGINE/desktop-client/api/simple_server.go:4136.10,4138.46 1 0
KNIRVENGINE/desktop-client/api/simple_server.go:4138.46,4140.20 2 0
KNIRVENGINE/desktop-client/api/simple_server.go:4140.20,4143.7 2 0
KNIRVENGINE/desktop-client/api/simple_server.go:4143.12,4146.7 2 0
KNIRVENGINE/desktop-client/api/simple_server.go:4152.2,4163.21 3 0
KNIRVENGINE/desktop-client/api/simple_server.go:4163.21,4166.3 2 0
KNIRVENGINE/desktop-client/api/simple_server.go:4166.8,4168.3 1 0
KNIRVENGINE/desktop-client/api/simple_server.go:4170.2,4170.60 1 0
KNIRVENGINE/desktop-client/api/simple_server.go:4170.60,4173.3 2 0
KNIRVENGINE/desktop-client/api/simple_server.go:4177.94,4184.16 3 0
KNIRVENGINE/desktop-client/api/simple_server.go:4184.16,4186.3 1 0
KNIRVENGINE/desktop-client/api/simple_server.go:4187.2,4224.20 6 0
KNIRVENGINE/desktop-client/api/simple_server.go:4228.80,4229.29 1 0
KNIRVENGINE/desktop-client/api/simple_server.go:4229.29,4231.3 1 0
KNIRVENGINE/desktop-client/api/simple_server.go:4234.2,4234.48 1 0
KNIRVENGINE/desktop-client/api/simple_server.go:4234.48,4235.61 1 0
KNIRVENGINE/desktop-client/api/simple_server.go:4235.61,4238.4 1 0
KNIRVENGINE/desktop-client/api/simple_server.go:4238.9,4240.4 1 0
KNIRVENGINE/desktop-client/api/simple_server.go:4243.2,4244.12 2 0
KNIRVENGINE/desktop-client/api/simple_server.go:4248.71,4252.49 2 0
KNIRVENGINE/desktop-client/api/simple_server.go:4252.49,4255.3 2 0
KNIRVENGINE/desktop-client/api/simple_server.go:4258.2,4258.33 1 0
KNIRVENGINE/desktop-client/api/simple_server.go:4258.33,4261.3 2 0
KNIRVENGINE/desktop-client/api/simple_server.go:4264.2,4264.30 1 0
KNIRVENGINE/desktop-client/api/simple_server.go:4264.30,4265.63 1 0
KNIRVENGINE/desktop-client/api/simple_server.go:4265.63,4268.4 2 0
KNIRVENGINE/desktop-client/api/simple_server.go:4272.2,4272.33 1 0
KNIRVENGINE/desktop-client/api/simple_server.go:4272.33,4273.62 1 0
KNIRVENGINE/desktop-client/api/simple_server.go:4273.62,4276.4 2 0
KNIRVENGINE/desktop-client/api/simple_server.go:4280.2,4280.34 1 0
KNIRVENGINE/desktop-client/api/simple_server.go:4280.34,4281.63 1 0
KNIRVENGINE/desktop-client/api/simple_server.go:4281.63,4284.4 2 0
KNIRVENGINE/desktop-client/api/simple_server.go:4287.2,4287.21 1 0
KNIRVENGINE/desktop-client/api/simple_server.go:4287.21,4289.3 1 0
KNIRVENGINE/desktop-client/api/simple_server.go:4291.2,4291.12 1 0
KNIRVENGINE/desktop-client/api/simple_server.go:4295.72,4298.16 2 0
KNIRVENGINE/desktop-client/api/simple_server.go:4298.16,4300.3 1 0
KNIRVENGINE/desktop-client/api/simple_server.go:4303.2,4303.31 1 0
KNIRVENGINE/desktop-client/api/simple_server.go:4303.31,4304.64 1 0
KNIRVENGINE/desktop-client/api/simple_server.go:4304.64,4307.4 1 0
KNIRVENGINE/desktop-client/api/simple_server.go:4307.9,4309.4 1 0
KNIRVENGINE/desktop-client/api/simple_server.go:4312.2,4312.12 1 0
KNIRVENGINE/desktop-client/api/simple_server.go:4318.94,4319.30 1 0
KNIRVENGINE/desktop-client/api/simple_server.go:4319.30,4322.3 2 0
KNIRVENGINE/desktop-client/api/simple_server.go:4324.2,4328.16 4 0
KNIRVENGINE/desktop-client/api/simple_server.go:4328.16,4331.3 2 0
KNIRVENGINE/desktop-client/api/simple_server.go:4333.2,4336.4 2 0
KNIRVENGINE/desktop-client/api/simple_server.go:4340.92,4341.30 1 0
KNIRVENGINE/desktop-client/api/simple_server.go:4341.30,4344.3 2 0
KNIRVENGINE/desktop-client/api/simple_server.go:4346.2,4350.61 2 0
KNIRVENGINE/desktop-client/api/simple_server.go:4350.61,4353.3 2 0
KNIRVENGINE/desktop-client/api/simple_server.go:4355.2,4355.23 1 0
KNIRVENGINE/desktop-client/api/simple_server.go:4355.23,4358.3 2 0
KNIRVENGINE/desktop-client/api/simple_server.go:4360.2,4364.16 4 0
KNIRVENGINE/desktop-client/api/simple_server.go:4364.16,4367.3 2 0
KNIRVENGINE/desktop-client/api/simple_server.go:4369.2,4373.4 2 0
KNIRVENGINE/desktop-client/api/simple_server.go:4377.94,4378.30 1 0
KNIRVENGINE/desktop-client/api/simple_server.go:4378.30,4381.3 2 0
KNIRVENGINE/desktop-client/api/simple_server.go:4383.2,4388.61 2 0
KNIRVENGINE/desktop-client/api/simple_server.go:4388.61,4391.3 2 0
KNIRVENGINE/desktop-client/api/simple_server.go:4393.2,4393.44 1 0
KNIRVENGINE/desktop-client/api/simple_server.go:4393.44,4396.3 2 0
KNIRVENGINE/desktop-client/api/simple_server.go:4398.2,4401.93 3 0
KNIRVENGINE/desktop-client/api/simple_server.go:4401.93,4404.3 2 0
KNIRVENGINE/desktop-client/api/simple_server.go:4406.2,4411.4 2 0
KNIRVENGINE/desktop-client/api/simple_server.go:4415.99,4416.30 1 0
KNIRVENGINE/desktop-client/api/simple_server.go:4416.30,4419.3 2 0
KNIRVENGINE/desktop-client/api/simple_server.go:4421.2,4425.16 4 0
KNIRVENGINE/desktop-client/api/simple_server.go:4425.16,4428.3 2 0
KNIRVENGINE/desktop-client/api/simple_server.go:4430.2,4433.4 2 0
KNIRVENGINE/desktop-client/api/simple_server.go:4437.101,4438.30 1 0
KNIRVENGINE/desktop-client/api/simple_server.go:4438.30,4441.3 2 0
KNIRVENGINE/desktop-client/api/simple_server.go:4443.2,4447.16 4 0
KNIRVENGINE/desktop-client/api/simple_server.go:4447.16,4450.3 2 0
KNIRVENGINE/desktop-client/api/simple_server.go:4452.2,4453.39 2 0
KNIRVENGINE/desktop-client/api/simple_server.go:4459.96,4464.16 3 0
KNIRVENGINE/desktop-client/api/simple_server.go:4464.16,4468.3 3 0
KNIRVENGINE/desktop-client/api/simple_server.go:4471.2,4472.41 2 0
KNIRVENGINE/desktop-client/api/simple_server.go:4472.41,4491.3 3 0
KNIRVENGINE/desktop-client/api/simple_server.go:4493.2,4493.75 1 0
KNIRVENGINE/desktop-client/api/simple_server.go:4497.88,4510.65 2 0
KNIRVENGINE/desktop-client/api/simple_server.go:4510.65,4513.3 2 0
KNIRVENGINE/desktop-client/api/simple_server.go:4516.2,4532.72 3 0
KNIRVENGINE/desktop-client/api/simple_server.go:4532.72,4536.3 3 0
KNIRVENGINE/desktop-client/api/simple_server.go:4539.2,4558.71 4 0
KNIRVENGINE/desktop-client/api/simple_server.go:4562.87,4564.17 2 0
KNIRVENGINE/desktop-client/api/simple_server.go:4564.17,4567.3 2 0
KNIRVENGINE/desktop-client/api/simple_server.go:4569.2,4571.16 3 0
KNIRVENGINE/desktop-client/api/simple_server.go:4571.16,4575.3 3 0
KNIRVENGINE/desktop-client/api/simple_server.go:4578.2,4579.41 2 0
KNIRVENGINE/desktop-client/api/simple_server.go:4579.41,4581.81 1 0
KNIRVENGINE/desktop-client/api/simple_server.go:4581.81,4601.4 3 0
KNIRVENGINE/desktop-client/api/simple_server.go:4604.2,4604.90 1 0
KNIRVENGINE/desktop-client/api/simple_server.go:4608.95,4614.16 5 0
KNIRVENGINE/desktop-client/api/simple_server.go:4614.16,4618.3 3 0
KNIRVENGINE/desktop-client/api/simple_server.go:4621.2,4624.72 3 0
KNIRVENGINE/desktop-client/api/simple_server.go:4624.72,4628.3 3 0
KNIRVENGINE/desktop-client/api/simple_server.go:4631.2,4650.70 4 0
KNIRVENGINE/desktop-client/api/simple_server.go:4654.97,4660.16 5 0
KNIRVENGINE/desktop-client/api/simple_server.go:4660.16,4664.3 3 0
KNIRVENGINE/desktop-client/api/simple_server.go:4667.2,4670.72 3 0
KNIRVENGINE/desktop-client/api/simple_server.go:4670.72,4674.3 3 0
KNIRVENGINE/desktop-client/api/simple_server.go:4677.2,4696.72 4 0
KNIRVENGINE/desktop-client/api/simple_server.go:4700.89,4706.16 5 0
KNIRVENGINE/desktop-client/api/simple_server.go:4706.16,4710.3 3 0
KNIRVENGINE/desktop-client/api/simple_server.go:4713.2,4713.88 1 0
KNIRVENGINE/desktop-client/api/simple_server.go:4717.92,4722.68 4 0
KNIRVENGINE/desktop-client/api/simple_server.go:4722.68,4725.3 2 0
KNIRVENGINE/desktop-client/api/simple_server.go:4727.2,4729.16 3 0
KNIRVENGINE/desktop-client/api/simple_server.go:4729.16,4733.3 3 0
KNIRVENGINE/desktop-client/api/simple_server.go:4736.2,4739.72 3 0
KNIRVENGINE/desktop-client/api/simple_server.go:4739.72,4743.3 3 0
KNIRVENGINE/desktop-client/api/simple_server.go:4745.2,4745.86 1 0
KNIRVENGINE/desktop-client/api/simple_server.go:4749.90,4755.16 5 0
KNIRVENGINE/desktop-client/api/simple_server.go:4755.16,4759.3 3 0
KNIRVENGINE/desktop-client/api/simple_server.go:4762.2,4763.41 2 0
KNIRVENGINE/desktop-client/api/simple_server.go:4763.41,4764.37 1 0
KNIRVENGINE/desktop-client/api/simple_server.go:4764.37,4783.4 3 0
KNIRVENGINE/desktop-client/api/simple_server.go:4786.2,4786.127 1 0
KNIRVENGINE/desktop-client/api/simple_server.go:4790.92,4796.16 5 0
KNIRVENGINE/desktop-client/api/simple_server.go:4796.16,4800.3 3 0
KNIRVENGINE/desktop-client/api/simple_server.go:4803.2,4804.41 2 0
KNIRVENGINE/desktop-client/api/simple_server.go:4804.41,4805.36 1 0
KNIRVENGINE/desktop-client/api/simple_server.go:4805.36,4824.4 3 0
KNIRVENGINE/desktop-client/api/simple_server.go:4827.2,4827.128 1 0
KNIRVENGINE/desktop-client/api/simple_server.go:4831.97,4837.16 5 0
KNIRVENGINE/desktop-client/api/simple_server.go:4837.16,4841.3 3 0
KNIRVENGINE/desktop-client/api/simple_server.go:4844.2,4845.41 2 0
KNIRVENGINE/desktop-client/api/simple_server.go:4845.41,4846.55 1 0
KNIRVENGINE/desktop-client/api/simple_server.go:4846.55,4847.33 1 0
KNIRVENGINE/desktop-client/api/simple_server.go:4847.33,4866.10 4 0
KNIRVENGINE/desktop-client/api/simple_server.go:4871.2,4871.139 1 0
KNIRVENGINE/desktop-client/api/simple_server.go:4877.87,4885.65 2 0
KNIRVENGINE/desktop-client/api/simple_server.go:4885.65,4888.3 2 0
KNIRVENGINE/desktop-client/api/simple_server.go:4891.2,4891.82 1 0
KNIRVENGINE/desktop-client/api/simple_server.go:4891.82,4894.3 2 0
KNIRVENGINE/desktop-client/api/simple_server.go:4897.2,4898.9 2 0
KNIRVENGINE/desktop-client/api/simple_server.go:4898.9,4901.3 2 0
KNIRVENGINE/desktop-client/api/simple_server.go:4904.2,4904.30 1 0
KNIRVENGINE/desktop-client/api/simple_server.go:4904.30,4914.17 4 0
KNIRVENGINE/desktop-client/api/simple_server.go:4914.17,4923.4 4 0
KNIRVENGINE/desktop-client/api/simple_server.go:4925.3,4931.9 3 0
KNIRVENGINE/desktop-client/api/simple_server.go:4935.2,4939.4 2 0
KNIRVENGINE/desktop-client/api/simple_server.go:4943.84,4951.65 2 0
KNIRVENGINE/desktop-client/api/simple_server.go:4951.65,4954.3 2 0
KNIRVENGINE/desktop-client/api/simple_server.go:4957.2,4957.52 1 0
KNIRVENGINE/desktop-client/api/simple_server.go:4957.52,4960.3 2 0
KNIRVENGINE/desktop-client/api/simple_server.go:4963.2,4963.29 1 0
KNIRVENGINE/desktop-client/api/simple_server.go:4963.29,4965.3 1 0
KNIRVENGINE/desktop-client/api/simple_server.go:4968.2,4968.30 1 0
KNIRVENGINE/desktop-client/api/simple_server.go:4968.30,4978.17 4 0
KNIRVENGINE/desktop-client/api/simple_server.go:4978.17,4986.4 4 0
KNIRVENGINE/desktop-client/api/simple_server.go:4988.3,4995.9 3 0
KNIRVENGINE/desktop-client/api/simple_server.go:4999.2,5003.4 2 0
KNIRVENGINE/desktop-client/api/simple_server.go:5007.90,5014.65 2 0
KNIRVENGINE/desktop-client/api/simple_server.go:5014.65,5017.3 2 0
KNIRVENGINE/desktop-client/api/simple_server.go:5020.2,5020.52 1 0
KNIRVENGINE/desktop-client/api/simple_server.go:5020.52,5023.3 2 0
KNIRVENGINE/desktop-client/api/simple_server.go:5026.2,5026.30 1 0
KNIRVENGINE/desktop-client/api/simple_server.go:5026.30,5037.17 5 0
KNIRVENGINE/desktop-client/api/simple_server.go:5037.17,5045.4 4 0
KNIRVENGINE/desktop-client/api/simple_server.go:5047.3,5053.9 3 0
KNIRVENGINE/desktop-client/api/simple_server.go:5057.2,5061.4 2 0
KNIRVENGINE/desktop-client/api/simple_server.go:5065.91,5069.19 3 0
KNIRVENGINE/desktop-client/api/simple_server.go:5069.19,5072.3 2 0
KNIRVENGINE/desktop-client/api/simple_server.go:5074.2,5074.18 1 0
KNIRVENGINE/desktop-client/api/simple_server.go:5075.14,5081.66 2 0
KNIRVENGINE/desktop-client/api/simple_server.go:5081.66,5084.4 2 0
KNIRVENGINE/desktop-client/api/simple_server.go:5087.3,5087.30 1 0
KNIRVENGINE/desktop-client/api/simple_server.go:5087.30,5089.4 1 0
KNIRVENGINE/desktop-client/api/simple_server.go:5091.3,5097.5 2 0
KNIRVENGINE/desktop-client/api/simple_server.go:5099.13,5102.22 2 0
KNIRVENGINE/desktop-client/api/simple_server.go:5102.22,5105.4 2 0
KNIRVENGINE/desktop-client/api/simple_server.go:5107.3,5113.5 2 0
KNIRVENGINE/desktop-client/api/simple_server.go:5115.10,5116.67 1 0
KNIRVENGINE/desktop-client/api/simple_server.go:5121.91,5125.19 3 0
KNIRVENGINE/desktop-client/api/simple_server.go:5125.19,5128.3 2 0
KNIRVENGINE/desktop-client/api/simple_server.go:5130.2,5149.4 4 0
KNIRVENGINE/desktop-client/api/simple_server.go:5153.89,5154.18 1 0
KNIRVENGINE/desktop-client/api/simple_server.go:5155.14,5163.66 2 0
KNIRVENGINE/desktop-client/api/simple_server.go:5163.66,5166.4 2 0
KNIRVENGINE/desktop-client/api/simple_server.go:5168.3,5168.55 1 0
KNIRVENGINE/desktop-client/api/simple_server.go:5168.55,5171.4 2 0
KNIRVENGINE/desktop-client/api/simple_server.go:5173.3,5177.5 2 0
KNIRVENGINE/desktop-client/api/simple_server.go:5179.13,5182.22 2 0
KNIRVENGINE/desktop-client/api/simple_server.go:5182.22,5185.4 2 0
KNIRVENGINE/desktop-client/api/simple_server.go:5187.3,5192.5 2 0
KNIRVENGINE/desktop-client/api/simple_server.go:5194.10,5195.67 1 0
KNIRVENGINE/desktop-client/api/simple_server.go:5200.95,5207.65 2 0
KNIRVENGINE/desktop-client/api/simple_server.go:5207.65,5210.3 2 0
KNIRVENGINE/desktop-client/api/simple_server.go:5212.2,5212.54 1 0
KNIRVENGINE/desktop-client/api/simple_server.go:5212.54,5215.3 2 0
KNIRVENGINE/desktop-client/api/simple_server.go:5219.2,5225.4 2 0
KNIRVENGINE/desktop-client/api/standard_response.go:28.82,38.2 4 0
KNIRVENGINE/desktop-client/api/standard_response.go:41.107,51.2 4 0
KNIRVENGINE/desktop-client/api/standard_response.go:54.90,65.2 4 0
KNIRVENGINE/desktop-client/api/standard_response.go:68.101,78.2 4 0
KNIRVENGINE/desktop-client/api/standard_response.go:81.77,83.2 1 0
KNIRVENGINE/desktop-client/api/standard_response.go:86.66,88.2 1 0
KNIRVENGINE/desktop-client/api/standard_response.go:91.75,93.2 1 0
KNIRVENGINE/desktop-client/api/standard_response.go:96.74,98.2 1 0
KNIRVENGINE/desktop-client/api/standard_response.go:101.71,103.2 1 0
KNIRVENGINE/desktop-client/api/standard_response.go:106.70,108.2 1 0
KNIRVENGINE/desktop-client/api/standard_response.go:111.82,113.2 1 0
KNIRVENGINE/desktop-client/api/standard_response.go:116.66,125.2 4 0
KNIRVENGINE/desktop-client/api/standard_response.go:128.83,130.2 1 0
KNIRVENGINE/desktop-client/api/standard_response.go:157.54,158.16 1 0
KNIRVENGINE/desktop-client/api/standard_response.go:158.16,160.3 1 0
KNIRVENGINE/desktop-client/api/standard_response.go:164.2,164.39 1 0
KNIRVENGINE/desktop-client/api/standard_response.go:168.82,169.16 1 0
KNIRVENGINE/desktop-client/api/standard_response.go:169.16,172.3 2 0
KNIRVENGINE/desktop-client/api/standard_response.go:174.2,175.24 2 0
KNIRVENGINE/desktop-client/api/standard_response.go:175.24,177.3 1 0
KNIRVENGINE/desktop-client/api/standard_response.go:180.2,181.19 2 0
KNIRVENGINE/desktop-client/api/standard_response.go:182.48,183.37 1 0
KNIRVENGINE/desktop-client/api/standard_response.go:184.25,185.35 1 0
KNIRVENGINE/desktop-client/api/standard_response.go:186.29,187.39 1 0
KNIRVENGINE/desktop-client/api/standard_response.go:188.26,189.36 1 0
KNIRVENGINE/desktop-client/api/standard_response.go:190.25,191.35 1 0
KNIRVENGINE/desktop-client/api/standard_response.go:192.24,193.41 1 0
KNIRVENGINE/desktop-client/api/standard_response.go:194.26,195.42 1 0
KNIRVENGINE/desktop-client/api/standard_response.go:198.2,198.58 1 0
KNIRVENGINE/desktop-client/api/standard_response.go:202.48,205.2 2 0
KNIRVENGINE/desktop-client/api/standard_response.go:208.48,214.2 5 0
KNIRVENGINE/desktop-client/api/system_connection.go:22.80,26.2 1 0
KNIRVENGINE/desktop-client/api/system_connection.go:29.63,34.17 4 0
KNIRVENGINE/desktop-client/api/system_connection.go:34.17,36.3 1 0
KNIRVENGINE/desktop-client/api/system_connection.go:39.2,39.38 1 0
KNIRVENGINE/desktop-client/api/system_connection.go:39.38,41.3 1 0
KNIRVENGINE/desktop-client/api/system_connection.go:43.2,45.12 3 0
KNIRVENGINE/desktop-client/api/system_connection.go:49.66,55.2 5 0
KNIRVENGINE/desktop-client/api/system_connection.go:58.47,62.2 3 0
KNIRVENGINE/desktop-client/api/system_connection.go:65.55,74.2 1 0
KNIRVENGINE/desktop-client/api/system_connection.go:77.127,78.22 1 0
KNIRVENGINE/desktop-client/api/system_connection.go:78.22,80.3 1 0
KNIRVENGINE/desktop-client/api/system_connection.go:82.2,82.19 1 0
KNIRVENGINE/desktop-client/api/system_connection.go:83.25,84.39 1 0
KNIRVENGINE/desktop-client/api/system_connection.go:85.25,86.38 1 0
KNIRVENGINE/desktop-client/api/system_connection.go:87.25,88.39 1 0
KNIRVENGINE/desktop-client/api/system_connection.go:89.10,90.65 1 0
KNIRVENGINE/desktop-client/api/system_connection.go:95.63,106.2 3 0
KNIRVENGINE/desktop-client/api/system_connection.go:109.55,111.2 1 0
KNIRVENGINE/desktop-client/api/system_connection.go:115.116,117.19 2 0
KNIRVENGINE/desktop-client/api/system_connection.go:117.19,119.3 1 0
KNIRVENGINE/desktop-client/api/system_connection.go:121.2,122.31 2 0
KNIRVENGINE/desktop-client/api/system_connection.go:122.31,124.3 1 0
KNIRVENGINE/desktop-client/api/system_connection.go:124.8,126.3 1 0
KNIRVENGINE/desktop-client/api/system_connection.go:128.2,130.16 3 0
KNIRVENGINE/desktop-client/api/system_connection.go:130.16,131.49 1 0
KNIRVENGINE/desktop-client/api/system_connection.go:131.49,133.4 1 0
KNIRVENGINE/desktop-client/api/system_connection.go:136.2,142.8 1 0
KNIRVENGINE/desktop-client/api/system_connection.go:145.115,161.2 5 0
KNIRVENGINE/desktop-client/api/system_connection.go:163.116,169.24 5 0
KNIRVENGINE/desktop-client/api/system_connection.go:169.24,171.42 1 0
KNIRVENGINE/desktop-client/api/system_connection.go:171.42,175.4 3 0
KNIRVENGINE/desktop-client/api/system_connection.go:178.2,182.8 1 0
KNIRVENGINE/desktop-client/api/system_connection.go:185.35,186.22 1 0
KNIRVENGINE/desktop-client/api/system_connection.go:186.22,187.15 1 0
KNIRVENGINE/desktop-client/api/system_connection.go:187.15,189.4 1 0
KNIRVENGINE/desktop-client/api/system_connection.go:191.2,191.11 1 0
KNIRVENGINE/desktop-client/api/system_monitoring.go:62.60,77.2 1 1
KNIRVENGINE/desktop-client/api/system_monitoring.go:80.49,82.15 2 0
KNIRVENGINE/desktop-client/api/system_monitoring.go:82.15,85.3 2 0
KNIRVENGINE/desktop-client/api/system_monitoring.go:86.2,92.12 5 0
KNIRVENGINE/desktop-client/api/system_monitoring.go:96.48,98.16 2 0
KNIRVENGINE/desktop-client/api/system_monitoring.go:98.16,101.3 2 0
KNIRVENGINE/desktop-client/api/system_monitoring.go:102.2,107.12 5 0
KNIRVENGINE/desktop-client/api/system_monitoring.go:111.52,115.6 3 0
KNIRVENGINE/desktop-client/api/system_monitoring.go:115.6,116.10 1 0
KNIRVENGINE/desktop-client/api/system_monitoring.go:117.21,118.10 1 0
KNIRVENGINE/desktop-client/api/system_monitoring.go:119.19,121.19 2 0
KNIRVENGINE/desktop-client/api/system_monitoring.go:127.52,148.24 18 0
KNIRVENGINE/desktop-client/api/system_monitoring.go:148.24,150.3 1 0
KNIRVENGINE/desktop-client/api/system_monitoring.go:153.2,154.30 2 0
KNIRVENGINE/desktop-client/api/system_monitoring.go:154.30,156.3 1 0
KNIRVENGINE/desktop-client/api/system_monitoring.go:159.2,161.62 3 0
KNIRVENGINE/desktop-client/api/system_monitoring.go:165.49,170.57 3 0
KNIRVENGINE/desktop-client/api/system_monitoring.go:170.57,177.3 1 0
KNIRVENGINE/desktop-client/api/system_monitoring.go:180.2,180.67 1 0
KNIRVENGINE/desktop-client/api/system_monitoring.go:180.67,188.3 1 0
KNIRVENGINE/desktop-client/api/system_monitoring.go:191.2,191.78 1 0
KNIRVENGINE/desktop-client/api/system_monitoring.go:191.78,198.3 1 0
KNIRVENGINE/desktop-client/api/system_monitoring.go:201.2,201.34 1 0
KNIRVENGINE/desktop-client/api/system_monitoring.go:201.34,203.50 2 0
KNIRVENGINE/desktop-client/api/system_monitoring.go:203.50,212.4 1 0
KNIRVENGINE/desktop-client/api/system_monitoring.go:217.128,219.33 1 0
KNIRVENGINE/desktop-client/api/system_monitoring.go:219.33,220.49 1 0
KNIRVENGINE/desktop-client/api/system_monitoring.go:220.49,222.4 1 0
KNIRVENGINE/desktop-client/api/system_monitoring.go:225.2,239.25 3 0
KNIRVENGINE/desktop-client/api/system_monitoring.go:239.25,241.3 1 0
KNIRVENGINE/desktop-client/api/system_monitoring.go:243.2,243.72 1 0
KNIRVENGINE/desktop-client/api/system_monitoring.go:247.59,251.2 3 0
KNIRVENGINE/desktop-client/api/system_monitoring.go:254.57,258.2 3 0
KNIRVENGINE/desktop-client/api/system_monitoring.go:261.65,265.2 3 0
KNIRVENGINE/desktop-client/api/system_monitoring.go:268.63,275.44 5 0
KNIRVENGINE/desktop-client/api/system_monitoring.go:275.44,277.3 1 0
KNIRVENGINE/desktop-client/api/system_monitoring.go:279.2,279.21 1 0
KNIRVENGINE/desktop-client/api/system_monitoring.go:283.66,290.2 5 0
KNIRVENGINE/desktop-client/api/system_monitoring.go:295.96,302.17 3 0
KNIRVENGINE/desktop-client/api/system_monitoring.go:302.17,305.3 2 0
KNIRVENGINE/desktop-client/api/system_monitoring.go:309.95,317.17 3 0
KNIRVENGINE/desktop-client/api/system_monitoring.go:317.17,320.3 2 0
KNIRVENGINE/desktop-client/api/system_monitoring.go:324.95,333.31 6 0
KNIRVENGINE/desktop-client/api/system_monitoring.go:333.31,334.22 1 0
KNIRVENGINE/desktop-client/api/system_monitoring.go:334.22,335.65 1 0
KNIRVENGINE/desktop-client/api/system_monitoring.go:335.65,338.5 2 0
KNIRVENGINE/desktop-client/api/system_monitoring.go:338.10,338.42 1 0
KNIRVENGINE/desktop-client/api/system_monitoring.go:338.42,340.34 2 0
KNIRVENGINE/desktop-client/api/system_monitoring.go:340.34,342.6 1 0
KNIRVENGINE/desktop-client/api/system_monitoring.go:347.2,365.60 3 0
KNIRVENGINE/desktop-client/api/system_monitoring.go:365.60,368.3 2 0
KNIRVENGINE/desktop-client/api/system_monitoring.go:372.95,373.18 1 0
KNIRVENGINE/desktop-client/api/system_monitoring.go:374.13,386.5 5 0
KNIRVENGINE/desktop-client/api/system_monitoring.go:388.14,393.66 2 0
KNIRVENGINE/desktop-client/api/system_monitoring.go:393.66,396.4 2 0
KNIRVENGINE/desktop-client/api/system_monitoring.go:398.3,399.37 2 0
KNIRVENGINE/desktop-client/api/system_monitoring.go:399.37,400.52 1 0
KNIRVENGINE/desktop-client/api/system_monitoring.go:400.52,402.5 1 0
KNIRVENGINE/desktop-client/api/system_monitoring.go:404.3,410.5 3 0
KNIRVENGINE/desktop-client/api/system_monitoring.go:412.10,413.67 1 0
KNIRVENGINE/desktop-client/api/system_monitoring.go:418.70,423.2 4 1
KNIRVENGINE/desktop-client/api/target_system_service.go:95.52,101.2 1 1
KNIRVENGINE/desktop-client/api/target_system_service.go:104.68,117.2 12 1
KNIRVENGINE/desktop-client/api/target_system_service.go:120.72,125.21 3 1
KNIRVENGINE/desktop-client/api/target_system_service.go:125.21,127.3 1 1
KNIRVENGINE/desktop-client/api/target_system_service.go:130.2,136.25 5 1
KNIRVENGINE/desktop-client/api/target_system_service.go:136.25,138.3 1 1
KNIRVENGINE/desktop-client/api/target_system_service.go:141.2,141.26 1 1
KNIRVENGINE/desktop-client/api/target_system_service.go:141.26,143.3 1 0
KNIRVENGINE/desktop-client/api/target_system_service.go:144.2,144.34 1 1
KNIRVENGINE/desktop-client/api/target_system_service.go:144.34,146.3 1 1
KNIRVENGINE/desktop-client/api/target_system_service.go:149.2,151.12 2 1
KNIRVENGINE/desktop-client/api/target_system_service.go:155.75,160.9 4 1
KNIRVENGINE/desktop-client/api/target_system_service.go:160.9,162.3 1 1
KNIRVENGINE/desktop-client/api/target_system_service.go:164.2,164.20 1 1
KNIRVENGINE/desktop-client/api/target_system_service.go:168.82,173.35 4 1
KNIRVENGINE/desktop-client/api/target_system_service.go:173.35,174.31 1 1
KNIRVENGINE/desktop-client/api/target_system_service.go:174.31,176.4 1 1
KNIRVENGINE/desktop-client/api/target_system_service.go:179.2,179.21 1 1
KNIRVENGINE/desktop-client/api/target_system_service.go:183.72,188.9 4 0
KNIRVENGINE/desktop-client/api/target_system_service.go:188.9,190.3 1 0
KNIRVENGINE/desktop-client/api/target_system_service.go:193.2,199.12 4 0
KNIRVENGINE/desktop-client/api/target_system_service.go:203.61,208.39 3 1
KNIRVENGINE/desktop-client/api/target_system_service.go:208.39,211.3 2 0
KNIRVENGINE/desktop-client/api/target_system_service.go:214.2,216.12 2 1
KNIRVENGINE/desktop-client/api/target_system_service.go:220.83,222.2 1 1
KNIRVENGINE/desktop-client/api/target_system_service.go:225.142,230.9 4 1
KNIRVENGINE/desktop-client/api/target_system_service.go:230.9,232.3 1 0
KNIRVENGINE/desktop-client/api/target_system_service.go:235.2,235.61 1 1
KNIRVENGINE/desktop-client/api/target_system_service.go:235.61,237.3 1 0
KNIRVENGINE/desktop-client/api/target_system_service.go:240.2,241.16 2 1
KNIRVENGINE/desktop-client/api/target_system_service.go:241.16,244.3 2 0
KNIRVENGINE/desktop-client/api/target_system_service.go:247.2,251.42 3 1
KNIRVENGINE/desktop-client/api/target_system_service.go:251.42,254.3 2 0
KNIRVENGINE/desktop-client/api/target_system_service.go:257.2,258.21 2 1
KNIRVENGINE/desktop-client/api/target_system_service.go:258.21,260.3 1 0
KNIRVENGINE/desktop-client/api/target_system_service.go:263.2,267.12 4 1
KNIRVENGINE/desktop-client/api/target_system_service.go:271.86,276.9 4 1
KNIRVENGINE/desktop-client/api/target_system_service.go:276.9,278.3 1 0
KNIRVENGINE/desktop-client/api/target_system_service.go:281.2,282.9 2 1
KNIRVENGINE/desktop-client/api/target_system_service.go:282.9,285.3 2 0
KNIRVENGINE/desktop-client/api/target_system_service.go:288.2,288.45 1 1
KNIRVENGINE/desktop-client/api/target_system_service.go:288.45,290.3 1 0
KNIRVENGINE/desktop-client/api/target_system_service.go:293.2,297.12 4 1
KNIRVENGINE/desktop-client/api/target_system_service.go:301.150,307.32 5 1
KNIRVENGINE/desktop-client/api/target_system_service.go:307.32,309.3 1 0
KNIRVENGINE/desktop-client/api/target_system_service.go:312.2,312.19 1 1
KNIRVENGINE/desktop-client/api/target_system_service.go:312.19,316.3 3 1
KNIRVENGINE/desktop-client/api/target_system_service.go:318.2,318.45 1 1
KNIRVENGINE/desktop-client/api/target_system_service.go:322.90,327.9 4 1
KNIRVENGINE/desktop-client/api/target_system_service.go:327.9,329.3 1 0
KNIRVENGINE/desktop-client/api/target_system_service.go:331.2,341.61 2 1
KNIRVENGINE/desktop-client/api/target_system_service.go:341.61,343.32 2 1
KNIRVENGINE/desktop-client/api/target_system_service.go:343.32,345.4 1 1
KNIRVENGINE/desktop-client/api/target_system_service.go:348.2,348.20 1 1
KNIRVENGINE/desktop-client/api/target_system_service.go:352.102,353.21 1 1
KNIRVENGINE/desktop-client/api/target_system_service.go:354.25,355.38 1 0
KNIRVENGINE/desktop-client/api/target_system_service.go:356.28,357.41 1 1
KNIRVENGINE/desktop-client/api/target_system_service.go:358.26,359.39 1 0
KNIRVENGINE/desktop-client/api/target_system_service.go:360.25,361.38 1 0
KNIRVENGINE/desktop-client/api/target_system_service.go:362.29,363.42 1 0
KNIRVENGINE/desktop-client/api/target_system_service.go:364.24,365.37 1 0
KNIRVENGINE/desktop-client/api/target_system_service.go:366.24,367.37 1 0
KNIRVENGINE/desktop-client/api/target_system_service.go:368.10,369.69 1 0
KNIRVENGINE/desktop-client/api/target_system_service.go:376.89,381.16 3 0
KNIRVENGINE/desktop-client/api/target_system_service.go:381.16,384.3 2 0
KNIRVENGINE/desktop-client/api/target_system_service.go:386.2,389.4 2 0
KNIRVENGINE/desktop-client/api/target_system_service.go:393.90,395.64 2 1
KNIRVENGINE/desktop-client/api/target_system_service.go:395.64,398.3 2 0
KNIRVENGINE/desktop-client/api/target_system_service.go:401.2,404.48 3 1
KNIRVENGINE/desktop-client/api/target_system_service.go:404.48,407.3 2 0
KNIRVENGINE/desktop-client/api/target_system_service.go:409.2,411.35 3 1
KNIRVENGINE/desktop-client/api/target_system_service.go:415.87,420.16 4 1
KNIRVENGINE/desktop-client/api/target_system_service.go:420.16,423.3 2 0
KNIRVENGINE/desktop-client/api/target_system_service.go:425.2,426.35 2 1
KNIRVENGINE/desktop-client/api/target_system_service.go:430.90,435.64 4 0
KNIRVENGINE/desktop-client/api/target_system_service.go:435.64,438.3 2 0
KNIRVENGINE/desktop-client/api/target_system_service.go:440.2,441.48 2 0
KNIRVENGINE/desktop-client/api/target_system_service.go:441.48,444.3 2 0
KNIRVENGINE/desktop-client/api/target_system_service.go:446.2,447.35 2 0
KNIRVENGINE/desktop-client/api/target_system_service.go:451.90,455.43 3 1
KNIRVENGINE/desktop-client/api/target_system_service.go:455.43,458.3 2 0
KNIRVENGINE/desktop-client/api/target_system_service.go:460.2,460.37 1 1
KNIRVENGINE/desktop-client/api/target_system_service.go:464.85,468.57 3 1
KNIRVENGINE/desktop-client/api/target_system_service.go:468.57,471.3 2 0
KNIRVENGINE/desktop-client/api/target_system_service.go:473.2,476.4 2 1
KNIRVENGINE/desktop-client/api/target_system_service.go:480.88,484.60 3 1
KNIRVENGINE/desktop-client/api/target_system_service.go:484.60,487.3 2 0
KNIRVENGINE/desktop-client/api/target_system_service.go:489.2,492.4 2 1
KNIRVENGINE/desktop-client/api/target_system_service.go:496.92,501.16 4 0
KNIRVENGINE/desktop-client/api/target_system_service.go:501.16,504.3 2 0
KNIRVENGINE/desktop-client/api/target_system_service.go:507.2,508.16 2 0
KNIRVENGINE/desktop-client/api/target_system_service.go:508.16,511.3 2 0
KNIRVENGINE/desktop-client/api/target_system_service.go:514.2,514.50 1 0
KNIRVENGINE/desktop-client/api/target_system_service.go:514.50,521.3 3 0
KNIRVENGINE/desktop-client/api/target_system_service.go:524.2,529.4 3 0
KNIRVENGINE/desktop-client/api/target_system_service.go:533.85,542.65 4 1
KNIRVENGINE/desktop-client/api/target_system_service.go:542.65,545.3 2 0
KNIRVENGINE/desktop-client/api/target_system_service.go:547.2,548.16 2 1
KNIRVENGINE/desktop-client/api/target_system_service.go:548.16,551.3 2 0
KNIRVENGINE/desktop-client/api/target_system_service.go:553.2,556.4 2 1
KNIRVENGINE/desktop-client/api/target_system_service.go:560.87,565.16 4 1
KNIRVENGINE/desktop-client/api/target_system_service.go:565.16,568.3 2 0
KNIRVENGINE/desktop-client/api/target_system_service.go:570.2,571.35 2 1
KNIRVENGINE/desktop-client/api/target_system_service.go:575.99,585.65 4 0
KNIRVENGINE/desktop-client/api/target_system_service.go:585.65,588.3 2 0
KNIRVENGINE/desktop-client/api/target_system_service.go:591.2,591.43 1 0
KNIRVENGINE/desktop-client/api/target_system_service.go:591.43,594.3 2 0
KNIRVENGINE/desktop-client/api/target_system_service.go:597.2,598.16 2 0
KNIRVENGINE/desktop-client/api/target_system_service.go:598.16,601.3 2 0
KNIRVENGINE/desktop-client/api/target_system_service.go:603.2,608.4 2 0
KNIRVENGINE/desktop-client/api/target_system_service.go:612.99,616.67 3 0
KNIRVENGINE/desktop-client/api/target_system_service.go:616.67,619.3 2 0
KNIRVENGINE/desktop-client/api/target_system_service.go:621.2,621.37 1 0
KNIRVENGINE/desktop-client/api/target_system_service.go:625.53,630.38 3 0
KNIRVENGINE/desktop-client/api/target_system_service.go:630.38,631.25 1 0
KNIRVENGINE/desktop-client/api/target_system_service.go:631.25,633.4 1 0
KNIRVENGINE/desktop-client/api/target_system_service.go:634.3,634.28 1 0
KNIRVENGINE/desktop-client/api/target_system_service.go:638.2,640.12 3 0
KNIRVENGINE/desktop-client/api/terminal_manager.go:62.44,65.17 2 1
KNIRVENGINE/desktop-client/api/terminal_manager.go:65.17,67.49 1 0
KNIRVENGINE/desktop-client/api/terminal_manager.go:67.49,69.4 1 0
KNIRVENGINE/desktop-client/api/terminal_manager.go:69.9,69.54 1 0
KNIRVENGINE/desktop-client/api/terminal_manager.go:69.54,71.4 1 0
KNIRVENGINE/desktop-client/api/terminal_manager.go:71.9,73.4 1 0
KNIRVENGINE/desktop-client/api/terminal_manager.go:76.2,81.3 1 1
KNIRVENGINE/desktop-client/api/terminal_manager.go:85.114,90.38 3 0
KNIRVENGINE/desktop-client/api/terminal_manager.go:90.38,92.3 1 0
KNIRVENGINE/desktop-client/api/terminal_manager.go:95.2,119.21 5 0
KNIRVENGINE/desktop-client/api/terminal_manager.go:123.82,128.9 4 0
KNIRVENGINE/desktop-client/api/terminal_manager.go:128.9,130.3 1 0
KNIRVENGINE/desktop-client/api/terminal_manager.go:132.2,132.21 1 0
KNIRVENGINE/desktop-client/api/terminal_manager.go:136.73,141.37 4 0
KNIRVENGINE/desktop-client/api/terminal_manager.go:141.37,142.31 1 0
KNIRVENGINE/desktop-client/api/terminal_manager.go:142.31,144.4 1 0
KNIRVENGINE/desktop-client/api/terminal_manager.go:147.2,147.17 1 0
KNIRVENGINE/desktop-client/api/terminal_manager.go:151.64,156.9 4 0
KNIRVENGINE/desktop-client/api/terminal_manager.go:156.9,158.3 1 0
KNIRVENGINE/desktop-client/api/terminal_manager.go:161.2,161.40 1 0
KNIRVENGINE/desktop-client/api/terminal_manager.go:161.40,163.3 1 0
KNIRVENGINE/desktop-client/api/terminal_manager.go:166.2,168.12 2 0
KNIRVENGINE/desktop-client/api/terminal_manager.go:172.52,177.38 4 0
KNIRVENGINE/desktop-client/api/terminal_manager.go:177.38,178.54 1 0
KNIRVENGINE/desktop-client/api/terminal_manager.go:178.54,182.4 3 0
KNIRVENGINE/desktop-client/api/terminal_manager.go:187.41,191.18 3 0
KNIRVENGINE/desktop-client/api/terminal_manager.go:191.18,193.3 1 0
KNIRVENGINE/desktop-client/api/terminal_manager.go:196.2,199.24 2 0
KNIRVENGINE/desktop-client/api/terminal_manager.go:199.24,201.3 1 0
KNIRVENGINE/desktop-client/api/terminal_manager.go:204.2,204.20 1 0
KNIRVENGINE/desktop-client/api/terminal_manager.go:204.20,206.3 1 0
KNIRVENGINE/desktop-client/api/terminal_manager.go:206.8,208.3 1 0
KNIRVENGINE/desktop-client/api/terminal_manager.go:211.2,213.16 3 0
KNIRVENGINE/desktop-client/api/terminal_manager.go:213.16,215.3 1 0
KNIRVENGINE/desktop-client/api/terminal_manager.go:217.2,218.16 2 0
KNIRVENGINE/desktop-client/api/terminal_manager.go:218.16,220.3 1 0
KNIRVENGINE/desktop-client/api/terminal_manager.go:222.2,223.16 2 0
KNIRVENGINE/desktop-client/api/terminal_manager.go:223.16,225.3 1 0
KNIRVENGINE/desktop-client/api/terminal_manager.go:228.2,228.38 1 0
KNIRVENGINE/desktop-client/api/terminal_manager.go:228.38,230.3 1 0
KNIRVENGINE/desktop-client/api/terminal_manager.go:232.2,240.12 5 0
KNIRVENGINE/desktop-client/api/terminal_manager.go:240.12,245.17 4 0
KNIRVENGINE/desktop-client/api/terminal_manager.go:245.17,246.48 1 0
KNIRVENGINE/desktop-client/api/terminal_manager.go:246.48,248.5 1 0
KNIRVENGINE/desktop-client/api/terminal_manager.go:248.10,250.5 1 0
KNIRVENGINE/desktop-client/api/terminal_manager.go:251.4,251.23 1 0
KNIRVENGINE/desktop-client/api/terminal_manager.go:252.9,255.4 2 0
KNIRVENGINE/desktop-client/api/terminal_manager.go:258.3,262.5 1 0
KNIRVENGINE/desktop-client/api/terminal_manager.go:265.2,265.12 1 0
KNIRVENGINE/desktop-client/api/terminal_manager.go:269.41,274.25 3 0
KNIRVENGINE/desktop-client/api/terminal_manager.go:274.25,276.3 1 0
KNIRVENGINE/desktop-client/api/terminal_manager.go:279.2,279.32 1 0
KNIRVENGINE/desktop-client/api/terminal_manager.go:279.32,281.3 1 0
KNIRVENGINE/desktop-client/api/terminal_manager.go:282.2,285.20 2 0
KNIRVENGINE/desktop-client/api/terminal_manager.go:285.20,287.3 1 0
KNIRVENGINE/desktop-client/api/terminal_manager.go:289.2,290.12 2 0
KNIRVENGINE/desktop-client/api/terminal_manager.go:294.58,298.27 3 0
KNIRVENGINE/desktop-client/api/terminal_manager.go:298.27,300.3 1 0
KNIRVENGINE/desktop-client/api/terminal_manager.go:302.2,302.20 1 0
KNIRVENGINE/desktop-client/api/terminal_manager.go:302.20,304.3 1 0
KNIRVENGINE/desktop-client/api/terminal_manager.go:307.2,310.51 2 0
KNIRVENGINE/desktop-client/api/terminal_manager.go:310.51,312.3 1 0
KNIRVENGINE/desktop-client/api/terminal_manager.go:315.2,316.16 2 0
KNIRVENGINE/desktop-client/api/terminal_manager.go:316.16,318.3 1 0
KNIRVENGINE/desktop-client/api/terminal_manager.go:321.2,321.51 1 0
KNIRVENGINE/desktop-client/api/terminal_manager.go:321.51,328.3 1 0
KNIRVENGINE/desktop-client/api/terminal_manager.go:330.2,330.12 1 0
KNIRVENGINE/desktop-client/api/terminal_manager.go:334.59,351.2 5 0
KNIRVENGINE/desktop-client/api/terminal_manager.go:354.62,359.2 3 0
KNIRVENGINE/desktop-client/api/terminal_manager.go:362.63,367.2 3 0
KNIRVENGINE/desktop-client/api/terminal_manager.go:370.75,372.6 2 0
KNIRVENGINE/desktop-client/api/terminal_manager.go:372.6,374.17 2 0
KNIRVENGINE/desktop-client/api/terminal_manager.go:374.17,375.21 1 0
KNIRVENGINE/desktop-client/api/terminal_manager.go:375.21,377.5 1 0
KNIRVENGINE/desktop-client/api/terminal_manager.go:378.4,378.9 1 0
KNIRVENGINE/desktop-client/api/terminal_manager.go:381.3,381.12 1 0
KNIRVENGINE/desktop-client/api/terminal_manager.go:381.12,390.30 4 0
KNIRVENGINE/desktop-client/api/terminal_manager.go:390.30,390.44 1 0
KNIRVENGINE/desktop-client/api/terminal_manager.go:390.44,390.63 1 0
KNIRVENGINE/desktop-client/api/terminal_manager.go:390.68,390.88 1 0
KNIRVENGINE/desktop-client/api/terminal_manager.go:396.4,396.26 1 0
KNIRVENGINE/desktop-client/api/terminal_manager.go:396.26,399.5 2 0
KNIRVENGINE/desktop-client/api/terminal_manager.go:401.4,401.20 1 0
KNIRVENGINE/desktop-client/api/terminal_manager.go:407.78,408.32 1 0
KNIRVENGINE/desktop-client/api/terminal_manager.go:408.32,410.17 2 0
KNIRVENGINE/desktop-client/api/terminal_manager.go:410.17,414.4 3 0
KNIRVENGINE/desktop-client/api/terminal_manager.go:431.57,445.2 3 0
KNIRVENGINE/desktop-client/api/terminal_manager.go:448.109,453.43 1 0
KNIRVENGINE/desktop-client/api/terminal_manager.go:453.43,455.4 1 0
KNIRVENGINE/desktop-client/api/terminal_manager.go:458.2,459.16 2 0
KNIRVENGINE/desktop-client/api/terminal_manager.go:459.16,462.3 2 0
KNIRVENGINE/desktop-client/api/terminal_manager.go:463.2,467.16 3 0
KNIRVENGINE/desktop-client/api/terminal_manager.go:467.16,473.3 2 0
KNIRVENGINE/desktop-client/api/terminal_manager.go:476.2,480.33 3 0
KNIRVENGINE/desktop-client/api/terminal_manager.go:480.33,481.41 1 0
KNIRVENGINE/desktop-client/api/terminal_manager.go:481.41,487.4 2 0
KNIRVENGINE/desktop-client/api/terminal_manager.go:491.2,491.6 1 0
KNIRVENGINE/desktop-client/api/terminal_manager.go:491.6,493.17 2 0
KNIRVENGINE/desktop-client/api/terminal_manager.go:493.17,495.9 2 0
KNIRVENGINE/desktop-client/api/terminal_manager.go:499.3,499.43 1 0
KNIRVENGINE/desktop-client/api/terminal_manager.go:499.43,501.54 2 0
KNIRVENGINE/desktop-client/api/terminal_manager.go:501.54,503.13 2 0
KNIRVENGINE/desktop-client/api/terminal_manager.go:507.4,507.27 1 0
KNIRVENGINE/desktop-client/api/terminal_manager.go:508.17,510.50 1 0
KNIRVENGINE/desktop-client/api/terminal_manager.go:510.50,511.54 1 0
KNIRVENGINE/desktop-client/api/terminal_manager.go:511.54,516.7 1 0
KNIRVENGINE/desktop-client/api/terminal_manager.go:518.18,518.18 0 0
KNIRVENGINE/desktop-client/api/terminal_manager.go:521.16,525.7 1 0
KNIRVENGINE/desktop-client/api/terminal_manager.go:532.64,539.2 6 0
KNIRVENGINE/desktop-client/api/terminal_manager.go:542.87,550.35 4 0
KNIRVENGINE/desktop-client/api/terminal_manager.go:550.35,552.3 1 0
KNIRVENGINE/desktop-client/api/terminal_manager.go:554.2,557.4 2 0
KNIRVENGINE/desktop-client/api/terminal_manager.go:561.88,568.65 2 0
KNIRVENGINE/desktop-client/api/terminal_manager.go:568.65,571.3 2 0
KNIRVENGINE/desktop-client/api/terminal_manager.go:574.2,578.16 3 0
KNIRVENGINE/desktop-client/api/terminal_manager.go:578.16,581.3 2 0
KNIRVENGINE/desktop-client/api/terminal_manager.go:584.2,584.27 1 0
KNIRVENGINE/desktop-client/api/terminal_manager.go:584.27,586.3 1 0
KNIRVENGINE/desktop-client/api/terminal_manager.go:588.2,590.46 3 0
KNIRVENGINE/desktop-client/api/terminal_manager.go:594.85,599.16 4 0
KNIRVENGINE/desktop-client/api/terminal_manager.go:599.16,602.3 2 0
KNIRVENGINE/desktop-client/api/terminal_manager.go:604.2,605.46 2 0
KNIRVENGINE/desktop-client/api/terminal_manager.go:609.87,613.43 3 0
KNIRVENGINE/desktop-client/api/terminal_manager.go:613.43,616.3 2 0
KNIRVENGINE/desktop-client/api/terminal_manager.go:618.2,618.37 1 0
KNIRVENGINE/desktop-client/api/terminal_manager.go:622.92,627.16 4 0
KNIRVENGINE/desktop-client/api/terminal_manager.go:627.16,630.3 2 0
KNIRVENGINE/desktop-client/api/terminal_manager.go:632.2,635.4 2 0
KNIRVENGINE/desktop-client/api/terminal_manager.go:639.91,644.2 3 0
KNIRVENGINE/desktop-client/api/user_service.go:25.16,31.2 1 0
KNIRVENGINE/desktop-client/api/user_service.go:34.86,50.2 10 0
KNIRVENGINE/desktop-client/api/user_service.go:53.79,56.16 2 0
KNIRVENGINE/desktop-client/api/user_service.go:56.16,59.3 2 0
KNIRVENGINE/desktop-client/api/user_service.go:61.2,63.4 1 0
KNIRVENGINE/desktop-client/api/user_service.go:67.77,71.16 3 0
KNIRVENGINE/desktop-client/api/user_service.go:71.16,74.3 2 0
KNIRVENGINE/desktop-client/api/user_service.go:77.2,78.16 2 0
KNIRVENGINE/desktop-client/api/user_service.go:78.16,81.3 2 0
KNIRVENGINE/desktop-client/api/user_service.go:83.2,85.4 1 0
KNIRVENGINE/desktop-client/api/user_service.go:89.80,98.61 2 0
KNIRVENGINE/desktop-client/api/user_service.go:98.61,101.3 2 0
KNIRVENGINE/desktop-client/api/user_service.go:104.2,104.65 1 0
KNIRVENGINE/desktop-client/api/user_service.go:104.65,107.3 2 0
KNIRVENGINE/desktop-client/api/user_service.go:110.2,110.20 1 0
KNIRVENGINE/desktop-client/api/user_service.go:110.20,112.3 1 0
KNIRVENGINE/desktop-client/api/user_service.go:112.8,115.17 2 0
KNIRVENGINE/desktop-client/api/user_service.go:115.17,118.4 2 0
KNIRVENGINE/desktop-client/api/user_service.go:122.2,128.66 2 0
KNIRVENGINE/desktop-client/api/user_service.go:128.66,129.64 1 0
KNIRVENGINE/desktop-client/api/user_service.go:129.64,132.4 2 0
KNIRVENGINE/desktop-client/api/user_service.go:133.3,133.61 1 0
KNIRVENGINE/desktop-client/api/user_service.go:133.61,136.4 2 0
KNIRVENGINE/desktop-client/api/user_service.go:137.3,138.9 2 0
KNIRVENGINE/desktop-client/api/user_service.go:141.2,143.4 1 0
KNIRVENGINE/desktop-client/api/user_service.go:147.80,151.16 3 0
KNIRVENGINE/desktop-client/api/user_service.go:151.16,154.3 2 0
KNIRVENGINE/desktop-client/api/user_service.go:157.2,158.16 2 0
KNIRVENGINE/desktop-client/api/user_service.go:158.16,161.3 2 0
KNIRVENGINE/desktop-client/api/user_service.go:164.2,170.61 2 0
KNIRVENGINE/desktop-client/api/user_service.go:170.61,173.3 2 0
KNIRVENGINE/desktop-client/api/user_service.go:176.2,176.24 1 0
KNIRVENGINE/desktop-client/api/user_service.go:176.24,178.3 1 0
KNIRVENGINE/desktop-client/api/user_service.go:180.2,180.21 1 0
KNIRVENGINE/desktop-client/api/user_service.go:180.21,182.3 1 0
KNIRVENGINE/desktop-client/api/user_service.go:184.2,184.20 1 0
KNIRVENGINE/desktop-client/api/user_service.go:184.20,187.17 2 0
KNIRVENGINE/desktop-client/api/user_service.go:187.17,190.4 2 0
KNIRVENGINE/desktop-client/api/user_service.go:191.3,191.31 1 0
KNIRVENGINE/desktop-client/api/user_service.go:195.2,195.60 1 0
KNIRVENGINE/desktop-client/api/user_service.go:195.60,196.64 1 0
KNIRVENGINE/desktop-client/api/user_service.go:196.64,199.4 2 0
KNIRVENGINE/desktop-client/api/user_service.go:200.3,200.61 1 0
KNIRVENGINE/desktop-client/api/user_service.go:200.61,203.4 2 0
KNIRVENGINE/desktop-client/api/user_service.go:204.3,205.9 2 0
KNIRVENGINE/desktop-client/api/user_service.go:208.2,210.4 1 0
KNIRVENGINE/desktop-client/api/user_service.go:214.80,218.16 3 0
KNIRVENGINE/desktop-client/api/user_service.go:218.16,221.3 2 0
KNIRVENGINE/desktop-client/api/user_service.go:224.2,225.9 2 0
KNIRVENGINE/desktop-client/api/user_service.go:225.9,228.3 2 0
KNIRVENGINE/desktop-client/api/user_service.go:231.2,231.29 1 0
KNIRVENGINE/desktop-client/api/user_service.go:231.29,234.3 2 0
KNIRVENGINE/desktop-client/api/user_service.go:237.2,237.54 1 0
KNIRVENGINE/desktop-client/api/user_service.go:237.54,240.3 2 0
KNIRVENGINE/desktop-client/api/user_service.go:242.2,244.4 1 0
KNIRVENGINE/desktop-client/api/user_service.go:248.80,251.9 2 0
KNIRVENGINE/desktop-client/api/user_service.go:251.9,254.3 2 0
KNIRVENGINE/desktop-client/api/user_service.go:257.2,258.16 2 0
KNIRVENGINE/desktop-client/api/user_service.go:258.16,261.3 2 0
KNIRVENGINE/desktop-client/api/user_service.go:264.2,265.16 2 0
KNIRVENGINE/desktop-client/api/user_service.go:265.16,268.3 2 0
KNIRVENGINE/desktop-client/api/user_service.go:271.2,272.32 2 0
KNIRVENGINE/desktop-client/api/user_service.go:272.32,274.3 1 0
KNIRVENGINE/desktop-client/api/user_service.go:276.2,285.4 1 0
KNIRVENGINE/desktop-client/api/user_service.go:289.83,292.9 2 0
KNIRVENGINE/desktop-client/api/user_service.go:292.9,295.3 2 0
KNIRVENGINE/desktop-client/api/user_service.go:298.2,299.16 2 0
KNIRVENGINE/desktop-client/api/user_service.go:299.16,302.3 2 0
KNIRVENGINE/desktop-client/api/user_service.go:305.2,310.61 2 0
KNIRVENGINE/desktop-client/api/user_service.go:310.61,313.3 2 0
KNIRVENGINE/desktop-client/api/user_service.go:316.2,316.24 1 0
KNIRVENGINE/desktop-client/api/user_service.go:316.24,318.3 1 0
KNIRVENGINE/desktop-client/api/user_service.go:320.2,320.21 1 0
KNIRVENGINE/desktop-client/api/user_service.go:320.21,322.3 1 0
KNIRVENGINE/desktop-client/api/user_service.go:325.2,325.60 1 0
KNIRVENGINE/desktop-client/api/user_service.go:325.60,326.64 1 0
KNIRVENGINE/desktop-client/api/user_service.go:326.64,329.4 2 0
KNIRVENGINE/desktop-client/api/user_service.go:330.3,330.61 1 0
KNIRVENGINE/desktop-client/api/user_service.go:330.61,333.4 2 0
KNIRVENGINE/desktop-client/api/user_service.go:334.3,335.9 2 0
KNIRVENGINE/desktop-client/api/user_service.go:338.2,346.4 1 0
KNIRVENGINE/desktop-client/api/user_service.go:350.84,353.9 2 0
KNIRVENGINE/desktop-client/api/user_service.go:353.9,356.3 2 0
KNIRVENGINE/desktop-client/api/user_service.go:359.2,364.61 2 0
KNIRVENGINE/desktop-client/api/user_service.go:364.61,367.3 2 0
KNIRVENGINE/desktop-client/api/user_service.go:370.2,370.56 1 0
KNIRVENGINE/desktop-client/api/user_service.go:370.56,373.3 2 0
KNIRVENGINE/desktop-client/api/user_service.go:376.2,377.16 2 0
KNIRVENGINE/desktop-client/api/user_service.go:377.16,380.3 2 0
KNIRVENGINE/desktop-client/api/user_service.go:383.2,384.16 2 0
KNIRVENGINE/desktop-client/api/user_service.go:384.16,387.3 2 0
KNIRVENGINE/desktop-client/api/user_service.go:389.2,389.12 1 0
KNIRVENGINE/desktop-client/api/user_service.go:389.12,392.3 2 0
KNIRVENGINE/desktop-client/api/user_service.go:395.2,395.75 1 0
KNIRVENGINE/desktop-client/api/user_service.go:395.75,398.3 2 0
KNIRVENGINE/desktop-client/api/user_service.go:400.2,402.4 1 0
KNIRVENGINE/desktop-client/api/utils.go:10.75,14.2 3 0
KNIRVENGINE/desktop-client/api/utils.go:17.74,19.2 1 0
KNIRVENGINE/desktop-client/api/utils.go:22.40,24.2 1 0
KNIRVENGINE/desktop-client/api/utils.go:29.92,30.41 1 1
KNIRVENGINE/desktop-client/api/utils.go:30.41,32.3 1 1
KNIRVENGINE/desktop-client/api/utils.go:33.2,33.21 1 0
KNIRVENGINE/desktop-client/api/utils.go:37.83,38.42 1 0
KNIRVENGINE/desktop-client/api/utils.go:38.42,40.3 1 0
KNIRVENGINE/desktop-client/api/utils.go:41.2,41.38 1 0
KNIRVENGINE/desktop-client/api/utils.go:41.38,43.3 1 0
KNIRVENGINE/desktop-client/api/utils.go:44.2,44.21 1 0
KNIRVENGINE/desktop-client/api/utils.go:48.86,49.39 1 0
KNIRVENGINE/desktop-client/api/utils.go:49.39,51.3 1 0
KNIRVENGINE/desktop-client/api/utils.go:52.2,52.21 1 0
KNIRVENGINE/desktop-client/api/utils.go:56.90,57.41 1 0
KNIRVENGINE/desktop-client/api/utils.go:57.41,59.3 1 0
KNIRVENGINE/desktop-client/api/utils.go:60.2,60.21 1 0
KNIRVENGINE/desktop-client/api/utils.go:64.82,65.38 1 0
KNIRVENGINE/desktop-client/api/utils.go:65.38,67.3 1 0
KNIRVENGINE/desktop-client/api/utils.go:68.2,68.21 1 0
KNIRVENGINE/desktop-client/api/utils.go:72.83,73.36 1 0
KNIRVENGINE/desktop-client/api/utils.go:73.36,75.3 1 0
KNIRVENGINE/desktop-client/api/utils.go:76.2,76.21 1 0
KNIRVENGINE/desktop-client/api/utils.go:80.80,81.39 1 0
KNIRVENGINE/desktop-client/api/utils.go:81.39,83.3 1 0
KNIRVENGINE/desktop-client/api/utils.go:84.2,84.35 1 0
KNIRVENGINE/desktop-client/api/utils.go:84.35,86.3 1 0
KNIRVENGINE/desktop-client/api/utils.go:87.2,87.21 1 0
KNIRVENGINE/desktop-client/api/validation_middleware.go:18.54,30.2 6 1
KNIRVENGINE/desktop-client/api/validation_middleware.go:33.69,35.2 1 1
KNIRVENGINE/desktop-client/api/validation_middleware.go:54.96,59.47 3 1
KNIRVENGINE/desktop-client/api/validation_middleware.go:59.47,61.3 1 1
KNIRVENGINE/desktop-client/api/validation_middleware.go:64.2,64.52 1 1
KNIRVENGINE/desktop-client/api/validation_middleware.go:64.52,66.3 1 1
KNIRVENGINE/desktop-client/api/validation_middleware.go:68.2,68.12 1 1
KNIRVENGINE/desktop-client/api/validation_middleware.go:72.94,73.46 1 1
KNIRVENGINE/desktop-client/api/validation_middleware.go:73.46,74.72 1 1
KNIRVENGINE/desktop-client/api/validation_middleware.go:74.72,76.64 1 1
KNIRVENGINE/desktop-client/api/validation_middleware.go:76.64,79.5 2 1
KNIRVENGINE/desktop-client/api/validation_middleware.go:82.4,82.70 1 1
KNIRVENGINE/desktop-client/api/validation_middleware.go:82.70,84.59 2 1
KNIRVENGINE/desktop-client/api/validation_middleware.go:84.59,87.6 2 1
KNIRVENGINE/desktop-client/api/validation_middleware.go:90.4,90.24 1 1
KNIRVENGINE/desktop-client/api/validation_middleware.go:96.72,105.37 2 1
KNIRVENGINE/desktop-client/api/validation_middleware.go:105.37,106.40 1 1
KNIRVENGINE/desktop-client/api/validation_middleware.go:106.40,108.4 1 0
KNIRVENGINE/desktop-client/api/validation_middleware.go:111.2,111.14 1 1
KNIRVENGINE/desktop-client/api/validation_middleware.go:115.126,127.2 4 1
KNIRVENGINE/desktop-client/api/validation_middleware.go:130.85,133.65 2 1
KNIRVENGINE/desktop-client/api/validation_middleware.go:133.65,134.46 1 1
KNIRVENGINE/desktop-client/api/validation_middleware.go:134.46,142.4 2 1
KNIRVENGINE/desktop-client/api/validation_middleware.go:145.2,145.25 1 1
KNIRVENGINE/desktop-client/api/validation_middleware.go:149.89,154.13 4 1
KNIRVENGINE/desktop-client/api/validation_middleware.go:155.18,156.46 1 1
KNIRVENGINE/desktop-client/api/validation_middleware.go:157.13,158.77 1 0
KNIRVENGINE/desktop-client/api/validation_middleware.go:159.13,160.76 1 0
KNIRVENGINE/desktop-client/api/validation_middleware.go:161.15,162.64 1 0
KNIRVENGINE/desktop-client/api/validation_middleware.go:163.13,164.54 1 0
KNIRVENGINE/desktop-client/api/validation_middleware.go:165.14,166.55 1 0
KNIRVENGINE/desktop-client/api/validation_middleware.go:167.20,168.92 1 1
KNIRVENGINE/desktop-client/api/validation_middleware.go:169.22,170.88 1 0
KNIRVENGINE/desktop-client/api/validation_middleware.go:171.16,172.89 1 0
KNIRVENGINE/desktop-client/api/validation_middleware.go:173.20,174.61 1 0
KNIRVENGINE/desktop-client/api/validation_middleware.go:175.15,176.60 1 0
KNIRVENGINE/desktop-client/api/validation_middleware.go:177.13,178.77 1 0
KNIRVENGINE/desktop-client/api/validation_middleware.go:179.13,180.74 1 0
KNIRVENGINE/desktop-client/api/validation_middleware.go:181.10,182.45 1 0
KNIRVENGINE/desktop-client/api/validation_middleware.go:189.54,193.39 3 1
KNIRVENGINE/desktop-client/api/validation_middleware.go:193.39,194.29 1 1
KNIRVENGINE/desktop-client/api/validation_middleware.go:194.29,196.4 1 1
KNIRVENGINE/desktop-client/api/validation_middleware.go:199.2,199.14 1 1
KNIRVENGINE/desktop-client/api/validation_middleware.go:203.56,207.43 3 1
KNIRVENGINE/desktop-client/api/validation_middleware.go:207.43,208.33 1 1
KNIRVENGINE/desktop-client/api/validation_middleware.go:208.33,210.4 1 1
KNIRVENGINE/desktop-client/api/validation_middleware.go:213.2,213.14 1 1
KNIRVENGINE/desktop-client/api/validation_middleware.go:217.51,221.44 3 1
KNIRVENGINE/desktop-client/api/validation_middleware.go:221.44,222.28 1 1
KNIRVENGINE/desktop-client/api/validation_middleware.go:222.28,224.4 1 1
KNIRVENGINE/desktop-client/api/validation_middleware.go:227.2,227.14 1 1
KNIRVENGINE/desktop-client/api/validation_middleware.go:231.55,235.51 2 1
KNIRVENGINE/desktop-client/api/validation_middleware.go:235.51,237.3 1 1
KNIRVENGINE/desktop-client/api/validation_middleware.go:240.2,240.34 1 1
KNIRVENGINE/desktop-client/api/validation_middleware.go:240.34,244.47 1 1
KNIRVENGINE/desktop-client/api/validation_middleware.go:244.47,246.4 1 0
KNIRVENGINE/desktop-client/api/validation_middleware.go:249.2,249.13 1 1
KNIRVENGINE/desktop-client/api/validation_middleware.go:253.117,254.58 1 1
KNIRVENGINE/desktop-client/api/validation_middleware.go:254.58,255.66 1 1
KNIRVENGINE/desktop-client/api/validation_middleware.go:255.66,258.4 2 1
KNIRVENGINE/desktop-client/api/validation_middleware.go:258.9,260.4 1 0
KNIRVENGINE/desktop-client/api/validation_middleware.go:261.3,261.15 1 1
KNIRVENGINE/desktop-client/api/validation_middleware.go:264.2,264.13 1 1
KNIRVENGINE/desktop-client/api/validation_middleware.go:268.68,270.2 1 0
KNIRVENGINE/desktop-client/api/validation_middleware.go:273.95,275.2 1 0
KNIRVENGINE/desktop-client/api/validation_middleware.go:278.84,280.2 1 1
KNIRVENGINE/desktop-client/api/wallet_handlers.go:108.66,115.2 2 1
KNIRVENGINE/desktop-client/api/wallet_handlers.go:118.55,119.42 1 1
KNIRVENGINE/desktop-client/api/wallet_handlers.go:119.42,121.3 1 0
KNIRVENGINE/desktop-client/api/wallet_handlers.go:122.2,122.21 1 1
KNIRVENGINE/desktop-client/api/wallet_handlers.go:126.42,205.2 1 1
KNIRVENGINE/desktop-client/api/wallet_handlers.go:208.78,214.2 2 0
KNIRVENGINE/desktop-client/api/wallet_handlers.go:217.77,221.40 3 0
KNIRVENGINE/desktop-client/api/wallet_handlers.go:221.40,222.28 1 0
KNIRVENGINE/desktop-client/api/wallet_handlers.go:222.28,229.4 3 0
KNIRVENGINE/desktop-client/api/wallet_handlers.go:232.2,232.56 1 0
KNIRVENGINE/desktop-client/api/wallet_handlers.go:236.78,240.29 2 0
KNIRVENGINE/desktop-client/api/wallet_handlers.go:240.29,247.47 5 0
KNIRVENGINE/desktop-client/api/wallet_handlers.go:247.47,262.4 3 0
KNIRVENGINE/desktop-client/api/wallet_handlers.go:264.3,264.64 1 0
KNIRVENGINE/desktop-client/api/wallet_handlers.go:268.2,271.4 1 0
KNIRVENGINE/desktop-client/api/wallet_handlers.go:275.35,276.55 1 0
KNIRVENGINE/desktop-client/api/wallet_handlers.go:276.55,278.3 1 0
KNIRVENGINE/desktop-client/api/wallet_handlers.go:279.2,279.12 1 0
KNIRVENGINE/desktop-client/api/wallet_handlers.go:283.81,297.2 3 0
KNIRVENGINE/desktop-client/api/wallet_handlers.go:300.77,306.2 2 0
KNIRVENGINE/desktop-client/api/wallet_handlers.go:309.83,317.20 5 0
KNIRVENGINE/desktop-client/api/wallet_handlers.go:317.20,318.51 1 0
KNIRVENGINE/desktop-client/api/wallet_handlers.go:318.51,320.4 1 0
KNIRVENGINE/desktop-client/api/wallet_handlers.go:323.2,323.21 1 0
KNIRVENGINE/desktop-client/api/wallet_handlers.go:323.21,324.52 1 0
KNIRVENGINE/desktop-client/api/wallet_handlers.go:324.52,326.4 1 0
KNIRVENGINE/desktop-client/api/wallet_handlers.go:330.2,331.33 2 0
KNIRVENGINE/desktop-client/api/wallet_handlers.go:331.33,333.3 1 0
KNIRVENGINE/desktop-client/api/wallet_handlers.go:333.8,335.30 2 0
KNIRVENGINE/desktop-client/api/wallet_handlers.go:335.30,337.4 1 0
KNIRVENGINE/desktop-client/api/wallet_handlers.go:338.3,338.42 1 0
KNIRVENGINE/desktop-client/api/wallet_handlers.go:341.2,348.4 2 0
KNIRVENGINE/desktop-client/api/wallet_handlers.go:352.83,354.61 2 0
KNIRVENGINE/desktop-client/api/wallet_handlers.go:354.61,357.3 2 0
KNIRVENGINE/desktop-client/api/wallet_handlers.go:360.2,378.12 3 0
KNIRVENGINE/desktop-client/api/wallet_handlers.go:378.12,381.42 2 0
KNIRVENGINE/desktop-client/api/wallet_handlers.go:381.42,382.25 1 0
KNIRVENGINE/desktop-client/api/wallet_handlers.go:382.25,384.10 2 0
KNIRVENGINE/desktop-client/api/wallet_handlers.go:389.2,393.4 2 0
KNIRVENGINE/desktop-client/api/wallet_handlers.go:397.80,402.61 2 0
KNIRVENGINE/desktop-client/api/wallet_handlers.go:402.61,405.3 2 0
KNIRVENGINE/desktop-client/api/wallet_handlers.go:407.2,424.4 4 0
KNIRVENGINE/desktop-client/api/wallet_handlers.go:428.87,434.2 2 0
KNIRVENGINE/desktop-client/api/wallet_handlers.go:437.82,442.61 2 0
KNIRVENGINE/desktop-client/api/wallet_handlers.go:442.61,445.3 2 0
KNIRVENGINE/desktop-client/api/wallet_handlers.go:447.2,447.24 1 0
KNIRVENGINE/desktop-client/api/wallet_handlers.go:447.24,450.3 2 0
KNIRVENGINE/desktop-client/api/wallet_handlers.go:454.2,465.4 3 0
KNIRVENGINE/desktop-client/api/wallet_handlers.go:469.50,491.2 12 1
KNIRVENGINE/desktop-client/api/web_connections.go:36.56,40.2 1 0
KNIRVENGINE/desktop-client/api/web_connections.go:43.82,48.13 4 0
KNIRVENGINE/desktop-client/api/web_connections.go:48.13,50.3 1 0
KNIRVENGINE/desktop-client/api/web_connections.go:52.2,52.24 1 0
KNIRVENGINE/desktop-client/api/web_connections.go:56.89,61.43 4 0
KNIRVENGINE/desktop-client/api/web_connections.go:61.43,62.35 1 0
KNIRVENGINE/desktop-client/api/web_connections.go:62.35,64.4 1 0
KNIRVENGINE/desktop-client/api/web_connections.go:67.2,67.25 1 0
KNIRVENGINE/desktop-client/api/web_connections.go:71.83,84.2 7 0
KNIRVENGINE/desktop-client/api/web_connections.go:87.83,93.13 4 0
KNIRVENGINE/desktop-client/api/web_connections.go:93.13,95.3 1 0
KNIRVENGINE/desktop-client/api/web_connections.go:98.2,103.12 3 0
KNIRVENGINE/desktop-client/api/web_connections.go:107.67,113.13 4 0
KNIRVENGINE/desktop-client/api/web_connections.go:113.13,115.3 1 0
KNIRVENGINE/desktop-client/api/web_connections.go:118.2,120.12 2 0
KNIRVENGINE/desktop-client/api/web_connections.go:124.73,129.13 4 0
KNIRVENGINE/desktop-client/api/web_connections.go:129.13,131.3 1 0
KNIRVENGINE/desktop-client/api/web_connections.go:135.2,143.18 6 0
KNIRVENGINE/desktop-client/api/web_connections.go:147.70,157.2 8 0
KNIRVENGINE/desktop-client/api/web_connections.go:160.95,165.16 3 0
KNIRVENGINE/desktop-client/api/web_connections.go:165.16,168.3 2 0
KNIRVENGINE/desktop-client/api/web_connections.go:170.2,173.4 2 0
KNIRVENGINE/desktop-client/api/web_connections.go:177.93,182.16 4 0
KNIRVENGINE/desktop-client/api/web_connections.go:182.16,185.3 2 0
KNIRVENGINE/desktop-client/api/web_connections.go:188.2,191.34 2 0
KNIRVENGINE/desktop-client/api/web_connections.go:191.34,194.3 2 0
KNIRVENGINE/desktop-client/api/web_connections.go:196.2,199.4 2 0
KNIRVENGINE/desktop-client/api/web_connections.go:203.96,205.68 2 0
KNIRVENGINE/desktop-client/api/web_connections.go:205.68,208.3 2 0
KNIRVENGINE/desktop-client/api/web_connections.go:211.2,217.56 3 0
KNIRVENGINE/desktop-client/api/web_connections.go:217.56,220.3 2 0
KNIRVENGINE/desktop-client/api/web_connections.go:222.2,226.4 3 0
KNIRVENGINE/desktop-client/api/web_connections.go:230.96,236.16 4 0
KNIRVENGINE/desktop-client/api/web_connections.go:236.16,239.3 2 0
KNIRVENGINE/desktop-client/api/web_connections.go:242.2,245.42 2 0
KNIRVENGINE/desktop-client/api/web_connections.go:245.42,248.3 2 0
KNIRVENGINE/desktop-client/api/web_connections.go:251.2,252.68 2 0
KNIRVENGINE/desktop-client/api/web_connections.go:252.68,255.3 2 0
KNIRVENGINE/desktop-client/api/web_connections.go:258.2,265.56 4 0
KNIRVENGINE/desktop-client/api/web_connections.go:265.56,268.3 2 0
KNIRVENGINE/desktop-client/api/web_connections.go:270.2,273.4 2 0
KNIRVENGINE/desktop-client/api/web_connections.go:277.96,283.16 4 0
KNIRVENGINE/desktop-client/api/web_connections.go:283.16,286.3 2 0
KNIRVENGINE/desktop-client/api/web_connections.go:289.2,292.42 2 0
KNIRVENGINE/desktop-client/api/web_connections.go:292.42,295.3 2 0
KNIRVENGINE/desktop-client/api/web_connections.go:298.2,298.47 1 0
KNIRVENGINE/desktop-client/api/web_connections.go:298.47,301.3 2 0
KNIRVENGINE/desktop-client/api/web_connections.go:303.2,306.4 2 0
KNIRVENGINE/desktop-client/api/web_connections.go:310.94,316.16 4 0
KNIRVENGINE/desktop-client/api/web_connections.go:316.16,319.3 2 0
KNIRVENGINE/desktop-client/api/web_connections.go:322.2,325.42 2 0
KNIRVENGINE/desktop-client/api/web_connections.go:325.42,328.3 2 0
KNIRVENGINE/desktop-client/api/web_connections.go:331.2,332.16 2 0
KNIRVENGINE/desktop-client/api/web_connections.go:332.16,335.3 2 0
KNIRVENGINE/desktop-client/api/web_connections.go:337.2,341.4 2 0
KNIRVENGINE/desktop-client/api/web_connections.go:345.93,351.17 4 0
KNIRVENGINE/desktop-client/api/web_connections.go:351.17,355.3 2 0
KNIRVENGINE/desktop-client/api/web_connections.go:357.2,357.16 1 0
KNIRVENGINE/desktop-client/api/web_connections.go:357.16,360.3 2 0
KNIRVENGINE/desktop-client/api/web_connections.go:369.2,431.5 3 0
KNIRVENGINE/desktop-client/api/web_connections.go:436.92,442.27 4 0
KNIRVENGINE/desktop-client/api/web_connections.go:442.27,445.3 2 0
KNIRVENGINE/desktop-client/api/web_connections.go:448.2,453.61 2 0
KNIRVENGINE/desktop-client/api/web_connections.go:453.61,456.3 2 0
KNIRVENGINE/desktop-client/api/web_connections.go:459.2,459.24 1 0
KNIRVENGINE/desktop-client/api/web_connections.go:459.24,461.3 1 0
KNIRVENGINE/desktop-client/api/web_connections.go:462.2,462.28 1 0
KNIRVENGINE/desktop-client/api/web_connections.go:462.28,464.3 1 0
KNIRVENGINE/desktop-client/api/web_connections.go:472.2,481.57 3 0
KNIRVENGINE/desktop-client/api/web_connections.go:481.57,485.3 3 0
KNIRVENGINE/desktop-client/api/web_connections.go:487.2,487.99 1 0
KNIRVENGINE/desktop-client/api/workflow_orchestration.go:60.97,62.2 1 0
KNIRVENGINE/desktop-client/api/workflow_orchestration.go:65.70,69.2 1 1
KNIRVENGINE/desktop-client/api/workflow_orchestration.go:72.135,98.2 7 0
KNIRVENGINE/desktop-client/api/workflow_orchestration.go:101.101,109.9 5 0
KNIRVENGINE/desktop-client/api/workflow_orchestration.go:109.9,112.3 2 0
KNIRVENGINE/desktop-client/api/workflow_orchestration.go:115.2,119.9 3 0
KNIRVENGINE/desktop-client/api/workflow_orchestration.go:120.37,123.65 1 0
KNIRVENGINE/desktop-client/api/workflow_orchestration.go:124.20,126.9 2 0
KNIRVENGINE/desktop-client/api/workflow_orchestration.go:130.2,130.43 1 0
KNIRVENGINE/desktop-client/api/workflow_orchestration.go:134.107,145.2 7 0
KNIRVENGINE/desktop-client/api/workflow_orchestration.go:148.103,161.2 7 0
KNIRVENGINE/desktop-client/api/workflow_orchestration.go:164.88,169.13 4 0
KNIRVENGINE/desktop-client/api/workflow_orchestration.go:169.13,171.3 1 0
KNIRVENGINE/desktop-client/api/workflow_orchestration.go:173.2,173.22 1 0
KNIRVENGINE/desktop-client/api/workflow_orchestration.go:177.95,182.39 4 0
KNIRVENGINE/desktop-client/api/workflow_orchestration.go:182.39,183.33 1 0
KNIRVENGINE/desktop-client/api/workflow_orchestration.go:183.33,185.4 1 0
KNIRVENGINE/desktop-client/api/workflow_orchestration.go:188.2,188.21 1 0
KNIRVENGINE/desktop-client/api/workflow_orchestration.go:192.86,197.13 4 0
KNIRVENGINE/desktop-client/api/workflow_orchestration.go:197.13,199.3 1 0
KNIRVENGINE/desktop-client/api/workflow_orchestration.go:201.2,201.32 1 0
KNIRVENGINE/desktop-client/api/workflow_orchestration.go:201.32,203.3 1 0
KNIRVENGINE/desktop-client/api/workflow_orchestration.go:205.2,205.90 1 0
KNIRVENGINE/desktop-client/api/workflow_orchestration.go:205.90,207.3 1 0
KNIRVENGINE/desktop-client/api/workflow_orchestration.go:209.2,214.12 5 0
KNIRVENGINE/desktop-client/api/workflow_orchestration.go:218.66,226.2 5 0
KNIRVENGINE/desktop-client/api/workflow_orchestration.go:229.77,234.2 4 1
KNIRVENGINE/desktop-client/api/workflow_orchestration.go:237.100,242.61 3 0
KNIRVENGINE/desktop-client/api/workflow_orchestration.go:242.61,245.3 2 0
KNIRVENGINE/desktop-client/api/workflow_orchestration.go:247.2,248.16 2 0
KNIRVENGINE/desktop-client/api/workflow_orchestration.go:248.16,251.3 2 0
KNIRVENGINE/desktop-client/api/workflow_orchestration.go:253.2,257.4 3 0
KNIRVENGINE/desktop-client/api/workflow_orchestration.go:261.98,269.16 5 0
KNIRVENGINE/desktop-client/api/workflow_orchestration.go:269.16,272.3 2 0
KNIRVENGINE/desktop-client/api/workflow_orchestration.go:275.2,275.32 1 0
KNIRVENGINE/desktop-client/api/workflow_orchestration.go:275.32,278.3 2 0
KNIRVENGINE/desktop-client/api/workflow_orchestration.go:280.2,283.4 2 0
KNIRVENGINE/desktop-client/api/workflow_orchestration.go:287.100,292.16 3 0
KNIRVENGINE/desktop-client/api/workflow_orchestration.go:292.16,295.3 2 0
KNIRVENGINE/desktop-client/api/workflow_orchestration.go:297.2,300.4 2 0
KNIRVENGINE/desktop-client/api/workflow_orchestration.go:304.101,311.53 4 0
KNIRVENGINE/desktop-client/api/workflow_orchestration.go:311.53,314.3 2 0
KNIRVENGINE/desktop-client/api/workflow_orchestration.go:316.2,319.4 2 0
