mode: set
KNIRVENGINE/desktop-client/agent/migration/data_migration.go:21.103,23.16 2 0
KNIRVENGINE/desktop-client/agent/migration/data_migration.go:23.16,25.3 1 0
KNIRVENGINE/desktop-client/agent/migration/data_migration.go:27.2,30.8 1 0
KNIRVENGINE/desktop-client/agent/migration/data_migration.go:34.68,39.16 3 0
KNIRVENGINE/desktop-client/agent/migration/data_migration.go:39.16,41.3 1 0
KNIRVENGINE/desktop-client/agent/migration/data_migration.go:43.2,46.37 3 0
KNIRVENGINE/desktop-client/agent/migration/data_migration.go:46.37,47.55 1 0
KNIRVENGINE/desktop-client/agent/migration/data_migration.go:47.55,50.4 2 0
KNIRVENGINE/desktop-client/agent/migration/data_migration.go:50.9,53.4 2 0
KNIRVENGINE/desktop-client/agent/migration/data_migration.go:56.2,57.12 2 0
KNIRVENGINE/desktop-client/agent/migration/data_migration.go:61.94,67.2 2 0
KNIRVENGINE/desktop-client/agent/migration/data_migration.go:70.91,103.32 2 0
KNIRVENGINE/desktop-client/agent/migration/data_migration.go:103.32,106.46 3 0
KNIRVENGINE/desktop-client/agent/migration/data_migration.go:106.46,108.4 1 0
KNIRVENGINE/desktop-client/agent/migration/data_migration.go:112.2,112.80 1 0
KNIRVENGINE/desktop-client/agent/migration/data_migration.go:112.80,114.3 1 0
KNIRVENGINE/desktop-client/agent/migration/data_migration.go:114.8,116.3 1 0
KNIRVENGINE/desktop-client/agent/migration/data_migration.go:119.2,119.82 1 0
KNIRVENGINE/desktop-client/agent/migration/data_migration.go:119.82,121.3 1 0
KNIRVENGINE/desktop-client/agent/migration/data_migration.go:124.2,124.96 1 0
KNIRVENGINE/desktop-client/agent/migration/data_migration.go:124.96,126.3 1 0
KNIRVENGINE/desktop-client/agent/migration/data_migration.go:129.2,136.17 2 0
KNIRVENGINE/desktop-client/agent/migration/data_migration.go:140.101,153.49 2 0
KNIRVENGINE/desktop-client/agent/migration/data_migration.go:153.49,155.3 1 0
KNIRVENGINE/desktop-client/agent/migration/data_migration.go:156.2,156.49 1 0
KNIRVENGINE/desktop-client/agent/migration/data_migration.go:156.49,158.3 1 0
KNIRVENGINE/desktop-client/agent/migration/data_migration.go:159.2,159.58 1 0
KNIRVENGINE/desktop-client/agent/migration/data_migration.go:159.58,161.3 1 0
KNIRVENGINE/desktop-client/agent/migration/data_migration.go:162.2,162.61 1 0
KNIRVENGINE/desktop-client/agent/migration/data_migration.go:162.61,164.3 1 0
KNIRVENGINE/desktop-client/agent/migration/data_migration.go:165.2,165.50 1 0
KNIRVENGINE/desktop-client/agent/migration/data_migration.go:165.50,167.3 1 0
KNIRVENGINE/desktop-client/agent/migration/data_migration.go:168.2,168.61 1 0
KNIRVENGINE/desktop-client/agent/migration/data_migration.go:168.61,170.3 1 0
KNIRVENGINE/desktop-client/agent/migration/data_migration.go:171.2,171.55 1 0
KNIRVENGINE/desktop-client/agent/migration/data_migration.go:171.55,173.3 1 0
KNIRVENGINE/desktop-client/agent/migration/data_migration.go:174.2,174.59 1 0
KNIRVENGINE/desktop-client/agent/migration/data_migration.go:174.59,176.3 1 0
KNIRVENGINE/desktop-client/agent/migration/data_migration.go:178.2,178.15 1 0
KNIRVENGINE/desktop-client/agent/migration/data_migration.go:210.89,219.16 3 0
KNIRVENGINE/desktop-client/agent/migration/data_migration.go:219.16,221.3 1 0
KNIRVENGINE/desktop-client/agent/migration/data_migration.go:223.2,225.37 2 0
KNIRVENGINE/desktop-client/agent/migration/data_migration.go:225.37,226.55 1 0
KNIRVENGINE/desktop-client/agent/migration/data_migration.go:226.55,232.4 2 0
KNIRVENGINE/desktop-client/agent/migration/data_migration.go:232.9,242.4 2 0
KNIRVENGINE/desktop-client/agent/migration/data_migration.go:245.2,248.20 3 0
KNIRVENGINE/desktop-client/agent/migration/data_migration.go:252.76,253.73 1 0
KNIRVENGINE/desktop-client/agent/migration/data_migration.go:253.73,255.3 1 0
KNIRVENGINE/desktop-client/agent/migration/data_migration.go:256.2,256.17 1 0
KNIRVENGINE/desktop-client/agent/migration/data_migration.go:260.92,262.16 2 0
KNIRVENGINE/desktop-client/agent/migration/data_migration.go:262.16,264.3 1 0
KNIRVENGINE/desktop-client/agent/migration/data_migration.go:268.2,270.12 2 0
KNIRVENGINE/desktop-client/agent/migration/data_migration.go:274.69,277.16 2 0
KNIRVENGINE/desktop-client/agent/migration/data_migration.go:277.16,279.3 1 0
KNIRVENGINE/desktop-client/agent/migration/data_migration.go:280.2,284.16 3 0
KNIRVENGINE/desktop-client/agent/migration/data_migration.go:284.16,286.3 1 0
KNIRVENGINE/desktop-client/agent/migration/data_migration.go:287.2,289.26 2 0
KNIRVENGINE/desktop-client/agent/migration/data_migration.go:289.26,291.3 1 0
KNIRVENGINE/desktop-client/agent/migration/data_migration.go:293.2,294.12 2 0
KNIRVENGINE/desktop-client/agent/migration/migrate_agent_data.go:16.25,33.22 3 0
KNIRVENGINE/desktop-client/agent/migration/migrate_agent_data.go:33.22,35.3 1 0
KNIRVENGINE/desktop-client/agent/migration/migrate_agent_data.go:36.2,36.22 1 0
KNIRVENGINE/desktop-client/agent/migration/migrate_agent_data.go:36.22,38.3 1 0
KNIRVENGINE/desktop-client/agent/migration/migrate_agent_data.go:41.2,41.23 1 0
KNIRVENGINE/desktop-client/agent/migration/migrate_agent_data.go:41.23,43.3 1 0
KNIRVENGINE/desktop-client/agent/migration/migrate_agent_data.go:44.2,44.20 1 0
KNIRVENGINE/desktop-client/agent/migration/migrate_agent_data.go:44.20,46.3 1 0
KNIRVENGINE/desktop-client/agent/migration/migrate_agent_data.go:47.2,47.25 1 0
KNIRVENGINE/desktop-client/agent/migration/migrate_agent_data.go:47.25,49.3 1 0
KNIRVENGINE/desktop-client/agent/migration/migrate_agent_data.go:50.2,50.22 1 0
KNIRVENGINE/desktop-client/agent/migration/migrate_agent_data.go:50.22,52.3 1 0
KNIRVENGINE/desktop-client/agent/migration/migrate_agent_data.go:53.2,53.20 1 0
KNIRVENGINE/desktop-client/agent/migration/migrate_agent_data.go:53.20,55.3 1 0
KNIRVENGINE/desktop-client/agent/migration/migrate_agent_data.go:56.2,56.23 1 0
KNIRVENGINE/desktop-client/agent/migration/migrate_agent_data.go:56.23,58.3 1 0
KNIRVENGINE/desktop-client/agent/migration/migrate_agent_data.go:61.2,61.122 1 0
KNIRVENGINE/desktop-client/agent/migration/migrate_agent_data.go:61.122,63.3 1 0
KNIRVENGINE/desktop-client/agent/migration/migrate_agent_data.go:66.2,66.123 1 0
KNIRVENGINE/desktop-client/agent/migration/migrate_agent_data.go:66.123,68.3 1 0
KNIRVENGINE/desktop-client/agent/migration/migrate_agent_data.go:71.2,71.54 1 0
KNIRVENGINE/desktop-client/agent/migration/migrate_agent_data.go:71.54,73.3 1 0
KNIRVENGINE/desktop-client/agent/migration/migrate_agent_data.go:76.2,89.16 4 0
KNIRVENGINE/desktop-client/agent/migration/migrate_agent_data.go:89.16,91.3 1 0
KNIRVENGINE/desktop-client/agent/migration/migrate_agent_data.go:94.2,96.16 3 0
KNIRVENGINE/desktop-client/agent/migration/migrate_agent_data.go:96.16,98.3 1 0
KNIRVENGINE/desktop-client/agent/migration/migrate_agent_data.go:100.2,100.13 1 0
KNIRVENGINE/desktop-client/agent/migration/migrate_agent_data.go:100.13,102.54 2 0
KNIRVENGINE/desktop-client/agent/migration/migrate_agent_data.go:102.54,104.4 1 0
KNIRVENGINE/desktop-client/agent/migration/migrate_agent_data.go:105.3,106.9 2 0
KNIRVENGINE/desktop-client/agent/migration/migrate_agent_data.go:110.2,112.16 3 0
KNIRVENGINE/desktop-client/agent/migration/migrate_agent_data.go:112.16,114.3 1 0
KNIRVENGINE/desktop-client/agent/migration/migrate_agent_data.go:117.2,117.74 1 0
KNIRVENGINE/desktop-client/agent/migration/migrate_agent_data.go:117.74,119.3 1 0
KNIRVENGINE/desktop-client/agent/migration/migrate_agent_data.go:122.2,125.15 2 0
KNIRVENGINE/desktop-client/agent/migration/migrate_agent_data.go:125.15,127.57 2 0
KNIRVENGINE/desktop-client/agent/migration/migrate_agent_data.go:127.57,129.4 1 0
KNIRVENGINE/desktop-client/agent/migration/migrate_agent_data.go:130.3,130.49 1 0
KNIRVENGINE/desktop-client/agent/migration/migrate_agent_data.go:133.2,133.49 1 0
KNIRVENGINE/desktop-client/agent/migration/migrate_agent_data.go:137.71,143.16 3 0
KNIRVENGINE/desktop-client/agent/migration/migrate_agent_data.go:143.16,145.3 1 0
KNIRVENGINE/desktop-client/agent/migration/migrate_agent_data.go:148.2,151.29 2 0
KNIRVENGINE/desktop-client/agent/migration/migrate_agent_data.go:151.29,153.37 2 0
KNIRVENGINE/desktop-client/agent/migration/migrate_agent_data.go:153.37,155.4 1 0
KNIRVENGINE/desktop-client/agent/migration/migrate_agent_data.go:158.2,158.12 1 0
KNIRVENGINE/desktop-client/agent/migration/migrate_agent_data.go:162.53,173.28 10 0
KNIRVENGINE/desktop-client/agent/migration/migrate_agent_data.go:173.28,175.37 2 0
KNIRVENGINE/desktop-client/agent/migration/migrate_agent_data.go:175.37,177.4 1 0
KNIRVENGINE/desktop-client/agent/migration/migrate_agent_data.go:180.2,180.34 1 0
KNIRVENGINE/desktop-client/agent/migration/migrate_agent_data.go:180.34,182.46 2 0
KNIRVENGINE/desktop-client/agent/migration/migrate_agent_data.go:182.46,189.4 1 0
KNIRVENGINE/desktop-client/agent/migration/migrate_agent_data.go:191.2,191.38 1 0
KNIRVENGINE/desktop-client/agent/migration/migrate_agent_data.go:195.47,196.49 1 0
KNIRVENGINE/desktop-client/agent/migration/migrate_agent_data.go:196.49,198.3 1 0
KNIRVENGINE/desktop-client/agent/migration/migrate_agent_data.go:199.2,199.12 1 0
KNIRVENGINE/desktop-client/agent/migration/migrate_agent_data.go:204.48,211.2 3 0
KNIRVENGINE/desktop-client/agent/migration/migrate_agent_data.go:215.110,217.54 1 0
KNIRVENGINE/desktop-client/agent/migration/migrate_agent_data.go:217.54,219.3 1 0
KNIRVENGINE/desktop-client/agent/migration/migrate_agent_data.go:222.2,223.56 2 0
KNIRVENGINE/desktop-client/agent/migration/migrate_agent_data.go:223.56,225.3 1 0
KNIRVENGINE/desktop-client/agent/migration/migrate_agent_data.go:228.2,229.27 2 0
KNIRVENGINE/desktop-client/agent/migration/migrate_agent_data.go:229.27,230.52 1 0
KNIRVENGINE/desktop-client/agent/migration/migrate_agent_data.go:230.52,232.4 1 0
KNIRVENGINE/desktop-client/agent/migration/migrate_agent_data.go:235.2,235.12 1 0
KNIRVENGINE/desktop-client/agent/migration/migrate_agent_data.go:240.44,242.29 1 0
KNIRVENGINE/desktop-client/agent/migration/migrate_agent_data.go:242.29,245.56 1 0
KNIRVENGINE/desktop-client/agent/migration/migrate_agent_data.go:245.56,247.4 1 0
KNIRVENGINE/desktop-client/agent/migration/migrate_agent_data.go:249.3,249.53 1 0
KNIRVENGINE/desktop-client/agent/migration/migrate_agent_data.go:251.2,251.12 1 0
KNIRVENGINE/desktop-client/agent/migration/migrate_agent_data.go:255.13,257.2 1 0
KNIRVENGINE/desktop-client/agent/migration/simple_to_unified_migration.go:24.115,27.16 2 0
KNIRVENGINE/desktop-client/agent/migration/simple_to_unified_migration.go:27.16,29.3 1 0
KNIRVENGINE/desktop-client/agent/migration/simple_to_unified_migration.go:32.2,33.16 2 0
KNIRVENGINE/desktop-client/agent/migration/simple_to_unified_migration.go:33.16,35.3 1 0
KNIRVENGINE/desktop-client/agent/migration/simple_to_unified_migration.go:38.2,42.16 3 0
KNIRVENGINE/desktop-client/agent/migration/simple_to_unified_migration.go:42.16,44.3 1 0
KNIRVENGINE/desktop-client/agent/migration/simple_to_unified_migration.go:47.2,47.54 1 0
KNIRVENGINE/desktop-client/agent/migration/simple_to_unified_migration.go:47.54,49.3 1 0
KNIRVENGINE/desktop-client/agent/migration/simple_to_unified_migration.go:51.2,55.8 1 0
KNIRVENGINE/desktop-client/agent/migration/simple_to_unified_migration.go:59.49,61.29 1 0
KNIRVENGINE/desktop-client/agent/migration/simple_to_unified_migration.go:61.29,63.3 1 0
KNIRVENGINE/desktop-client/agent/migration/simple_to_unified_migration.go:64.2,64.12 1 0
KNIRVENGINE/desktop-client/agent/migration/simple_to_unified_migration.go:102.114,114.44 3 0
KNIRVENGINE/desktop-client/agent/migration/simple_to_unified_migration.go:114.44,116.3 1 0
KNIRVENGINE/desktop-client/agent/migration/simple_to_unified_migration.go:120.2,121.16 2 0
KNIRVENGINE/desktop-client/agent/migration/simple_to_unified_migration.go:121.16,123.3 1 0
KNIRVENGINE/desktop-client/agent/migration/simple_to_unified_migration.go:125.2,129.43 3 0
KNIRVENGINE/desktop-client/agent/migration/simple_to_unified_migration.go:129.43,130.72 1 0
KNIRVENGINE/desktop-client/agent/migration/simple_to_unified_migration.go:130.72,138.4 3 0
KNIRVENGINE/desktop-client/agent/migration/simple_to_unified_migration.go:138.9,141.4 2 0
KNIRVENGINE/desktop-client/agent/migration/simple_to_unified_migration.go:144.2,150.20 4 0
KNIRVENGINE/desktop-client/agent/migration/simple_to_unified_migration.go:154.156,157.40 2 0
KNIRVENGINE/desktop-client/agent/migration/simple_to_unified_migration.go:157.40,161.3 3 0
KNIRVENGINE/desktop-client/agent/migration/simple_to_unified_migration.go:164.2,167.72 2 0
KNIRVENGINE/desktop-client/agent/migration/simple_to_unified_migration.go:167.72,169.3 1 0
KNIRVENGINE/desktop-client/agent/migration/simple_to_unified_migration.go:172.2,183.12 2 0
KNIRVENGINE/desktop-client/agent/migration/simple_to_unified_migration.go:187.113,223.65 3 0
KNIRVENGINE/desktop-client/agent/migration/simple_to_unified_migration.go:223.65,225.3 1 0
KNIRVENGINE/desktop-client/agent/migration/simple_to_unified_migration.go:227.2,227.21 1 0
KNIRVENGINE/desktop-client/agent/migration/simple_to_unified_migration.go:231.75,237.16 3 0
KNIRVENGINE/desktop-client/agent/migration/simple_to_unified_migration.go:237.16,239.3 1 0
KNIRVENGINE/desktop-client/agent/migration/simple_to_unified_migration.go:242.2,247.16 3 0
KNIRVENGINE/desktop-client/agent/migration/simple_to_unified_migration.go:247.16,249.3 1 0
KNIRVENGINE/desktop-client/agent/migration/simple_to_unified_migration.go:252.2,252.67 1 0
KNIRVENGINE/desktop-client/agent/migration/simple_to_unified_migration.go:252.67,254.3 1 0
KNIRVENGINE/desktop-client/agent/migration/simple_to_unified_migration.go:256.2,257.12 2 0
KNIRVENGINE/desktop-client/agent/migration/simple_to_unified_migration.go:261.84,285.2 1 0
KNIRVENGINE/desktop-client/agent/templates/agent_terminal_template.go:22.73,30.2 1 0
KNIRVENGINE/desktop-client/agent/templates/agent_terminal_template.go:33.45,43.2 4 0
KNIRVENGINE/desktop-client/agent/templates/agent_terminal_template.go:46.82,55.2 6 0
KNIRVENGINE/desktop-client/agent/templates/agent_terminal_template.go:58.52,60.2 1 0
KNIRVENGINE/desktop-client/agent/templates/agent_terminal_template.go:63.53,65.2 1 0
KNIRVENGINE/desktop-client/agent/templates/agent_terminal_template.go:68.43,71.2 2 0
KNIRVENGINE/desktop-client/main.go:39.107,41.2 1 0
KNIRVENGINE/desktop-client/main.go:43.90,45.2 1 0
KNIRVENGINE/desktop-client/main.go:47.107,51.2 2 0
KNIRVENGINE/desktop-client/main.go:53.52,55.2 1 0
KNIRVENGINE/desktop-client/main.go:57.13,66.16 6 0
KNIRVENGINE/desktop-client/main.go:66.16,69.3 2 0
KNIRVENGINE/desktop-client/main.go:73.2,78.58 2 0
KNIRVENGINE/desktop-client/main.go:78.58,80.3 1 0
KNIRVENGINE/desktop-client/main.go:83.2,83.50 1 0
KNIRVENGINE/desktop-client/main.go:83.50,94.50 4 0
KNIRVENGINE/desktop-client/main.go:94.50,101.45 3 0
KNIRVENGINE/desktop-client/main.go:101.45,103.5 1 0
KNIRVENGINE/desktop-client/main.go:108.2,109.40 2 0
KNIRVENGINE/desktop-client/main.go:109.40,110.46 1 0
KNIRVENGINE/desktop-client/main.go:110.46,112.50 2 0
KNIRVENGINE/desktop-client/main.go:112.50,115.10 3 0
KNIRVENGINE/desktop-client/main.go:116.10,118.5 1 0
KNIRVENGINE/desktop-client/main.go:122.2,122.16 1 0
KNIRVENGINE/desktop-client/main.go:122.16,125.49 2 0
KNIRVENGINE/desktop-client/main.go:125.49,127.4 1 0
KNIRVENGINE/desktop-client/main.go:131.2,132.16 2 0
KNIRVENGINE/desktop-client/main.go:132.16,135.3 2 0
KNIRVENGINE/desktop-client/main.go:137.2,140.22 2 0
KNIRVENGINE/desktop-client/main.go:140.22,142.3 1 0
KNIRVENGINE/desktop-client/main.go:144.2,144.17 1 0
KNIRVENGINE/desktop-client/main.go:144.17,146.3 1 0
KNIRVENGINE/desktop-client/main.go:146.8,148.3 1 0
KNIRVENGINE/desktop-client/main.go:151.2,151.50 1 0
KNIRVENGINE/desktop-client/main.go:151.50,153.3 1 0
KNIRVENGINE/desktop-client/main.go:156.2,157.16 2 0
KNIRVENGINE/desktop-client/main.go:157.16,159.3 1 0
KNIRVENGINE/desktop-client/main.go:160.2,163.14 3 0
KNIRVENGINE/desktop-client/main.go:163.14,165.45 2 0
KNIRVENGINE/desktop-client/main.go:165.45,167.4 1 0
KNIRVENGINE/desktop-client/main.go:167.9,169.4 1 0
KNIRVENGINE/desktop-client/main.go:171.3,171.48 1 0
KNIRVENGINE/desktop-client/main.go:171.48,173.4 1 0
KNIRVENGINE/desktop-client/main.go:177.2,178.16 2 0
KNIRVENGINE/desktop-client/main.go:178.16,180.3 1 0
KNIRVENGINE/desktop-client/main.go:181.2,185.16 3 0
KNIRVENGINE/desktop-client/main.go:185.16,187.3 1 0
KNIRVENGINE/desktop-client/main.go:188.2,192.16 3 0
KNIRVENGINE/desktop-client/main.go:192.16,194.3 1 0
KNIRVENGINE/desktop-client/main.go:197.2,198.49 2 0
KNIRVENGINE/desktop-client/main.go:198.49,200.3 1 0
KNIRVENGINE/desktop-client/main.go:201.2,206.16 4 0
KNIRVENGINE/desktop-client/main.go:206.16,208.3 1 0
KNIRVENGINE/desktop-client/main.go:211.2,212.16 2 0
KNIRVENGINE/desktop-client/main.go:212.16,214.3 1 0
KNIRVENGINE/desktop-client/main.go:217.2,218.16 2 0
KNIRVENGINE/desktop-client/main.go:218.16,220.3 1 0
KNIRVENGINE/desktop-client/main.go:223.2,238.55 6 0
KNIRVENGINE/desktop-client/main.go:238.55,240.3 1 0
KNIRVENGINE/desktop-client/main.go:241.2,248.21 4 0
KNIRVENGINE/desktop-client/main.go:248.21,250.3 1 0
KNIRVENGINE/desktop-client/main.go:253.2,277.16 10 0
KNIRVENGINE/desktop-client/main.go:277.16,279.3 1 0
KNIRVENGINE/desktop-client/main.go:282.2,284.16 3 0
KNIRVENGINE/desktop-client/main.go:284.16,286.3 1 0
KNIRVENGINE/desktop-client/main.go:289.2,289.51 1 0
KNIRVENGINE/desktop-client/main.go:289.51,291.3 1 0
KNIRVENGINE/desktop-client/main.go:291.8,293.3 1 0
KNIRVENGINE/desktop-client/main.go:296.2,296.46 1 0
KNIRVENGINE/desktop-client/main.go:296.46,298.3 1 0
KNIRVENGINE/desktop-client/main.go:298.8,300.3 1 0
KNIRVENGINE/desktop-client/main.go:303.2,303.15 1 0
KNIRVENGINE/desktop-client/main.go:303.15,304.46 1 0
KNIRVENGINE/desktop-client/main.go:304.46,306.4 1 0
KNIRVENGINE/desktop-client/main.go:310.2,310.18 1 0
KNIRVENGINE/desktop-client/main.go:310.18,312.54 2 0
KNIRVENGINE/desktop-client/main.go:312.54,314.4 1 0
KNIRVENGINE/desktop-client/main.go:314.9,316.4 1 0
KNIRVENGINE/desktop-client/main.go:320.2,321.19 2 0
KNIRVENGINE/desktop-client/main.go:321.19,329.3 3 0
KNIRVENGINE/desktop-client/main.go:332.2,332.12 1 0
KNIRVENGINE/desktop-client/main.go:332.12,334.74 2 0
KNIRVENGINE/desktop-client/main.go:334.74,336.4 1 0
KNIRVENGINE/desktop-client/main.go:340.2,340.12 1 0
KNIRVENGINE/desktop-client/main.go:340.12,341.18 1 0
KNIRVENGINE/desktop-client/main.go:341.18,343.100 1 0
KNIRVENGINE/desktop-client/main.go:343.100,347.5 1 0
KNIRVENGINE/desktop-client/main.go:347.10,347.42 1 0
KNIRVENGINE/desktop-client/main.go:347.42,349.5 1 0
KNIRVENGINE/desktop-client/main.go:350.9,352.50 1 0
KNIRVENGINE/desktop-client/main.go:352.50,354.5 1 0
KNIRVENGINE/desktop-client/main.go:359.2,363.19 3 0
KNIRVENGINE/desktop-client/main.go:363.19,365.18 2 0
KNIRVENGINE/desktop-client/main.go:365.18,367.4 1 0
KNIRVENGINE/desktop-client/main.go:367.9,369.4 1 0
KNIRVENGINE/desktop-client/main.go:371.3,371.45 1 0
KNIRVENGINE/desktop-client/main.go:371.45,374.4 2 0
KNIRVENGINE/desktop-client/main.go:375.8,377.3 1 0
KNIRVENGINE/desktop-client/main.go:380.2,383.9 3 0
KNIRVENGINE/desktop-client/main.go:384.17,385.65 1 0
KNIRVENGINE/desktop-client/main.go:386.25,387.85 1 0
KNIRVENGINE/desktop-client/main.go:390.2,394.28 4 0
KNIRVENGINE/desktop-client/main.go:394.28,396.55 2 0
KNIRVENGINE/desktop-client/main.go:396.55,398.4 1 0
KNIRVENGINE/desktop-client/main.go:400.2,400.44 1 0
KNIRVENGINE/desktop-client/main.go:400.44,402.3 1 0
KNIRVENGINE/desktop-client/main.go:404.2,404.38 1 0
KNIRVENGINE/desktop-client/main.go:408.36,412.51 2 0
KNIRVENGINE/desktop-client/main.go:412.51,414.3 1 0
KNIRVENGINE/desktop-client/main.go:417.2,418.60 2 0
KNIRVENGINE/desktop-client/main.go:418.60,424.35 6 0
KNIRVENGINE/desktop-client/main.go:424.35,426.4 1 0
KNIRVENGINE/desktop-client/main.go:430.2,436.18 6 0
KNIRVENGINE/desktop-client/main.go:440.36,444.22 3 0
KNIRVENGINE/desktop-client/main.go:445.17,447.33 2 0
KNIRVENGINE/desktop-client/main.go:448.16,449.15 1 0
KNIRVENGINE/desktop-client/main.go:450.10,451.19 1 0
KNIRVENGINE/desktop-client/main.go:453.2,454.43 2 0
KNIRVENGINE/desktop-client/main.go:461.62,464.16 2 0
KNIRVENGINE/desktop-client/main.go:464.16,466.3 1 0
KNIRVENGINE/desktop-client/main.go:468.2,471.67 2 0
KNIRVENGINE/desktop-client/main.go:471.67,474.22 2 0
KNIRVENGINE/desktop-client/main.go:474.22,476.4 1 0
KNIRVENGINE/desktop-client/main.go:479.3,480.17 2 0
KNIRVENGINE/desktop-client/main.go:480.17,484.4 2 0
KNIRVENGINE/desktop-client/main.go:488.3,488.64 1 0
KNIRVENGINE/desktop-client/main.go:491.2,498.32 4 0
KNIRVENGINE/desktop-client/agent/core/agent_core.go:151.41,153.2 1 0
KNIRVENGINE/desktop-client/agent/core/agent_core.go:166.86,169.20 2 0
KNIRVENGINE/desktop-client/agent/core/agent_core.go:169.20,171.3 1 0
KNIRVENGINE/desktop-client/agent/core/agent_core.go:173.2,173.22 1 0
KNIRVENGINE/desktop-client/agent/core/agent_core.go:173.22,175.3 1 0
KNIRVENGINE/desktop-client/agent/core/agent_core.go:177.2,177.22 1 0
KNIRVENGINE/desktop-client/agent/core/agent_core.go:177.22,179.3 1 0
KNIRVENGINE/desktop-client/agent/core/agent_core.go:181.2,181.25 1 0
KNIRVENGINE/desktop-client/agent/core/agent_core.go:181.25,183.3 1 0
KNIRVENGINE/desktop-client/agent/core/agent_core.go:185.2,185.29 1 0
KNIRVENGINE/desktop-client/agent/core/agent_core.go:185.29,187.3 1 0
KNIRVENGINE/desktop-client/agent/core/agent_core.go:190.2,190.40 1 0
KNIRVENGINE/desktop-client/agent/core/agent_core.go:190.40,193.3 2 0
KNIRVENGINE/desktop-client/agent/core/agent_core.go:195.2,195.15 1 0
KNIRVENGINE/desktop-client/agent/core/agent_core.go:199.97,207.29 4 0
KNIRVENGINE/desktop-client/agent/core/agent_core.go:207.29,212.3 1 0
KNIRVENGINE/desktop-client/agent/core/agent_core.go:214.2,214.29 1 0
KNIRVENGINE/desktop-client/agent/core/agent_core.go:214.29,219.3 1 0
KNIRVENGINE/desktop-client/agent/core/agent_core.go:222.2,222.32 1 0
KNIRVENGINE/desktop-client/agent/core/agent_core.go:222.32,227.3 1 0
KNIRVENGINE/desktop-client/agent/core/agent_core.go:230.2,230.37 1 0
KNIRVENGINE/desktop-client/agent/core/agent_core.go:230.37,232.27 2 0
KNIRVENGINE/desktop-client/agent/core/agent_core.go:232.27,237.4 1 0
KNIRVENGINE/desktop-client/agent/core/agent_core.go:241.2,241.82 1 0
KNIRVENGINE/desktop-client/agent/core/agent_core.go:241.82,243.85 2 0
KNIRVENGINE/desktop-client/agent/core/agent_core.go:243.85,248.4 1 0
KNIRVENGINE/desktop-client/agent/core/agent_core.go:251.2,251.15 1 0
KNIRVENGINE/desktop-client/agent/core/agent_core.go:255.98,258.29 2 0
KNIRVENGINE/desktop-client/agent/core/agent_core.go:258.29,260.3 1 0
KNIRVENGINE/desktop-client/agent/core/agent_core.go:262.2,262.29 1 0
KNIRVENGINE/desktop-client/agent/core/agent_core.go:262.29,264.3 1 0
KNIRVENGINE/desktop-client/agent/core/agent_core.go:266.2,266.26 1 0
KNIRVENGINE/desktop-client/agent/core/agent_core.go:266.26,268.3 1 0
KNIRVENGINE/desktop-client/agent/core/agent_core.go:270.2,270.31 1 0
KNIRVENGINE/desktop-client/agent/core/agent_core.go:270.31,272.3 1 0
KNIRVENGINE/desktop-client/agent/core/agent_core.go:274.2,274.15 1 0
KNIRVENGINE/desktop-client/agent/core/agent_core.go:278.56,280.2 1 0
KNIRVENGINE/desktop-client/agent/core/agent_core_service.go:24.96,31.2 1 0
KNIRVENGINE/desktop-client/agent/core/agent_core_service.go:34.92,36.65 1 0
KNIRVENGINE/desktop-client/agent/core/agent_core_service.go:36.65,38.3 1 0
KNIRVENGINE/desktop-client/agent/core/agent_core_service.go:41.2,41.20 1 0
KNIRVENGINE/desktop-client/agent/core/agent_core_service.go:41.20,43.3 1 0
KNIRVENGINE/desktop-client/agent/core/agent_core_service.go:44.2,44.30 1 0
KNIRVENGINE/desktop-client/agent/core/agent_core_service.go:44.30,46.3 1 0
KNIRVENGINE/desktop-client/agent/core/agent_core_service.go:47.2,50.24 2 0
KNIRVENGINE/desktop-client/agent/core/agent_core_service.go:50.24,52.3 1 0
KNIRVENGINE/desktop-client/agent/core/agent_core_service.go:55.2,55.40 1 0
KNIRVENGINE/desktop-client/agent/core/agent_core_service.go:55.40,57.26 1 0
KNIRVENGINE/desktop-client/agent/core/agent_core_service.go:57.26,58.90 1 0
KNIRVENGINE/desktop-client/agent/core/agent_core_service.go:58.90,62.5 2 0
KNIRVENGINE/desktop-client/agent/core/agent_core_service.go:66.3,66.41 1 0
KNIRVENGINE/desktop-client/agent/core/agent_core_service.go:66.41,76.4 1 0
KNIRVENGINE/desktop-client/agent/core/agent_core_service.go:80.2,80.52 1 0
KNIRVENGINE/desktop-client/agent/core/agent_core_service.go:80.52,82.3 1 0
KNIRVENGINE/desktop-client/agent/core/agent_core_service.go:85.2,87.12 2 0
KNIRVENGINE/desktop-client/agent/core/agent_core_service.go:91.96,92.14 1 0
KNIRVENGINE/desktop-client/agent/core/agent_core_service.go:92.14,94.3 1 0
KNIRVENGINE/desktop-client/agent/core/agent_core_service.go:96.2,97.16 2 0
KNIRVENGINE/desktop-client/agent/core/agent_core_service.go:97.16,99.3 1 0
KNIRVENGINE/desktop-client/agent/core/agent_core_service.go:101.2,101.19 1 0
KNIRVENGINE/desktop-client/agent/core/agent_core_service.go:105.92,106.20 1 0
KNIRVENGINE/desktop-client/agent/core/agent_core_service.go:106.20,108.3 1 0
KNIRVENGINE/desktop-client/agent/core/agent_core_service.go:111.2,111.65 1 0
KNIRVENGINE/desktop-client/agent/core/agent_core_service.go:111.65,113.3 1 0
KNIRVENGINE/desktop-client/agent/core/agent_core_service.go:116.2,117.16 2 0
KNIRVENGINE/desktop-client/agent/core/agent_core_service.go:117.16,119.3 1 0
KNIRVENGINE/desktop-client/agent/core/agent_core_service.go:120.2,120.13 1 0
KNIRVENGINE/desktop-client/agent/core/agent_core_service.go:120.13,122.3 1 0
KNIRVENGINE/desktop-client/agent/core/agent_core_service.go:125.2,128.53 2 0
KNIRVENGINE/desktop-client/agent/core/agent_core_service.go:128.53,130.3 1 0
KNIRVENGINE/desktop-client/agent/core/agent_core_service.go:133.2,135.12 2 0
KNIRVENGINE/desktop-client/agent/core/agent_core_service.go:139.82,140.14 1 0
KNIRVENGINE/desktop-client/agent/core/agent_core_service.go:140.14,142.3 1 0
KNIRVENGINE/desktop-client/agent/core/agent_core_service.go:145.2,146.16 2 0
KNIRVENGINE/desktop-client/agent/core/agent_core_service.go:146.16,148.3 1 0
KNIRVENGINE/desktop-client/agent/core/agent_core_service.go:149.2,149.13 1 0
KNIRVENGINE/desktop-client/agent/core/agent_core_service.go:149.13,151.3 1 0
KNIRVENGINE/desktop-client/agent/core/agent_core_service.go:154.2,154.50 1 0
KNIRVENGINE/desktop-client/agent/core/agent_core_service.go:154.50,156.3 1 0
KNIRVENGINE/desktop-client/agent/core/agent_core_service.go:159.2,161.12 2 0
KNIRVENGINE/desktop-client/agent/core/agent_core_service.go:165.120,167.16 2 0
KNIRVENGINE/desktop-client/agent/core/agent_core_service.go:167.16,169.3 1 0
KNIRVENGINE/desktop-client/agent/core/agent_core_service.go:171.2,171.20 1 0
KNIRVENGINE/desktop-client/agent/core/agent_core_service.go:175.93,180.16 3 0
KNIRVENGINE/desktop-client/agent/core/agent_core_service.go:180.16,182.3 1 0
KNIRVENGINE/desktop-client/agent/core/agent_core_service.go:183.2,187.16 3 0
KNIRVENGINE/desktop-client/agent/core/agent_core_service.go:187.16,189.3 1 0
KNIRVENGINE/desktop-client/agent/core/agent_core_service.go:190.2,194.16 3 0
KNIRVENGINE/desktop-client/agent/core/agent_core_service.go:194.16,196.3 1 0
KNIRVENGINE/desktop-client/agent/core/agent_core_service.go:197.2,199.23 2 0
KNIRVENGINE/desktop-client/agent/core/agent_core_service.go:203.118,209.29 3 0
KNIRVENGINE/desktop-client/agent/core/agent_core_service.go:209.29,211.3 1 0
KNIRVENGINE/desktop-client/agent/core/agent_core_service.go:211.8,211.34 1 0
KNIRVENGINE/desktop-client/agent/core/agent_core_service.go:211.34,213.3 1 0
KNIRVENGINE/desktop-client/agent/core/agent_core_service.go:213.8,213.33 1 0
KNIRVENGINE/desktop-client/agent/core/agent_core_service.go:213.33,217.17 2 0
KNIRVENGINE/desktop-client/agent/core/agent_core_service.go:217.17,219.4 1 0
KNIRVENGINE/desktop-client/agent/core/agent_core_service.go:220.3,220.23 1 0
KNIRVENGINE/desktop-client/agent/core/agent_core_service.go:220.23,222.4 1 0
KNIRVENGINE/desktop-client/agent/core/agent_core_service.go:224.3,224.20 1 0
KNIRVENGINE/desktop-client/agent/core/agent_core_service.go:225.8,227.3 1 0
KNIRVENGINE/desktop-client/agent/core/agent_core_service.go:229.2,229.16 1 0
KNIRVENGINE/desktop-client/agent/core/agent_core_service.go:229.16,231.3 1 0
KNIRVENGINE/desktop-client/agent/core/agent_core_service.go:234.2,234.50 1 0
KNIRVENGINE/desktop-client/agent/core/agent_core_service.go:234.50,236.3 1 0
KNIRVENGINE/desktop-client/agent/core/agent_core_service.go:238.2,238.19 1 0
KNIRVENGINE/desktop-client/agent/core/agent_core_service.go:242.111,244.16 2 0
KNIRVENGINE/desktop-client/agent/core/agent_core_service.go:244.16,246.3 1 0
KNIRVENGINE/desktop-client/agent/core/agent_core_service.go:248.2,248.26 1 0
KNIRVENGINE/desktop-client/agent/core/agent_core_service.go:252.119,254.67 1 0
KNIRVENGINE/desktop-client/agent/core/agent_core_service.go:254.67,256.3 1 0
KNIRVENGINE/desktop-client/agent/core/agent_core_service.go:259.2,260.16 2 0
KNIRVENGINE/desktop-client/agent/core/agent_core_service.go:260.16,262.3 1 0
KNIRVENGINE/desktop-client/agent/core/agent_core_service.go:265.2,269.29 3 0
KNIRVENGINE/desktop-client/agent/core/agent_core_service.go:269.29,271.3 1 0
KNIRVENGINE/desktop-client/agent/core/agent_core_service.go:273.2,273.29 1 0
KNIRVENGINE/desktop-client/agent/core/agent_core_service.go:273.29,275.3 1 0
KNIRVENGINE/desktop-client/agent/core/agent_core_service.go:277.2,277.32 1 0
KNIRVENGINE/desktop-client/agent/core/agent_core_service.go:277.32,279.3 1 0
KNIRVENGINE/desktop-client/agent/core/agent_core_service.go:281.2,281.36 1 0
KNIRVENGINE/desktop-client/agent/core/agent_core_service.go:281.36,283.3 1 0
KNIRVENGINE/desktop-client/agent/core/agent_core_service.go:286.2,286.82 1 0
KNIRVENGINE/desktop-client/agent/core/agent_core_service.go:286.82,288.3 1 0
KNIRVENGINE/desktop-client/agent/core/agent_core_service.go:291.2,295.34 3 0
KNIRVENGINE/desktop-client/agent/core/agent_core_service.go:299.116,300.17 1 0
KNIRVENGINE/desktop-client/agent/core/agent_core_service.go:300.17,302.3 1 0
KNIRVENGINE/desktop-client/agent/core/agent_core_service.go:304.2,305.16 2 0
KNIRVENGINE/desktop-client/agent/core/agent_core_service.go:305.16,307.3 1 0
KNIRVENGINE/desktop-client/agent/core/agent_core_service.go:309.2,309.20 1 0
KNIRVENGINE/desktop-client/agent/core/agent_core_service.go:313.68,315.2 1 0
KNIRVENGINE/desktop-client/agent/core/agent_core_service.go:318.68,320.2 1 0
KNIRVENGINE/desktop-client/agent/core/agent_core_service.go:323.58,325.2 1 0
KNIRVENGINE/desktop-client/agent/core/agent_core_service.go:328.90,329.27 1 0
KNIRVENGINE/desktop-client/agent/core/agent_core_service.go:330.16,331.39 1 0
KNIRVENGINE/desktop-client/agent/core/agent_core_service.go:332.14,333.37 1 0
KNIRVENGINE/desktop-client/agent/core/agent_core_service.go:334.18,335.41 1 0
KNIRVENGINE/desktop-client/agent/core/agent_core_service.go:336.10,337.71 1 0
KNIRVENGINE/desktop-client/agent/core/agent_core_service.go:342.96,346.43 2 0
KNIRVENGINE/desktop-client/agent/core/agent_core_service.go:346.43,348.3 1 0
KNIRVENGINE/desktop-client/agent/core/agent_core_service.go:351.2,351.55 1 0
KNIRVENGINE/desktop-client/agent/core/agent_core_service.go:351.55,353.3 1 0
KNIRVENGINE/desktop-client/agent/core/agent_core_service.go:356.2,357.16 2 0
KNIRVENGINE/desktop-client/agent/core/agent_core_service.go:357.16,359.3 1 0
KNIRVENGINE/desktop-client/agent/core/agent_core_service.go:362.2,363.16 2 0
KNIRVENGINE/desktop-client/agent/core/agent_core_service.go:363.16,365.3 1 0
KNIRVENGINE/desktop-client/agent/core/agent_core_service.go:368.2,368.25 1 0
KNIRVENGINE/desktop-client/agent/core/agent_core_service.go:368.25,370.3 1 0
KNIRVENGINE/desktop-client/agent/core/agent_core_service.go:371.2,375.34 4 0
KNIRVENGINE/desktop-client/agent/core/agent_core_service.go:379.94,383.41 2 0
KNIRVENGINE/desktop-client/agent/core/agent_core_service.go:383.41,385.3 1 0
KNIRVENGINE/desktop-client/agent/core/agent_core_service.go:388.2,388.53 1 0
KNIRVENGINE/desktop-client/agent/core/agent_core_service.go:388.53,390.3 1 0
KNIRVENGINE/desktop-client/agent/core/agent_core_service.go:393.2,393.25 1 0
KNIRVENGINE/desktop-client/agent/core/agent_core_service.go:393.25,395.3 1 0
KNIRVENGINE/desktop-client/agent/core/agent_core_service.go:396.2,399.34 3 0
KNIRVENGINE/desktop-client/agent/core/agent_core_service.go:403.98,405.25 1 0
KNIRVENGINE/desktop-client/agent/core/agent_core_service.go:405.25,407.3 1 0
KNIRVENGINE/desktop-client/agent/core/agent_core_service.go:408.2,411.34 3 0
KNIRVENGINE/desktop-client/agent/core/agent_core_service.go:415.115,417.25 1 0
KNIRVENGINE/desktop-client/agent/core/agent_core_service.go:417.25,419.3 1 0
KNIRVENGINE/desktop-client/agent/core/agent_core_service.go:420.2,424.34 4 0
KNIRVENGINE/desktop-client/agent/core/agent_core_service.go:428.86,430.16 2 0
KNIRVENGINE/desktop-client/agent/core/agent_core_service.go:430.16,432.3 1 0
KNIRVENGINE/desktop-client/agent/core/agent_core_service.go:434.2,434.57 1 0
KNIRVENGINE/desktop-client/agent/core/agent_core_service.go:434.57,436.3 1 0
KNIRVENGINE/desktop-client/agent/core/agent_core_service.go:439.2,440.34 2 0
KNIRVENGINE/desktop-client/agent/core/agent_core_service.go:444.85,446.16 2 0
KNIRVENGINE/desktop-client/agent/core/agent_core_service.go:446.16,448.3 1 0
KNIRVENGINE/desktop-client/agent/core/agent_core_service.go:450.2,450.31 1 0
KNIRVENGINE/desktop-client/agent/core/agent_core_service.go:450.31,452.3 1 0
KNIRVENGINE/desktop-client/agent/core/agent_core_service.go:455.2,456.34 2 0
KNIRVENGINE/desktop-client/agent/core/agent_core_service.go:460.37,463.2 2 0
KNIRVENGINE/desktop-client/agent/core/agent_core_service.go:465.35,467.2 1 0
KNIRVENGINE/desktop-client/agent/core/agent_core_service.go:471.34,473.2 1 0
KNIRVENGINE/desktop-client/agent/core/agent_discovery.go:27.84,33.2 1 0
KNIRVENGINE/desktop-client/agent/core/agent_discovery.go:36.114,37.21 1 0
KNIRVENGINE/desktop-client/agent/core/agent_discovery.go:37.21,39.3 1 0
KNIRVENGINE/desktop-client/agent/core/agent_discovery.go:41.2,46.87 3 0
KNIRVENGINE/desktop-client/agent/core/agent_discovery.go:46.87,47.17 1 0
KNIRVENGINE/desktop-client/agent/core/agent_discovery.go:47.17,49.4 1 0
KNIRVENGINE/desktop-client/agent/core/agent_discovery.go:52.3,52.19 1 0
KNIRVENGINE/desktop-client/agent/core/agent_discovery.go:52.19,54.4 1 0
KNIRVENGINE/desktop-client/agent/core/agent_discovery.go:57.3,57.39 1 0
KNIRVENGINE/desktop-client/agent/core/agent_discovery.go:57.39,59.4 1 0
KNIRVENGINE/desktop-client/agent/core/agent_discovery.go:62.3,62.109 1 0
KNIRVENGINE/desktop-client/agent/core/agent_discovery.go:62.109,64.18 2 0
KNIRVENGINE/desktop-client/agent/core/agent_discovery.go:64.18,67.5 1 0
KNIRVENGINE/desktop-client/agent/core/agent_discovery.go:70.4,71.53 2 0
KNIRVENGINE/desktop-client/agent/core/agent_discovery.go:71.53,73.5 1 0
KNIRVENGINE/desktop-client/agent/core/agent_discovery.go:74.4,74.14 1 0
KNIRVENGINE/desktop-client/agent/core/agent_discovery.go:78.3,78.38 1 0
KNIRVENGINE/desktop-client/agent/core/agent_discovery.go:78.38,80.18 2 0
KNIRVENGINE/desktop-client/agent/core/agent_discovery.go:80.18,83.5 1 0
KNIRVENGINE/desktop-client/agent/core/agent_discovery.go:86.4,86.39 1 0
KNIRVENGINE/desktop-client/agent/core/agent_discovery.go:86.39,88.54 2 0
KNIRVENGINE/desktop-client/agent/core/agent_discovery.go:88.54,90.6 1 0
KNIRVENGINE/desktop-client/agent/core/agent_discovery.go:92.4,92.14 1 0
KNIRVENGINE/desktop-client/agent/core/agent_discovery.go:95.3,95.13 1 0
KNIRVENGINE/desktop-client/agent/core/agent_discovery.go:98.2,98.16 1 0
KNIRVENGINE/desktop-client/agent/core/agent_discovery.go:98.16,100.3 1 0
KNIRVENGINE/desktop-client/agent/core/agent_discovery.go:103.2,103.37 1 0
KNIRVENGINE/desktop-client/agent/core/agent_discovery.go:103.37,105.3 1 0
KNIRVENGINE/desktop-client/agent/core/agent_discovery.go:107.2,107.20 1 0
KNIRVENGINE/desktop-client/agent/core/agent_discovery.go:111.109,112.19 1 0
KNIRVENGINE/desktop-client/agent/core/agent_discovery.go:112.19,114.3 1 0
KNIRVENGINE/desktop-client/agent/core/agent_discovery.go:116.2,121.85 3 0
KNIRVENGINE/desktop-client/agent/core/agent_discovery.go:121.85,122.17 1 0
KNIRVENGINE/desktop-client/agent/core/agent_discovery.go:122.17,124.4 1 0
KNIRVENGINE/desktop-client/agent/core/agent_discovery.go:127.3,127.19 1 0
KNIRVENGINE/desktop-client/agent/core/agent_discovery.go:127.19,129.4 1 0
KNIRVENGINE/desktop-client/agent/core/agent_discovery.go:132.3,132.39 1 0
KNIRVENGINE/desktop-client/agent/core/agent_discovery.go:132.39,134.4 1 0
KNIRVENGINE/desktop-client/agent/core/agent_discovery.go:137.3,137.39 1 0
KNIRVENGINE/desktop-client/agent/core/agent_discovery.go:137.39,139.18 2 0
KNIRVENGINE/desktop-client/agent/core/agent_discovery.go:139.18,142.5 1 0
KNIRVENGINE/desktop-client/agent/core/agent_discovery.go:145.4,146.53 2 0
KNIRVENGINE/desktop-client/agent/core/agent_discovery.go:146.53,148.5 1 0
KNIRVENGINE/desktop-client/agent/core/agent_discovery.go:149.4,149.14 1 0
KNIRVENGINE/desktop-client/agent/core/agent_discovery.go:153.3,153.38 1 0
KNIRVENGINE/desktop-client/agent/core/agent_discovery.go:153.38,155.18 2 0
KNIRVENGINE/desktop-client/agent/core/agent_discovery.go:155.18,158.5 1 0
KNIRVENGINE/desktop-client/agent/core/agent_discovery.go:161.4,161.39 1 0
KNIRVENGINE/desktop-client/agent/core/agent_discovery.go:161.39,163.54 2 0
KNIRVENGINE/desktop-client/agent/core/agent_discovery.go:163.54,165.6 1 0
KNIRVENGINE/desktop-client/agent/core/agent_discovery.go:167.4,167.14 1 0
KNIRVENGINE/desktop-client/agent/core/agent_discovery.go:170.3,170.13 1 0
KNIRVENGINE/desktop-client/agent/core/agent_discovery.go:173.2,173.16 1 0
KNIRVENGINE/desktop-client/agent/core/agent_discovery.go:173.16,175.3 1 0
KNIRVENGINE/desktop-client/agent/core/agent_discovery.go:178.2,178.37 1 0
KNIRVENGINE/desktop-client/agent/core/agent_discovery.go:178.37,180.3 1 0
KNIRVENGINE/desktop-client/agent/core/agent_discovery.go:182.2,182.20 1 0
KNIRVENGINE/desktop-client/agent/core/agent_discovery.go:186.118,187.23 1 0
KNIRVENGINE/desktop-client/agent/core/agent_discovery.go:187.23,189.3 1 0
KNIRVENGINE/desktop-client/agent/core/agent_discovery.go:191.2,194.89 2 0
KNIRVENGINE/desktop-client/agent/core/agent_discovery.go:194.89,195.17 1 0
KNIRVENGINE/desktop-client/agent/core/agent_discovery.go:195.17,197.4 1 0
KNIRVENGINE/desktop-client/agent/core/agent_discovery.go:200.3,200.57 1 0
KNIRVENGINE/desktop-client/agent/core/agent_discovery.go:200.57,202.4 1 0
KNIRVENGINE/desktop-client/agent/core/agent_discovery.go:205.3,206.17 2 0
KNIRVENGINE/desktop-client/agent/core/agent_discovery.go:206.17,209.4 1 0
KNIRVENGINE/desktop-client/agent/core/agent_discovery.go:211.3,212.13 2 0
KNIRVENGINE/desktop-client/agent/core/agent_discovery.go:215.2,215.16 1 0
KNIRVENGINE/desktop-client/agent/core/agent_discovery.go:215.16,217.3 1 0
KNIRVENGINE/desktop-client/agent/core/agent_discovery.go:219.2,219.20 1 0
KNIRVENGINE/desktop-client/agent/core/agent_discovery.go:223.119,230.16 4 0
KNIRVENGINE/desktop-client/agent/core/agent_discovery.go:230.16,232.3 1 0
KNIRVENGINE/desktop-client/agent/core/agent_discovery.go:234.2,260.19 2 0
KNIRVENGINE/desktop-client/agent/core/agent_discovery.go:264.115,271.16 4 0
KNIRVENGINE/desktop-client/agent/core/agent_discovery.go:271.16,273.3 1 0
KNIRVENGINE/desktop-client/agent/core/agent_discovery.go:275.2,301.19 2 0
KNIRVENGINE/desktop-client/agent/core/agent_discovery.go:305.123,307.9 1 0
KNIRVENGINE/desktop-client/agent/core/agent_discovery.go:308.20,309.24 1 0
KNIRVENGINE/desktop-client/agent/core/agent_discovery.go:310.10,310.10 0 0
KNIRVENGINE/desktop-client/agent/core/agent_discovery.go:315.2,316.16 2 0
KNIRVENGINE/desktop-client/agent/core/agent_discovery.go:316.16,318.3 1 0
KNIRVENGINE/desktop-client/agent/core/agent_discovery.go:321.2,322.60 2 0
KNIRVENGINE/desktop-client/agent/core/agent_discovery.go:322.60,324.3 1 0
KNIRVENGINE/desktop-client/agent/core/agent_discovery.go:327.2,357.65 4 0
KNIRVENGINE/desktop-client/agent/core/agent_discovery.go:357.65,359.3 1 0
KNIRVENGINE/desktop-client/agent/core/agent_discovery.go:360.2,360.86 1 0
KNIRVENGINE/desktop-client/agent/core/agent_discovery.go:360.86,362.3 1 0
KNIRVENGINE/desktop-client/agent/core/agent_discovery.go:363.2,363.74 1 0
KNIRVENGINE/desktop-client/agent/core/agent_discovery.go:363.74,365.3 1 0
KNIRVENGINE/desktop-client/agent/core/agent_discovery.go:367.2,367.19 1 0
KNIRVENGINE/desktop-client/agent/core/agent_discovery.go:379.80,387.23 4 0
KNIRVENGINE/desktop-client/agent/core/agent_discovery.go:387.23,398.3 4 0
KNIRVENGINE/desktop-client/agent/core/agent_discovery.go:402.2,407.3 1 0
KNIRVENGINE/desktop-client/agent/core/agent_discovery.go:411.108,414.2 1 0
KNIRVENGINE/desktop-client/agent/core/agent_discovery.go:417.130,419.9 1 0
KNIRVENGINE/desktop-client/agent/core/agent_discovery.go:420.20,421.24 1 0
KNIRVENGINE/desktop-client/agent/core/agent_discovery.go:422.10,422.10 0 0
KNIRVENGINE/desktop-client/agent/core/agent_discovery.go:425.2,429.16 3 0
KNIRVENGINE/desktop-client/agent/core/agent_discovery.go:429.16,431.3 1 0
KNIRVENGINE/desktop-client/agent/core/agent_discovery.go:432.2,438.35 4 0
KNIRVENGINE/desktop-client/agent/core/agent_discovery.go:438.35,439.81 1 0
KNIRVENGINE/desktop-client/agent/core/agent_discovery.go:439.81,441.18 2 0
KNIRVENGINE/desktop-client/agent/core/agent_discovery.go:441.18,442.13 1 0
KNIRVENGINE/desktop-client/agent/core/agent_discovery.go:444.4,447.18 3 0
KNIRVENGINE/desktop-client/agent/core/agent_discovery.go:447.18,448.13 1 0
KNIRVENGINE/desktop-client/agent/core/agent_discovery.go:451.4,451.67 1 0
KNIRVENGINE/desktop-client/agent/core/agent_discovery.go:451.67,452.13 1 0
KNIRVENGINE/desktop-client/agent/core/agent_discovery.go:454.4,455.9 2 0
KNIRVENGINE/desktop-client/agent/core/agent_discovery.go:460.2,460.16 1 0
KNIRVENGINE/desktop-client/agent/core/agent_discovery.go:460.16,467.3 2 0
KNIRVENGINE/desktop-client/agent/core/agent_discovery.go:470.2,497.20 3 0
KNIRVENGINE/desktop-client/agent/core/agent_discovery.go:501.97,502.32 1 0
KNIRVENGINE/desktop-client/agent/core/agent_discovery.go:502.32,503.34 1 0
KNIRVENGINE/desktop-client/agent/core/agent_discovery.go:503.34,505.4 1 0
KNIRVENGINE/desktop-client/agent/core/agent_discovery.go:507.2,507.21 1 0
KNIRVENGINE/desktop-client/agent/core/agent_lifecycle_manager.go:16.60,22.2 1 0
KNIRVENGINE/desktop-client/agent/core/agent_lifecycle_manager.go:25.82,29.2 3 0
KNIRVENGINE/desktop-client/agent/core/agent_lifecycle_manager.go:32.82,36.2 3 0
KNIRVENGINE/desktop-client/agent/core/agent_lifecycle_manager.go:39.79,43.2 3 0
KNIRVENGINE/desktop-client/agent/core/agent_lifecycle_manager.go:46.73,53.29 5 0
KNIRVENGINE/desktop-client/agent/core/agent_lifecycle_manager.go:53.29,54.33 1 0
KNIRVENGINE/desktop-client/agent/core/agent_lifecycle_manager.go:54.33,55.17 1 0
KNIRVENGINE/desktop-client/agent/core/agent_lifecycle_manager.go:55.17,56.33 1 0
KNIRVENGINE/desktop-client/agent/core/agent_lifecycle_manager.go:56.34,59.6 0 0
KNIRVENGINE/desktop-client/agent/core/agent_lifecycle_manager.go:61.4,61.12 1 0
KNIRVENGINE/desktop-client/agent/core/agent_lifecycle_manager.go:67.73,74.29 5 0
KNIRVENGINE/desktop-client/agent/core/agent_lifecycle_manager.go:74.29,75.33 1 0
KNIRVENGINE/desktop-client/agent/core/agent_lifecycle_manager.go:75.33,76.17 1 0
KNIRVENGINE/desktop-client/agent/core/agent_lifecycle_manager.go:76.17,77.33 1 0
KNIRVENGINE/desktop-client/agent/core/agent_lifecycle_manager.go:77.34,80.6 0 0
KNIRVENGINE/desktop-client/agent/core/agent_lifecycle_manager.go:82.4,82.12 1 0
KNIRVENGINE/desktop-client/agent/core/agent_lifecycle_manager.go:88.63,95.29 5 0
KNIRVENGINE/desktop-client/agent/core/agent_lifecycle_manager.go:95.29,96.30 1 0
KNIRVENGINE/desktop-client/agent/core/agent_lifecycle_manager.go:96.30,97.17 1 0
KNIRVENGINE/desktop-client/agent/core/agent_lifecycle_manager.go:97.17,98.33 1 0
KNIRVENGINE/desktop-client/agent/core/agent_lifecycle_manager.go:98.34,101.6 0 0
KNIRVENGINE/desktop-client/agent/core/agent_lifecycle_manager.go:103.4,103.9 1 0
KNIRVENGINE/desktop-client/agent/core/agent_storage_adapter.go:19.74,25.16 3 0
KNIRVENGINE/desktop-client/agent/core/agent_storage_adapter.go:25.16,27.3 1 0
KNIRVENGINE/desktop-client/agent/core/agent_storage_adapter.go:29.2,32.8 1 0
KNIRVENGINE/desktop-client/agent/core/agent_storage_adapter.go:36.85,39.16 2 0
KNIRVENGINE/desktop-client/agent/core/agent_storage_adapter.go:39.16,41.3 1 0
KNIRVENGINE/desktop-client/agent/core/agent_storage_adapter.go:44.2,57.33 2 0
KNIRVENGINE/desktop-client/agent/core/agent_storage_adapter.go:57.33,60.3 2 0
KNIRVENGINE/desktop-client/agent/core/agent_storage_adapter.go:63.2,63.32 1 0
KNIRVENGINE/desktop-client/agent/core/agent_storage_adapter.go:63.32,66.3 2 0
KNIRVENGINE/desktop-client/agent/core/agent_storage_adapter.go:69.2,69.25 1 0
KNIRVENGINE/desktop-client/agent/core/agent_storage_adapter.go:69.25,72.3 2 0
KNIRVENGINE/desktop-client/agent/core/agent_storage_adapter.go:75.2,82.67 2 0
KNIRVENGINE/desktop-client/agent/core/agent_storage_adapter.go:86.90,89.16 2 0
KNIRVENGINE/desktop-client/agent/core/agent_storage_adapter.go:89.16,91.3 1 0
KNIRVENGINE/desktop-client/agent/core/agent_storage_adapter.go:94.2,95.68 2 0
KNIRVENGINE/desktop-client/agent/core/agent_storage_adapter.go:95.68,97.3 1 0
KNIRVENGINE/desktop-client/agent/core/agent_storage_adapter.go:99.2,99.20 1 0
KNIRVENGINE/desktop-client/agent/core/agent_storage_adapter.go:103.86,106.16 2 0
KNIRVENGINE/desktop-client/agent/core/agent_storage_adapter.go:106.16,108.3 1 0
KNIRVENGINE/desktop-client/agent/core/agent_storage_adapter.go:109.2,109.13 1 0
KNIRVENGINE/desktop-client/agent/core/agent_storage_adapter.go:109.13,111.3 1 0
KNIRVENGINE/desktop-client/agent/core/agent_storage_adapter.go:114.2,114.69 1 0
KNIRVENGINE/desktop-client/agent/core/agent_storage_adapter.go:114.69,116.3 1 0
KNIRVENGINE/desktop-client/agent/core/agent_storage_adapter.go:119.2,119.28 1 0
KNIRVENGINE/desktop-client/agent/core/agent_storage_adapter.go:123.76,126.16 2 0
KNIRVENGINE/desktop-client/agent/core/agent_storage_adapter.go:126.16,128.3 1 0
KNIRVENGINE/desktop-client/agent/core/agent_storage_adapter.go:129.2,129.13 1 0
KNIRVENGINE/desktop-client/agent/core/agent_storage_adapter.go:129.13,131.3 1 0
KNIRVENGINE/desktop-client/agent/core/agent_storage_adapter.go:134.2,134.47 1 0
KNIRVENGINE/desktop-client/agent/core/agent_storage_adapter.go:138.113,142.16 2 0
KNIRVENGINE/desktop-client/agent/core/agent_storage_adapter.go:142.16,144.3 1 0
KNIRVENGINE/desktop-client/agent/core/agent_storage_adapter.go:146.2,147.33 2 0
KNIRVENGINE/desktop-client/agent/core/agent_storage_adapter.go:147.33,149.72 2 0
KNIRVENGINE/desktop-client/agent/core/agent_storage_adapter.go:149.72,150.12 1 0
KNIRVENGINE/desktop-client/agent/core/agent_storage_adapter.go:154.3,154.38 1 0
KNIRVENGINE/desktop-client/agent/core/agent_storage_adapter.go:154.38,156.4 1 0
KNIRVENGINE/desktop-client/agent/core/agent_storage_adapter.go:159.2,159.20 1 0
KNIRVENGINE/desktop-client/agent/core/agent_storage_adapter.go:163.109,166.16 2 0
KNIRVENGINE/desktop-client/agent/core/agent_storage_adapter.go:166.16,168.3 1 0
KNIRVENGINE/desktop-client/agent/core/agent_storage_adapter.go:170.2,171.33 2 0
KNIRVENGINE/desktop-client/agent/core/agent_storage_adapter.go:171.33,173.72 2 0
KNIRVENGINE/desktop-client/agent/core/agent_storage_adapter.go:173.72,174.12 1 0
KNIRVENGINE/desktop-client/agent/core/agent_storage_adapter.go:176.3,176.34 1 0
KNIRVENGINE/desktop-client/agent/core/agent_storage_adapter.go:179.2,179.20 1 0
KNIRVENGINE/desktop-client/agent/core/agent_storage_adapter.go:183.84,185.16 2 0
KNIRVENGINE/desktop-client/agent/core/agent_storage_adapter.go:185.16,187.3 1 0
KNIRVENGINE/desktop-client/agent/core/agent_storage_adapter.go:188.2,188.18 1 0
KNIRVENGINE/desktop-client/agent/core/agent_storage_adapter.go:192.102,194.16 2 0
KNIRVENGINE/desktop-client/agent/core/agent_storage_adapter.go:194.16,196.3 1 0
KNIRVENGINE/desktop-client/agent/core/agent_storage_adapter.go:197.2,197.25 1 0
KNIRVENGINE/desktop-client/agent/core/agent_storage_adapter.go:201.102,202.22 1 0
KNIRVENGINE/desktop-client/agent/core/agent_storage_adapter.go:202.22,204.3 1 0
KNIRVENGINE/desktop-client/agent/core/agent_storage_adapter.go:206.2,206.33 1 0
KNIRVENGINE/desktop-client/agent/core/agent_storage_adapter.go:206.33,207.14 1 0
KNIRVENGINE/desktop-client/agent/core/agent_storage_adapter.go:208.15,209.36 1 0
KNIRVENGINE/desktop-client/agent/core/agent_storage_adapter.go:209.36,211.5 1 0
KNIRVENGINE/desktop-client/agent/core/agent_storage_adapter.go:212.17,213.38 1 0
KNIRVENGINE/desktop-client/agent/core/agent_storage_adapter.go:213.38,215.5 1 0
KNIRVENGINE/desktop-client/agent/core/agent_storage_adapter.go:216.23,217.43 1 0
KNIRVENGINE/desktop-client/agent/core/agent_storage_adapter.go:217.43,219.5 1 0
KNIRVENGINE/desktop-client/agent/core/agent_storage_adapter.go:220.21,221.42 1 0
KNIRVENGINE/desktop-client/agent/core/agent_storage_adapter.go:221.42,223.5 1 0
KNIRVENGINE/desktop-client/agent/core/agent_storage_adapter.go:224.19,225.38 1 0
KNIRVENGINE/desktop-client/agent/core/agent_storage_adapter.go:225.38,227.5 1 0
KNIRVENGINE/desktop-client/agent/core/agent_storage_adapter.go:228.23,230.63 2 0
KNIRVENGINE/desktop-client/agent/core/agent_storage_adapter.go:230.63,232.5 1 0
KNIRVENGINE/desktop-client/agent/core/agent_storage_adapter.go:233.23,235.62 2 0
KNIRVENGINE/desktop-client/agent/core/agent_storage_adapter.go:235.62,237.5 1 0
KNIRVENGINE/desktop-client/agent/core/agent_storage_adapter.go:241.2,241.13 1 0
KNIRVENGINE/desktop-client/agent/core/agent_storage_adapter.go:245.89,247.32 2 0
KNIRVENGINE/desktop-client/agent/core/agent_storage_adapter.go:247.32,249.3 1 0
KNIRVENGINE/desktop-client/agent/core/agent_storage_adapter.go:251.2,251.40 1 0
KNIRVENGINE/desktop-client/agent/core/agent_storage_adapter.go:251.40,252.24 1 0
KNIRVENGINE/desktop-client/agent/core/agent_storage_adapter.go:252.24,254.4 1 0
KNIRVENGINE/desktop-client/agent/core/agent_storage_adapter.go:257.2,257.13 1 0
KNIRVENGINE/desktop-client/agent/core/agent_storage_adapter.go:261.90,263.31 2 0
KNIRVENGINE/desktop-client/agent/core/agent_storage_adapter.go:263.31,265.3 1 0
KNIRVENGINE/desktop-client/agent/core/agent_storage_adapter.go:267.2,267.41 1 0
KNIRVENGINE/desktop-client/agent/core/agent_storage_adapter.go:267.41,268.25 1 0
KNIRVENGINE/desktop-client/agent/core/agent_storage_adapter.go:268.25,270.4 1 0
KNIRVENGINE/desktop-client/agent/core/agent_storage_adapter.go:273.2,273.13 1 0
KNIRVENGINE/desktop-client/agent/core/config_parser.go:7.38,9.2 1 0
KNIRVENGINE/desktop-client/agent/core/config_parser.go:12.61,13.27 1 0
KNIRVENGINE/desktop-client/agent/core/config_parser.go:13.27,14.32 1 0
KNIRVENGINE/desktop-client/agent/core/config_parser.go:14.32,16.4 1 0
KNIRVENGINE/desktop-client/agent/core/config_parser.go:18.2,18.11 1 0
KNIRVENGINE/desktop-client/agent/core/config_parser.go:21.55,22.27 1 0
KNIRVENGINE/desktop-client/agent/core/config_parser.go:22.27,23.26 1 0
KNIRVENGINE/desktop-client/agent/core/config_parser.go:24.12,25.12 1 0
KNIRVENGINE/desktop-client/agent/core/config_parser.go:26.16,27.17 1 0
KNIRVENGINE/desktop-client/agent/core/config_parser.go:30.2,30.10 1 0
KNIRVENGINE/desktop-client/agent/core/config_parser.go:33.65,34.27 1 0
KNIRVENGINE/desktop-client/agent/core/config_parser.go:34.27,35.33 1 0
KNIRVENGINE/desktop-client/agent/core/config_parser.go:35.33,37.4 1 0
KNIRVENGINE/desktop-client/agent/core/config_parser.go:38.3,38.29 1 0
KNIRVENGINE/desktop-client/agent/core/config_parser.go:38.29,41.4 2 0
KNIRVENGINE/desktop-client/agent/core/config_parser.go:43.2,43.12 1 0
KNIRVENGINE/desktop-client/agent/core/config_parser.go:46.63,47.27 1 0
KNIRVENGINE/desktop-client/agent/core/config_parser.go:47.27,48.26 1 0
KNIRVENGINE/desktop-client/agent/core/config_parser.go:49.12,51.15 2 0
KNIRVENGINE/desktop-client/agent/core/config_parser.go:52.14,53.13 1 0
KNIRVENGINE/desktop-client/agent/core/config_parser.go:54.16,56.15 2 0
KNIRVENGINE/desktop-client/agent/core/config_parser.go:59.2,59.12 1 0
KNIRVENGINE/desktop-client/agent/core/config_parser.go:63.89,64.19 1 0
KNIRVENGINE/desktop-client/agent/core/config_parser.go:64.19,66.3 1 0
KNIRVENGINE/desktop-client/agent/core/config_parser.go:68.2,78.3 1 0
KNIRVENGINE/desktop-client/agent/core/config_parser.go:95.91,96.19 1 0
KNIRVENGINE/desktop-client/agent/core/config_parser.go:96.19,98.3 1 0
KNIRVENGINE/desktop-client/agent/core/config_parser.go:100.2,109.3 1 0
KNIRVENGINE/desktop-client/agent/service/agent_service.go:28.68,31.16 2 0
KNIRVENGINE/desktop-client/agent/service/agent_service.go:31.16,33.3 1 0
KNIRVENGINE/desktop-client/agent/service/agent_service.go:36.2,45.8 3 0
KNIRVENGINE/desktop-client/agent/service/agent_service.go:51.89,53.2 1 0
KNIRVENGINE/desktop-client/agent/service/agent_service.go:56.93,58.2 1 0
KNIRVENGINE/desktop-client/agent/service/agent_service.go:61.89,63.2 1 0
KNIRVENGINE/desktop-client/agent/service/agent_service.go:66.74,68.2 1 0
KNIRVENGINE/desktop-client/agent/service/agent_service.go:71.117,73.2 1 0
KNIRVENGINE/desktop-client/agent/service/agent_service.go:78.90,80.2 1 0
KNIRVENGINE/desktop-client/agent/service/agent_service.go:83.115,85.2 1 0
KNIRVENGINE/desktop-client/agent/service/agent_service.go:90.103,92.2 1 0
KNIRVENGINE/desktop-client/agent/service/agent_service.go:95.111,97.2 1 0
KNIRVENGINE/desktop-client/agent/service/agent_service.go:102.113,104.2 1 0
KNIRVENGINE/desktop-client/agent/service/agent_service.go:109.65,111.2 1 0
KNIRVENGINE/desktop-client/agent/service/agent_service.go:114.65,116.2 1 0
KNIRVENGINE/desktop-client/agent/service/agent_service.go:119.50,121.2 1 0
KNIRVENGINE/desktop-client/agent/service/agent_service.go:126.109,131.2 2 0
KNIRVENGINE/desktop-client/agent/service/agent_service.go:134.108,139.2 2 0
KNIRVENGINE/desktop-client/agent/service/agent_service.go:142.118,147.2 2 0
KNIRVENGINE/desktop-client/agent/service/agent_service.go:150.116,155.2 2 0
KNIRVENGINE/desktop-client/agent/service/agent_service.go:158.91,160.2 1 0
KNIRVENGINE/desktop-client/agent/service/agent_service.go:163.93,165.2 1 0
KNIRVENGINE/desktop-client/agent/service/agent_service.go:168.91,170.2 1 0
KNIRVENGINE/desktop-client/agent/service/agent_service.go:173.89,175.2 1 0
KNIRVENGINE/desktop-client/agent/service/agent_service.go:178.93,180.2 1 0
KNIRVENGINE/desktop-client/agent/service/agent_service.go:183.76,185.16 2 0
KNIRVENGINE/desktop-client/agent/service/agent_service.go:185.16,187.3 1 0
KNIRVENGINE/desktop-client/agent/service/agent_service.go:189.2,190.34 2 0
KNIRVENGINE/desktop-client/agent/service/agent_service.go:194.78,196.16 2 0
KNIRVENGINE/desktop-client/agent/service/agent_service.go:196.16,198.3 1 0
KNIRVENGINE/desktop-client/agent/service/agent_service.go:200.2,201.34 2 0
KNIRVENGINE/desktop-client/agent/service/agent_service.go:205.101,207.2 1 0
KNIRVENGINE/desktop-client/agent/service/agent_service.go:210.82,212.2 1 0
KNIRVENGINE/desktop-client/agent/service/agent_service.go:215.63,217.2 1 0
KNIRVENGINE/desktop-client/agent/service/agent_service.go:220.55,222.2 1 0
KNIRVENGINE/desktop-client/agent/service/agent_service.go:225.59,227.2 1 0
KNIRVENGINE/desktop-client/agentify/examples/plugin_development/comprehensive_agent_plugin.go:28.84,30.61 1 0
KNIRVENGINE/desktop-client/agentify/examples/plugin_development/comprehensive_agent_plugin.go:30.61,32.3 1 0
KNIRVENGINE/desktop-client/agentify/examples/plugin_development/comprehensive_agent_plugin.go:35.2,35.54 1 0
KNIRVENGINE/desktop-client/agentify/examples/plugin_development/comprehensive_agent_plugin.go:35.54,37.3 1 0
KNIRVENGINE/desktop-client/agentify/examples/plugin_development/comprehensive_agent_plugin.go:37.8,40.17 2 0
KNIRVENGINE/desktop-client/agentify/examples/plugin_development/comprehensive_agent_plugin.go:40.17,43.4 1 0
KNIRVENGINE/desktop-client/agentify/examples/plugin_development/comprehensive_agent_plugin.go:43.9,45.4 1 0
KNIRVENGINE/desktop-client/agentify/examples/plugin_development/comprehensive_agent_plugin.go:49.2,49.54 1 0
KNIRVENGINE/desktop-client/agentify/examples/plugin_development/comprehensive_agent_plugin.go:49.54,51.57 1 0
KNIRVENGINE/desktop-client/agentify/examples/plugin_development/comprehensive_agent_plugin.go:51.57,53.4 1 0
KNIRVENGINE/desktop-client/agentify/examples/plugin_development/comprehensive_agent_plugin.go:57.2,80.12 11 0
KNIRVENGINE/desktop-client/agentify/examples/plugin_development/comprehensive_agent_plugin.go:84.128,86.9 2 0
KNIRVENGINE/desktop-client/agentify/examples/plugin_development/comprehensive_agent_plugin.go:86.9,88.3 1 0
KNIRVENGINE/desktop-client/agentify/examples/plugin_development/comprehensive_agent_plugin.go:90.2,90.19 1 0
KNIRVENGINE/desktop-client/agentify/examples/plugin_development/comprehensive_agent_plugin.go:91.14,93.10 2 0
KNIRVENGINE/desktop-client/agentify/examples/plugin_development/comprehensive_agent_plugin.go:93.10,95.4 1 0
KNIRVENGINE/desktop-client/agentify/examples/plugin_development/comprehensive_agent_plugin.go:97.3,98.17 2 0
KNIRVENGINE/desktop-client/agentify/examples/plugin_development/comprehensive_agent_plugin.go:98.17,100.4 1 0
KNIRVENGINE/desktop-client/agentify/examples/plugin_development/comprehensive_agent_plugin.go:102.3,103.30 2 0
KNIRVENGINE/desktop-client/agentify/examples/plugin_development/comprehensive_agent_plugin.go:103.30,111.4 2 0
KNIRVENGINE/desktop-client/agentify/examples/plugin_development/comprehensive_agent_plugin.go:113.3,118.9 1 0
KNIRVENGINE/desktop-client/agentify/examples/plugin_development/comprehensive_agent_plugin.go:120.14,122.10 2 0
KNIRVENGINE/desktop-client/agentify/examples/plugin_development/comprehensive_agent_plugin.go:122.10,124.4 1 0
KNIRVENGINE/desktop-client/agentify/examples/plugin_development/comprehensive_agent_plugin.go:127.3,127.81 1 0
KNIRVENGINE/desktop-client/agentify/examples/plugin_development/comprehensive_agent_plugin.go:127.81,129.4 1 0
KNIRVENGINE/desktop-client/agentify/examples/plugin_development/comprehensive_agent_plugin.go:131.3,132.17 2 0
KNIRVENGINE/desktop-client/agentify/examples/plugin_development/comprehensive_agent_plugin.go:132.17,134.4 1 0
KNIRVENGINE/desktop-client/agentify/examples/plugin_development/comprehensive_agent_plugin.go:136.3,141.9 1 0
KNIRVENGINE/desktop-client/agentify/examples/plugin_development/comprehensive_agent_plugin.go:143.15,145.10 2 0
KNIRVENGINE/desktop-client/agentify/examples/plugin_development/comprehensive_agent_plugin.go:145.10,147.4 1 0
KNIRVENGINE/desktop-client/agentify/examples/plugin_development/comprehensive_agent_plugin.go:149.3,150.10 2 0
KNIRVENGINE/desktop-client/agentify/examples/plugin_development/comprehensive_agent_plugin.go:150.10,152.4 1 0
KNIRVENGINE/desktop-client/agentify/examples/plugin_development/comprehensive_agent_plugin.go:155.3,155.81 1 0
KNIRVENGINE/desktop-client/agentify/examples/plugin_development/comprehensive_agent_plugin.go:155.81,157.4 1 0
KNIRVENGINE/desktop-client/agentify/examples/plugin_development/comprehensive_agent_plugin.go:159.3,160.17 2 0
KNIRVENGINE/desktop-client/agentify/examples/plugin_development/comprehensive_agent_plugin.go:160.17,162.4 1 0
KNIRVENGINE/desktop-client/agentify/examples/plugin_development/comprehensive_agent_plugin.go:164.3,169.9 1 0
KNIRVENGINE/desktop-client/agentify/examples/plugin_development/comprehensive_agent_plugin.go:171.10,172.70 1 0
KNIRVENGINE/desktop-client/agentify/examples/plugin_development/comprehensive_agent_plugin.go:177.123,179.9 2 0
KNIRVENGINE/desktop-client/agentify/examples/plugin_development/comprehensive_agent_plugin.go:179.9,181.3 1 0
KNIRVENGINE/desktop-client/agentify/examples/plugin_development/comprehensive_agent_plugin.go:184.2,202.8 1 0
KNIRVENGINE/desktop-client/agentify/examples/plugin_development/comprehensive_agent_plugin.go:206.124,208.9 2 0
KNIRVENGINE/desktop-client/agentify/examples/plugin_development/comprehensive_agent_plugin.go:208.9,210.3 1 0
KNIRVENGINE/desktop-client/agentify/examples/plugin_development/comprehensive_agent_plugin.go:214.2,218.39 3 0
KNIRVENGINE/desktop-client/agentify/examples/plugin_development/comprehensive_agent_plugin.go:218.39,221.3 2 0
KNIRVENGINE/desktop-client/agentify/examples/plugin_development/comprehensive_agent_plugin.go:221.8,221.46 1 0
KNIRVENGINE/desktop-client/agentify/examples/plugin_development/comprehensive_agent_plugin.go:221.46,224.3 2 0
KNIRVENGINE/desktop-client/agentify/examples/plugin_development/comprehensive_agent_plugin.go:224.8,224.46 1 0
KNIRVENGINE/desktop-client/agentify/examples/plugin_development/comprehensive_agent_plugin.go:224.46,227.3 2 0
KNIRVENGINE/desktop-client/agentify/examples/plugin_development/comprehensive_agent_plugin.go:227.8,227.46 1 0
KNIRVENGINE/desktop-client/agentify/examples/plugin_development/comprehensive_agent_plugin.go:227.46,230.3 2 0
KNIRVENGINE/desktop-client/agentify/examples/plugin_development/comprehensive_agent_plugin.go:230.8,232.3 1 0
KNIRVENGINE/desktop-client/agentify/examples/plugin_development/comprehensive_agent_plugin.go:234.2,239.8 1 0
KNIRVENGINE/desktop-client/agentify/examples/plugin_development/comprehensive_agent_plugin.go:243.124,245.9 2 0
KNIRVENGINE/desktop-client/agentify/examples/plugin_development/comprehensive_agent_plugin.go:245.9,247.3 1 0
KNIRVENGINE/desktop-client/agentify/examples/plugin_development/comprehensive_agent_plugin.go:249.2,249.18 1 0
KNIRVENGINE/desktop-client/agentify/examples/plugin_development/comprehensive_agent_plugin.go:250.17,257.9 1 0
KNIRVENGINE/desktop-client/agentify/examples/plugin_development/comprehensive_agent_plugin.go:259.16,266.9 1 0
KNIRVENGINE/desktop-client/agentify/examples/plugin_development/comprehensive_agent_plugin.go:268.14,275.9 1 0
KNIRVENGINE/desktop-client/agentify/examples/plugin_development/comprehensive_agent_plugin.go:277.10,278.71 1 0
KNIRVENGINE/desktop-client/agentify/examples/plugin_development/comprehensive_agent_plugin.go:283.126,285.9 2 0
KNIRVENGINE/desktop-client/agentify/examples/plugin_development/comprehensive_agent_plugin.go:285.9,287.3 1 0
KNIRVENGINE/desktop-client/agentify/examples/plugin_development/comprehensive_agent_plugin.go:290.2,291.26 2 0
KNIRVENGINE/desktop-client/agentify/examples/plugin_development/comprehensive_agent_plugin.go:291.26,292.76 1 0
KNIRVENGINE/desktop-client/agentify/examples/plugin_development/comprehensive_agent_plugin.go:292.76,294.18 2 0
KNIRVENGINE/desktop-client/agentify/examples/plugin_development/comprehensive_agent_plugin.go:294.18,296.5 1 0
KNIRVENGINE/desktop-client/agentify/examples/plugin_development/comprehensive_agent_plugin.go:298.4,303.10 1 0
KNIRVENGINE/desktop-client/agentify/examples/plugin_development/comprehensive_agent_plugin.go:308.2,314.8 1 0
KNIRVENGINE/desktop-client/agentify/examples/plugin_development/comprehensive_agent_plugin.go:318.129,320.9 2 0
KNIRVENGINE/desktop-client/agentify/examples/plugin_development/comprehensive_agent_plugin.go:320.9,322.3 1 0
KNIRVENGINE/desktop-client/agentify/examples/plugin_development/comprehensive_agent_plugin.go:325.2,327.28 3 0
KNIRVENGINE/desktop-client/agentify/examples/plugin_development/comprehensive_agent_plugin.go:327.28,329.3 1 0
KNIRVENGINE/desktop-client/agentify/examples/plugin_development/comprehensive_agent_plugin.go:331.2,333.36 3 0
KNIRVENGINE/desktop-client/agentify/examples/plugin_development/comprehensive_agent_plugin.go:333.36,334.26 1 0
KNIRVENGINE/desktop-client/agentify/examples/plugin_development/comprehensive_agent_plugin.go:334.26,336.9 2 0
KNIRVENGINE/desktop-client/agentify/examples/plugin_development/comprehensive_agent_plugin.go:340.2,340.13 1 0
KNIRVENGINE/desktop-client/agentify/examples/plugin_development/comprehensive_agent_plugin.go:340.13,342.3 1 0
KNIRVENGINE/desktop-client/agentify/examples/plugin_development/comprehensive_agent_plugin.go:345.2,349.16 4 0
KNIRVENGINE/desktop-client/agentify/examples/plugin_development/comprehensive_agent_plugin.go:349.16,357.3 1 0
KNIRVENGINE/desktop-client/agentify/examples/plugin_development/comprehensive_agent_plugin.go:359.2,364.8 1 0
KNIRVENGINE/desktop-client/agentify/examples/plugin_development/comprehensive_agent_plugin.go:368.82,376.2 1 0
KNIRVENGINE/desktop-client/agentify/examples/plugin_development/comprehensive_agent_plugin.go:379.70,490.2 1 0
KNIRVENGINE/desktop-client/agentify/examples/plugin_development/comprehensive_agent_plugin.go:493.13,495.2 1 0
KNIRVENGINE/desktop-client/agentify/examples/inference_integration/main.go:17.107,23.27 2 0
KNIRVENGINE/desktop-client/agentify/examples/inference_integration/main.go:23.27,25.3 1 0
KNIRVENGINE/desktop-client/agentify/examples/inference_integration/main.go:28.2,30.22 2 0
KNIRVENGINE/desktop-client/agentify/examples/inference_integration/main.go:33.90,42.2 6 0
KNIRVENGINE/desktop-client/agentify/examples/inference_integration/main.go:44.107,52.2 1 0
KNIRVENGINE/desktop-client/agentify/examples/inference_integration/main.go:54.52,56.2 1 0
KNIRVENGINE/desktop-client/agentify/examples/inference_integration/main.go:58.13,88.49 8 0
KNIRVENGINE/desktop-client/agentify/examples/inference_integration/main.go:88.49,90.3 1 0
KNIRVENGINE/desktop-client/agentify/examples/inference_integration/main.go:92.2,92.38 1 0
KNIRVENGINE/desktop-client/agentify/examples/inference_integration/main.go:92.38,94.3 1 0
KNIRVENGINE/desktop-client/agentify/examples/inference_integration/main.go:97.2,114.16 8 0
KNIRVENGINE/desktop-client/agentify/examples/inference_integration/main.go:114.16,116.3 1 0
KNIRVENGINE/desktop-client/agentify/examples/inference_integration/main.go:116.8,119.34 3 0
KNIRVENGINE/desktop-client/agentify/examples/inference_integration/main.go:119.34,120.48 1 0
KNIRVENGINE/desktop-client/agentify/examples/inference_integration/main.go:120.48,123.5 1 0
KNIRVENGINE/desktop-client/agentify/examples/inference_integration/main.go:128.2,141.16 5 0
KNIRVENGINE/desktop-client/agentify/examples/inference_integration/main.go:141.16,143.3 1 0
KNIRVENGINE/desktop-client/agentify/examples/inference_integration/main.go:143.8,145.3 1 0
KNIRVENGINE/desktop-client/agentify/examples/inference_integration/main.go:148.2,152.16 4 0
KNIRVENGINE/desktop-client/agentify/examples/inference_integration/main.go:152.16,154.3 1 0
KNIRVENGINE/desktop-client/agentify/examples/inference_integration/main.go:154.8,158.3 3 0
KNIRVENGINE/desktop-client/agentify/examples/inference_integration/main.go:160.2,161.16 2 0
KNIRVENGINE/desktop-client/agentify/examples/inference_integration/main.go:161.16,163.3 1 0
KNIRVENGINE/desktop-client/agentify/examples/inference_integration/main.go:163.8,165.37 2 0
KNIRVENGINE/desktop-client/agentify/examples/inference_integration/main.go:165.37,167.4 1 0
KNIRVENGINE/desktop-client/agentify/examples/inference_integration/main.go:171.2,175.16 4 0
KNIRVENGINE/desktop-client/agentify/examples/inference_integration/main.go:175.16,177.3 1 0
KNIRVENGINE/desktop-client/agentify/examples/inference_integration/main.go:177.8,182.17 3 0
KNIRVENGINE/desktop-client/agentify/examples/inference_integration/main.go:182.17,184.4 1 0
KNIRVENGINE/desktop-client/agentify/examples/inference_integration/main.go:187.3,189.17 3 0
KNIRVENGINE/desktop-client/agentify/examples/inference_integration/main.go:189.17,191.4 1 0
KNIRVENGINE/desktop-client/agentify/examples/inference_integration/main.go:191.9,193.4 1 0
KNIRVENGINE/desktop-client/agentify/examples/inference_integration/main.go:196.3,197.17 2 0
KNIRVENGINE/desktop-client/agentify/examples/inference_integration/main.go:197.17,199.4 1 0
KNIRVENGINE/desktop-client/agentify/examples/inference_integration/main.go:199.9,201.4 1 0
KNIRVENGINE/desktop-client/agentify/examples/inference_integration/main.go:205.2,210.16 4 0
KNIRVENGINE/desktop-client/agentify/examples/inference_integration/main.go:210.16,212.3 1 0
KNIRVENGINE/desktop-client/agentify/examples/inference_integration/main.go:212.8,214.3 1 0
KNIRVENGINE/desktop-client/agentify/examples/inference_integration/main.go:217.2,218.16 2 0
KNIRVENGINE/desktop-client/agentify/examples/inference_integration/main.go:218.16,220.3 1 0
KNIRVENGINE/desktop-client/agentify/examples/inference_integration/main.go:220.8,222.3 1 0
KNIRVENGINE/desktop-client/agentify/examples/inference_integration/main.go:225.2,229.16 4 0
KNIRVENGINE/desktop-client/agentify/examples/inference_integration/main.go:229.16,231.3 1 0
KNIRVENGINE/desktop-client/agentify/examples/inference_integration/main.go:231.8,233.3 1 0
KNIRVENGINE/desktop-client/agentify/examples/inference_integration/main.go:235.2,235.50 1 0
KNIRVENGINE/desktop-client/agentify/examples/plugin_loading/main.go:19.107,21.27 2 0
KNIRVENGINE/desktop-client/agentify/examples/plugin_loading/main.go:21.27,23.3 1 0
KNIRVENGINE/desktop-client/agentify/examples/plugin_loading/main.go:24.2,24.22 1 0
KNIRVENGINE/desktop-client/agentify/examples/plugin_loading/main.go:27.90,29.2 1 0
KNIRVENGINE/desktop-client/agentify/examples/plugin_loading/main.go:31.107,33.2 1 0
KNIRVENGINE/desktop-client/agentify/examples/plugin_loading/main.go:35.52,37.2 1 0
KNIRVENGINE/desktop-client/agentify/examples/plugin_loading/main.go:39.13,45.16 4 0
KNIRVENGINE/desktop-client/agentify/examples/plugin_loading/main.go:45.16,48.17 2 0
KNIRVENGINE/desktop-client/agentify/examples/plugin_loading/main.go:48.17,50.4 1 0
KNIRVENGINE/desktop-client/agentify/examples/plugin_loading/main.go:53.2,56.55 2 0
KNIRVENGINE/desktop-client/agentify/examples/plugin_loading/main.go:56.55,58.3 1 0
KNIRVENGINE/desktop-client/agentify/examples/plugin_loading/main.go:61.2,69.16 5 0
KNIRVENGINE/desktop-client/agentify/examples/plugin_loading/main.go:69.16,71.3 1 0
KNIRVENGINE/desktop-client/agentify/examples/plugin_loading/main.go:71.8,73.34 2 0
KNIRVENGINE/desktop-client/agentify/examples/plugin_loading/main.go:73.34,75.4 1 0
KNIRVENGINE/desktop-client/agentify/examples/plugin_loading/main.go:79.2,83.51 4 0
KNIRVENGINE/desktop-client/agentify/examples/plugin_loading/main.go:83.51,98.41 8 0
KNIRVENGINE/desktop-client/agentify/examples/plugin_loading/main.go:98.41,99.67 1 0
KNIRVENGINE/desktop-client/agentify/examples/plugin_loading/main.go:99.67,101.5 1 0
KNIRVENGINE/desktop-client/agentify/examples/plugin_loading/main.go:101.10,126.19 12 0
KNIRVENGINE/desktop-client/agentify/examples/plugin_loading/main.go:126.19,133.6 6 0
KNIRVENGINE/desktop-client/agentify/examples/plugin_loading/main.go:133.11,142.20 5 0
KNIRVENGINE/desktop-client/agentify/examples/plugin_loading/main.go:142.20,144.7 1 0
KNIRVENGINE/desktop-client/agentify/examples/plugin_loading/main.go:144.12,149.7 4 0
KNIRVENGINE/desktop-client/agentify/examples/plugin_loading/main.go:152.6,161.20 3 0
KNIRVENGINE/desktop-client/agentify/examples/plugin_loading/main.go:161.20,163.7 1 0
KNIRVENGINE/desktop-client/agentify/examples/plugin_loading/main.go:163.12,165.38 2 0
KNIRVENGINE/desktop-client/agentify/examples/plugin_loading/main.go:165.38,167.8 1 0
KNIRVENGINE/desktop-client/agentify/examples/plugin_loading/main.go:171.6,175.20 4 0
KNIRVENGINE/desktop-client/agentify/examples/plugin_loading/main.go:175.20,177.7 1 0
KNIRVENGINE/desktop-client/agentify/examples/plugin_loading/main.go:177.12,179.7 1 0
KNIRVENGINE/desktop-client/agentify/examples/plugin_loading/main.go:181.6,182.20 2 0
KNIRVENGINE/desktop-client/agentify/examples/plugin_loading/main.go:182.20,184.7 1 0
KNIRVENGINE/desktop-client/agentify/examples/plugin_loading/main.go:184.12,186.7 1 0
KNIRVENGINE/desktop-client/agentify/examples/plugin_loading/main.go:189.6,193.20 4 0
KNIRVENGINE/desktop-client/agentify/examples/plugin_loading/main.go:193.20,195.7 1 0
KNIRVENGINE/desktop-client/agentify/examples/plugin_loading/main.go:195.12,200.21 3 0
KNIRVENGINE/desktop-client/agentify/examples/plugin_loading/main.go:200.21,202.8 1 0
KNIRVENGINE/desktop-client/agentify/examples/plugin_loading/main.go:202.13,204.8 1 0
KNIRVENGINE/desktop-client/agentify/examples/plugin_loading/main.go:208.6,212.20 4 0
KNIRVENGINE/desktop-client/agentify/examples/plugin_loading/main.go:212.20,214.7 1 0
KNIRVENGINE/desktop-client/agentify/examples/plugin_loading/main.go:214.12,216.7 1 0
KNIRVENGINE/desktop-client/agentify/examples/plugin_loading/main.go:219.9,222.4 2 0
KNIRVENGINE/desktop-client/agentify/examples/plugin_loading/main.go:223.8,226.3 2 0
KNIRVENGINE/desktop-client/agentify/examples/plugin_loading/main.go:229.2,250.37 20 0
KNIRVENGINE/desktop-client/agentify/examples/cgo_plugin_wrapper/cgo_wrapper.go:25.72,28.16 2 0
KNIRVENGINE/desktop-client/agentify/examples/cgo_plugin_wrapper/cgo_wrapper.go:28.16,30.3 1 0
KNIRVENGINE/desktop-client/agentify/examples/cgo_plugin_wrapper/cgo_wrapper.go:32.2,38.56 2 0
KNIRVENGINE/desktop-client/agentify/examples/cgo_plugin_wrapper/cgo_wrapper.go:38.56,39.50 1 0
KNIRVENGINE/desktop-client/agentify/examples/cgo_plugin_wrapper/cgo_wrapper.go:39.50,41.4 1 0
KNIRVENGINE/desktop-client/agentify/examples/cgo_plugin_wrapper/cgo_wrapper.go:44.2,44.60 1 0
KNIRVENGINE/desktop-client/agentify/examples/cgo_plugin_wrapper/cgo_wrapper.go:44.60,45.56 1 0
KNIRVENGINE/desktop-client/agentify/examples/cgo_plugin_wrapper/cgo_wrapper.go:45.56,47.4 1 0
KNIRVENGINE/desktop-client/agentify/examples/cgo_plugin_wrapper/cgo_wrapper.go:50.2,50.54 1 0
KNIRVENGINE/desktop-client/agentify/examples/cgo_plugin_wrapper/cgo_wrapper.go:50.54,51.50 1 0
KNIRVENGINE/desktop-client/agentify/examples/cgo_plugin_wrapper/cgo_wrapper.go:51.50,53.4 1 0
KNIRVENGINE/desktop-client/agentify/examples/cgo_plugin_wrapper/cgo_wrapper.go:56.2,56.21 1 0
KNIRVENGINE/desktop-client/agentify/examples/cgo_plugin_wrapper/cgo_wrapper.go:60.76,62.61 1 0
KNIRVENGINE/desktop-client/agentify/examples/cgo_plugin_wrapper/cgo_wrapper.go:62.61,64.3 1 0
KNIRVENGINE/desktop-client/agentify/examples/cgo_plugin_wrapper/cgo_wrapper.go:67.2,67.29 1 0
KNIRVENGINE/desktop-client/agentify/examples/cgo_plugin_wrapper/cgo_wrapper.go:67.29,70.3 2 0
KNIRVENGINE/desktop-client/agentify/examples/cgo_plugin_wrapper/cgo_wrapper.go:72.2,73.12 2 0
KNIRVENGINE/desktop-client/agentify/examples/cgo_plugin_wrapper/cgo_wrapper.go:77.42,78.22 1 0
KNIRVENGINE/desktop-client/agentify/examples/cgo_plugin_wrapper/cgo_wrapper.go:78.22,80.3 1 0
KNIRVENGINE/desktop-client/agentify/examples/cgo_plugin_wrapper/cgo_wrapper.go:83.2,83.50 1 0
KNIRVENGINE/desktop-client/agentify/examples/cgo_plugin_wrapper/cgo_wrapper.go:83.50,85.3 1 0
KNIRVENGINE/desktop-client/agentify/examples/cgo_plugin_wrapper/cgo_wrapper.go:87.2,88.12 2 0
KNIRVENGINE/desktop-client/agentify/examples/cgo_plugin_wrapper/cgo_wrapper.go:92.41,93.18 1 0
KNIRVENGINE/desktop-client/agentify/examples/cgo_plugin_wrapper/cgo_wrapper.go:93.18,95.3 1 0
KNIRVENGINE/desktop-client/agentify/examples/cgo_plugin_wrapper/cgo_wrapper.go:98.2,98.27 1 0
KNIRVENGINE/desktop-client/agentify/examples/cgo_plugin_wrapper/cgo_wrapper.go:98.27,101.3 2 0
KNIRVENGINE/desktop-client/agentify/examples/cgo_plugin_wrapper/cgo_wrapper.go:104.2,104.49 1 0
KNIRVENGINE/desktop-client/agentify/examples/cgo_plugin_wrapper/cgo_wrapper.go:104.49,106.3 1 0
KNIRVENGINE/desktop-client/agentify/examples/cgo_plugin_wrapper/cgo_wrapper.go:108.2,109.12 2 0
KNIRVENGINE/desktop-client/agentify/examples/cgo_plugin_wrapper/cgo_wrapper.go:113.139,114.18 1 0
KNIRVENGINE/desktop-client/agentify/examples/cgo_plugin_wrapper/cgo_wrapper.go:114.18,116.3 1 0
KNIRVENGINE/desktop-client/agentify/examples/cgo_plugin_wrapper/cgo_wrapper.go:119.2,119.26 1 0
KNIRVENGINE/desktop-client/agentify/examples/cgo_plugin_wrapper/cgo_wrapper.go:119.26,129.17 3 0
KNIRVENGINE/desktop-client/agentify/examples/cgo_plugin_wrapper/cgo_wrapper.go:129.17,131.4 1 0
KNIRVENGINE/desktop-client/agentify/examples/cgo_plugin_wrapper/cgo_wrapper.go:134.3,138.71 3 0
KNIRVENGINE/desktop-client/agentify/examples/cgo_plugin_wrapper/cgo_wrapper.go:138.71,148.4 1 0
KNIRVENGINE/desktop-client/agentify/examples/cgo_plugin_wrapper/cgo_wrapper.go:151.3,158.56 2 0
KNIRVENGINE/desktop-client/agentify/examples/cgo_plugin_wrapper/cgo_wrapper.go:158.56,160.4 1 0
KNIRVENGINE/desktop-client/agentify/examples/cgo_plugin_wrapper/cgo_wrapper.go:162.3,162.62 1 0
KNIRVENGINE/desktop-client/agentify/examples/cgo_plugin_wrapper/cgo_wrapper.go:162.62,164.4 1 0
KNIRVENGINE/desktop-client/agentify/examples/cgo_plugin_wrapper/cgo_wrapper.go:167.3,167.69 1 0
KNIRVENGINE/desktop-client/agentify/examples/cgo_plugin_wrapper/cgo_wrapper.go:167.69,168.33 1 0
KNIRVENGINE/desktop-client/agentify/examples/cgo_plugin_wrapper/cgo_wrapper.go:168.33,169.56 1 0
KNIRVENGINE/desktop-client/agentify/examples/cgo_plugin_wrapper/cgo_wrapper.go:169.56,180.6 4 0
KNIRVENGINE/desktop-client/agentify/examples/cgo_plugin_wrapper/cgo_wrapper.go:184.3,184.23 1 0
KNIRVENGINE/desktop-client/agentify/examples/cgo_plugin_wrapper/cgo_wrapper.go:188.2,188.57 1 0
KNIRVENGINE/desktop-client/agentify/examples/cgo_plugin_wrapper/cgo_wrapper.go:192.74,200.2 1 0
KNIRVENGINE/desktop-client/agentify/examples/cgo_plugin_wrapper/cgo_wrapper.go:203.62,236.2 1 0
KNIRVENGINE/desktop-client/agentify/examples/cgo_plugin_wrapper/cgo_wrapper.go:241.13,245.2 1 0
KNIRVENGINE/desktop-client/agentify/examples/cgo_plugin_wrapper/cgo_wrapper.go:248.81,250.2 1 0
KNIRVENGINE/desktop-client/agentify/examples/cgo_plugin_wrapper/cgo_wrapper.go:253.13,256.2 2 0
KNIRVENGINE/desktop-client/agentify/examples/real_plugin_demo/main.go:20.104,24.27 2 0
KNIRVENGINE/desktop-client/agentify/examples/real_plugin_demo/main.go:24.27,26.3 1 0
KNIRVENGINE/desktop-client/agentify/examples/real_plugin_demo/main.go:29.2,29.26 1 0
KNIRVENGINE/desktop-client/agentify/examples/real_plugin_demo/main.go:29.26,31.3 1 0
KNIRVENGINE/desktop-client/agentify/examples/real_plugin_demo/main.go:33.2,33.22 1 0
KNIRVENGINE/desktop-client/agentify/examples/real_plugin_demo/main.go:36.87,45.2 7 0
KNIRVENGINE/desktop-client/agentify/examples/real_plugin_demo/main.go:47.104,55.2 1 0
KNIRVENGINE/desktop-client/agentify/examples/real_plugin_demo/main.go:57.49,59.2 1 0
KNIRVENGINE/desktop-client/agentify/examples/real_plugin_demo/main.go:61.13,67.16 4 0
KNIRVENGINE/desktop-client/agentify/examples/real_plugin_demo/main.go:67.16,70.17 2 0
KNIRVENGINE/desktop-client/agentify/examples/real_plugin_demo/main.go:70.17,72.4 1 0
KNIRVENGINE/desktop-client/agentify/examples/real_plugin_demo/main.go:75.2,79.55 3 0
KNIRVENGINE/desktop-client/agentify/examples/real_plugin_demo/main.go:79.55,81.3 1 0
KNIRVENGINE/desktop-client/agentify/examples/real_plugin_demo/main.go:83.2,93.40 5 0
KNIRVENGINE/desktop-client/agentify/examples/real_plugin_demo/main.go:93.40,95.3 1 0
KNIRVENGINE/desktop-client/agentify/examples/real_plugin_demo/main.go:96.2,112.16 8 0
KNIRVENGINE/desktop-client/agentify/examples/real_plugin_demo/main.go:112.16,114.3 1 0
KNIRVENGINE/desktop-client/agentify/examples/real_plugin_demo/main.go:114.8,116.34 2 0
KNIRVENGINE/desktop-client/agentify/examples/real_plugin_demo/main.go:116.34,118.4 1 0
KNIRVENGINE/desktop-client/agentify/examples/real_plugin_demo/main.go:122.2,125.60 3 0
KNIRVENGINE/desktop-client/agentify/examples/real_plugin_demo/main.go:125.60,127.64 2 0
KNIRVENGINE/desktop-client/agentify/examples/real_plugin_demo/main.go:127.64,131.4 3 0
KNIRVENGINE/desktop-client/agentify/examples/real_plugin_demo/main.go:131.9,133.4 1 0
KNIRVENGINE/desktop-client/agentify/examples/real_plugin_demo/main.go:137.2,158.16 8 0
KNIRVENGINE/desktop-client/agentify/examples/real_plugin_demo/main.go:158.16,169.54 9 0
KNIRVENGINE/desktop-client/agentify/examples/real_plugin_demo/main.go:169.54,171.4 1 0
KNIRVENGINE/desktop-client/agentify/examples/real_plugin_demo/main.go:172.3,172.43 1 0
KNIRVENGINE/desktop-client/agentify/examples/real_plugin_demo/main.go:172.43,174.4 1 0
KNIRVENGINE/desktop-client/agentify/examples/real_plugin_demo/main.go:177.3,178.60 2 0
KNIRVENGINE/desktop-client/agentify/examples/real_plugin_demo/main.go:179.8,181.3 1 0
KNIRVENGINE/desktop-client/agentify/examples/real_plugin_demo/main.go:184.2,189.16 4 0
KNIRVENGINE/desktop-client/agentify/examples/real_plugin_demo/main.go:189.16,191.3 1 0
KNIRVENGINE/desktop-client/agentify/examples/real_plugin_demo/main.go:191.8,196.3 4 0
KNIRVENGINE/desktop-client/agentify/examples/real_plugin_demo/main.go:199.2,201.16 3 0
KNIRVENGINE/desktop-client/agentify/examples/real_plugin_demo/main.go:201.16,203.3 1 0
KNIRVENGINE/desktop-client/agentify/examples/real_plugin_demo/main.go:203.8,207.3 3 0
KNIRVENGINE/desktop-client/agentify/examples/real_plugin_demo/main.go:210.2,221.16 4 0
KNIRVENGINE/desktop-client/agentify/examples/real_plugin_demo/main.go:221.16,223.3 1 0
KNIRVENGINE/desktop-client/agentify/examples/real_plugin_demo/main.go:223.8,226.31 3 0
KNIRVENGINE/desktop-client/agentify/examples/real_plugin_demo/main.go:226.31,228.4 1 0
KNIRVENGINE/desktop-client/agentify/examples/real_plugin_demo/main.go:232.2,234.16 3 0
KNIRVENGINE/desktop-client/agentify/examples/real_plugin_demo/main.go:234.16,236.3 1 0
KNIRVENGINE/desktop-client/agentify/examples/real_plugin_demo/main.go:236.8,238.3 1 0
KNIRVENGINE/desktop-client/agentify/examples/real_plugin_demo/main.go:240.2,241.16 2 0
KNIRVENGINE/desktop-client/agentify/examples/real_plugin_demo/main.go:241.16,243.3 1 0
KNIRVENGINE/desktop-client/agentify/examples/real_plugin_demo/main.go:243.8,245.3 1 0
KNIRVENGINE/desktop-client/agentify/examples/real_plugin_demo/main.go:248.2,250.16 3 0
KNIRVENGINE/desktop-client/agentify/examples/real_plugin_demo/main.go:250.16,252.3 1 0
KNIRVENGINE/desktop-client/agentify/examples/real_plugin_demo/main.go:252.8,257.17 3 0
KNIRVENGINE/desktop-client/agentify/examples/real_plugin_demo/main.go:257.17,259.4 1 0
KNIRVENGINE/desktop-client/agentify/examples/real_plugin_demo/main.go:259.9,261.4 1 0
KNIRVENGINE/desktop-client/agentify/examples/real_plugin_demo/main.go:264.3,266.17 3 0
KNIRVENGINE/desktop-client/agentify/examples/real_plugin_demo/main.go:266.17,268.4 1 0
KNIRVENGINE/desktop-client/agentify/examples/real_plugin_demo/main.go:268.9,270.4 1 0
KNIRVENGINE/desktop-client/agentify/examples/real_plugin_demo/main.go:273.3,274.17 2 0
KNIRVENGINE/desktop-client/agentify/examples/real_plugin_demo/main.go:274.17,276.4 1 0
KNIRVENGINE/desktop-client/agentify/examples/real_plugin_demo/main.go:276.9,278.4 1 0
KNIRVENGINE/desktop-client/agentify/examples/real_plugin_demo/main.go:282.2,284.16 3 0
KNIRVENGINE/desktop-client/agentify/examples/real_plugin_demo/main.go:284.16,286.3 1 0
KNIRVENGINE/desktop-client/agentify/examples/real_plugin_demo/main.go:286.8,288.3 1 0
KNIRVENGINE/desktop-client/agentify/examples/real_plugin_demo/main.go:290.2,296.57 7 0
KNIRVENGINE/desktop-client/agentify/tests/benchmark_agent_inferencer.go:16.45,25.88 4 0
KNIRVENGINE/desktop-client/agentify/tests/benchmark_agent_inferencer.go:25.88,27.3 1 0
KNIRVENGINE/desktop-client/agentify/tests/benchmark_agent_inferencer.go:28.2,31.47 2 0
KNIRVENGINE/desktop-client/agentify/tests/benchmark_agent_inferencer.go:31.47,36.28 2 0
KNIRVENGINE/desktop-client/agentify/tests/benchmark_agent_inferencer.go:36.28,45.18 3 0
KNIRVENGINE/desktop-client/agentify/tests/benchmark_agent_inferencer.go:45.18,47.5 1 0
KNIRVENGINE/desktop-client/agentify/tests/benchmark_agent_inferencer.go:52.2,52.37 1 0
KNIRVENGINE/desktop-client/agentify/tests/benchmark_agent_inferencer.go:52.37,57.28 2 0
KNIRVENGINE/desktop-client/agentify/tests/benchmark_agent_inferencer.go:57.28,61.80 3 0
KNIRVENGINE/desktop-client/agentify/tests/benchmark_agent_inferencer.go:61.80,63.5 1 0
KNIRVENGINE/desktop-client/agentify/tests/benchmark_agent_inferencer.go:66.4,67.18 2 0
KNIRVENGINE/desktop-client/agentify/tests/benchmark_agent_inferencer.go:67.18,69.5 1 0
KNIRVENGINE/desktop-client/agentify/tests/benchmark_agent_inferencer.go:74.53,79.55 2 0
KNIRVENGINE/desktop-client/agentify/tests/benchmark_agent_inferencer.go:79.55,84.38 2 0
KNIRVENGINE/desktop-client/agentify/tests/benchmark_agent_inferencer.go:84.38,90.90 3 0
KNIRVENGINE/desktop-client/agentify/tests/benchmark_agent_inferencer.go:90.90,92.5 1 0
KNIRVENGINE/desktop-client/agentify/tests/benchmark_agent_inferencer.go:93.4,96.18 2 0
KNIRVENGINE/desktop-client/agentify/tests/benchmark_agent_inferencer.go:96.18,105.19 3 0
KNIRVENGINE/desktop-client/agentify/tests/benchmark_agent_inferencer.go:105.19,107.6 1 0
KNIRVENGINE/desktop-client/agentify/tests/benchmark_agent_inferencer.go:113.42,136.16 10 0
KNIRVENGINE/desktop-client/agentify/tests/benchmark_agent_inferencer.go:136.16,138.3 1 0
KNIRVENGINE/desktop-client/agentify/tests/benchmark_agent_inferencer.go:140.2,141.16 2 0
KNIRVENGINE/desktop-client/agentify/tests/benchmark_agent_inferencer.go:141.16,143.3 1 0
KNIRVENGINE/desktop-client/agentify/tests/benchmark_agent_inferencer.go:144.2,148.16 4 0
KNIRVENGINE/desktop-client/agentify/tests/benchmark_agent_inferencer.go:148.16,150.3 1 0
KNIRVENGINE/desktop-client/agentify/tests/benchmark_agent_inferencer.go:151.2,154.47 2 0
KNIRVENGINE/desktop-client/agentify/tests/benchmark_agent_inferencer.go:154.47,161.17 3 0
KNIRVENGINE/desktop-client/agentify/tests/benchmark_agent_inferencer.go:161.17,163.4 1 0
KNIRVENGINE/desktop-client/agentify/tests/benchmark_agent_inferencer.go:166.3,169.28 2 0
KNIRVENGINE/desktop-client/agentify/tests/benchmark_agent_inferencer.go:169.28,172.18 2 0
KNIRVENGINE/desktop-client/agentify/tests/benchmark_agent_inferencer.go:172.18,174.5 1 0
KNIRVENGINE/desktop-client/agentify/tests/benchmark_agent_inferencer.go:175.4,180.18 4 0
KNIRVENGINE/desktop-client/agentify/tests/benchmark_agent_inferencer.go:180.18,182.5 1 0
KNIRVENGINE/desktop-client/agentify/tests/benchmark_agent_inferencer.go:183.4,183.21 1 0
KNIRVENGINE/desktop-client/agentify/tests/benchmark_agent_inferencer.go:188.2,192.16 3 0
KNIRVENGINE/desktop-client/agentify/tests/benchmark_agent_inferencer.go:192.16,194.3 1 0
KNIRVENGINE/desktop-client/agentify/tests/benchmark_agent_inferencer.go:196.2,197.16 2 0
KNIRVENGINE/desktop-client/agentify/tests/benchmark_agent_inferencer.go:197.16,199.3 1 0
KNIRVENGINE/desktop-client/agentify/tests/benchmark_agent_inferencer.go:200.2,204.16 4 0
KNIRVENGINE/desktop-client/agentify/tests/benchmark_agent_inferencer.go:204.16,206.3 1 0
KNIRVENGINE/desktop-client/agentify/tests/benchmark_agent_inferencer.go:207.2,207.19 1 0
KNIRVENGINE/desktop-client/agentify/tests/test_agent_http_api.go:14.37,28.41 7 0
KNIRVENGINE/desktop-client/agentify/tests/test_agent_http_api.go:28.41,31.17 2 0
KNIRVENGINE/desktop-client/agentify/tests/test_agent_http_api.go:31.17,33.4 1 0
KNIRVENGINE/desktop-client/agentify/tests/test_agent_http_api.go:36.3,40.17 3 0
KNIRVENGINE/desktop-client/agentify/tests/test_agent_http_api.go:40.17,42.4 1 0
KNIRVENGINE/desktop-client/agentify/tests/test_agent_http_api.go:43.3,46.39 2 0
KNIRVENGINE/desktop-client/agentify/tests/test_agent_http_api.go:46.39,48.4 1 0
KNIRVENGINE/desktop-client/agentify/tests/test_agent_http_api.go:51.3,54.70 2 0
KNIRVENGINE/desktop-client/agentify/tests/test_agent_http_api.go:54.70,56.4 1 0
KNIRVENGINE/desktop-client/agentify/tests/test_agent_http_api.go:60.2,60.44 1 0
KNIRVENGINE/desktop-client/agentify/tests/test_agent_http_api.go:60.44,68.17 3 0
KNIRVENGINE/desktop-client/agentify/tests/test_agent_http_api.go:68.17,70.4 1 0
KNIRVENGINE/desktop-client/agentify/tests/test_agent_http_api.go:73.3,74.17 2 0
KNIRVENGINE/desktop-client/agentify/tests/test_agent_http_api.go:74.17,76.4 1 0
KNIRVENGINE/desktop-client/agentify/tests/test_agent_http_api.go:79.3,84.17 4 0
KNIRVENGINE/desktop-client/agentify/tests/test_agent_http_api.go:84.17,86.4 1 0
KNIRVENGINE/desktop-client/agentify/tests/test_agent_http_api.go:87.3,90.39 2 0
KNIRVENGINE/desktop-client/agentify/tests/test_agent_http_api.go:90.39,92.4 1 0
KNIRVENGINE/desktop-client/agentify/tests/test_agent_http_api.go:95.3,100.70 2 0
KNIRVENGINE/desktop-client/agentify/tests/test_agent_http_api.go:100.70,102.4 1 0
KNIRVENGINE/desktop-client/agentify/tests/test_agent_http_api.go:105.3,105.37 1 0
KNIRVENGINE/desktop-client/agentify/tests/test_agent_http_api.go:105.37,107.4 1 0
KNIRVENGINE/desktop-client/agentify/tests/test_agent_http_api.go:108.3,108.36 1 0
KNIRVENGINE/desktop-client/agentify/tests/test_agent_http_api.go:108.36,110.4 1 0
KNIRVENGINE/desktop-client/agentify/tests/test_agent_http_api.go:111.3,111.43 1 0
KNIRVENGINE/desktop-client/agentify/tests/test_agent_http_api.go:111.43,113.4 1 0
KNIRVENGINE/desktop-client/agentify/tests/test_agent_http_api.go:117.2,117.47 1 0
KNIRVENGINE/desktop-client/agentify/tests/test_agent_http_api.go:117.47,124.17 3 0
KNIRVENGINE/desktop-client/agentify/tests/test_agent_http_api.go:124.17,126.4 1 0
KNIRVENGINE/desktop-client/agentify/tests/test_agent_http_api.go:129.3,130.17 2 0
KNIRVENGINE/desktop-client/agentify/tests/test_agent_http_api.go:130.17,132.4 1 0
KNIRVENGINE/desktop-client/agentify/tests/test_agent_http_api.go:135.3,140.17 4 0
KNIRVENGINE/desktop-client/agentify/tests/test_agent_http_api.go:140.17,142.4 1 0
KNIRVENGINE/desktop-client/agentify/tests/test_agent_http_api.go:143.3,146.39 2 0
KNIRVENGINE/desktop-client/agentify/tests/test_agent_http_api.go:146.39,148.4 1 0
KNIRVENGINE/desktop-client/agentify/tests/test_agent_http_api.go:151.3,152.70 2 0
KNIRVENGINE/desktop-client/agentify/tests/test_agent_http_api.go:152.70,154.4 1 0
KNIRVENGINE/desktop-client/agentify/tests/test_agent_http_api.go:158.2,158.51 1 0
KNIRVENGINE/desktop-client/agentify/tests/test_agent_http_api.go:158.51,161.17 2 0
KNIRVENGINE/desktop-client/agentify/tests/test_agent_http_api.go:161.17,163.4 1 0
KNIRVENGINE/desktop-client/agentify/tests/test_agent_http_api.go:166.3,170.17 3 0
KNIRVENGINE/desktop-client/agentify/tests/test_agent_http_api.go:170.17,172.4 1 0
KNIRVENGINE/desktop-client/agentify/tests/test_agent_http_api.go:173.3,176.39 2 0
KNIRVENGINE/desktop-client/agentify/tests/test_agent_http_api.go:176.39,178.4 1 0
KNIRVENGINE/desktop-client/agentify/tests/test_agent_http_api.go:181.3,182.70 2 0
KNIRVENGINE/desktop-client/agentify/tests/test_agent_http_api.go:182.70,184.4 1 0
KNIRVENGINE/desktop-client/agentify/tests/test_agent_http_api.go:188.2,188.45 1 0
KNIRVENGINE/desktop-client/agentify/tests/test_agent_http_api.go:188.45,191.17 2 0
KNIRVENGINE/desktop-client/agentify/tests/test_agent_http_api.go:191.17,193.4 1 0
KNIRVENGINE/desktop-client/agentify/tests/test_agent_http_api.go:196.3,200.17 3 0
KNIRVENGINE/desktop-client/agentify/tests/test_agent_http_api.go:200.17,202.4 1 0
KNIRVENGINE/desktop-client/agentify/tests/test_agent_http_api.go:203.3,206.39 2 0
KNIRVENGINE/desktop-client/agentify/tests/test_agent_http_api.go:206.39,208.4 1 0
KNIRVENGINE/desktop-client/agentify/tests/test_agent_http_api.go:211.3,212.70 2 0
KNIRVENGINE/desktop-client/agentify/tests/test_agent_http_api.go:212.70,214.4 1 0
KNIRVENGINE/desktop-client/agentify/tests/test_agent_http_api.go:218.2,218.37 1 0
KNIRVENGINE/desktop-client/agentify/tests/test_agent_http_api.go:218.37,224.17 3 0
KNIRVENGINE/desktop-client/agentify/tests/test_agent_http_api.go:224.17,226.4 1 0
KNIRVENGINE/desktop-client/agentify/tests/test_agent_http_api.go:229.3,230.17 2 0
KNIRVENGINE/desktop-client/agentify/tests/test_agent_http_api.go:230.17,232.4 1 0
KNIRVENGINE/desktop-client/agentify/tests/test_agent_http_api.go:235.3,240.17 4 0
KNIRVENGINE/desktop-client/agentify/tests/test_agent_http_api.go:240.17,242.4 1 0
KNIRVENGINE/desktop-client/agentify/tests/test_agent_http_api.go:243.3,246.39 2 0
KNIRVENGINE/desktop-client/agentify/tests/test_agent_http_api.go:246.39,248.4 1 0
KNIRVENGINE/desktop-client/agentify/tests/test_agent_http_api.go:251.3,252.17 2 0
KNIRVENGINE/desktop-client/agentify/tests/test_agent_http_api.go:252.17,254.4 1 0
KNIRVENGINE/desktop-client/agentify/tests/test_agent_http_api.go:257.3,261.17 3 0
KNIRVENGINE/desktop-client/agentify/tests/test_agent_http_api.go:261.17,263.4 1 0
KNIRVENGINE/desktop-client/agentify/tests/test_agent_http_api.go:264.3,267.39 2 0
KNIRVENGINE/desktop-client/agentify/tests/test_agent_http_api.go:267.39,269.4 1 0
KNIRVENGINE/desktop-client/agentify/tests/test_agent_http_api.go:272.3,276.70 2 0
KNIRVENGINE/desktop-client/agentify/tests/test_agent_http_api.go:276.70,278.4 1 0
KNIRVENGINE/desktop-client/agentify/tests/test_agent_http_api.go:281.3,281.33 1 0
KNIRVENGINE/desktop-client/agentify/tests/test_agent_http_api.go:281.33,283.4 1 0
KNIRVENGINE/desktop-client/agentify/tests/test_agent_http_api.go:284.3,284.37 1 0
KNIRVENGINE/desktop-client/agentify/tests/test_agent_http_api.go:284.37,286.4 1 0
KNIRVENGINE/desktop-client/agentify/tests/test_agent_http_api.go:290.2,290.41 1 0
KNIRVENGINE/desktop-client/agentify/tests/test_agent_http_api.go:290.41,293.17 2 0
KNIRVENGINE/desktop-client/agentify/tests/test_agent_http_api.go:293.17,295.4 1 0
KNIRVENGINE/desktop-client/agentify/tests/test_agent_http_api.go:298.3,302.17 3 0
KNIRVENGINE/desktop-client/agentify/tests/test_agent_http_api.go:302.17,304.4 1 0
KNIRVENGINE/desktop-client/agentify/tests/test_agent_http_api.go:305.3,308.39 2 0
KNIRVENGINE/desktop-client/agentify/tests/test_agent_http_api.go:308.39,310.4 1 0
KNIRVENGINE/desktop-client/agentify/tests/test_agent_http_api.go:313.3,314.70 2 0
KNIRVENGINE/desktop-client/agentify/tests/test_agent_http_api.go:314.70,316.4 1 0
KNIRVENGINE/desktop-client/agentify/tests/test_agent_http_api.go:320.2,320.46 1 0
KNIRVENGINE/desktop-client/agentify/tests/test_agent_http_api.go:320.46,326.17 3 0
KNIRVENGINE/desktop-client/agentify/tests/test_agent_http_api.go:326.17,328.4 1 0
KNIRVENGINE/desktop-client/agentify/tests/test_agent_http_api.go:331.3,332.17 2 0
KNIRVENGINE/desktop-client/agentify/tests/test_agent_http_api.go:332.17,334.4 1 0
KNIRVENGINE/desktop-client/agentify/tests/test_agent_http_api.go:337.3,342.17 4 0
KNIRVENGINE/desktop-client/agentify/tests/test_agent_http_api.go:342.17,344.4 1 0
KNIRVENGINE/desktop-client/agentify/tests/test_agent_http_api.go:345.3,348.39 2 0
KNIRVENGINE/desktop-client/agentify/tests/test_agent_http_api.go:348.39,350.4 1 0
KNIRVENGINE/desktop-client/agentify/tests/test_agent_http_api.go:353.3,357.70 2 0
KNIRVENGINE/desktop-client/agentify/tests/test_agent_http_api.go:357.70,359.4 1 0
KNIRVENGINE/desktop-client/agentify/tests/test_agent_http_api.go:362.3,362.39 1 0
KNIRVENGINE/desktop-client/agentify/tests/test_agent_http_api.go:362.39,364.4 1 0
KNIRVENGINE/desktop-client/agentify/tests/test_agent_http_api.go:365.3,365.43 1 0
KNIRVENGINE/desktop-client/agentify/tests/test_agent_http_api.go:365.43,367.4 1 0
KNIRVENGINE/desktop-client/agentify/tests/test_agent_inferencer.go:12.40,20.44 3 0
KNIRVENGINE/desktop-client/agentify/tests/test_agent_inferencer.go:20.44,26.17 4 0
KNIRVENGINE/desktop-client/agentify/tests/test_agent_inferencer.go:26.17,28.4 1 0
KNIRVENGINE/desktop-client/agentify/tests/test_agent_inferencer.go:32.2,32.47 1 0
KNIRVENGINE/desktop-client/agentify/tests/test_agent_inferencer.go:32.47,44.17 5 0
KNIRVENGINE/desktop-client/agentify/tests/test_agent_inferencer.go:44.17,46.4 1 0
KNIRVENGINE/desktop-client/agentify/tests/test_agent_inferencer.go:49.3,49.28 1 0
KNIRVENGINE/desktop-client/agentify/tests/test_agent_inferencer.go:49.28,51.4 1 0
KNIRVENGINE/desktop-client/agentify/tests/test_agent_inferencer.go:55.2,55.51 1 0
KNIRVENGINE/desktop-client/agentify/tests/test_agent_inferencer.go:55.51,61.17 4 0
KNIRVENGINE/desktop-client/agentify/tests/test_agent_inferencer.go:61.17,63.4 1 0
KNIRVENGINE/desktop-client/agentify/tests/test_agent_inferencer.go:66.3,66.26 1 0
KNIRVENGINE/desktop-client/agentify/tests/test_agent_inferencer.go:66.26,68.4 1 0
KNIRVENGINE/desktop-client/agentify/tests/test_agent_inferencer.go:72.2,72.45 1 0
KNIRVENGINE/desktop-client/agentify/tests/test_agent_inferencer.go:72.45,78.17 4 0
KNIRVENGINE/desktop-client/agentify/tests/test_agent_inferencer.go:78.17,80.4 1 0
KNIRVENGINE/desktop-client/agentify/tests/test_agent_inferencer.go:83.3,83.20 1 0
KNIRVENGINE/desktop-client/agentify/tests/test_agent_inferencer.go:83.20,85.4 1 0
KNIRVENGINE/desktop-client/agentify/tests/test_agent_inferencer.go:89.2,89.37 1 0
KNIRVENGINE/desktop-client/agentify/tests/test_agent_inferencer.go:89.37,95.17 4 0
KNIRVENGINE/desktop-client/agentify/tests/test_agent_inferencer.go:95.17,97.4 1 0
KNIRVENGINE/desktop-client/agentify/tests/test_agent_inferencer.go:100.3,101.17 2 0
KNIRVENGINE/desktop-client/agentify/tests/test_agent_inferencer.go:101.17,103.4 1 0
KNIRVENGINE/desktop-client/agentify/tests/test_agent_inferencer.go:106.3,106.28 1 0
KNIRVENGINE/desktop-client/agentify/tests/test_agent_inferencer.go:106.28,108.4 1 0
KNIRVENGINE/desktop-client/agentify/tests/test_agent_inferencer.go:112.2,112.41 1 0
KNIRVENGINE/desktop-client/agentify/tests/test_agent_inferencer.go:112.41,118.17 4 0
KNIRVENGINE/desktop-client/agentify/tests/test_agent_inferencer.go:118.17,120.4 1 0
KNIRVENGINE/desktop-client/agentify/tests/test_agent_inferencer.go:123.3,123.18 1 0
KNIRVENGINE/desktop-client/agentify/tests/test_agent_inferencer.go:123.18,125.4 1 0
KNIRVENGINE/desktop-client/agentify/tests/test_agent_inferencer.go:129.2,129.46 1 0
KNIRVENGINE/desktop-client/agentify/tests/test_agent_inferencer.go:129.46,135.17 4 0
KNIRVENGINE/desktop-client/agentify/tests/test_agent_inferencer.go:135.17,137.4 1 0
KNIRVENGINE/desktop-client/agent/agent_builder.go:115.87,118.16 2 1
KNIRVENGINE/desktop-client/agent/agent_builder.go:118.16,120.3 1 0
KNIRVENGINE/desktop-client/agent/agent_builder.go:122.2,122.69 1 1
KNIRVENGINE/desktop-client/agent/agent_builder.go:126.120,130.2 2 0
KNIRVENGINE/desktop-client/agent/agent_builder.go:133.112,135.25 1 1
KNIRVENGINE/desktop-client/agent/agent_builder.go:135.25,137.3 1 0
KNIRVENGINE/desktop-client/agent/agent_builder.go:138.2,138.22 1 1
KNIRVENGINE/desktop-client/agent/agent_builder.go:138.22,140.3 1 0
KNIRVENGINE/desktop-client/agent/agent_builder.go:143.2,143.54 1 1
KNIRVENGINE/desktop-client/agent/agent_builder.go:143.54,145.3 1 0
KNIRVENGINE/desktop-client/agent/agent_builder.go:148.2,153.37 2 1
KNIRVENGINE/desktop-client/agent/agent_builder.go:153.37,155.3 1 1
KNIRVENGINE/desktop-client/agent/agent_builder.go:156.2,165.8 2 1
KNIRVENGINE/desktop-client/agent/agent_builder.go:169.71,171.26 1 1
KNIRVENGINE/desktop-client/agent/agent_builder.go:171.26,173.3 1 1
KNIRVENGINE/desktop-client/agent/agent_builder.go:176.2,191.31 7 1
KNIRVENGINE/desktop-client/agent/agent_builder.go:191.31,195.3 3 0
KNIRVENGINE/desktop-client/agent/agent_builder.go:198.2,199.49 2 1
KNIRVENGINE/desktop-client/agent/agent_builder.go:199.49,202.3 2 0
KNIRVENGINE/desktop-client/agent/agent_builder.go:206.2,224.87 3 1
KNIRVENGINE/desktop-client/agent/agent_builder.go:224.87,227.3 2 0
KNIRVENGINE/desktop-client/agent/agent_builder.go:230.2,232.16 3 1
KNIRVENGINE/desktop-client/agent/agent_builder.go:232.16,235.3 2 0
KNIRVENGINE/desktop-client/agent/agent_builder.go:238.2,257.31 3 1
KNIRVENGINE/desktop-client/agent/agent_builder.go:257.31,258.40 1 1
KNIRVENGINE/desktop-client/agent/agent_builder.go:258.40,260.4 1 1
KNIRVENGINE/desktop-client/agent/agent_builder.go:264.2,264.76 1 1
KNIRVENGINE/desktop-client/agent/agent_builder.go:264.76,267.3 2 0
KNIRVENGINE/desktop-client/agent/agent_builder.go:270.2,276.28 4 1
KNIRVENGINE/desktop-client/agent/agent_builder.go:280.70,283.16 2 1
KNIRVENGINE/desktop-client/agent/agent_builder.go:283.16,285.3 1 0
KNIRVENGINE/desktop-client/agent/agent_builder.go:288.2,291.39 2 1
KNIRVENGINE/desktop-client/agent/agent_builder.go:291.39,292.50 1 1
KNIRVENGINE/desktop-client/agent/agent_builder.go:292.50,293.35 1 1
KNIRVENGINE/desktop-client/agent/agent_builder.go:293.35,295.5 1 1
KNIRVENGINE/desktop-client/agent/agent_builder.go:297.3,297.12 1 0
KNIRVENGINE/desktop-client/agent/agent_builder.go:301.2,301.35 1 1
KNIRVENGINE/desktop-client/agent/agent_builder.go:301.35,302.50 1 1
KNIRVENGINE/desktop-client/agent/agent_builder.go:302.50,303.31 1 1
KNIRVENGINE/desktop-client/agent/agent_builder.go:303.31,305.5 1 1
KNIRVENGINE/desktop-client/agent/agent_builder.go:307.3,307.15 1 0
KNIRVENGINE/desktop-client/agent/agent_builder.go:310.2,322.62 11 1
KNIRVENGINE/desktop-client/agent/agent_builder.go:322.62,324.3 1 1
KNIRVENGINE/desktop-client/agent/agent_builder.go:327.2,327.66 1 1
KNIRVENGINE/desktop-client/agent/agent_builder.go:327.66,329.32 2 0
KNIRVENGINE/desktop-client/agent/agent_builder.go:329.32,331.4 1 0
KNIRVENGINE/desktop-client/agent/agent_builder.go:335.2,335.70 1 1
KNIRVENGINE/desktop-client/agent/agent_builder.go:335.70,337.34 2 0
KNIRVENGINE/desktop-client/agent/agent_builder.go:337.34,345.4 2 0
KNIRVENGINE/desktop-client/agent/agent_builder.go:348.2,348.20 1 1
KNIRVENGINE/desktop-client/agent/agent_builder.go:352.58,354.2 1 0
KNIRVENGINE/desktop-client/agent/agent_builder.go:357.55,359.2 1 1
KNIRVENGINE/desktop-client/agent/agent_builder.go:362.38,364.2 1 1
KNIRVENGINE/desktop-client/agent/agent_builder.go:367.85,373.16 3 1
KNIRVENGINE/desktop-client/agent/agent_builder.go:373.16,375.3 1 0
KNIRVENGINE/desktop-client/agent/agent_builder.go:376.2,379.70 2 1
KNIRVENGINE/desktop-client/agent/agent_builder.go:379.70,381.3 1 0
KNIRVENGINE/desktop-client/agent/agent_builder.go:384.2,385.16 2 1
KNIRVENGINE/desktop-client/agent/agent_builder.go:385.16,387.3 1 0
KNIRVENGINE/desktop-client/agent/agent_builder.go:389.2,389.24 1 1
KNIRVENGINE/desktop-client/agent/agent_builder.go:393.86,396.80 2 1
KNIRVENGINE/desktop-client/agent/agent_builder.go:396.80,398.3 1 1
KNIRVENGINE/desktop-client/agent/agent_builder.go:401.2,409.77 7 1
KNIRVENGINE/desktop-client/agent/agent_builder.go:409.77,410.64 1 1
KNIRVENGINE/desktop-client/agent/agent_builder.go:410.64,412.4 1 1
KNIRVENGINE/desktop-client/agent/agent_builder.go:413.3,413.59 1 1
KNIRVENGINE/desktop-client/agent/agent_builder.go:413.59,415.4 1 0
KNIRVENGINE/desktop-client/agent/agent_builder.go:416.3,416.55 1 1
KNIRVENGINE/desktop-client/agent/agent_builder.go:416.55,418.4 1 0
KNIRVENGINE/desktop-client/agent/agent_builder.go:419.3,419.59 1 1
KNIRVENGINE/desktop-client/agent/agent_builder.go:419.59,421.4 1 0
KNIRVENGINE/desktop-client/agent/agent_builder.go:422.3,422.59 1 1
KNIRVENGINE/desktop-client/agent/agent_builder.go:422.59,424.4 1 1
KNIRVENGINE/desktop-client/agent/agent_builder.go:425.3,425.65 1 1
KNIRVENGINE/desktop-client/agent/agent_builder.go:425.65,427.4 1 1
KNIRVENGINE/desktop-client/agent/agent_builder.go:431.2,435.16 3 1
KNIRVENGINE/desktop-client/agent/agent_builder.go:435.16,438.3 1 1
KNIRVENGINE/desktop-client/agent/agent_builder.go:440.2,452.83 3 1
KNIRVENGINE/desktop-client/agent/agent_builder.go:452.83,453.54 1 0
KNIRVENGINE/desktop-client/agent/agent_builder.go:453.54,455.4 1 0
KNIRVENGINE/desktop-client/agent/agent_builder.go:456.3,456.54 1 0
KNIRVENGINE/desktop-client/agent/agent_builder.go:456.54,458.4 1 0
KNIRVENGINE/desktop-client/agent/agent_builder.go:459.3,459.54 1 0
KNIRVENGINE/desktop-client/agent/agent_builder.go:459.54,461.4 1 0
KNIRVENGINE/desktop-client/agent/agent_builder.go:462.3,462.58 1 0
KNIRVENGINE/desktop-client/agent/agent_builder.go:462.58,464.4 1 0
KNIRVENGINE/desktop-client/agent/agent_builder.go:465.3,465.58 1 0
KNIRVENGINE/desktop-client/agent/agent_builder.go:465.58,467.4 1 0
KNIRVENGINE/desktop-client/agent/agent_builder.go:468.8,475.3 5 1
KNIRVENGINE/desktop-client/agent/agent_builder.go:478.2,479.23 2 1
KNIRVENGINE/desktop-client/agent/agent_builder.go:479.23,481.3 1 1
KNIRVENGINE/desktop-client/agent/agent_builder.go:483.2,515.3 1 1
KNIRVENGINE/desktop-client/agent/agent_builder.go:519.85,520.43 1 1
KNIRVENGINE/desktop-client/agent/agent_builder.go:520.43,522.3 1 0
KNIRVENGINE/desktop-client/agent/agent_builder.go:523.2,523.21 1 1
KNIRVENGINE/desktop-client/agent/agent_builder.go:526.83,527.44 1 1
KNIRVENGINE/desktop-client/agent/agent_builder.go:527.44,529.3 1 0
KNIRVENGINE/desktop-client/agent/agent_builder.go:530.2,530.40 1 1
KNIRVENGINE/desktop-client/agent/agent_builder.go:530.40,532.3 1 0
KNIRVENGINE/desktop-client/agent/agent_builder.go:533.2,533.21 1 1
KNIRVENGINE/desktop-client/agent/agent_builder.go:537.65,547.29 6 1
KNIRVENGINE/desktop-client/agent/agent_builder.go:547.29,551.3 1 0
KNIRVENGINE/desktop-client/agent/agent_builder.go:553.2,553.23 1 1
KNIRVENGINE/desktop-client/agent/agent_builder.go:553.23,555.3 1 0
KNIRVENGINE/desktop-client/agent/agent_builder.go:558.2,559.30 2 1
KNIRVENGINE/desktop-client/agent/agent_builder.go:559.30,561.3 1 1
KNIRVENGINE/desktop-client/agent/agent_builder.go:563.2,563.47 1 1
KNIRVENGINE/desktop-client/agent/agent_builder.go:567.71,570.16 3 1
KNIRVENGINE/desktop-client/agent/agent_builder.go:570.16,572.3 1 1
KNIRVENGINE/desktop-client/agent/agent_builder.go:574.2,576.21 3 1
KNIRVENGINE/desktop-client/agent/agent_builder.go:580.60,587.2 2 1
KNIRVENGINE/desktop-client/agent/agent_builder.go:590.98,593.16 2 1
KNIRVENGINE/desktop-client/agent/agent_builder.go:593.16,595.3 1 0
KNIRVENGINE/desktop-client/agent/agent_builder.go:597.2,597.29 1 1
KNIRVENGINE/desktop-client/agent/agent_builder.go:597.29,599.3 1 0
KNIRVENGINE/desktop-client/agent/agent_builder.go:602.2,617.45 2 1
KNIRVENGINE/desktop-client/agent/agent_builder.go:617.45,621.40 2 1
KNIRVENGINE/desktop-client/agent/agent_builder.go:621.40,622.12 1 1
KNIRVENGINE/desktop-client/agent/agent_builder.go:625.3,625.78 1 1
KNIRVENGINE/desktop-client/agent/agent_builder.go:625.78,627.4 1 0
KNIRVENGINE/desktop-client/agent/agent_builder.go:630.2,630.12 1 1
KNIRVENGINE/desktop-client/agent/agent_builder.go:634.118,637.16 2 1
KNIRVENGINE/desktop-client/agent/agent_builder.go:637.16,639.3 1 0
KNIRVENGINE/desktop-client/agent/agent_builder.go:642.2,643.16 2 1
KNIRVENGINE/desktop-client/agent/agent_builder.go:643.16,645.3 1 0
KNIRVENGINE/desktop-client/agent/agent_builder.go:648.2,653.16 4 1
KNIRVENGINE/desktop-client/agent/agent_builder.go:653.16,655.3 1 0
KNIRVENGINE/desktop-client/agent/agent_builder.go:656.2,659.55 2 1
KNIRVENGINE/desktop-client/agent/agent_builder.go:659.55,661.3 1 0
KNIRVENGINE/desktop-client/agent/agent_builder.go:663.2,663.12 1 1
KNIRVENGINE/desktop-client/agent/agent_builder.go:667.102,670.23 2 1
KNIRVENGINE/desktop-client/agent/agent_builder.go:670.23,672.3 1 1
KNIRVENGINE/desktop-client/agent/agent_builder.go:676.2,686.55 7 1
KNIRVENGINE/desktop-client/agent/agent_builder.go:686.55,689.3 2 0
KNIRVENGINE/desktop-client/agent/agent_builder.go:692.2,693.59 2 1
KNIRVENGINE/desktop-client/agent/agent_builder.go:693.59,696.3 2 0
KNIRVENGINE/desktop-client/agent/agent_builder.go:699.2,699.21 1 1
KNIRVENGINE/desktop-client/agent/agent_builder.go:700.14,713.4 7 0
KNIRVENGINE/desktop-client/agent/agent_builder.go:715.10,724.50 7 1
KNIRVENGINE/desktop-client/agent/agent_builder.go:727.2,728.16 2 1
KNIRVENGINE/desktop-client/agent/agent_builder.go:728.16,732.3 3 0
KNIRVENGINE/desktop-client/agent/agent_builder.go:735.2,735.21 1 1
KNIRVENGINE/desktop-client/agent/agent_builder.go:735.21,737.3 1 0
KNIRVENGINE/desktop-client/agent/agent_builder.go:740.2,740.55 1 1
KNIRVENGINE/desktop-client/agent/agent_builder.go:740.55,743.3 2 0
KNIRVENGINE/desktop-client/agent/agent_builder.go:746.2,746.27 1 1
KNIRVENGINE/desktop-client/agent/agent_builder.go:746.27,747.62 1 1
KNIRVENGINE/desktop-client/agent/agent_builder.go:747.62,750.4 2 0
KNIRVENGINE/desktop-client/agent/agent_builder.go:754.2,754.68 1 1
KNIRVENGINE/desktop-client/agent/agent_builder.go:754.68,757.3 1 0
KNIRVENGINE/desktop-client/agent/agent_builder.go:759.2,760.24 2 1
KNIRVENGINE/desktop-client/agent/agent_builder.go:764.58,767.2 2 1
KNIRVENGINE/desktop-client/agent/agent_builder.go:770.79,773.16 2 1
KNIRVENGINE/desktop-client/agent/agent_builder.go:773.16,775.3 1 0
KNIRVENGINE/desktop-client/agent/agent_builder.go:778.2,779.16 2 1
KNIRVENGINE/desktop-client/agent/agent_builder.go:779.16,781.3 1 0
KNIRVENGINE/desktop-client/agent/agent_builder.go:784.2,797.31 2 1
KNIRVENGINE/desktop-client/agent/agent_builder.go:797.31,798.65 1 0
KNIRVENGINE/desktop-client/agent/agent_builder.go:798.65,800.4 1 0
KNIRVENGINE/desktop-client/agent/agent_builder.go:801.3,801.64 1 0
KNIRVENGINE/desktop-client/agent/agent_builder.go:801.64,803.4 1 0
KNIRVENGINE/desktop-client/agent/agent_builder.go:804.3,804.56 1 0
KNIRVENGINE/desktop-client/agent/agent_builder.go:804.56,806.4 1 0
KNIRVENGINE/desktop-client/agent/agent_builder.go:807.3,807.81 1 0
KNIRVENGINE/desktop-client/agent/agent_builder.go:807.81,809.4 1 0
KNIRVENGINE/desktop-client/agent/agent_builder.go:813.2,813.54 1 1
KNIRVENGINE/desktop-client/agent/agent_builder.go:813.54,815.3 1 0
KNIRVENGINE/desktop-client/agent/agent_builder.go:818.2,823.16 4 1
KNIRVENGINE/desktop-client/agent/agent_builder.go:823.16,825.3 1 0
KNIRVENGINE/desktop-client/agent/agent_builder.go:828.2,828.71 1 1
KNIRVENGINE/desktop-client/agent/agent_builder.go:828.71,830.3 1 0
KNIRVENGINE/desktop-client/agent/agent_builder.go:832.2,832.12 1 1
KNIRVENGINE/desktop-client/agent/agent_builder.go:836.90,838.16 2 0
KNIRVENGINE/desktop-client/agent/agent_builder.go:838.16,840.3 1 0
KNIRVENGINE/desktop-client/agent/agent_builder.go:843.2,847.16 4 0
KNIRVENGINE/desktop-client/agent/agent_builder.go:847.16,851.17 3 0
KNIRVENGINE/desktop-client/agent/agent_builder.go:851.17,853.52 1 0
KNIRVENGINE/desktop-client/agent/agent_builder.go:853.52,861.5 1 0
KNIRVENGINE/desktop-client/agent/agent_builder.go:862.4,862.83 1 0
KNIRVENGINE/desktop-client/agent/agent_builder.go:866.2,867.64 2 0
KNIRVENGINE/desktop-client/agent/agent_builder.go:867.64,869.3 1 0
KNIRVENGINE/desktop-client/agent/agent_builder.go:871.2,872.22 2 0
KNIRVENGINE/desktop-client/agent/agent_builder.go:876.70,879.46 2 1
KNIRVENGINE/desktop-client/agent/agent_builder.go:879.46,883.54 3 1
KNIRVENGINE/desktop-client/agent/agent_builder.go:883.54,885.4 1 0
KNIRVENGINE/desktop-client/agent/agent_builder.go:886.3,886.13 1 1
KNIRVENGINE/desktop-client/agent/agent_builder.go:890.2,894.53 4 0
KNIRVENGINE/desktop-client/agent/agent_builder.go:894.53,896.3 1 0
KNIRVENGINE/desktop-client/agent/agent_builder.go:899.2,901.53 3 0
KNIRVENGINE/desktop-client/agent/agent_builder.go:901.53,903.3 1 0
KNIRVENGINE/desktop-client/agent/agent_builder.go:905.2,905.12 1 0
KNIRVENGINE/desktop-client/agent/agent_builder.go:909.59,912.16 2 1
KNIRVENGINE/desktop-client/agent/agent_builder.go:912.16,914.3 1 0
KNIRVENGINE/desktop-client/agent/agent_builder.go:917.2,918.16 2 1
KNIRVENGINE/desktop-client/agent/agent_builder.go:918.16,920.3 1 0
KNIRVENGINE/desktop-client/agent/agent_builder.go:923.2,941.31 2 1
KNIRVENGINE/desktop-client/agent/agent_builder.go:941.31,942.40 1 0
KNIRVENGINE/desktop-client/agent/agent_builder.go:942.40,944.4 1 0
KNIRVENGINE/desktop-client/agent/agent_builder.go:948.2,948.76 1 1
KNIRVENGINE/desktop-client/agent/agent_builder.go:948.76,950.3 1 0
KNIRVENGINE/desktop-client/agent/agent_builder.go:952.2,952.12 1 1
KNIRVENGINE/desktop-client/agent/agent_builder.go:956.53,958.2 1 0
KNIRVENGINE/desktop-client/agent/agent_builder.go:961.70,963.16 2 1
KNIRVENGINE/desktop-client/agent/agent_builder.go:963.16,965.3 1 0
KNIRVENGINE/desktop-client/agent/agent_builder.go:967.2,967.61 1 1
KNIRVENGINE/desktop-client/agent/agent_builder.go:967.61,969.3 1 1
KNIRVENGINE/desktop-client/agent/agent_builder.go:971.2,971.70 1 0
KNIRVENGINE/desktop-client/agent/agent_builder.go:975.62,977.16 2 1
KNIRVENGINE/desktop-client/agent/agent_builder.go:977.16,979.3 1 0
KNIRVENGINE/desktop-client/agent/agent_builder.go:981.2,982.45 2 1
KNIRVENGINE/desktop-client/agent/agent_builder.go:982.45,985.3 2 1
KNIRVENGINE/desktop-client/agent/agent_builder.go:987.2,987.23 1 1
KNIRVENGINE/desktop-client/agent/agent_builder.go:991.68,993.57 1 1
KNIRVENGINE/desktop-client/agent/agent_builder.go:993.57,995.3 1 0
KNIRVENGINE/desktop-client/agent/agent_builder.go:998.2,999.16 2 1
KNIRVENGINE/desktop-client/agent/agent_builder.go:999.16,1001.3 1 0
KNIRVENGINE/desktop-client/agent/agent_builder.go:1004.2,1006.16 3 1
KNIRVENGINE/desktop-client/agent/agent_builder.go:1006.16,1008.3 1 0
KNIRVENGINE/desktop-client/agent/agent_builder.go:1011.2,1011.89 1 1
KNIRVENGINE/desktop-client/agent/agent_builder.go:1011.89,1013.3 1 0
KNIRVENGINE/desktop-client/agent/agent_builder.go:1015.2,1015.12 1 1
KNIRVENGINE/desktop-client/agent/agent_builder.go:1019.84,1020.22 1 1
KNIRVENGINE/desktop-client/agent/agent_builder.go:1021.26,1022.39 1 1
KNIRVENGINE/desktop-client/agent/agent_builder.go:1023.25,1024.42 1 1
KNIRVENGINE/desktop-client/agent/agent_builder.go:1025.29,1026.43 1 1
KNIRVENGINE/desktop-client/agent/agent_builder.go:1027.10,1029.42 1 1
KNIRVENGINE/desktop-client/agent/agent_builder.go:1034.65,1036.48 1 1
KNIRVENGINE/desktop-client/agent/agent_builder.go:1036.48,1038.3 1 0
KNIRVENGINE/desktop-client/agent/agent_builder.go:1041.2,1041.59 1 1
KNIRVENGINE/desktop-client/agent/agent_builder.go:1041.59,1043.3 1 0
KNIRVENGINE/desktop-client/agent/agent_builder.go:1046.2,1053.41 2 1
KNIRVENGINE/desktop-client/agent/agent_builder.go:1053.41,1054.41 1 1
KNIRVENGINE/desktop-client/agent/agent_builder.go:1054.41,1056.4 1 0
KNIRVENGINE/desktop-client/agent/agent_builder.go:1059.2,1059.12 1 1
KNIRVENGINE/desktop-client/agent/agent_builder.go:1063.68,1065.43 1 1
KNIRVENGINE/desktop-client/agent/agent_builder.go:1065.43,1067.3 1 0
KNIRVENGINE/desktop-client/agent/agent_builder.go:1070.2,1070.39 1 1
KNIRVENGINE/desktop-client/agent/agent_builder.go:1070.39,1072.3 1 0
KNIRVENGINE/desktop-client/agent/agent_builder.go:1074.2,1074.12 1 1
KNIRVENGINE/desktop-client/agent/agent_builder.go:1078.69,1081.29 2 1
KNIRVENGINE/desktop-client/agent/agent_builder.go:1081.29,1083.49 2 1
KNIRVENGINE/desktop-client/agent/agent_builder.go:1083.49,1084.12 1 1
KNIRVENGINE/desktop-client/agent/agent_builder.go:1088.3,1088.35 1 1
KNIRVENGINE/desktop-client/agent/agent_builder.go:1088.35,1090.4 1 0
KNIRVENGINE/desktop-client/agent/agent_builder.go:1093.2,1093.12 1 1
KNIRVENGINE/desktop-client/agent/agent_builder.go:1097.68,1103.31 3 1
KNIRVENGINE/desktop-client/agent/agent_builder.go:1103.31,1105.3 1 0
KNIRVENGINE/desktop-client/agent/agent_builder.go:1107.2,1107.12 1 1
KNIRVENGINE/desktop-client/agent/agent_builder.go:1111.77,1115.56 3 0
KNIRVENGINE/desktop-client/agent/agent_builder.go:1115.56,1117.3 1 0
KNIRVENGINE/desktop-client/agent/agent_builder.go:1118.2,1118.72 1 0
KNIRVENGINE/desktop-client/agent/agent_builder.go:1122.89,1126.61 3 1
KNIRVENGINE/desktop-client/agent/agent_builder.go:1126.61,1130.50 4 1
KNIRVENGINE/desktop-client/agent/agent_builder.go:1130.50,1132.4 1 1
KNIRVENGINE/desktop-client/agent/agent_builder.go:1134.3,1134.92 1 1
KNIRVENGINE/desktop-client/agent/agent_builder.go:1139.62,1143.61 3 1
KNIRVENGINE/desktop-client/agent/agent_builder.go:1143.61,1146.3 2 1
KNIRVENGINE/desktop-client/agent/agent_builder.go:1150.90,1154.23 2 1
KNIRVENGINE/desktop-client/agent/agent_builder.go:1154.23,1159.3 1 0
KNIRVENGINE/desktop-client/agent/agent_builder.go:1161.2,1161.28 1 1
KNIRVENGINE/desktop-client/agent/agent_builder.go:1161.28,1166.3 1 0
KNIRVENGINE/desktop-client/agent/agent_builder.go:1169.2,1169.23 1 1
KNIRVENGINE/desktop-client/agent/agent_builder.go:1169.23,1171.36 2 1
KNIRVENGINE/desktop-client/agent/agent_builder.go:1171.36,1173.50 1 1
KNIRVENGINE/desktop-client/agent/agent_builder.go:1173.50,1175.10 2 0
KNIRVENGINE/desktop-client/agent/agent_builder.go:1178.3,1178.17 1 1
KNIRVENGINE/desktop-client/agent/agent_builder.go:1178.17,1183.4 1 0
KNIRVENGINE/desktop-client/agent/agent_builder.go:1187.2,1187.24 1 1
KNIRVENGINE/desktop-client/agent/agent_builder.go:1187.24,1198.42 3 1
KNIRVENGINE/desktop-client/agent/agent_builder.go:1198.42,1199.34 1 1
KNIRVENGINE/desktop-client/agent/agent_builder.go:1199.34,1201.10 2 1
KNIRVENGINE/desktop-client/agent/agent_builder.go:1205.3,1205.18 1 1
KNIRVENGINE/desktop-client/agent/agent_builder.go:1205.18,1210.4 1 0
KNIRVENGINE/desktop-client/agent/agent_builder.go:1214.2,1214.42 1 1
KNIRVENGINE/desktop-client/agent/agent_builder.go:1214.42,1215.22 1 0
KNIRVENGINE/desktop-client/agent/agent_builder.go:1215.22,1220.4 1 0
KNIRVENGINE/desktop-client/agent/agent_builder.go:1221.3,1221.26 1 0
KNIRVENGINE/desktop-client/agent/agent_builder.go:1221.26,1226.4 1 0
KNIRVENGINE/desktop-client/agent/agent_builder.go:1229.2,1229.15 1 1
KNIRVENGINE/desktop-client/agent/agent_builder.go:1233.53,1235.16 2 1
KNIRVENGINE/desktop-client/agent/agent_builder.go:1235.16,1237.3 1 0
KNIRVENGINE/desktop-client/agent/agent_builder.go:1239.2,1240.41 2 1
KNIRVENGINE/desktop-client/agent/agent_builder.go:1240.41,1242.58 2 1
KNIRVENGINE/desktop-client/agent/agent_builder.go:1242.58,1244.4 1 0
KNIRVENGINE/desktop-client/agent/agent_builder.go:1247.2,1247.31 1 1
KNIRVENGINE/desktop-client/agent/agent_builder.go:1247.31,1249.3 1 0
KNIRVENGINE/desktop-client/agent/agent_builder.go:1251.2,1251.12 1 1
KNIRVENGINE/desktop-client/agent/agent_builder.go:1255.72,1258.16 2 1
KNIRVENGINE/desktop-client/agent/agent_builder.go:1258.16,1260.3 1 0
KNIRVENGINE/desktop-client/agent/agent_builder.go:1263.2,1263.26 1 1
KNIRVENGINE/desktop-client/agent/agent_builder.go:1263.26,1265.3 1 0
KNIRVENGINE/desktop-client/agent/agent_builder.go:1268.2,1268.38 1 1
KNIRVENGINE/desktop-client/agent/agent_builder.go:1268.38,1270.3 1 0
KNIRVENGINE/desktop-client/agent/agent_builder.go:1274.2,1275.16 2 1
KNIRVENGINE/desktop-client/agent/agent_builder.go:1275.16,1277.3 1 0
KNIRVENGINE/desktop-client/agent/agent_builder.go:1278.2,1283.16 4 1
KNIRVENGINE/desktop-client/agent/agent_builder.go:1283.16,1285.3 1 0
KNIRVENGINE/desktop-client/agent/agent_builder.go:1288.2,1288.103 1 1
KNIRVENGINE/desktop-client/agent/agent_builder.go:1288.103,1290.3 1 1
KNIRVENGINE/desktop-client/agent/agent_builder.go:1292.2,1292.79 1 0
KNIRVENGINE/desktop-client/agent/agent_builder.go:1296.67,1313.31 4 1
KNIRVENGINE/desktop-client/agent/agent_builder.go:1313.31,1314.40 1 1
KNIRVENGINE/desktop-client/agent/agent_builder.go:1314.40,1316.4 1 1
KNIRVENGINE/desktop-client/agent/agent_builder.go:1320.2,1333.16 4 1
KNIRVENGINE/desktop-client/agent/agent_builder.go:1333.16,1336.3 2 1
KNIRVENGINE/desktop-client/agent/agent_builder.go:1338.2,1338.22 1 0
KNIRVENGINE/desktop-client/agent/agent_builder.go:1338.22,1344.3 2 0
KNIRVENGINE/desktop-client/agent/agent_builder.go:1344.8,1346.3 1 0
KNIRVENGINE/desktop-client/agent/agent_builder.go:1350.85,1353.16 2 0
KNIRVENGINE/desktop-client/agent/agent_builder.go:1353.16,1355.3 1 0
KNIRVENGINE/desktop-client/agent/agent_builder.go:1358.2,1363.46 4 0
KNIRVENGINE/desktop-client/agent/agent_registry.go:15.62,18.16 2 1
KNIRVENGINE/desktop-client/agent/agent_registry.go:18.16,20.3 1 0
KNIRVENGINE/desktop-client/agent/agent_registry.go:22.2,24.8 1 1
KNIRVENGINE/desktop-client/agent/agent_registry.go:28.92,30.2 1 1
KNIRVENGINE/desktop-client/agent/agent_registry.go:33.82,35.2 1 1
KNIRVENGINE/desktop-client/agent/agent_registry.go:38.59,43.16 3 0
KNIRVENGINE/desktop-client/agent/agent_registry.go:43.16,47.3 2 0
KNIRVENGINE/desktop-client/agent/agent_registry.go:50.2,51.16 2 0
KNIRVENGINE/desktop-client/agent/agent_registry.go:51.16,53.3 1 0
KNIRVENGINE/desktop-client/agent/agent_registry.go:55.2,56.12 2 0
KNIRVENGINE/desktop-client/agent/agent_registry.go:60.56,63.16 3 1
KNIRVENGINE/desktop-client/agent/agent_registry.go:63.16,65.3 1 0
KNIRVENGINE/desktop-client/agent/agent_registry.go:68.2,69.31 2 1
KNIRVENGINE/desktop-client/agent/agent_registry.go:69.31,71.3 1 0
KNIRVENGINE/desktop-client/agent/agent_registry.go:73.2,73.17 1 1
KNIRVENGINE/desktop-client/agent/agent_registry.go:78.39,82.2 1 1
KNIRVENGINE/desktop-client/agent/enhanced_agent_manager.go:87.125,99.27 3 0
KNIRVENGINE/desktop-client/agent/enhanced_agent_manager.go:99.27,100.48 1 0
KNIRVENGINE/desktop-client/agent/enhanced_agent_manager.go:100.48,102.4 1 0
KNIRVENGINE/desktop-client/agent/enhanced_agent_manager.go:105.2,105.21 1 0
KNIRVENGINE/desktop-client/agent/enhanced_agent_manager.go:109.125,112.16 2 0
KNIRVENGINE/desktop-client/agent/enhanced_agent_manager.go:112.16,114.3 1 0
KNIRVENGINE/desktop-client/agent/enhanced_agent_manager.go:117.2,133.71 3 0
KNIRVENGINE/desktop-client/agent/enhanced_agent_manager.go:133.71,135.3 1 0
KNIRVENGINE/desktop-client/agent/enhanced_agent_manager.go:137.2,137.26 1 0
KNIRVENGINE/desktop-client/agent/enhanced_agent_manager.go:141.91,144.16 3 0
KNIRVENGINE/desktop-client/agent/enhanced_agent_manager.go:144.16,146.3 1 0
KNIRVENGINE/desktop-client/agent/enhanced_agent_manager.go:148.2,149.29 2 0
KNIRVENGINE/desktop-client/agent/enhanced_agent_manager.go:149.29,151.17 2 0
KNIRVENGINE/desktop-client/agent/enhanced_agent_manager.go:151.17,152.12 1 0
KNIRVENGINE/desktop-client/agent/enhanced_agent_manager.go:154.3,154.39 1 0
KNIRVENGINE/desktop-client/agent/enhanced_agent_manager.go:158.2,158.43 1 0
KNIRVENGINE/desktop-client/agent/enhanced_agent_manager.go:158.43,160.3 1 0
KNIRVENGINE/desktop-client/agent/enhanced_agent_manager.go:162.2,162.22 1 0
KNIRVENGINE/desktop-client/agent/enhanced_agent_manager.go:166.113,169.16 2 0
KNIRVENGINE/desktop-client/agent/enhanced_agent_manager.go:169.16,171.3 1 0
KNIRVENGINE/desktop-client/agent/enhanced_agent_manager.go:174.2,179.16 4 0
KNIRVENGINE/desktop-client/agent/enhanced_agent_manager.go:179.16,181.3 1 0
KNIRVENGINE/desktop-client/agent/enhanced_agent_manager.go:184.2,197.67 3 0
KNIRVENGINE/desktop-client/agent/enhanced_agent_manager.go:197.67,199.3 1 0
KNIRVENGINE/desktop-client/agent/enhanced_agent_manager.go:201.2,201.20 1 0
KNIRVENGINE/desktop-client/agent/enhanced_agent_manager.go:205.78,209.16 3 0
KNIRVENGINE/desktop-client/agent/enhanced_agent_manager.go:209.16,211.3 1 0
KNIRVENGINE/desktop-client/agent/enhanced_agent_manager.go:214.2,214.82 1 0
KNIRVENGINE/desktop-client/agent/enhanced_agent_manager.go:214.82,216.3 1 0
KNIRVENGINE/desktop-client/agent/enhanced_agent_manager.go:218.2,218.12 1 0
KNIRVENGINE/desktop-client/agent/enhanced_agent_manager.go:222.95,225.16 2 0
KNIRVENGINE/desktop-client/agent/enhanced_agent_manager.go:225.16,227.3 1 0
KNIRVENGINE/desktop-client/agent/enhanced_agent_manager.go:230.2,240.55 3 0
KNIRVENGINE/desktop-client/agent/enhanced_agent_manager.go:240.55,245.3 4 0
KNIRVENGINE/desktop-client/agent/enhanced_agent_manager.go:248.2,249.16 2 0
KNIRVENGINE/desktop-client/agent/enhanced_agent_manager.go:249.16,252.3 2 0
KNIRVENGINE/desktop-client/agent/enhanced_agent_manager.go:252.8,255.3 2 0
KNIRVENGINE/desktop-client/agent/enhanced_agent_manager.go:258.2,263.63 4 0
KNIRVENGINE/desktop-client/agent/enhanced_agent_manager.go:263.63,266.3 1 0
KNIRVENGINE/desktop-client/agent/enhanced_agent_manager.go:268.2,268.20 1 0
KNIRVENGINE/desktop-client/agent/enhanced_agent_manager.go:272.121,323.66 24 0
KNIRVENGINE/desktop-client/agent/enhanced_agent_manager.go:323.66,325.3 1 0
KNIRVENGINE/desktop-client/agent/enhanced_agent_manager.go:327.2,327.23 1 0
KNIRVENGINE/desktop-client/agent/enhanced_agent_manager.go:331.89,335.16 3 0
KNIRVENGINE/desktop-client/agent/enhanced_agent_manager.go:335.16,337.3 1 0
KNIRVENGINE/desktop-client/agent/enhanced_agent_manager.go:339.2,340.29 2 0
KNIRVENGINE/desktop-client/agent/enhanced_agent_manager.go:340.29,342.17 2 0
KNIRVENGINE/desktop-client/agent/enhanced_agent_manager.go:342.17,343.12 1 0
KNIRVENGINE/desktop-client/agent/enhanced_agent_manager.go:346.3,346.32 1 0
KNIRVENGINE/desktop-client/agent/enhanced_agent_manager.go:346.32,348.4 1 0
KNIRVENGINE/desktop-client/agent/enhanced_agent_manager.go:352.2,352.42 1 0
KNIRVENGINE/desktop-client/agent/enhanced_agent_manager.go:352.42,354.3 1 0
KNIRVENGINE/desktop-client/agent/enhanced_agent_manager.go:356.2,356.21 1 0
KNIRVENGINE/desktop-client/agent/enhanced_agent_manager.go:360.100,363.16 3 0
KNIRVENGINE/desktop-client/agent/enhanced_agent_manager.go:363.16,365.3 1 0
KNIRVENGINE/desktop-client/agent/enhanced_agent_manager.go:367.2,368.29 2 0
KNIRVENGINE/desktop-client/agent/enhanced_agent_manager.go:368.29,370.17 2 0
KNIRVENGINE/desktop-client/agent/enhanced_agent_manager.go:370.17,371.12 1 0
KNIRVENGINE/desktop-client/agent/enhanced_agent_manager.go:373.3,373.48 1 0
KNIRVENGINE/desktop-client/agent/enhanced_agent_manager.go:377.2,377.48 1 0
KNIRVENGINE/desktop-client/agent/enhanced_agent_manager.go:377.48,379.3 1 0
KNIRVENGINE/desktop-client/agent/enhanced_agent_manager.go:381.2,381.27 1 0
KNIRVENGINE/desktop-client/agent/enhanced_agent_manager.go:386.96,388.16 2 0
KNIRVENGINE/desktop-client/agent/enhanced_agent_manager.go:388.16,390.3 1 0
KNIRVENGINE/desktop-client/agent/enhanced_agent_manager.go:391.2,391.43 1 0
KNIRVENGINE/desktop-client/agent/enhanced_agent_manager.go:394.92,396.16 2 0
KNIRVENGINE/desktop-client/agent/enhanced_agent_manager.go:396.16,398.3 1 0
KNIRVENGINE/desktop-client/agent/enhanced_agent_manager.go:399.2,400.55 2 0
KNIRVENGINE/desktop-client/agent/enhanced_agent_manager.go:400.55,402.3 1 0
KNIRVENGINE/desktop-client/agent/enhanced_agent_manager.go:403.2,403.22 1 0
KNIRVENGINE/desktop-client/agent/enhanced_agent_manager.go:406.117,409.16 2 0
KNIRVENGINE/desktop-client/agent/enhanced_agent_manager.go:409.16,411.3 1 0
KNIRVENGINE/desktop-client/agent/enhanced_agent_manager.go:412.2,432.29 11 0
KNIRVENGINE/desktop-client/agent/enhanced_agent_manager.go:435.87,440.55 1 0
KNIRVENGINE/desktop-client/agent/enhanced_agent_manager.go:440.55,442.3 1 0
KNIRVENGINE/desktop-client/agent/enhanced_agent_manager.go:445.2,446.53 2 0
KNIRVENGINE/desktop-client/agent/enhanced_agent_manager.go:446.53,448.3 1 0
KNIRVENGINE/desktop-client/agent/enhanced_agent_manager.go:452.2,457.16 3 0
KNIRVENGINE/desktop-client/agent/enhanced_agent_manager.go:457.16,459.3 1 0
KNIRVENGINE/desktop-client/agent/enhanced_agent_manager.go:460.2,464.16 3 0
KNIRVENGINE/desktop-client/agent/enhanced_agent_manager.go:464.16,466.3 1 0
KNIRVENGINE/desktop-client/agent/enhanced_agent_manager.go:467.2,477.6 5 0
KNIRVENGINE/desktop-client/agent/enhanced_agent_manager.go:477.6,479.20 2 0
KNIRVENGINE/desktop-client/agent/enhanced_agent_manager.go:479.20,480.9 1 0
KNIRVENGINE/desktop-client/agent/enhanced_agent_manager.go:482.3,482.17 1 0
KNIRVENGINE/desktop-client/agent/enhanced_agent_manager.go:482.17,484.4 1 0
KNIRVENGINE/desktop-client/agent/enhanced_agent_manager.go:487.3,488.57 2 0
KNIRVENGINE/desktop-client/agent/enhanced_agent_manager.go:491.2,492.12 2 0
KNIRVENGINE/desktop-client/agent/enhanced_agent_manager.go:495.95,497.16 2 0
KNIRVENGINE/desktop-client/agent/enhanced_agent_manager.go:497.16,499.3 1 0
KNIRVENGINE/desktop-client/agent/enhanced_agent_manager.go:500.2,500.43 1 0
KNIRVENGINE/desktop-client/agent/enhanced_agent_manager.go:503.90,505.16 2 0
KNIRVENGINE/desktop-client/agent/enhanced_agent_manager.go:505.16,507.3 1 0
KNIRVENGINE/desktop-client/agent/enhanced_agent_manager.go:508.2,509.54 2 0
KNIRVENGINE/desktop-client/agent/enhanced_agent_manager.go:509.54,511.3 1 0
KNIRVENGINE/desktop-client/agent/enhanced_agent_manager.go:512.2,512.21 1 0
KNIRVENGINE/desktop-client/agent/enhanced_agent_manager.go:515.99,517.16 2 0
KNIRVENGINE/desktop-client/agent/enhanced_agent_manager.go:517.16,519.3 1 0
KNIRVENGINE/desktop-client/agent/enhanced_agent_manager.go:520.2,520.43 1 0
KNIRVENGINE/desktop-client/agent/enhanced_agent_manager.go:523.94,525.16 2 0
KNIRVENGINE/desktop-client/agent/enhanced_agent_manager.go:525.16,527.3 1 0
KNIRVENGINE/desktop-client/agent/enhanced_agent_manager.go:528.2,529.54 2 0
KNIRVENGINE/desktop-client/agent/enhanced_agent_manager.go:529.54,531.3 1 0
KNIRVENGINE/desktop-client/agent/enhanced_agent_manager.go:532.2,532.21 1 0
KNIRVENGINE/desktop-client/agent/enhanced_agent_manager.go:535.107,537.16 2 0
KNIRVENGINE/desktop-client/agent/enhanced_agent_manager.go:537.16,539.3 1 0
KNIRVENGINE/desktop-client/agent/enhanced_agent_manager.go:540.2,540.43 1 0
KNIRVENGINE/desktop-client/agent/enhanced_agent_manager.go:543.88,547.38 2 0
KNIRVENGINE/desktop-client/agent/enhanced_agent_manager.go:547.38,548.82 1 0
KNIRVENGINE/desktop-client/agent/enhanced_agent_manager.go:548.82,550.4 1 0
KNIRVENGINE/desktop-client/agent/enhanced_agent_manager.go:550.9,550.85 1 0
KNIRVENGINE/desktop-client/agent/enhanced_agent_manager.go:550.85,552.4 1 0
KNIRVENGINE/desktop-client/agent/enhanced_agent_manager.go:552.9,554.4 1 0
KNIRVENGINE/desktop-client/agent/enhanced_agent_manager.go:557.2,557.15 1 0
KNIRVENGINE/desktop-client/agent/enhanced_agent_manager.go:557.15,559.3 1 0
KNIRVENGINE/desktop-client/agent/enhanced_agent_manager.go:561.2,561.14 1 0
KNIRVENGINE/desktop-client/agent/enhanced_agent_manager.go:564.76,565.9 1 0
KNIRVENGINE/desktop-client/agent/enhanced_agent_manager.go:566.19,567.19 1 0
KNIRVENGINE/desktop-client/agent/enhanced_agent_manager.go:568.19,569.19 1 0
KNIRVENGINE/desktop-client/agent/enhanced_agent_manager.go:570.19,571.20 1 0
KNIRVENGINE/desktop-client/agent/enhanced_agent_manager.go:572.10,573.19 1 0
KNIRVENGINE/desktop-client/agent/unified_agent_storage.go:60.94,61.67 1 1
KNIRVENGINE/desktop-client/agent/unified_agent_storage.go:61.67,65.21 2 1
KNIRVENGINE/desktop-client/agent/unified_agent_storage.go:65.21,67.4 1 0
KNIRVENGINE/desktop-client/agent/unified_agent_storage.go:70.3,76.29 5 1
KNIRVENGINE/desktop-client/agent/unified_agent_storage.go:76.29,78.4 1 1
KNIRVENGINE/desktop-client/agent/unified_agent_storage.go:81.3,82.30 2 1
KNIRVENGINE/desktop-client/agent/unified_agent_storage.go:82.30,83.30 1 1
KNIRVENGINE/desktop-client/agent/unified_agent_storage.go:83.30,85.5 1 1
KNIRVENGINE/desktop-client/agent/unified_agent_storage.go:89.3,90.29 2 1
KNIRVENGINE/desktop-client/agent/unified_agent_storage.go:90.29,91.64 1 1
KNIRVENGINE/desktop-client/agent/unified_agent_storage.go:91.64,93.5 1 1
KNIRVENGINE/desktop-client/agent/unified_agent_storage.go:97.3,97.36 1 1
KNIRVENGINE/desktop-client/agent/unified_agent_storage.go:97.36,100.4 2 1
KNIRVENGINE/desktop-client/agent/unified_agent_storage.go:103.3,103.28 1 1
KNIRVENGINE/desktop-client/agent/unified_agent_storage.go:103.28,105.17 2 1
KNIRVENGINE/desktop-client/agent/unified_agent_storage.go:106.11,107.35 1 1
KNIRVENGINE/desktop-client/agent/unified_agent_storage.go:108.11,109.36 1 1
KNIRVENGINE/desktop-client/agent/unified_agent_storage.go:110.11,111.38 1 1
KNIRVENGINE/desktop-client/agent/unified_agent_storage.go:112.11,113.37 1 1
KNIRVENGINE/desktop-client/agent/unified_agent_storage.go:117.4,121.21 3 1
KNIRVENGINE/desktop-client/agent/unified_agent_storage.go:121.21,124.5 2 1
KNIRVENGINE/desktop-client/agent/unified_agent_storage.go:127.4,127.26 1 1
KNIRVENGINE/desktop-client/agent/unified_agent_storage.go:127.26,129.5 1 1
KNIRVENGINE/desktop-client/agent/unified_agent_storage.go:129.10,129.34 1 1
KNIRVENGINE/desktop-client/agent/unified_agent_storage.go:129.34,131.5 1 0
KNIRVENGINE/desktop-client/agent/unified_agent_storage.go:135.3,136.33 2 1
KNIRVENGINE/desktop-client/agent/unified_agent_storage.go:136.33,138.4 1 1
KNIRVENGINE/desktop-client/agent/unified_agent_storage.go:139.3,141.20 2 1
KNIRVENGINE/desktop-client/agent/unified_agent_storage.go:141.20,142.29 1 1
KNIRVENGINE/desktop-client/agent/unified_agent_storage.go:142.29,144.5 1 1
KNIRVENGINE/desktop-client/agent/unified_agent_storage.go:147.3,147.24 1 1
KNIRVENGINE/desktop-client/agent/unified_agent_storage.go:152.74,155.16 2 1
KNIRVENGINE/desktop-client/agent/unified_agent_storage.go:155.16,157.3 1 0
KNIRVENGINE/desktop-client/agent/unified_agent_storage.go:160.2,164.16 3 1
KNIRVENGINE/desktop-client/agent/unified_agent_storage.go:164.16,166.3 1 0
KNIRVENGINE/desktop-client/agent/unified_agent_storage.go:168.2,171.8 1 1
KNIRVENGINE/desktop-client/agent/unified_agent_storage.go:175.91,177.20 1 1
KNIRVENGINE/desktop-client/agent/unified_agent_storage.go:177.20,179.3 1 0
KNIRVENGINE/desktop-client/agent/unified_agent_storage.go:182.2,183.30 2 1
KNIRVENGINE/desktop-client/agent/unified_agent_storage.go:183.30,185.3 1 1
KNIRVENGINE/desktop-client/agent/unified_agent_storage.go:186.2,190.16 3 1
KNIRVENGINE/desktop-client/agent/unified_agent_storage.go:190.16,192.3 1 0
KNIRVENGINE/desktop-client/agent/unified_agent_storage.go:195.2,209.29 2 1
KNIRVENGINE/desktop-client/agent/unified_agent_storage.go:209.29,213.3 3 1
KNIRVENGINE/desktop-client/agent/unified_agent_storage.go:216.2,223.67 2 1
KNIRVENGINE/desktop-client/agent/unified_agent_storage.go:227.99,230.16 2 1
KNIRVENGINE/desktop-client/agent/unified_agent_storage.go:230.16,232.3 1 1
KNIRVENGINE/desktop-client/agent/unified_agent_storage.go:235.2,236.68 2 1
KNIRVENGINE/desktop-client/agent/unified_agent_storage.go:236.68,238.3 1 0
KNIRVENGINE/desktop-client/agent/unified_agent_storage.go:240.2,240.20 1 1
KNIRVENGINE/desktop-client/agent/unified_agent_storage.go:244.109,253.16 4 0
KNIRVENGINE/desktop-client/agent/unified_agent_storage.go:253.16,255.3 1 0
KNIRVENGINE/desktop-client/agent/unified_agent_storage.go:258.2,259.33 2 0
KNIRVENGINE/desktop-client/agent/unified_agent_storage.go:259.33,261.72 2 0
KNIRVENGINE/desktop-client/agent/unified_agent_storage.go:261.72,262.12 1 0
KNIRVENGINE/desktop-client/agent/unified_agent_storage.go:264.3,264.34 1 0
KNIRVENGINE/desktop-client/agent/unified_agent_storage.go:267.2,267.20 1 0
KNIRVENGINE/desktop-client/agent/unified_agent_storage.go:271.88,275.16 3 1
KNIRVENGINE/desktop-client/agent/unified_agent_storage.go:275.16,277.3 1 1
KNIRVENGINE/desktop-client/agent/unified_agent_storage.go:280.2,281.33 2 0
KNIRVENGINE/desktop-client/agent/unified_agent_storage.go:281.33,283.72 2 0
KNIRVENGINE/desktop-client/agent/unified_agent_storage.go:283.72,284.12 1 0
KNIRVENGINE/desktop-client/agent/unified_agent_storage.go:286.3,286.34 1 0
KNIRVENGINE/desktop-client/agent/unified_agent_storage.go:289.2,289.20 1 0
KNIRVENGINE/desktop-client/agent/unified_agent_storage.go:293.91,296.16 2 1
KNIRVENGINE/desktop-client/agent/unified_agent_storage.go:296.16,298.3 1 0
KNIRVENGINE/desktop-client/agent/unified_agent_storage.go:301.2,305.16 3 1
KNIRVENGINE/desktop-client/agent/unified_agent_storage.go:305.16,307.3 1 0
KNIRVENGINE/desktop-client/agent/unified_agent_storage.go:310.2,310.34 1 1
KNIRVENGINE/desktop-client/agent/unified_agent_storage.go:314.81,316.2 1 0
KNIRVENGINE/desktop-client/agent/unified_agent_storage.go:319.125,322.16 2 1
KNIRVENGINE/desktop-client/agent/unified_agent_storage.go:322.16,335.61 2 1
KNIRVENGINE/desktop-client/agent/unified_agent_storage.go:335.61,336.29 1 0
KNIRVENGINE/desktop-client/agent/unified_agent_storage.go:336.29,337.39 1 0
KNIRVENGINE/desktop-client/agent/unified_agent_storage.go:337.39,339.6 1 0
KNIRVENGINE/desktop-client/agent/unified_agent_storage.go:343.3,343.64 1 1
KNIRVENGINE/desktop-client/agent/unified_agent_storage.go:343.64,344.35 1 0
KNIRVENGINE/desktop-client/agent/unified_agent_storage.go:344.35,345.45 1 0
KNIRVENGINE/desktop-client/agent/unified_agent_storage.go:345.45,347.6 1 0
KNIRVENGINE/desktop-client/agent/unified_agent_storage.go:352.3,352.59 1 1
KNIRVENGINE/desktop-client/agent/unified_agent_storage.go:352.59,360.4 2 0
KNIRVENGINE/desktop-client/agent/unified_agent_storage.go:362.3,362.35 1 1
KNIRVENGINE/desktop-client/agent/unified_agent_storage.go:366.2,370.58 3 1
KNIRVENGINE/desktop-client/agent/unified_agent_storage.go:370.58,372.38 2 1
KNIRVENGINE/desktop-client/agent/unified_agent_storage.go:372.38,374.4 1 1
KNIRVENGINE/desktop-client/agent/unified_agent_storage.go:375.3,376.53 2 1
KNIRVENGINE/desktop-client/agent/unified_agent_storage.go:379.2,379.42 1 1
KNIRVENGINE/desktop-client/agent/unified_agent_storage.go:383.115,385.16 2 1
KNIRVENGINE/desktop-client/agent/unified_agent_storage.go:385.16,387.3 1 0
KNIRVENGINE/desktop-client/agent/unified_agent_storage.go:389.2,389.31 1 1
KNIRVENGINE/desktop-client/agent/unified_agent_storage.go:393.90,394.43 1 1
KNIRVENGINE/desktop-client/agent/unified_agent_storage.go:394.43,396.3 1 1
KNIRVENGINE/desktop-client/agent/unified_agent_storage.go:397.2,397.21 1 1
KNIRVENGINE/desktop-client/agent/unified_agent_storage.go:401.45,404.2 1 0
KNIRVENGINE/desktop-client/agent/unified_agent_storage.go:412.82,414.2 1 0
KNIRVENGINE/desktop-client/agent/unified_agent_storage.go:417.99,419.2 1 0
KNIRVENGINE/desktop-client/agent/unified_agent_storage.go:422.89,424.2 1 0
KNIRVENGINE/desktop-client/agent/unified_agent_storage.go:432.86,434.2 1 0
KNIRVENGINE/desktop-client/agent/unified_agent_storage.go:448.105,450.16 2 0
KNIRVENGINE/desktop-client/agent/unified_agent_storage.go:450.16,452.3 1 0
KNIRVENGINE/desktop-client/agent/unified_agent_storage.go:455.2,456.35 2 0
KNIRVENGINE/desktop-client/agent/unified_agent_storage.go:456.35,467.3 2 0
KNIRVENGINE/desktop-client/agent/unified_agent_storage.go:469.2,469.20 1 0
KNIRVENGINE/desktop-client/agent/unified_agent_storage.go:473.95,475.16 2 0
KNIRVENGINE/desktop-client/agent/unified_agent_storage.go:475.16,477.3 1 0
KNIRVENGINE/desktop-client/agent/unified_agent_storage.go:479.2,488.8 2 0
KNIRVENGINE/desktop-client/agent/unified_agent_storage.go:492.87,495.24 2 0
KNIRVENGINE/desktop-client/agent/unified_agent_storage.go:495.24,497.3 1 0
KNIRVENGINE/desktop-client/agent/unified_agent_storage.go:500.2,512.39 2 0
KNIRVENGINE/desktop-client/agent/unified_agent_storage.go:516.87,519.16 2 0
KNIRVENGINE/desktop-client/agent/unified_agent_storage.go:519.16,521.3 1 0
KNIRVENGINE/desktop-client/agent/unified_agent_storage.go:524.2,530.24 5 0
KNIRVENGINE/desktop-client/agent/unified_agent_storage.go:530.24,534.3 3 0
KNIRVENGINE/desktop-client/agent/unified_agent_storage.go:536.2,536.39 1 0
KNIRVENGINE/desktop-client/agent/unified_agent_storage.go:540.84,542.2 1 0
KNIRVENGINE/desktop-client/agent/unified_agent_storage.go:550.94,552.2 1 0
KNIRVENGINE/desktop-client/agent/unified_agent_storage.go:555.132,557.2 1 0
KNIRVENGINE/desktop-client/agent/unified_agent_storage.go:560.122,562.2 1 0
KNIRVENGINE/desktop-client/agent/unified_agent_storage.go:565.93,567.16 2 0
KNIRVENGINE/desktop-client/agent/unified_agent_storage.go:567.16,569.3 1 0
KNIRVENGINE/desktop-client/agent/unified_agent_storage.go:572.2,573.31 2 0
KNIRVENGINE/desktop-client/agent/unified_agent_storage.go:573.31,575.30 2 0
KNIRVENGINE/desktop-client/agent/unified_agent_storage.go:575.30,577.4 1 0
KNIRVENGINE/desktop-client/agent/unified_agent_storage.go:580.3,585.4 1 0
KNIRVENGINE/desktop-client/agent/unified_agent_storage.go:588.2,588.24 1 0
KNIRVENGINE/desktop-client/agent/unified_agent_storage.go:594.92,600.44 3 0
KNIRVENGINE/desktop-client/agent/unified_agent_storage.go:600.44,608.17 2 0
KNIRVENGINE/desktop-client/agent/unified_agent_storage.go:608.17,610.9 1 0
KNIRVENGINE/desktop-client/agent/unified_agent_storage.go:613.3,616.27 2 0
KNIRVENGINE/desktop-client/agent/unified_agent_storage.go:616.27,617.9 1 0
KNIRVENGINE/desktop-client/agent/unified_agent_storage.go:622.2,623.36 2 0
KNIRVENGINE/desktop-client/agent/unified_agent_storage.go:623.36,625.65 1 0
KNIRVENGINE/desktop-client/agent/unified_agent_storage.go:625.65,626.87 1 0
KNIRVENGINE/desktop-client/agent/unified_agent_storage.go:626.87,628.5 1 0
KNIRVENGINE/desktop-client/agent/unified_agent_storage.go:633.2,634.41 2 0
KNIRVENGINE/desktop-client/agent/unified_agent_storage.go:634.41,636.72 2 0
KNIRVENGINE/desktop-client/agent/unified_agent_storage.go:636.72,637.12 1 0
KNIRVENGINE/desktop-client/agent/unified_agent_storage.go:639.3,639.34 1 0
KNIRVENGINE/desktop-client/agent/unified_agent_storage.go:642.2,642.20 1 0
KNIRVENGINE/desktop-client/agent/unified_agent_storage.go:646.83,652.44 3 0
KNIRVENGINE/desktop-client/agent/unified_agent_storage.go:652.44,660.17 2 0
KNIRVENGINE/desktop-client/agent/unified_agent_storage.go:660.17,662.9 1 0
KNIRVENGINE/desktop-client/agent/unified_agent_storage.go:665.3,668.27 2 0
KNIRVENGINE/desktop-client/agent/unified_agent_storage.go:668.27,669.9 1 0
KNIRVENGINE/desktop-client/agent/unified_agent_storage.go:674.2,675.36 2 0
KNIRVENGINE/desktop-client/agent/unified_agent_storage.go:675.36,676.64 1 0
KNIRVENGINE/desktop-client/agent/unified_agent_storage.go:676.64,678.4 1 0
KNIRVENGINE/desktop-client/agent/unified_agent_storage.go:682.2,683.41 2 0
KNIRVENGINE/desktop-client/agent/unified_agent_storage.go:683.41,685.72 2 0
KNIRVENGINE/desktop-client/agent/unified_agent_storage.go:685.72,686.12 1 0
KNIRVENGINE/desktop-client/agent/unified_agent_storage.go:688.3,688.34 1 0
KNIRVENGINE/desktop-client/agent/unified_agent_storage.go:691.2,691.20 1 0
KNIRVENGINE/desktop-client/agent/unified_agent_storage.go:695.85,708.16 3 0
KNIRVENGINE/desktop-client/agent/unified_agent_storage.go:708.16,710.3 1 0
KNIRVENGINE/desktop-client/agent/unified_agent_storage.go:712.2,713.33 2 0
KNIRVENGINE/desktop-client/agent/unified_agent_storage.go:713.33,715.72 2 0
KNIRVENGINE/desktop-client/agent/unified_agent_storage.go:715.72,716.12 1 0
KNIRVENGINE/desktop-client/agent/unified_agent_storage.go:718.3,718.34 1 0
KNIRVENGINE/desktop-client/agent/unified_agent_storage.go:721.2,721.20 1 0
KNIRVENGINE/desktop-client/agent/unified_agent_storage.go:725.84,731.44 3 0
KNIRVENGINE/desktop-client/agent/unified_agent_storage.go:731.44,739.17 2 0
KNIRVENGINE/desktop-client/agent/unified_agent_storage.go:739.17,741.9 1 0
KNIRVENGINE/desktop-client/agent/unified_agent_storage.go:744.3,747.27 2 0
KNIRVENGINE/desktop-client/agent/unified_agent_storage.go:747.27,748.9 1 0
KNIRVENGINE/desktop-client/agent/unified_agent_storage.go:753.2,754.36 2 0
KNIRVENGINE/desktop-client/agent/unified_agent_storage.go:754.36,755.42 1 0
KNIRVENGINE/desktop-client/agent/unified_agent_storage.go:755.42,757.4 1 0
KNIRVENGINE/desktop-client/agent/unified_agent_storage.go:761.2,762.41 2 0
KNIRVENGINE/desktop-client/agent/unified_agent_storage.go:762.41,764.72 2 0
KNIRVENGINE/desktop-client/agent/unified_agent_storage.go:764.72,765.12 1 0
KNIRVENGINE/desktop-client/agent/unified_agent_storage.go:767.3,767.34 1 0
KNIRVENGINE/desktop-client/agent/unified_agent_storage.go:770.2,770.20 1 0
KNIRVENGINE/desktop-client/agent/unified_agent_storage.go:774.58,786.16 3 0
KNIRVENGINE/desktop-client/agent/unified_agent_storage.go:786.16,789.3 1 0
KNIRVENGINE/desktop-client/agent/unified_agent_storage.go:792.2,792.23 1 0
KNIRVENGINE/desktop-client/agent/unified_agent_storage.go:792.23,794.3 1 0
KNIRVENGINE/desktop-client/agent/unified_agent_storage.go:797.2,797.43 1 0
KNIRVENGINE/desktop-client/agent/unified_agent_storage.go:797.43,805.17 2 0
KNIRVENGINE/desktop-client/agent/unified_agent_storage.go:805.17,807.9 1 0
KNIRVENGINE/desktop-client/agent/unified_agent_storage.go:810.3,813.27 2 0
KNIRVENGINE/desktop-client/agent/unified_agent_storage.go:813.27,814.9 1 0
KNIRVENGINE/desktop-client/agent/unified_agent_storage.go:818.2,818.26 1 0
KNIRVENGINE/desktop-client/services/knirvoracleService.go:111.74,113.18 2 1
KNIRVENGINE/desktop-client/services/knirvoracleService.go:113.18,115.3 1 0
KNIRVENGINE/desktop-client/services/knirvoracleService.go:117.2,123.3 1 1
KNIRVENGINE/desktop-client/services/knirvoracleService.go:127.130,129.17 2 1
KNIRVENGINE/desktop-client/services/knirvoracleService.go:129.17,131.17 2 1
KNIRVENGINE/desktop-client/services/knirvoracleService.go:131.17,133.4 1 0
KNIRVENGINE/desktop-client/services/knirvoracleService.go:134.3,134.38 1 1
KNIRVENGINE/desktop-client/services/knirvoracleService.go:137.2,139.16 3 1
KNIRVENGINE/desktop-client/services/knirvoracleService.go:139.16,141.3 1 0
KNIRVENGINE/desktop-client/services/knirvoracleService.go:143.2,145.20 3 1
KNIRVENGINE/desktop-client/services/knirvoracleService.go:145.20,147.3 1 0
KNIRVENGINE/desktop-client/services/knirvoracleService.go:149.2,150.16 2 1
KNIRVENGINE/desktop-client/services/knirvoracleService.go:150.16,152.3 1 1
KNIRVENGINE/desktop-client/services/knirvoracleService.go:154.2,154.18 1 0
KNIRVENGINE/desktop-client/services/knirvoracleService.go:158.111,160.16 2 1
KNIRVENGINE/desktop-client/services/knirvoracleService.go:160.16,162.3 1 1
KNIRVENGINE/desktop-client/services/knirvoracleService.go:163.2,166.67 3 0
KNIRVENGINE/desktop-client/services/knirvoracleService.go:166.67,168.3 1 0
KNIRVENGINE/desktop-client/services/knirvoracleService.go:170.2,170.38 1 0
KNIRVENGINE/desktop-client/services/knirvoracleService.go:170.38,172.3 1 0
KNIRVENGINE/desktop-client/services/knirvoracleService.go:174.2,174.21 1 0
KNIRVENGINE/desktop-client/services/knirvoracleService.go:178.146,180.16 2 0
KNIRVENGINE/desktop-client/services/knirvoracleService.go:180.16,182.3 1 0
KNIRVENGINE/desktop-client/services/knirvoracleService.go:183.2,186.67 3 0
KNIRVENGINE/desktop-client/services/knirvoracleService.go:186.67,188.3 1 0
KNIRVENGINE/desktop-client/services/knirvoracleService.go:190.2,190.38 1 0
KNIRVENGINE/desktop-client/services/knirvoracleService.go:190.38,192.3 1 0
KNIRVENGINE/desktop-client/services/knirvoracleService.go:194.2,194.21 1 0
KNIRVENGINE/desktop-client/services/knirvoracleService.go:198.109,200.16 2 0
KNIRVENGINE/desktop-client/services/knirvoracleService.go:200.16,202.3 1 0
KNIRVENGINE/desktop-client/services/knirvoracleService.go:203.2,206.67 3 0
KNIRVENGINE/desktop-client/services/knirvoracleService.go:206.67,208.3 1 0
KNIRVENGINE/desktop-client/services/knirvoracleService.go:210.2,210.38 1 0
KNIRVENGINE/desktop-client/services/knirvoracleService.go:210.38,212.3 1 0
KNIRVENGINE/desktop-client/services/knirvoracleService.go:214.2,214.21 1 0
KNIRVENGINE/desktop-client/services/knirvoracleService.go:218.116,221.16 3 0
KNIRVENGINE/desktop-client/services/knirvoracleService.go:221.16,223.3 1 0
KNIRVENGINE/desktop-client/services/knirvoracleService.go:224.2,227.67 3 0
KNIRVENGINE/desktop-client/services/knirvoracleService.go:227.67,229.3 1 0
KNIRVENGINE/desktop-client/services/knirvoracleService.go:231.2,231.38 1 0
KNIRVENGINE/desktop-client/services/knirvoracleService.go:231.38,233.3 1 0
KNIRVENGINE/desktop-client/services/knirvoracleService.go:235.2,235.21 1 0
KNIRVENGINE/desktop-client/services/knirvoracleService.go:239.121,241.16 2 0
KNIRVENGINE/desktop-client/services/knirvoracleService.go:241.16,243.3 1 0
KNIRVENGINE/desktop-client/services/knirvoracleService.go:244.2,247.67 3 0
KNIRVENGINE/desktop-client/services/knirvoracleService.go:247.67,249.3 1 0
KNIRVENGINE/desktop-client/services/knirvoracleService.go:251.2,251.38 1 0
KNIRVENGINE/desktop-client/services/knirvoracleService.go:251.38,253.3 1 0
KNIRVENGINE/desktop-client/services/knirvoracleService.go:255.2,255.21 1 0
KNIRVENGINE/desktop-client/services/knirvoracleService.go:259.122,262.16 3 0
KNIRVENGINE/desktop-client/services/knirvoracleService.go:262.16,264.3 1 0
KNIRVENGINE/desktop-client/services/knirvoracleService.go:265.2,273.67 3 0
KNIRVENGINE/desktop-client/services/knirvoracleService.go:273.67,275.3 1 0
KNIRVENGINE/desktop-client/services/knirvoracleService.go:277.2,277.38 1 0
KNIRVENGINE/desktop-client/services/knirvoracleService.go:277.38,279.3 1 0
KNIRVENGINE/desktop-client/services/knirvoracleService.go:281.2,281.33 1 0
KNIRVENGINE/desktop-client/services/knirvoracleService.go:285.155,294.16 3 0
KNIRVENGINE/desktop-client/services/knirvoracleService.go:294.16,296.3 1 0
KNIRVENGINE/desktop-client/services/knirvoracleService.go:297.2,300.67 3 0
KNIRVENGINE/desktop-client/services/knirvoracleService.go:300.67,302.3 1 0
KNIRVENGINE/desktop-client/services/knirvoracleService.go:304.2,304.38 1 0
KNIRVENGINE/desktop-client/services/knirvoracleService.go:304.38,306.3 1 0
KNIRVENGINE/desktop-client/services/knirvoracleService.go:308.2,308.20 1 0
KNIRVENGINE/desktop-client/services/knirvoracleService.go:312.101,314.16 2 0
KNIRVENGINE/desktop-client/services/knirvoracleService.go:314.16,316.3 1 0
KNIRVENGINE/desktop-client/services/knirvoracleService.go:317.2,320.67 3 0
KNIRVENGINE/desktop-client/services/knirvoracleService.go:320.67,322.3 1 0
KNIRVENGINE/desktop-client/services/knirvoracleService.go:324.2,324.20 1 0
KNIRVENGINE/desktop-client/services/knirvoracleService.go:328.69,330.16 2 0
KNIRVENGINE/desktop-client/services/knirvoracleService.go:330.16,332.3 1 0
KNIRVENGINE/desktop-client/services/knirvoracleService.go:333.2,335.38 2 0
KNIRVENGINE/desktop-client/services/knirvoracleService.go:335.38,337.3 1 0
KNIRVENGINE/desktop-client/services/knirvoracleService.go:339.2,339.12 1 0
KNIRVENGINE/desktop-client/cmd/migrate-agents/main.go:21.13,35.11 3 0
KNIRVENGINE/desktop-client/cmd/migrate-agents/main.go:35.11,38.3 2 0
KNIRVENGINE/desktop-client/cmd/migrate-agents/main.go:41.2,42.16 2 0
KNIRVENGINE/desktop-client/cmd/migrate-agents/main.go:42.16,44.3 1 0
KNIRVENGINE/desktop-client/cmd/migrate-agents/main.go:47.2,47.25 1 0
KNIRVENGINE/desktop-client/cmd/migrate-agents/main.go:47.25,49.3 1 0
KNIRVENGINE/desktop-client/cmd/migrate-agents/main.go:50.2,50.26 1 0
KNIRVENGINE/desktop-client/cmd/migrate-agents/main.go:50.26,52.3 1 0
KNIRVENGINE/desktop-client/cmd/migrate-agents/main.go:53.2,53.23 1 0
KNIRVENGINE/desktop-client/cmd/migrate-agents/main.go:53.23,55.3 1 0
KNIRVENGINE/desktop-client/cmd/migrate-agents/main.go:56.2,56.23 1 0
KNIRVENGINE/desktop-client/cmd/migrate-agents/main.go:56.23,58.3 1 0
KNIRVENGINE/desktop-client/cmd/migrate-agents/main.go:61.2,61.49 1 0
KNIRVENGINE/desktop-client/cmd/migrate-agents/main.go:61.49,63.3 1 0
KNIRVENGINE/desktop-client/cmd/migrate-agents/main.go:66.2,66.58 1 0
KNIRVENGINE/desktop-client/cmd/migrate-agents/main.go:66.58,68.3 1 0
KNIRVENGINE/desktop-client/cmd/migrate-agents/main.go:71.2,71.62 1 0
KNIRVENGINE/desktop-client/cmd/migrate-agents/main.go:71.62,73.3 1 0
KNIRVENGINE/desktop-client/cmd/migrate-agents/main.go:76.2,76.87 1 0
KNIRVENGINE/desktop-client/cmd/migrate-agents/main.go:76.87,77.48 1 0
KNIRVENGINE/desktop-client/cmd/migrate-agents/main.go:77.48,79.4 1 0
KNIRVENGINE/desktop-client/cmd/migrate-agents/main.go:82.2,91.16 8 0
KNIRVENGINE/desktop-client/cmd/migrate-agents/main.go:91.16,93.3 1 0
KNIRVENGINE/desktop-client/cmd/migrate-agents/main.go:95.2,97.19 2 0
KNIRVENGINE/desktop-client/cmd/migrate-agents/main.go:97.19,98.58 1 0
KNIRVENGINE/desktop-client/cmd/migrate-agents/main.go:98.58,100.4 1 0
KNIRVENGINE/desktop-client/cmd/migrate-agents/main.go:101.3,102.9 2 0
KNIRVENGINE/desktop-client/cmd/migrate-agents/main.go:105.2,105.13 1 0
KNIRVENGINE/desktop-client/cmd/migrate-agents/main.go:105.13,106.54 1 0
KNIRVENGINE/desktop-client/cmd/migrate-agents/main.go:106.54,108.4 1 0
KNIRVENGINE/desktop-client/cmd/migrate-agents/main.go:109.3,109.9 1 0
KNIRVENGINE/desktop-client/cmd/migrate-agents/main.go:113.2,114.16 2 0
KNIRVENGINE/desktop-client/cmd/migrate-agents/main.go:114.16,116.3 1 0
KNIRVENGINE/desktop-client/cmd/migrate-agents/main.go:119.2,122.64 2 0
KNIRVENGINE/desktop-client/cmd/migrate-agents/main.go:122.64,124.3 1 0
KNIRVENGINE/desktop-client/cmd/migrate-agents/main.go:124.8,126.3 1 0
KNIRVENGINE/desktop-client/cmd/migrate-agents/main.go:129.2,131.29 2 0
KNIRVENGINE/desktop-client/cmd/migrate-agents/main.go:131.29,134.3 2 0
KNIRVENGINE/desktop-client/cmd/migrate-agents/main.go:136.2,136.50 1 0
KNIRVENGINE/desktop-client/cmd/migrate-agents/main.go:139.17,170.2 30 0
KNIRVENGINE/desktop-client/cmd/migrate-agents/main.go:172.92,181.2 4 0
KNIRVENGINE/desktop-client/cmd/migrate-agents/main.go:183.96,191.2 3 0
KNIRVENGINE/desktop-client/cmd/migrate-agents/main.go:193.99,195.16 2 0
KNIRVENGINE/desktop-client/cmd/migrate-agents/main.go:195.16,197.3 1 0
KNIRVENGINE/desktop-client/cmd/migrate-agents/main.go:199.2,199.59 1 0
KNIRVENGINE/desktop-client/cmd/migrate-agents/main.go:199.59,201.3 1 0
KNIRVENGINE/desktop-client/cmd/migrate-agents/main.go:203.2,203.12 1 0
KNIRVENGINE/desktop-client/cmd/migrate-agents/main.go:206.78,218.28 11 0
KNIRVENGINE/desktop-client/cmd/migrate-agents/main.go:218.28,220.37 2 0
KNIRVENGINE/desktop-client/cmd/migrate-agents/main.go:220.37,222.4 1 0
KNIRVENGINE/desktop-client/cmd/migrate-agents/main.go:223.3,223.16 1 0
KNIRVENGINE/desktop-client/cmd/migrate-agents/main.go:226.2,226.34 1 0
KNIRVENGINE/desktop-client/cmd/migrate-agents/main.go:226.34,228.46 2 0
KNIRVENGINE/desktop-client/cmd/migrate-agents/main.go:228.46,231.4 1 0
KNIRVENGINE/desktop-client/api/handlers/error_inference.go:43.82,45.2 1 0
KNIRVENGINE/desktop-client/api/handlers/error_inference.go:48.84,49.28 1 0
KNIRVENGINE/desktop-client/api/handlers/error_inference.go:49.28,51.3 1 0
KNIRVENGINE/desktop-client/api/handlers/error_inference.go:53.2,53.98 1 0
KNIRVENGINE/desktop-client/api/handlers/error_inference.go:80.115,83.16 2 0
KNIRVENGINE/desktop-client/api/handlers/error_inference.go:83.16,85.3 1 0
KNIRVENGINE/desktop-client/api/handlers/error_inference.go:87.2,90.8 1 0
KNIRVENGINE/desktop-client/api/handlers/error_inference.go:94.62,96.47 2 0
KNIRVENGINE/desktop-client/api/handlers/error_inference.go:96.47,99.3 2 0
KNIRVENGINE/desktop-client/api/handlers/error_inference.go:102.2,108.24 5 0
KNIRVENGINE/desktop-client/api/handlers/error_inference.go:108.24,110.3 1 0
KNIRVENGINE/desktop-client/api/handlers/error_inference.go:113.2,114.16 2 0
KNIRVENGINE/desktop-client/api/handlers/error_inference.go:114.16,118.3 2 0
KNIRVENGINE/desktop-client/api/handlers/error_inference.go:121.2,125.16 3 0
KNIRVENGINE/desktop-client/api/handlers/error_inference.go:125.16,129.3 3 0
KNIRVENGINE/desktop-client/api/handlers/error_inference.go:132.2,133.16 2 0
KNIRVENGINE/desktop-client/api/handlers/error_inference.go:133.16,137.3 3 0
KNIRVENGINE/desktop-client/api/handlers/error_inference.go:139.2,139.42 1 0
KNIRVENGINE/desktop-client/api/handlers/error_inference.go:143.135,151.22 4 0
KNIRVENGINE/desktop-client/api/handlers/error_inference.go:151.22,154.34 2 0
KNIRVENGINE/desktop-client/api/handlers/error_inference.go:154.34,158.50 4 0
KNIRVENGINE/desktop-client/api/handlers/error_inference.go:158.50,160.5 1 0
KNIRVENGINE/desktop-client/api/handlers/error_inference.go:161.4,165.74 3 0
KNIRVENGINE/desktop-client/api/handlers/error_inference.go:165.74,168.5 2 0
KNIRVENGINE/desktop-client/api/handlers/error_inference.go:170.4,170.26 1 0
KNIRVENGINE/desktop-client/api/handlers/error_inference.go:175.2,179.20 2 0
KNIRVENGINE/desktop-client/api/handlers/error_inference.go:183.71,187.72 2 0
KNIRVENGINE/desktop-client/api/handlers/error_inference.go:187.72,191.62 3 0
KNIRVENGINE/desktop-client/api/handlers/error_inference.go:191.62,194.18 3 0
KNIRVENGINE/desktop-client/api/handlers/error_inference.go:194.18,196.5 1 0
KNIRVENGINE/desktop-client/api/handlers/error_inference.go:202.2,212.20 8 0
KNIRVENGINE/desktop-client/api/handlers/error_inference.go:216.81,222.29 4 0
KNIRVENGINE/desktop-client/api/handlers/error_inference.go:222.29,226.36 3 0
KNIRVENGINE/desktop-client/api/handlers/error_inference.go:226.36,227.62 1 0
KNIRVENGINE/desktop-client/api/handlers/error_inference.go:227.62,229.10 2 0
KNIRVENGINE/desktop-client/api/handlers/error_inference.go:233.3,233.35 1 0
KNIRVENGINE/desktop-client/api/handlers/error_inference.go:233.35,236.51 2 0
KNIRVENGINE/desktop-client/api/handlers/error_inference.go:236.51,237.23 1 0
KNIRVENGINE/desktop-client/api/handlers/error_inference.go:237.23,238.11 1 0
KNIRVENGINE/desktop-client/api/handlers/error_inference.go:240.5,240.25 1 0
KNIRVENGINE/desktop-client/api/handlers/error_inference.go:240.25,242.6 1 0
KNIRVENGINE/desktop-client/api/handlers/error_inference.go:243.5,243.33 1 0
KNIRVENGINE/desktop-client/api/handlers/error_inference.go:245.4,245.24 1 0
KNIRVENGINE/desktop-client/api/handlers/error_inference.go:245.24,247.5 1 0
KNIRVENGINE/desktop-client/api/handlers/error_inference.go:248.4,248.19 1 0
KNIRVENGINE/desktop-client/api/handlers/error_inference.go:253.2,253.35 1 0
KNIRVENGINE/desktop-client/api/handlers/error_inference.go:253.35,255.16 2 0
KNIRVENGINE/desktop-client/api/handlers/error_inference.go:255.16,258.69 2 0
KNIRVENGINE/desktop-client/api/handlers/error_inference.go:258.69,260.5 1 0
KNIRVENGINE/desktop-client/api/handlers/error_inference.go:261.4,262.71 2 0
KNIRVENGINE/desktop-client/api/handlers/error_inference.go:262.71,264.5 1 0
KNIRVENGINE/desktop-client/api/handlers/error_inference.go:265.4,265.23 1 0
KNIRVENGINE/desktop-client/api/handlers/error_inference.go:265.23,267.5 1 0
KNIRVENGINE/desktop-client/api/handlers/error_inference.go:268.4,268.45 1 0
KNIRVENGINE/desktop-client/api/handlers/error_inference.go:272.2,272.24 1 0
KNIRVENGINE/desktop-client/api/handlers/error_inference.go:275.60,282.29 4 0
KNIRVENGINE/desktop-client/api/handlers/error_inference.go:282.29,286.14 2 0
KNIRVENGINE/desktop-client/api/handlers/error_inference.go:286.14,289.37 3 0
KNIRVENGINE/desktop-client/api/handlers/error_inference.go:289.37,290.63 1 0
KNIRVENGINE/desktop-client/api/handlers/error_inference.go:290.63,292.11 2 0
KNIRVENGINE/desktop-client/api/handlers/error_inference.go:295.4,295.16 1 0
KNIRVENGINE/desktop-client/api/handlers/error_inference.go:295.16,297.13 2 0
KNIRVENGINE/desktop-client/api/handlers/error_inference.go:302.3,302.13 1 0
KNIRVENGINE/desktop-client/api/handlers/error_inference.go:302.13,304.46 1 0
KNIRVENGINE/desktop-client/api/handlers/error_inference.go:304.46,307.23 2 0
KNIRVENGINE/desktop-client/api/handlers/error_inference.go:307.23,309.6 1 0
KNIRVENGINE/desktop-client/api/handlers/error_inference.go:310.10,310.83 1 0
KNIRVENGINE/desktop-client/api/handlers/error_inference.go:310.83,313.5 1 0
KNIRVENGINE/desktop-client/api/handlers/error_inference.go:313.10,313.28 1 0
KNIRVENGINE/desktop-client/api/handlers/error_inference.go:313.28,316.5 1 0
KNIRVENGINE/desktop-client/api/handlers/error_inference.go:316.10,316.30 1 0
KNIRVENGINE/desktop-client/api/handlers/error_inference.go:316.30,320.5 1 0
KNIRVENGINE/desktop-client/api/handlers/error_inference.go:325.2,325.22 1 0
KNIRVENGINE/desktop-client/api/handlers/error_inference.go:325.22,326.36 1 0
KNIRVENGINE/desktop-client/api/handlers/error_inference.go:326.36,328.17 2 0
KNIRVENGINE/desktop-client/api/handlers/error_inference.go:328.17,331.70 2 0
KNIRVENGINE/desktop-client/api/handlers/error_inference.go:331.70,333.6 1 0
KNIRVENGINE/desktop-client/api/handlers/error_inference.go:334.5,335.72 2 0
KNIRVENGINE/desktop-client/api/handlers/error_inference.go:335.72,337.6 1 0
KNIRVENGINE/desktop-client/api/handlers/error_inference.go:338.5,338.24 1 0
KNIRVENGINE/desktop-client/api/handlers/error_inference.go:338.24,340.6 1 0
KNIRVENGINE/desktop-client/api/handlers/error_inference.go:341.5,341.64 1 0
KNIRVENGINE/desktop-client/api/handlers/error_inference.go:347.2,347.22 1 0
KNIRVENGINE/desktop-client/api/handlers/error_inference.go:347.22,349.3 1 0
KNIRVENGINE/desktop-client/api/handlers/error_inference.go:351.2,351.15 1 0
KNIRVENGINE/desktop-client/api/handlers/error_inference.go:354.45,358.77 2 0
KNIRVENGINE/desktop-client/api/handlers/error_inference.go:358.77,359.55 1 0
KNIRVENGINE/desktop-client/api/handlers/error_inference.go:359.55,361.4 1 0
KNIRVENGINE/desktop-client/api/handlers/error_inference.go:365.2,365.77 1 0
KNIRVENGINE/desktop-client/api/handlers/error_inference.go:365.77,366.65 1 0
KNIRVENGINE/desktop-client/api/handlers/error_inference.go:366.65,368.4 1 0
KNIRVENGINE/desktop-client/api/handlers/error_inference.go:372.2,372.52 1 0
KNIRVENGINE/desktop-client/api/handlers/error_inference.go:372.52,374.3 1 0
KNIRVENGINE/desktop-client/api/handlers/error_inference.go:374.8,374.61 1 0
KNIRVENGINE/desktop-client/api/handlers/error_inference.go:374.61,376.3 1 0
KNIRVENGINE/desktop-client/api/handlers/error_inference.go:376.8,376.58 1 0
KNIRVENGINE/desktop-client/api/handlers/error_inference.go:376.58,378.3 1 0
KNIRVENGINE/desktop-client/api/handlers/error_inference.go:380.2,380.12 1 0
KNIRVENGINE/desktop-client/api/handlers/error_inference.go:383.42,404.78 3 0
KNIRVENGINE/desktop-client/api/handlers/error_inference.go:404.78,406.3 1 0
KNIRVENGINE/desktop-client/api/handlers/error_inference.go:409.2,409.44 1 0
KNIRVENGINE/desktop-client/api/handlers/error_inference.go:409.44,410.43 1 0
KNIRVENGINE/desktop-client/api/handlers/error_inference.go:410.43,412.4 1 0
KNIRVENGINE/desktop-client/api/handlers/error_inference.go:415.2,415.18 1 0
KNIRVENGINE/desktop-client/api/handlers/error_inference.go:419.80,420.27 1 0
KNIRVENGINE/desktop-client/api/handlers/error_inference.go:420.27,421.37 1 0
KNIRVENGINE/desktop-client/api/handlers/error_inference.go:421.37,423.4 1 0
KNIRVENGINE/desktop-client/api/handlers/error_inference.go:425.2,425.21 1 0
KNIRVENGINE/desktop-client/cmd/build-test-wasm/main.go:12.13,24.16 7 0
KNIRVENGINE/desktop-client/cmd/build-test-wasm/main.go:24.16,26.3 1 0
KNIRVENGINE/desktop-client/cmd/build-test-wasm/main.go:27.2,45.16 4 0
KNIRVENGINE/desktop-client/cmd/build-test-wasm/main.go:45.16,47.3 1 0
KNIRVENGINE/desktop-client/cmd/build-test-wasm/main.go:49.2,53.45 3 0
KNIRVENGINE/desktop-client/cmd/build-test-wasm/main.go:53.45,55.3 1 0
KNIRVENGINE/desktop-client/cmd/build-test-wasm/main.go:55.8,57.3 1 0
KNIRVENGINE/desktop-client/api/utils/troubleshooting_store.go:52.78,54.31 1 0
KNIRVENGINE/desktop-client/api/utils/troubleshooting_store.go:54.31,56.17 2 0
KNIRVENGINE/desktop-client/api/utils/troubleshooting_store.go:56.17,58.4 1 0
KNIRVENGINE/desktop-client/api/utils/troubleshooting_store.go:59.3,59.42 1 0
KNIRVENGINE/desktop-client/api/utils/troubleshooting_store.go:63.2,64.16 2 0
KNIRVENGINE/desktop-client/api/utils/troubleshooting_store.go:64.16,66.3 1 0
KNIRVENGINE/desktop-client/api/utils/troubleshooting_store.go:69.2,70.53 2 0
KNIRVENGINE/desktop-client/api/utils/troubleshooting_store.go:70.53,72.3 1 0
KNIRVENGINE/desktop-client/api/utils/troubleshooting_store.go:75.2,75.92 1 0
KNIRVENGINE/desktop-client/api/utils/troubleshooting_store.go:75.92,77.3 1 0
KNIRVENGINE/desktop-client/api/utils/troubleshooting_store.go:79.2,81.8 1 0
KNIRVENGINE/desktop-client/api/utils/troubleshooting_store.go:85.91,86.21 1 0
KNIRVENGINE/desktop-client/api/utils/troubleshooting_store.go:86.21,88.3 1 0
KNIRVENGINE/desktop-client/api/utils/troubleshooting_store.go:91.2,92.48 2 0
KNIRVENGINE/desktop-client/api/utils/troubleshooting_store.go:92.48,94.3 1 0
KNIRVENGINE/desktop-client/api/utils/troubleshooting_store.go:97.2,98.33 2 0
KNIRVENGINE/desktop-client/api/utils/troubleshooting_store.go:98.33,104.3 1 0
KNIRVENGINE/desktop-client/api/utils/troubleshooting_store.go:107.2,107.42 1 0
KNIRVENGINE/desktop-client/api/utils/troubleshooting_store.go:107.42,109.3 1 0
KNIRVENGINE/desktop-client/api/utils/troubleshooting_store.go:112.2,112.37 1 0
KNIRVENGINE/desktop-client/api/utils/troubleshooting_store.go:112.37,114.3 1 0
KNIRVENGINE/desktop-client/api/utils/troubleshooting_store.go:116.2,116.21 1 0
KNIRVENGINE/desktop-client/api/utils/troubleshooting_store.go:120.122,121.21 1 0
KNIRVENGINE/desktop-client/api/utils/troubleshooting_store.go:121.21,123.3 1 0
KNIRVENGINE/desktop-client/api/utils/troubleshooting_store.go:126.2,128.40 2 0
KNIRVENGINE/desktop-client/api/utils/troubleshooting_store.go:128.40,132.52 2 0
KNIRVENGINE/desktop-client/api/utils/troubleshooting_store.go:132.52,134.4 1 0
KNIRVENGINE/desktop-client/api/utils/troubleshooting_store.go:137.3,137.49 1 0
KNIRVENGINE/desktop-client/api/utils/troubleshooting_store.go:137.49,139.4 1 0
KNIRVENGINE/desktop-client/api/utils/troubleshooting_store.go:142.3,142.36 1 0
KNIRVENGINE/desktop-client/api/utils/troubleshooting_store.go:142.36,143.48 1 0
KNIRVENGINE/desktop-client/api/utils/troubleshooting_store.go:143.48,144.50 1 0
KNIRVENGINE/desktop-client/api/utils/troubleshooting_store.go:144.50,146.6 1 0
KNIRVENGINE/desktop-client/api/utils/troubleshooting_store.go:151.3,151.16 1 0
KNIRVENGINE/desktop-client/api/utils/troubleshooting_store.go:151.16,157.4 1 0
KNIRVENGINE/desktop-client/api/utils/troubleshooting_store.go:161.2,161.42 1 0
KNIRVENGINE/desktop-client/api/utils/troubleshooting_store.go:161.42,163.3 1 0
KNIRVENGINE/desktop-client/api/utils/troubleshooting_store.go:166.2,166.37 1 0
KNIRVENGINE/desktop-client/api/utils/troubleshooting_store.go:166.37,168.3 1 0
KNIRVENGINE/desktop-client/api/utils/troubleshooting_store.go:170.2,170.21 1 0
KNIRVENGINE/desktop-client/api/utils/troubleshooting_store.go:174.61,175.21 1 0
KNIRVENGINE/desktop-client/api/utils/troubleshooting_store.go:175.21,177.3 1 0
KNIRVENGINE/desktop-client/api/utils/troubleshooting_store.go:180.2,181.40 2 0
KNIRVENGINE/desktop-client/api/utils/troubleshooting_store.go:181.40,183.3 1 0
KNIRVENGINE/desktop-client/api/utils/troubleshooting_store.go:186.2,187.35 2 0
KNIRVENGINE/desktop-client/api/utils/troubleshooting_store.go:187.35,189.3 1 0
KNIRVENGINE/desktop-client/api/utils/troubleshooting_store.go:191.2,192.15 2 0
KNIRVENGINE/desktop-client/api/utils/troubleshooting_store.go:196.93,197.21 1 0
KNIRVENGINE/desktop-client/api/utils/troubleshooting_store.go:197.21,199.3 1 0
KNIRVENGINE/desktop-client/api/utils/troubleshooting_store.go:201.2,202.40 2 0
KNIRVENGINE/desktop-client/api/utils/troubleshooting_store.go:202.40,203.33 1 0
KNIRVENGINE/desktop-client/api/utils/troubleshooting_store.go:203.33,205.4 1 0
KNIRVENGINE/desktop-client/api/utils/troubleshooting_store.go:208.2,208.15 1 0
KNIRVENGINE/desktop-client/api/utils/troubleshooting_store.go:212.47,213.22 1 0
KNIRVENGINE/desktop-client/api/utils/troubleshooting_store.go:213.22,215.3 1 0
KNIRVENGINE/desktop-client/api/utils/troubleshooting_store.go:217.2,218.19 2 0
KNIRVENGINE/desktop-client/api/utils/troubleshooting_store.go:218.19,222.3 3 0
KNIRVENGINE/desktop-client/api/utils/troubleshooting_store.go:224.2,227.30 3 0
KNIRVENGINE/desktop-client/api/utils/troubleshooting_store.go:227.30,229.3 1 0
KNIRVENGINE/desktop-client/api/utils/troubleshooting_store.go:231.2,231.37 1 0
KNIRVENGINE/desktop-client/api/utils/troubleshooting_store.go:235.48,238.2 2 0
KNIRVENGINE/desktop-client/api/agent_service.go:45.60,49.2 1 0
KNIRVENGINE/desktop-client/api/agent_service.go:51.106,53.33 2 0
KNIRVENGINE/desktop-client/api/agent_service.go:53.33,54.31 1 0
KNIRVENGINE/desktop-client/api/agent_service.go:54.31,56.4 1 0
KNIRVENGINE/desktop-client/api/agent_service.go:58.2,58.20 1 0
KNIRVENGINE/desktop-client/api/agent_service.go:61.96,62.43 1 0
KNIRVENGINE/desktop-client/api/agent_service.go:62.43,64.3 1 0
KNIRVENGINE/desktop-client/api/agent_service.go:65.2,65.43 1 0
KNIRVENGINE/desktop-client/api/agent_service.go:68.88,71.2 2 0
KNIRVENGINE/desktop-client/api/agent_service.go:73.88,74.46 1 0
KNIRVENGINE/desktop-client/api/agent_service.go:74.46,76.3 1 0
KNIRVENGINE/desktop-client/api/agent_service.go:77.2,78.12 2 0
KNIRVENGINE/desktop-client/api/agent_service.go:81.85,82.40 1 0
KNIRVENGINE/desktop-client/api/agent_service.go:82.40,84.3 1 0
KNIRVENGINE/desktop-client/api/agent_service.go:85.2,86.12 2 0
KNIRVENGINE/desktop-client/api/agent_service.go:90.58,94.2 1 0
KNIRVENGINE/desktop-client/api/agent_service.go:97.61,109.2 9 0
KNIRVENGINE/desktop-client/api/agent_service.go:112.81,114.27 1 0
KNIRVENGINE/desktop-client/api/agent_service.go:114.27,120.3 5 0
KNIRVENGINE/desktop-client/api/agent_service.go:123.2,128.9 4 0
KNIRVENGINE/desktop-client/api/agent_service.go:128.9,131.3 2 0
KNIRVENGINE/desktop-client/api/agent_service.go:134.2,135.16 2 0
KNIRVENGINE/desktop-client/api/agent_service.go:135.16,138.3 2 0
KNIRVENGINE/desktop-client/api/agent_service.go:140.2,142.4 1 0
KNIRVENGINE/desktop-client/api/agent_service.go:146.79,148.27 1 0
KNIRVENGINE/desktop-client/api/agent_service.go:148.27,154.3 5 0
KNIRVENGINE/desktop-client/api/agent_service.go:157.2,162.9 4 0
KNIRVENGINE/desktop-client/api/agent_service.go:162.9,165.3 2 0
KNIRVENGINE/desktop-client/api/agent_service.go:168.2,173.16 4 0
KNIRVENGINE/desktop-client/api/agent_service.go:173.16,176.3 2 0
KNIRVENGINE/desktop-client/api/agent_service.go:179.2,179.29 1 0
KNIRVENGINE/desktop-client/api/agent_service.go:179.29,182.3 2 0
KNIRVENGINE/desktop-client/api/agent_service.go:184.2,186.4 1 0
KNIRVENGINE/desktop-client/api/agent_service.go:190.82,192.27 1 0
KNIRVENGINE/desktop-client/api/agent_service.go:192.27,198.3 5 0
KNIRVENGINE/desktop-client/api/agent_service.go:201.2,206.9 4 0
KNIRVENGINE/desktop-client/api/agent_service.go:206.9,209.3 2 0
KNIRVENGINE/desktop-client/api/agent_service.go:212.2,213.49 2 0
KNIRVENGINE/desktop-client/api/agent_service.go:213.49,216.3 2 0
KNIRVENGINE/desktop-client/api/agent_service.go:219.2,224.70 4 0
KNIRVENGINE/desktop-client/api/agent_service.go:224.70,227.3 2 0
KNIRVENGINE/desktop-client/api/agent_service.go:229.2,231.4 1 0
KNIRVENGINE/desktop-client/api/agent_service.go:235.82,237.27 1 0
KNIRVENGINE/desktop-client/api/agent_service.go:237.27,243.3 5 0
KNIRVENGINE/desktop-client/api/agent_service.go:246.2,251.9 4 0
KNIRVENGINE/desktop-client/api/agent_service.go:251.9,254.3 2 0
KNIRVENGINE/desktop-client/api/agent_service.go:257.2,262.16 4 0
KNIRVENGINE/desktop-client/api/agent_service.go:262.16,265.3 2 0
KNIRVENGINE/desktop-client/api/agent_service.go:268.2,268.37 1 0
KNIRVENGINE/desktop-client/api/agent_service.go:268.37,271.3 2 0
KNIRVENGINE/desktop-client/api/agent_service.go:274.2,275.49 2 0
KNIRVENGINE/desktop-client/api/agent_service.go:275.49,278.3 2 0
KNIRVENGINE/desktop-client/api/agent_service.go:281.2,286.70 4 0
KNIRVENGINE/desktop-client/api/agent_service.go:286.70,289.3 2 0
KNIRVENGINE/desktop-client/api/agent_service.go:291.2,293.4 1 0
KNIRVENGINE/desktop-client/api/agent_service.go:297.82,299.27 1 0
KNIRVENGINE/desktop-client/api/agent_service.go:299.27,305.3 5 0
KNIRVENGINE/desktop-client/api/agent_service.go:308.2,313.9 4 0
KNIRVENGINE/desktop-client/api/agent_service.go:313.9,316.3 2 0
KNIRVENGINE/desktop-client/api/agent_service.go:319.2,324.16 4 0
KNIRVENGINE/desktop-client/api/agent_service.go:324.16,327.3 2 0
KNIRVENGINE/desktop-client/api/agent_service.go:330.2,330.37 1 0
KNIRVENGINE/desktop-client/api/agent_service.go:330.37,333.3 2 0
KNIRVENGINE/desktop-client/api/agent_service.go:336.2,336.71 1 0
KNIRVENGINE/desktop-client/api/agent_service.go:336.71,339.3 2 0
KNIRVENGINE/desktop-client/api/agent_service.go:341.2,343.4 1 0
KNIRVENGINE/desktop-client/api/agent_service.go:347.85,349.27 1 0
KNIRVENGINE/desktop-client/api/agent_service.go:349.27,355.3 5 0
KNIRVENGINE/desktop-client/api/agent_service.go:358.2,363.9 4 0
KNIRVENGINE/desktop-client/api/agent_service.go:363.9,366.3 2 0
KNIRVENGINE/desktop-client/api/agent_service.go:369.2,370.16 2 0
KNIRVENGINE/desktop-client/api/agent_service.go:370.16,373.3 2 0
KNIRVENGINE/desktop-client/api/agent_service.go:376.2,392.31 2 0
KNIRVENGINE/desktop-client/api/agent_service.go:392.31,396.71 3 0
KNIRVENGINE/desktop-client/api/agent_service.go:396.71,397.62 1 0
KNIRVENGINE/desktop-client/api/agent_service.go:397.62,398.30 1 0
KNIRVENGINE/desktop-client/api/agent_service.go:398.30,400.6 1 0
KNIRVENGINE/desktop-client/api/agent_service.go:404.3,414.4 1 0
KNIRVENGINE/desktop-client/api/agent_service.go:417.2,417.54 1 0
KNIRVENGINE/desktop-client/api/agent_service.go:421.83,423.27 1 0
KNIRVENGINE/desktop-client/api/agent_service.go:423.27,429.3 5 0
KNIRVENGINE/desktop-client/api/agent_service.go:432.2,437.9 4 0
KNIRVENGINE/desktop-client/api/agent_service.go:437.9,440.3 2 0
KNIRVENGINE/desktop-client/api/agent_service.go:443.2,450.65 2 0
KNIRVENGINE/desktop-client/api/agent_service.go:450.65,453.3 2 0
KNIRVENGINE/desktop-client/api/agent_service.go:456.2,457.44 2 0
KNIRVENGINE/desktop-client/api/agent_service.go:457.44,460.3 2 0
KNIRVENGINE/desktop-client/api/agent_service.go:462.2,463.46 2 0
KNIRVENGINE/desktop-client/api/agent_service.go:463.46,466.3 2 0
KNIRVENGINE/desktop-client/api/agent_service.go:470.2,474.4 1 0
KNIRVENGINE/desktop-client/api/agent_service.go:478.78,480.27 1 0
KNIRVENGINE/desktop-client/api/agent_service.go:480.27,486.3 5 0
KNIRVENGINE/desktop-client/api/agent_service.go:489.2,494.9 4 0
KNIRVENGINE/desktop-client/api/agent_service.go:494.9,497.3 2 0
KNIRVENGINE/desktop-client/api/agent_service.go:500.2,512.4 3 0
KNIRVENGINE/desktop-client/api/agent_service.go:516.88,518.27 1 0
KNIRVENGINE/desktop-client/api/agent_service.go:518.27,524.3 5 0
KNIRVENGINE/desktop-client/api/agent_service.go:527.2,532.9 4 0
KNIRVENGINE/desktop-client/api/agent_service.go:532.9,535.3 2 0
KNIRVENGINE/desktop-client/api/agent_service.go:538.2,543.75 2 0
KNIRVENGINE/desktop-client/api/agent_service.go:543.75,546.3 2 0
KNIRVENGINE/desktop-client/api/agent_service.go:549.2,550.43 2 0
KNIRVENGINE/desktop-client/api/agent_service.go:550.43,553.3 2 0
KNIRVENGINE/desktop-client/api/agent_service.go:556.2,557.70 2 0
KNIRVENGINE/desktop-client/api/agent_service.go:557.70,560.3 2 0
KNIRVENGINE/desktop-client/api/agent_service.go:562.2,564.16 3 0
KNIRVENGINE/desktop-client/api/agent_service.go:564.16,567.3 2 0
KNIRVENGINE/desktop-client/api/agent_service.go:569.2,570.69 2 0
KNIRVENGINE/desktop-client/api/agent_service.go:570.69,573.3 2 0
KNIRVENGINE/desktop-client/api/agent_service.go:575.2,579.4 1 0
KNIRVENGINE/desktop-client/api/agent_terminal_handler.go:20.86,25.2 1 1
KNIRVENGINE/desktop-client/api/agent_terminal_handler.go:28.80,30.2 1 0
KNIRVENGINE/desktop-client/api/agent_terminal_handler.go:33.82,36.2 2 0
KNIRVENGINE/desktop-client/api/agent_terminal_handler.go:77.67,84.2 5 1
KNIRVENGINE/desktop-client/api/agent_terminal_handler.go:87.55,88.24 1 0
KNIRVENGINE/desktop-client/api/agent_terminal_handler.go:88.24,89.35 1 0
KNIRVENGINE/desktop-client/api/agent_terminal_handler.go:89.35,91.4 1 0
KNIRVENGINE/desktop-client/api/agent_terminal_handler.go:93.2,93.14 1 0
KNIRVENGINE/desktop-client/api/agent_terminal_handler.go:97.93,99.61 2 0
KNIRVENGINE/desktop-client/api/agent_terminal_handler.go:99.61,102.3 2 0
KNIRVENGINE/desktop-client/api/agent_terminal_handler.go:105.2,105.25 1 0
KNIRVENGINE/desktop-client/api/agent_terminal_handler.go:105.25,108.3 2 0
KNIRVENGINE/desktop-client/api/agent_terminal_handler.go:111.2,112.23 2 0
KNIRVENGINE/desktop-client/api/agent_terminal_handler.go:112.23,114.9 2 0
KNIRVENGINE/desktop-client/api/agent_terminal_handler.go:114.9,119.4 3 0
KNIRVENGINE/desktop-client/api/agent_terminal_handler.go:123.2,123.41 1 0
KNIRVENGINE/desktop-client/api/agent_terminal_handler.go:123.41,125.3 1 0
KNIRVENGINE/desktop-client/api/agent_terminal_handler.go:128.2,129.16 2 0
KNIRVENGINE/desktop-client/api/agent_terminal_handler.go:129.16,132.3 2 0
KNIRVENGINE/desktop-client/api/agent_terminal_handler.go:135.2,135.40 1 0
KNIRVENGINE/desktop-client/api/agent_terminal_handler.go:135.40,138.3 2 0
KNIRVENGINE/desktop-client/api/agent_terminal_handler.go:141.2,141.34 1 0
KNIRVENGINE/desktop-client/api/agent_terminal_handler.go:141.35,143.3 0 0
KNIRVENGINE/desktop-client/api/agent_terminal_handler.go:146.2,152.37 3 0
KNIRVENGINE/desktop-client/api/agent_terminal_handler.go:156.93,158.61 2 0
KNIRVENGINE/desktop-client/api/agent_terminal_handler.go:158.61,161.3 2 0
KNIRVENGINE/desktop-client/api/agent_terminal_handler.go:164.2,164.49 1 0
KNIRVENGINE/desktop-client/api/agent_terminal_handler.go:164.49,167.3 2 0
KNIRVENGINE/desktop-client/api/agent_terminal_handler.go:170.2,171.16 2 0
KNIRVENGINE/desktop-client/api/agent_terminal_handler.go:171.16,174.3 2 0
KNIRVENGINE/desktop-client/api/agent_terminal_handler.go:178.2,181.61 3 0
KNIRVENGINE/desktop-client/api/agent_terminal_handler.go:185.92,187.61 2 0
KNIRVENGINE/desktop-client/api/agent_terminal_handler.go:187.61,190.3 2 0
KNIRVENGINE/desktop-client/api/agent_terminal_handler.go:193.2,193.49 1 0
KNIRVENGINE/desktop-client/api/agent_terminal_handler.go:193.49,196.3 2 0
KNIRVENGINE/desktop-client/api/agent_terminal_handler.go:199.2,199.71 1 0
KNIRVENGINE/desktop-client/api/agent_terminal_handler.go:199.71,202.3 2 0
KNIRVENGINE/desktop-client/api/agent_terminal_handler.go:204.2,205.61 2 0
KNIRVENGINE/desktop-client/api/agent_terminal_handler.go:209.86,214.41 3 0
KNIRVENGINE/desktop-client/api/agent_terminal_handler.go:214.41,217.3 2 0
KNIRVENGINE/desktop-client/api/agent_terminal_handler.go:220.2,221.16 2 0
KNIRVENGINE/desktop-client/api/agent_terminal_handler.go:221.16,224.3 2 0
KNIRVENGINE/desktop-client/api/agent_terminal_handler.go:227.2,231.32 3 0
KNIRVENGINE/desktop-client/api/agent_terminal_handler.go:231.32,238.3 1 0
KNIRVENGINE/desktop-client/api/agent_terminal_handler.go:240.2,244.4 2 0
KNIRVENGINE/desktop-client/api/agent_terminal_handler.go:248.88,253.41 3 0
KNIRVENGINE/desktop-client/api/agent_terminal_handler.go:253.41,256.3 2 0
KNIRVENGINE/desktop-client/api/agent_terminal_handler.go:259.2,260.16 2 0
KNIRVENGINE/desktop-client/api/agent_terminal_handler.go:260.16,263.3 2 0
KNIRVENGINE/desktop-client/api/agent_terminal_handler.go:266.2,266.61 1 0
KNIRVENGINE/desktop-client/api/analytics_service.go:86.88,92.2 1 0
KNIRVENGINE/desktop-client/api/analytics_service.go:95.110,98.40 2 0
KNIRVENGINE/desktop-client/api/analytics_service.go:98.40,99.54 1 0
KNIRVENGINE/desktop-client/api/analytics_service.go:99.54,102.4 2 0
KNIRVENGINE/desktop-client/api/analytics_service.go:104.2,113.16 4 0
KNIRVENGINE/desktop-client/api/analytics_service.go:113.16,115.3 1 0
KNIRVENGINE/desktop-client/api/analytics_service.go:118.2,128.37 5 0
KNIRVENGINE/desktop-client/api/analytics_service.go:128.37,130.73 1 0
KNIRVENGINE/desktop-client/api/analytics_service.go:130.73,132.4 1 0
KNIRVENGINE/desktop-client/api/analytics_service.go:135.3,139.26 3 0
KNIRVENGINE/desktop-client/api/analytics_service.go:140.32,144.31 2 0
KNIRVENGINE/desktop-client/api/analytics_service.go:144.31,147.5 2 0
KNIRVENGINE/desktop-client/api/analytics_service.go:148.29,149.29 1 0
KNIRVENGINE/desktop-client/api/analytics_service.go:154.2,154.32 1 0
KNIRVENGINE/desktop-client/api/analytics_service.go:154.32,156.3 1 0
KNIRVENGINE/desktop-client/api/analytics_service.go:159.2,159.36 1 0
KNIRVENGINE/desktop-client/api/analytics_service.go:159.36,161.3 1 0
KNIRVENGINE/desktop-client/api/analytics_service.go:164.2,170.37 4 0
KNIRVENGINE/desktop-client/api/analytics_service.go:170.37,172.3 1 0
KNIRVENGINE/desktop-client/api/analytics_service.go:175.2,175.42 1 0
KNIRVENGINE/desktop-client/api/analytics_service.go:175.42,181.3 1 0
KNIRVENGINE/desktop-client/api/analytics_service.go:184.2,184.52 1 0
KNIRVENGINE/desktop-client/api/analytics_service.go:184.52,185.57 1 0
KNIRVENGINE/desktop-client/api/analytics_service.go:185.57,186.75 1 0
KNIRVENGINE/desktop-client/api/analytics_service.go:186.75,188.5 1 0
KNIRVENGINE/desktop-client/api/analytics_service.go:193.2,193.38 1 0
KNIRVENGINE/desktop-client/api/analytics_service.go:193.38,195.3 1 0
KNIRVENGINE/desktop-client/api/analytics_service.go:198.2,202.21 4 0
KNIRVENGINE/desktop-client/api/analytics_service.go:206.65,216.2 7 0
KNIRVENGINE/desktop-client/api/analytics_service.go:219.94,224.16 3 0
KNIRVENGINE/desktop-client/api/analytics_service.go:224.16,227.3 2 0
KNIRVENGINE/desktop-client/api/analytics_service.go:229.2,232.4 2 0
KNIRVENGINE/desktop-client/api/analytics_service.go:236.93,243.20 4 0
KNIRVENGINE/desktop-client/api/analytics_service.go:243.20,244.80 1 0
KNIRVENGINE/desktop-client/api/analytics_service.go:244.80,246.4 1 0
KNIRVENGINE/desktop-client/api/analytics_service.go:250.2,251.16 2 0
KNIRVENGINE/desktop-client/api/analytics_service.go:251.16,254.3 2 0
KNIRVENGINE/desktop-client/api/analytics_service.go:257.2,258.34 2 0
KNIRVENGINE/desktop-client/api/analytics_service.go:258.34,260.3 1 0
KNIRVENGINE/desktop-client/api/analytics_service.go:262.2,265.4 2 0
KNIRVENGINE/desktop-client/api/analytics_service.go:269.91,273.19 3 0
KNIRVENGINE/desktop-client/api/analytics_service.go:273.19,276.3 2 0
KNIRVENGINE/desktop-client/api/analytics_service.go:279.2,301.4 3 0
KNIRVENGINE/desktop-client/api/analytics_service.go:305.94,309.19 3 0
KNIRVENGINE/desktop-client/api/analytics_service.go:309.19,312.3 2 0
KNIRVENGINE/desktop-client/api/analytics_service.go:315.2,336.4 3 0
KNIRVENGINE/desktop-client/api/analytics_service.go:340.92,342.16 2 0
KNIRVENGINE/desktop-client/api/analytics_service.go:342.16,345.3 2 0
KNIRVENGINE/desktop-client/api/analytics_service.go:347.2,351.4 2 0
KNIRVENGINE/desktop-client/api/analytics_service.go:355.92,359.20 3 0
KNIRVENGINE/desktop-client/api/analytics_service.go:359.20,360.72 1 0
KNIRVENGINE/desktop-client/api/analytics_service.go:360.72,362.4 1 0
KNIRVENGINE/desktop-client/api/analytics_service.go:365.2,366.16 2 0
KNIRVENGINE/desktop-client/api/analytics_service.go:366.16,369.3 2 0
KNIRVENGINE/desktop-client/api/analytics_service.go:371.2,376.4 2 0
KNIRVENGINE/desktop-client/api/analytics_service.go:380.90,382.16 2 0
KNIRVENGINE/desktop-client/api/analytics_service.go:382.16,385.3 2 0
KNIRVENGINE/desktop-client/api/analytics_service.go:387.2,391.4 2 0
KNIRVENGINE/desktop-client/api/analytics_service.go:395.98,433.2 12 0
KNIRVENGINE/desktop-client/api/analytics_service.go:436.104,449.39 8 0
KNIRVENGINE/desktop-client/api/analytics_service.go:449.39,464.37 3 0
KNIRVENGINE/desktop-client/api/analytics_service.go:464.37,466.4 1 0
KNIRVENGINE/desktop-client/api/analytics_service.go:466.9,466.41 1 0
KNIRVENGINE/desktop-client/api/analytics_service.go:466.41,468.4 1 0
KNIRVENGINE/desktop-client/api/analytics_service.go:470.3,470.44 1 0
KNIRVENGINE/desktop-client/api/analytics_service.go:473.2,473.24 1 0
KNIRVENGINE/desktop-client/api/analytics_service.go:477.97,524.2 2 0
KNIRVENGINE/desktop-client/api/analytics_service.go:527.40,530.28 2 0
KNIRVENGINE/desktop-client/api/analytics_service.go:530.28,532.3 1 0
KNIRVENGINE/desktop-client/api/analytics_service.go:532.8,532.33 1 0
KNIRVENGINE/desktop-client/api/analytics_service.go:532.33,534.19 2 0
KNIRVENGINE/desktop-client/api/analytics_service.go:534.19,536.4 1 0
KNIRVENGINE/desktop-client/api/analytics_service.go:537.3,537.48 1 0
KNIRVENGINE/desktop-client/api/analytics_service.go:538.8,538.36 1 0
KNIRVENGINE/desktop-client/api/analytics_service.go:538.36,540.17 2 0
KNIRVENGINE/desktop-client/api/analytics_service.go:540.17,542.4 1 0
KNIRVENGINE/desktop-client/api/analytics_service.go:543.3,543.44 1 0
KNIRVENGINE/desktop-client/api/analytics_service.go:544.8,546.16 2 0
KNIRVENGINE/desktop-client/api/analytics_service.go:546.16,548.4 1 0
KNIRVENGINE/desktop-client/api/analytics_service.go:549.3,549.42 1 0
KNIRVENGINE/desktop-client/api/application_connection.go:20.85,24.2 1 0
KNIRVENGINE/desktop-client/api/application_connection.go:27.68,32.17 4 0
KNIRVENGINE/desktop-client/api/application_connection.go:32.17,34.3 1 0
KNIRVENGINE/desktop-client/api/application_connection.go:37.2,38.19 2 0
KNIRVENGINE/desktop-client/api/application_connection.go:38.19,39.51 1 0
KNIRVENGINE/desktop-client/api/application_connection.go:39.51,41.4 1 0
KNIRVENGINE/desktop-client/api/application_connection.go:44.2,46.12 3 0
KNIRVENGINE/desktop-client/api/application_connection.go:50.71,56.2 5 0
KNIRVENGINE/desktop-client/api/application_connection.go:59.52,63.2 3 0
KNIRVENGINE/desktop-client/api/application_connection.go:66.60,74.2 1 0
KNIRVENGINE/desktop-client/api/application_connection.go:77.132,78.22 1 0
KNIRVENGINE/desktop-client/api/application_connection.go:78.22,80.3 1 0
KNIRVENGINE/desktop-client/api/application_connection.go:82.2,82.19 1 0
KNIRVENGINE/desktop-client/api/application_connection.go:83.20,84.34 1 0
KNIRVENGINE/desktop-client/api/application_connection.go:85.22,86.36 1 0
KNIRVENGINE/desktop-client/api/application_connection.go:87.22,88.35 1 0
KNIRVENGINE/desktop-client/api/application_connection.go:89.10,90.65 1 0
KNIRVENGINE/desktop-client/api/application_connection.go:95.68,104.2 3 0
KNIRVENGINE/desktop-client/api/application_connection.go:107.60,109.2 1 0
KNIRVENGINE/desktop-client/api/application_connection.go:113.116,115.19 2 0
KNIRVENGINE/desktop-client/api/application_connection.go:115.19,117.3 1 0
KNIRVENGINE/desktop-client/api/application_connection.go:119.2,120.36 2 0
KNIRVENGINE/desktop-client/api/application_connection.go:120.36,122.3 1 0
KNIRVENGINE/desktop-client/api/application_connection.go:124.2,128.8 1 0
KNIRVENGINE/desktop-client/api/application_connection.go:131.118,133.19 2 0
KNIRVENGINE/desktop-client/api/application_connection.go:133.19,135.3 1 0
KNIRVENGINE/desktop-client/api/application_connection.go:137.2,139.16 3 0
KNIRVENGINE/desktop-client/api/application_connection.go:139.16,141.3 1 0
KNIRVENGINE/desktop-client/api/application_connection.go:143.2,147.8 1 0
KNIRVENGINE/desktop-client/api/application_connection.go:150.117,153.19 3 0
KNIRVENGINE/desktop-client/api/application_connection.go:153.19,155.3 1 0
KNIRVENGINE/desktop-client/api/application_connection.go:157.2,158.16 2 0
KNIRVENGINE/desktop-client/api/application_connection.go:158.16,160.3 1 0
KNIRVENGINE/desktop-client/api/application_connection.go:162.2,166.8 1 0
KNIRVENGINE/desktop-client/api/auth_service.go:43.16,44.24 1 0
KNIRVENGINE/desktop-client/api/auth_service.go:44.24,46.3 1 0
KNIRVENGINE/desktop-client/api/auth_service.go:48.2,54.3 1 0
KNIRVENGINE/desktop-client/api/auth_service.go:58.60,70.2 8 0
KNIRVENGINE/desktop-client/api/auth_service.go:73.75,75.27 1 0
KNIRVENGINE/desktop-client/api/auth_service.go:75.27,81.3 5 0
KNIRVENGINE/desktop-client/api/auth_service.go:84.2,93.47 4 0
KNIRVENGINE/desktop-client/api/auth_service.go:93.47,96.3 2 0
KNIRVENGINE/desktop-client/api/auth_service.go:99.2,99.46 1 0
KNIRVENGINE/desktop-client/api/auth_service.go:99.46,102.3 2 0
KNIRVENGINE/desktop-client/api/auth_service.go:105.2,106.16 2 0
KNIRVENGINE/desktop-client/api/auth_service.go:106.16,109.3 2 0
KNIRVENGINE/desktop-client/api/auth_service.go:111.2,111.12 1 0
KNIRVENGINE/desktop-client/api/auth_service.go:111.12,114.3 2 0
KNIRVENGINE/desktop-client/api/auth_service.go:117.2,118.16 2 0
KNIRVENGINE/desktop-client/api/auth_service.go:118.16,121.3 2 0
KNIRVENGINE/desktop-client/api/auth_service.go:124.2,125.16 2 0
KNIRVENGINE/desktop-client/api/auth_service.go:125.16,128.3 2 0
KNIRVENGINE/desktop-client/api/auth_service.go:131.2,139.4 1 0
KNIRVENGINE/desktop-client/api/auth_service.go:143.82,145.27 1 0
KNIRVENGINE/desktop-client/api/auth_service.go:145.27,151.3 5 0
KNIRVENGINE/desktop-client/api/auth_service.go:154.2,162.22 5 0
KNIRVENGINE/desktop-client/api/auth_service.go:162.22,164.56 2 0
KNIRVENGINE/desktop-client/api/auth_service.go:164.56,165.72 1 0
KNIRVENGINE/desktop-client/api/auth_service.go:165.72,167.5 1 0
KNIRVENGINE/desktop-client/api/auth_service.go:172.2,177.4 2 0
KNIRVENGINE/desktop-client/api/auth_service.go:181.78,183.27 1 0
KNIRVENGINE/desktop-client/api/auth_service.go:183.27,189.3 5 0
KNIRVENGINE/desktop-client/api/auth_service.go:192.2,202.47 4 0
KNIRVENGINE/desktop-client/api/auth_service.go:202.47,205.3 2 0
KNIRVENGINE/desktop-client/api/auth_service.go:208.2,208.65 1 0
KNIRVENGINE/desktop-client/api/auth_service.go:208.65,211.3 2 0
KNIRVENGINE/desktop-client/api/auth_service.go:214.2,220.66 2 0
KNIRVENGINE/desktop-client/api/auth_service.go:220.66,221.64 1 0
KNIRVENGINE/desktop-client/api/auth_service.go:221.64,224.4 2 0
KNIRVENGINE/desktop-client/api/auth_service.go:225.3,226.9 2 0
KNIRVENGINE/desktop-client/api/auth_service.go:230.2,231.16 2 0
KNIRVENGINE/desktop-client/api/auth_service.go:231.16,234.3 2 0
KNIRVENGINE/desktop-client/api/auth_service.go:237.2,245.4 1 0
KNIRVENGINE/desktop-client/api/auth_service.go:249.82,251.27 1 0
KNIRVENGINE/desktop-client/api/auth_service.go:251.27,257.3 5 0
KNIRVENGINE/desktop-client/api/auth_service.go:260.2,265.22 4 0
KNIRVENGINE/desktop-client/api/auth_service.go:265.22,268.3 2 0
KNIRVENGINE/desktop-client/api/auth_service.go:271.2,272.55 2 0
KNIRVENGINE/desktop-client/api/auth_service.go:272.55,275.3 2 0
KNIRVENGINE/desktop-client/api/auth_service.go:277.2,281.16 3 0
KNIRVENGINE/desktop-client/api/auth_service.go:281.16,284.3 2 0
KNIRVENGINE/desktop-client/api/auth_service.go:287.2,288.16 2 0
KNIRVENGINE/desktop-client/api/auth_service.go:288.16,291.3 2 0
KNIRVENGINE/desktop-client/api/auth_service.go:294.2,295.16 2 0
KNIRVENGINE/desktop-client/api/auth_service.go:295.16,298.3 2 0
KNIRVENGINE/desktop-client/api/auth_service.go:301.2,309.4 1 0
KNIRVENGINE/desktop-client/api/auth_service.go:313.76,315.27 1 0
KNIRVENGINE/desktop-client/api/auth_service.go:315.27,321.3 5 0
KNIRVENGINE/desktop-client/api/auth_service.go:324.2,332.4 3 0
KNIRVENGINE/desktop-client/api/auth_service.go:336.80,338.27 1 0
KNIRVENGINE/desktop-client/api/auth_service.go:338.27,344.3 5 0
KNIRVENGINE/desktop-client/api/auth_service.go:347.2,352.9 4 0
KNIRVENGINE/desktop-client/api/auth_service.go:352.9,355.3 2 0
KNIRVENGINE/desktop-client/api/auth_service.go:358.2,359.16 2 0
KNIRVENGINE/desktop-client/api/auth_service.go:359.16,362.3 2 0
KNIRVENGINE/desktop-client/api/auth_service.go:365.2,365.31 1 0
KNIRVENGINE/desktop-client/api/auth_service.go:365.31,366.27 1 0
KNIRVENGINE/desktop-client/api/auth_service.go:366.27,368.4 1 0
KNIRVENGINE/desktop-client/api/auth_service.go:371.2,373.4 1 0
KNIRVENGINE/desktop-client/api/auth_service.go:377.81,379.27 1 0
KNIRVENGINE/desktop-client/api/auth_service.go:379.27,385.3 5 0
KNIRVENGINE/desktop-client/api/auth_service.go:388.2,393.9 4 0
KNIRVENGINE/desktop-client/api/auth_service.go:393.9,396.3 2 0
KNIRVENGINE/desktop-client/api/auth_service.go:399.2,404.47 2 0
KNIRVENGINE/desktop-client/api/auth_service.go:404.47,407.3 2 0
KNIRVENGINE/desktop-client/api/auth_service.go:410.2,411.49 2 0
KNIRVENGINE/desktop-client/api/auth_service.go:411.49,414.3 2 0
KNIRVENGINE/desktop-client/api/auth_service.go:416.2,426.68 3 0
KNIRVENGINE/desktop-client/api/auth_service.go:426.68,429.3 2 0
KNIRVENGINE/desktop-client/api/auth_service.go:432.2,434.4 1 0
KNIRVENGINE/desktop-client/api/auth_service.go:438.81,440.27 1 0
KNIRVENGINE/desktop-client/api/auth_service.go:440.27,446.3 5 0
KNIRVENGINE/desktop-client/api/auth_service.go:449.2,454.9 4 0
KNIRVENGINE/desktop-client/api/auth_service.go:454.9,457.3 2 0
KNIRVENGINE/desktop-client/api/auth_service.go:460.2,462.16 3 0
KNIRVENGINE/desktop-client/api/auth_service.go:462.16,465.3 2 0
KNIRVENGINE/desktop-client/api/auth_service.go:468.2,469.16 2 0
KNIRVENGINE/desktop-client/api/auth_service.go:469.16,472.3 2 0
KNIRVENGINE/desktop-client/api/auth_service.go:475.2,475.28 1 0
KNIRVENGINE/desktop-client/api/auth_service.go:475.28,478.3 2 0
KNIRVENGINE/desktop-client/api/auth_service.go:481.2,481.70 1 0
KNIRVENGINE/desktop-client/api/auth_service.go:481.70,484.3 2 0
KNIRVENGINE/desktop-client/api/auth_service.go:486.2,488.4 1 0
KNIRVENGINE/desktop-client/api/auth_service.go:492.72,503.2 2 0
KNIRVENGINE/desktop-client/api/auth_service.go:506.70,508.83 1 0
KNIRVENGINE/desktop-client/api/auth_service.go:508.83,510.58 1 0
KNIRVENGINE/desktop-client/api/auth_service.go:510.58,512.4 1 0
KNIRVENGINE/desktop-client/api/auth_service.go:514.3,514.26 1 0
KNIRVENGINE/desktop-client/api/auth_service.go:517.2,517.16 1 0
KNIRVENGINE/desktop-client/api/auth_service.go:517.16,519.3 1 0
KNIRVENGINE/desktop-client/api/auth_service.go:522.2,522.67 1 0
KNIRVENGINE/desktop-client/api/auth_service.go:522.67,524.45 1 0
KNIRVENGINE/desktop-client/api/auth_service.go:524.45,525.38 1 0
KNIRVENGINE/desktop-client/api/auth_service.go:525.38,527.5 1 0
KNIRVENGINE/desktop-client/api/auth_service.go:528.9,530.4 1 0
KNIRVENGINE/desktop-client/api/auth_service.go:533.3,533.45 1 0
KNIRVENGINE/desktop-client/api/auth_service.go:533.45,535.4 1 0
KNIRVENGINE/desktop-client/api/auth_service.go:537.3,537.44 1 0
KNIRVENGINE/desktop-client/api/auth_service.go:540.2,540.39 1 0
KNIRVENGINE/desktop-client/api/auth_service.go:544.70,545.71 1 0
KNIRVENGINE/desktop-client/api/auth_service.go:545.71,547.28 1 0
KNIRVENGINE/desktop-client/api/auth_service.go:547.28,553.4 5 0
KNIRVENGINE/desktop-client/api/auth_service.go:556.3,560.23 3 0
KNIRVENGINE/desktop-client/api/auth_service.go:560.23,563.4 2 0
KNIRVENGINE/desktop-client/api/auth_service.go:566.3,567.56 2 0
KNIRVENGINE/desktop-client/api/auth_service.go:567.56,570.4 2 0
KNIRVENGINE/desktop-client/api/auth_service.go:573.3,574.17 2 0
KNIRVENGINE/desktop-client/api/auth_service.go:574.17,577.4 2 0
KNIRVENGINE/desktop-client/api/auth_service.go:580.3,583.40 2 0
KNIRVENGINE/desktop-client/api/auth_service.go:588.92,589.46 1 0
KNIRVENGINE/desktop-client/api/auth_service.go:589.46,590.72 1 0
KNIRVENGINE/desktop-client/api/auth_service.go:590.72,593.11 2 0
KNIRVENGINE/desktop-client/api/auth_service.go:593.11,596.5 2 0
KNIRVENGINE/desktop-client/api/auth_service.go:599.4,600.18 2 0
KNIRVENGINE/desktop-client/api/auth_service.go:600.18,603.5 2 0
KNIRVENGINE/desktop-client/api/auth_service.go:605.4,605.22 1 0
KNIRVENGINE/desktop-client/api/auth_service.go:605.22,608.5 2 0
KNIRVENGINE/desktop-client/api/auth_service.go:611.4,611.24 1 0
KNIRVENGINE/desktop-client/api/auth_service.go:619.58,622.2 2 0
KNIRVENGINE/desktop-client/api/browser_connection.go:28.81,33.2 1 0
KNIRVENGINE/desktop-client/api/browser_connection.go:36.64,41.17 4 0
KNIRVENGINE/desktop-client/api/browser_connection.go:41.17,43.3 1 0
KNIRVENGINE/desktop-client/api/browser_connection.go:46.2,47.59 2 0
KNIRVENGINE/desktop-client/api/browser_connection.go:47.59,49.3 1 0
KNIRVENGINE/desktop-client/api/browser_connection.go:52.2,53.53 2 0
KNIRVENGINE/desktop-client/api/browser_connection.go:53.53,55.3 1 0
KNIRVENGINE/desktop-client/api/browser_connection.go:58.2,61.38 2 0
KNIRVENGINE/desktop-client/api/browser_connection.go:62.28,63.50 1 0
KNIRVENGINE/desktop-client/api/browser_connection.go:64.17,65.59 1 0
KNIRVENGINE/desktop-client/api/browser_connection.go:66.14,67.48 1 0
KNIRVENGINE/desktop-client/api/browser_connection.go:68.10,69.65 1 0
KNIRVENGINE/desktop-client/api/browser_connection.go:73.2,73.14 1 0
KNIRVENGINE/desktop-client/api/browser_connection.go:73.14,75.3 1 0
KNIRVENGINE/desktop-client/api/browser_connection.go:75.8,77.3 1 0
KNIRVENGINE/desktop-client/api/browser_connection.go:80.2,88.16 3 0
KNIRVENGINE/desktop-client/api/browser_connection.go:88.16,90.3 1 0
KNIRVENGINE/desktop-client/api/browser_connection.go:93.2,94.44 2 0
KNIRVENGINE/desktop-client/api/browser_connection.go:94.44,96.3 1 0
KNIRVENGINE/desktop-client/api/browser_connection.go:98.2,101.12 3 0
KNIRVENGINE/desktop-client/api/browser_connection.go:105.67,110.18 4 0
KNIRVENGINE/desktop-client/api/browser_connection.go:110.18,112.3 1 0
KNIRVENGINE/desktop-client/api/browser_connection.go:115.2,115.31 1 0
KNIRVENGINE/desktop-client/api/browser_connection.go:115.31,117.3 1 0
KNIRVENGINE/desktop-client/api/browser_connection.go:118.2,121.22 2 0
KNIRVENGINE/desktop-client/api/browser_connection.go:121.22,123.3 1 0
KNIRVENGINE/desktop-client/api/browser_connection.go:126.2,126.23 1 0
KNIRVENGINE/desktop-client/api/browser_connection.go:126.23,128.3 1 0
KNIRVENGINE/desktop-client/api/browser_connection.go:130.2,131.12 2 0
KNIRVENGINE/desktop-client/api/browser_connection.go:135.48,139.2 3 0
KNIRVENGINE/desktop-client/api/browser_connection.go:142.56,161.2 1 0
KNIRVENGINE/desktop-client/api/browser_connection.go:164.128,165.22 1 0
KNIRVENGINE/desktop-client/api/browser_connection.go:165.22,167.3 1 0
KNIRVENGINE/desktop-client/api/browser_connection.go:169.2,169.19 1 0
KNIRVENGINE/desktop-client/api/browser_connection.go:170.18,171.33 1 0
KNIRVENGINE/desktop-client/api/browser_connection.go:172.15,173.30 1 0
KNIRVENGINE/desktop-client/api/browser_connection.go:174.14,175.33 1 0
KNIRVENGINE/desktop-client/api/browser_connection.go:176.20,177.35 1 0
KNIRVENGINE/desktop-client/api/browser_connection.go:178.18,179.32 1 0
KNIRVENGINE/desktop-client/api/browser_connection.go:180.18,181.32 1 0
KNIRVENGINE/desktop-client/api/browser_connection.go:182.24,183.38 1 0
KNIRVENGINE/desktop-client/api/browser_connection.go:184.26,185.39 1 0
KNIRVENGINE/desktop-client/api/browser_connection.go:186.21,187.35 1 0
KNIRVENGINE/desktop-client/api/browser_connection.go:188.21,189.35 1 0
KNIRVENGINE/desktop-client/api/browser_connection.go:190.25,191.38 1 0
KNIRVENGINE/desktop-client/api/browser_connection.go:192.16,193.31 1 0
KNIRVENGINE/desktop-client/api/browser_connection.go:194.15,195.30 1 0
KNIRVENGINE/desktop-client/api/browser_connection.go:196.18,197.32 1 0
KNIRVENGINE/desktop-client/api/browser_connection.go:198.20,199.34 1 0
KNIRVENGINE/desktop-client/api/browser_connection.go:200.20,201.34 1 0
KNIRVENGINE/desktop-client/api/browser_connection.go:202.10,203.65 1 0
KNIRVENGINE/desktop-client/api/browser_connection.go:208.64,219.37 4 0
KNIRVENGINE/desktop-client/api/browser_connection.go:219.37,221.54 1 0
KNIRVENGINE/desktop-client/api/browser_connection.go:221.54,224.4 2 0
KNIRVENGINE/desktop-client/api/browser_connection.go:227.3,228.32 2 0
KNIRVENGINE/desktop-client/api/browser_connection.go:228.32,229.44 1 0
KNIRVENGINE/desktop-client/api/browser_connection.go:229.44,231.5 1 0
KNIRVENGINE/desktop-client/api/browser_connection.go:233.3,233.36 1 0
KNIRVENGINE/desktop-client/api/browser_connection.go:236.2,236.15 1 0
KNIRVENGINE/desktop-client/api/browser_connection.go:240.56,242.2 1 0
KNIRVENGINE/desktop-client/api/browser_connection.go:247.32,261.29 2 0
KNIRVENGINE/desktop-client/api/browser_connection.go:261.29,262.48 1 0
KNIRVENGINE/desktop-client/api/browser_connection.go:262.48,264.4 1 0
KNIRVENGINE/desktop-client/api/browser_connection.go:268.2,268.61 1 0
KNIRVENGINE/desktop-client/api/browser_connection.go:268.61,270.3 1 0
KNIRVENGINE/desktop-client/api/browser_connection.go:271.2,271.56 1 0
KNIRVENGINE/desktop-client/api/browser_connection.go:271.56,273.3 1 0
KNIRVENGINE/desktop-client/api/browser_connection.go:274.2,274.64 1 0
KNIRVENGINE/desktop-client/api/browser_connection.go:274.64,276.3 1 0
KNIRVENGINE/desktop-client/api/browser_connection.go:278.2,278.24 1 0
KNIRVENGINE/desktop-client/api/browser_connection.go:282.30,291.29 2 0
KNIRVENGINE/desktop-client/api/browser_connection.go:291.29,292.48 1 0
KNIRVENGINE/desktop-client/api/browser_connection.go:292.48,294.4 1 0
KNIRVENGINE/desktop-client/api/browser_connection.go:297.2,297.62 1 0
KNIRVENGINE/desktop-client/api/browser_connection.go:297.62,299.3 1 0
KNIRVENGINE/desktop-client/api/browser_connection.go:301.2,301.25 1 0
KNIRVENGINE/desktop-client/api/browser_connection.go:305.79,309.37 3 0
KNIRVENGINE/desktop-client/api/browser_connection.go:309.37,311.3 1 0
KNIRVENGINE/desktop-client/api/browser_connection.go:314.2,315.16 2 0
KNIRVENGINE/desktop-client/api/browser_connection.go:315.16,317.3 1 0
KNIRVENGINE/desktop-client/api/browser_connection.go:319.2,320.18 2 0
KNIRVENGINE/desktop-client/api/browser_connection.go:326.111,329.15 3 0
KNIRVENGINE/desktop-client/api/browser_connection.go:329.15,331.3 1 0
KNIRVENGINE/desktop-client/api/browser_connection.go:333.2,335.16 3 0
KNIRVENGINE/desktop-client/api/browser_connection.go:335.16,337.3 1 0
KNIRVENGINE/desktop-client/api/browser_connection.go:339.2,339.43 1 0
KNIRVENGINE/desktop-client/api/browser_connection.go:339.43,341.3 1 0
KNIRVENGINE/desktop-client/api/browser_connection.go:343.2,343.40 1 0
KNIRVENGINE/desktop-client/api/browser_connection.go:343.40,345.3 1 0
KNIRVENGINE/desktop-client/api/browser_connection.go:347.2,351.8 1 0
KNIRVENGINE/desktop-client/api/browser_connection.go:355.108,358.20 3 0
KNIRVENGINE/desktop-client/api/browser_connection.go:358.20,360.3 1 0
KNIRVENGINE/desktop-client/api/browser_connection.go:362.2,364.16 3 0
KNIRVENGINE/desktop-client/api/browser_connection.go:364.16,366.3 1 0
KNIRVENGINE/desktop-client/api/browser_connection.go:368.2,369.16 2 0
KNIRVENGINE/desktop-client/api/browser_connection.go:369.16,371.3 1 0
KNIRVENGINE/desktop-client/api/browser_connection.go:373.2,373.69 1 0
KNIRVENGINE/desktop-client/api/browser_connection.go:373.69,375.3 1 0
KNIRVENGINE/desktop-client/api/browser_connection.go:377.2,379.8 1 0
KNIRVENGINE/desktop-client/api/browser_connection.go:383.111,387.20 4 0
KNIRVENGINE/desktop-client/api/browser_connection.go:387.20,389.3 1 0
KNIRVENGINE/desktop-client/api/browser_connection.go:391.2,393.16 3 0
KNIRVENGINE/desktop-client/api/browser_connection.go:393.16,395.3 1 0
KNIRVENGINE/desktop-client/api/browser_connection.go:397.2,398.16 2 0
KNIRVENGINE/desktop-client/api/browser_connection.go:398.16,400.3 1 0
KNIRVENGINE/desktop-client/api/browser_connection.go:403.2,403.42 1 0
KNIRVENGINE/desktop-client/api/browser_connection.go:403.42,404.49 1 0
KNIRVENGINE/desktop-client/api/browser_connection.go:404.49,406.4 1 0
KNIRVENGINE/desktop-client/api/browser_connection.go:409.2,409.44 1 0
KNIRVENGINE/desktop-client/api/browser_connection.go:409.44,411.3 1 0
KNIRVENGINE/desktop-client/api/browser_connection.go:413.2,415.8 1 0
KNIRVENGINE/desktop-client/api/browser_connection.go:419.113,423.16 4 0
KNIRVENGINE/desktop-client/api/browser_connection.go:423.16,425.3 1 0
KNIRVENGINE/desktop-client/api/browser_connection.go:428.2,429.16 2 0
KNIRVENGINE/desktop-client/api/browser_connection.go:429.16,431.3 1 0
KNIRVENGINE/desktop-client/api/browser_connection.go:433.2,437.8 1 0
KNIRVENGINE/desktop-client/api/browser_connection.go:441.110,444.20 3 0
KNIRVENGINE/desktop-client/api/browser_connection.go:444.20,446.3 1 0
KNIRVENGINE/desktop-client/api/browser_connection.go:448.2,450.16 3 0
KNIRVENGINE/desktop-client/api/browser_connection.go:450.16,452.3 1 0
KNIRVENGINE/desktop-client/api/browser_connection.go:454.2,455.16 2 0
KNIRVENGINE/desktop-client/api/browser_connection.go:455.16,457.3 1 0
KNIRVENGINE/desktop-client/api/browser_connection.go:459.2,460.16 2 0
KNIRVENGINE/desktop-client/api/browser_connection.go:460.16,462.3 1 0
KNIRVENGINE/desktop-client/api/browser_connection.go:464.2,467.8 1 0
KNIRVENGINE/desktop-client/api/browser_connection.go:471.110,477.16 5 0
KNIRVENGINE/desktop-client/api/browser_connection.go:477.16,479.3 1 0
KNIRVENGINE/desktop-client/api/browser_connection.go:481.2,482.20 2 0
KNIRVENGINE/desktop-client/api/browser_connection.go:482.20,486.21 3 0
KNIRVENGINE/desktop-client/api/browser_connection.go:486.21,488.4 1 0
KNIRVENGINE/desktop-client/api/browser_connection.go:489.8,492.24 2 0
KNIRVENGINE/desktop-client/api/browser_connection.go:492.24,494.4 1 0
KNIRVENGINE/desktop-client/api/browser_connection.go:495.3,497.21 3 0
KNIRVENGINE/desktop-client/api/browser_connection.go:497.21,499.4 1 0
KNIRVENGINE/desktop-client/api/browser_connection.go:502.2,505.8 1 0
KNIRVENGINE/desktop-client/api/browser_connection.go:509.116,512.18 3 0
KNIRVENGINE/desktop-client/api/browser_connection.go:512.18,514.3 1 0
KNIRVENGINE/desktop-client/api/browser_connection.go:516.2,518.16 3 0
KNIRVENGINE/desktop-client/api/browser_connection.go:518.16,520.3 1 0
KNIRVENGINE/desktop-client/api/browser_connection.go:522.2,523.16 2 0
KNIRVENGINE/desktop-client/api/browser_connection.go:523.16,525.3 1 0
KNIRVENGINE/desktop-client/api/browser_connection.go:527.2,530.8 1 0
KNIRVENGINE/desktop-client/api/browser_connection.go:534.117,537.20 3 0
KNIRVENGINE/desktop-client/api/browser_connection.go:537.20,539.3 1 0
KNIRVENGINE/desktop-client/api/browser_connection.go:541.2,545.16 4 0
KNIRVENGINE/desktop-client/api/browser_connection.go:545.16,547.3 1 0
KNIRVENGINE/desktop-client/api/browser_connection.go:550.2,551.16 2 0
KNIRVENGINE/desktop-client/api/browser_connection.go:551.16,553.3 1 0
KNIRVENGINE/desktop-client/api/browser_connection.go:555.2,558.8 1 0
KNIRVENGINE/desktop-client/api/browser_connection.go:562.113,566.16 4 0
KNIRVENGINE/desktop-client/api/browser_connection.go:566.16,568.3 1 0
KNIRVENGINE/desktop-client/api/browser_connection.go:570.2,571.16 2 0
KNIRVENGINE/desktop-client/api/browser_connection.go:571.16,573.3 1 0
KNIRVENGINE/desktop-client/api/browser_connection.go:575.2,578.8 1 0
KNIRVENGINE/desktop-client/api/browser_connection.go:582.113,586.16 4 0
KNIRVENGINE/desktop-client/api/browser_connection.go:586.16,588.3 1 0
KNIRVENGINE/desktop-client/api/browser_connection.go:591.2,592.9 2 0
KNIRVENGINE/desktop-client/api/browser_connection.go:592.9,594.3 1 0
KNIRVENGINE/desktop-client/api/browser_connection.go:597.2,598.56 2 0
KNIRVENGINE/desktop-client/api/browser_connection.go:598.56,599.41 1 0
KNIRVENGINE/desktop-client/api/browser_connection.go:599.41,600.64 1 0
KNIRVENGINE/desktop-client/api/browser_connection.go:600.64,605.72 2 0
KNIRVENGINE/desktop-client/api/browser_connection.go:605.72,607.6 1 0
KNIRVENGINE/desktop-client/api/browser_connection.go:608.5,608.66 1 0
KNIRVENGINE/desktop-client/api/browser_connection.go:608.66,610.6 1 0
KNIRVENGINE/desktop-client/api/browser_connection.go:611.5,611.38 1 0
KNIRVENGINE/desktop-client/api/browser_connection.go:616.2,616.49 1 0
KNIRVENGINE/desktop-client/api/browser_connection.go:616.49,618.3 1 0
KNIRVENGINE/desktop-client/api/browser_connection.go:620.2,622.8 1 0
KNIRVENGINE/desktop-client/api/browser_connection.go:626.116,630.16 4 0
KNIRVENGINE/desktop-client/api/browser_connection.go:630.16,632.3 1 0
KNIRVENGINE/desktop-client/api/browser_connection.go:634.2,635.16 2 0
KNIRVENGINE/desktop-client/api/browser_connection.go:635.16,637.3 1 0
KNIRVENGINE/desktop-client/api/browser_connection.go:639.2,642.8 1 0
KNIRVENGINE/desktop-client/api/browser_connection.go:646.109,650.16 4 0
KNIRVENGINE/desktop-client/api/browser_connection.go:650.16,652.3 1 0
KNIRVENGINE/desktop-client/api/browser_connection.go:654.2,658.20 4 0
KNIRVENGINE/desktop-client/api/browser_connection.go:658.20,661.17 2 0
KNIRVENGINE/desktop-client/api/browser_connection.go:661.17,663.4 1 0
KNIRVENGINE/desktop-client/api/browser_connection.go:664.3,664.50 1 0
KNIRVENGINE/desktop-client/api/browser_connection.go:664.50,666.4 1 0
KNIRVENGINE/desktop-client/api/browser_connection.go:667.8,669.70 1 0
KNIRVENGINE/desktop-client/api/browser_connection.go:669.70,671.4 1 0
KNIRVENGINE/desktop-client/api/browser_connection.go:674.2,676.8 1 0
KNIRVENGINE/desktop-client/api/browser_connection.go:680.108,683.20 3 0
KNIRVENGINE/desktop-client/api/browser_connection.go:683.20,685.3 1 0
KNIRVENGINE/desktop-client/api/browser_connection.go:687.2,689.16 3 0
KNIRVENGINE/desktop-client/api/browser_connection.go:689.16,691.3 1 0
KNIRVENGINE/desktop-client/api/browser_connection.go:693.2,694.16 2 0
KNIRVENGINE/desktop-client/api/browser_connection.go:694.16,696.3 1 0
KNIRVENGINE/desktop-client/api/browser_connection.go:698.2,698.40 1 0
KNIRVENGINE/desktop-client/api/browser_connection.go:698.40,700.3 1 0
KNIRVENGINE/desktop-client/api/browser_connection.go:702.2,704.8 1 0
KNIRVENGINE/desktop-client/api/browser_connection.go:708.110,713.16 4 0
KNIRVENGINE/desktop-client/api/browser_connection.go:713.16,715.3 1 0
KNIRVENGINE/desktop-client/api/browser_connection.go:717.2,724.8 4 0
KNIRVENGINE/desktop-client/api/browser_connection.go:728.112,734.8 5 0
KNIRVENGINE/desktop-client/api/browser_connection.go:734.8,736.3 1 0
KNIRVENGINE/desktop-client/api/browser_connection.go:737.2,739.9 2 0
KNIRVENGINE/desktop-client/api/browser_connection.go:739.9,741.3 1 0
KNIRVENGINE/desktop-client/api/browser_connection.go:743.2,743.37 1 0
KNIRVENGINE/desktop-client/api/browser_connection.go:743.37,745.3 1 0
KNIRVENGINE/desktop-client/api/browser_connection.go:747.2,749.8 1 0
KNIRVENGINE/desktop-client/api/browser_connection.go:753.112,760.36 6 0
KNIRVENGINE/desktop-client/api/browser_connection.go:760.36,767.3 2 0
KNIRVENGINE/desktop-client/api/browser_connection.go:769.2,772.8 1 0
KNIRVENGINE/desktop-client/api/connection_security.go:52.64,56.2 1 1
KNIRVENGINE/desktop-client/api/connection_security.go:59.161,65.16 4 1
KNIRVENGINE/desktop-client/api/connection_security.go:65.16,67.3 1 0
KNIRVENGINE/desktop-client/api/connection_security.go:70.2,82.17 3 1
KNIRVENGINE/desktop-client/api/connection_security.go:86.105,91.9 4 1
KNIRVENGINE/desktop-client/api/connection_security.go:91.9,93.3 1 1
KNIRVENGINE/desktop-client/api/connection_security.go:96.2,96.37 1 1
KNIRVENGINE/desktop-client/api/connection_security.go:96.37,98.3 1 0
KNIRVENGINE/desktop-client/api/connection_security.go:100.2,100.17 1 1
KNIRVENGINE/desktop-client/api/connection_security.go:104.100,106.16 2 1
KNIRVENGINE/desktop-client/api/connection_security.go:106.16,108.3 1 0
KNIRVENGINE/desktop-client/api/connection_security.go:111.2,111.36 1 1
KNIRVENGINE/desktop-client/api/connection_security.go:111.36,112.46 1 1
KNIRVENGINE/desktop-client/api/connection_security.go:112.46,114.4 1 1
KNIRVENGINE/desktop-client/api/connection_security.go:117.2,117.56 1 1
KNIRVENGINE/desktop-client/api/connection_security.go:121.75,127.2 4 1
KNIRVENGINE/desktop-client/api/connection_security.go:130.62,135.41 4 0
KNIRVENGINE/desktop-client/api/connection_security.go:135.41,136.31 1 0
KNIRVENGINE/desktop-client/api/connection_security.go:136.31,138.4 1 0
KNIRVENGINE/desktop-client/api/connection_security.go:157.33,165.2 1 1
KNIRVENGINE/desktop-client/api/connection_security.go:168.75,170.90 1 1
KNIRVENGINE/desktop-client/api/connection_security.go:170.90,172.3 1 0
KNIRVENGINE/desktop-client/api/connection_security.go:174.2,174.34 1 1
KNIRVENGINE/desktop-client/api/connection_security.go:178.78,180.2 1 1
KNIRVENGINE/desktop-client/api/connection_security.go:183.59,185.2 1 0
KNIRVENGINE/desktop-client/api/connection_security.go:188.67,192.45 3 1
KNIRVENGINE/desktop-client/api/connection_security.go:192.45,193.39 1 1
KNIRVENGINE/desktop-client/api/connection_security.go:193.39,195.4 1 1
KNIRVENGINE/desktop-client/api/connection_security.go:198.2,198.28 1 1
KNIRVENGINE/desktop-client/api/connection_security.go:202.139,204.38 1 1
KNIRVENGINE/desktop-client/api/connection_security.go:204.38,206.3 1 1
KNIRVENGINE/desktop-client/api/connection_security.go:209.2,210.8 2 1
KNIRVENGINE/desktop-client/api/connection_security.go:210.8,211.38 1 1
KNIRVENGINE/desktop-client/api/connection_security.go:211.38,212.79 1 1
KNIRVENGINE/desktop-client/api/connection_security.go:212.79,214.5 1 0
KNIRVENGINE/desktop-client/api/connection_security.go:219.2,219.70 1 1
KNIRVENGINE/desktop-client/api/connection_security.go:219.70,221.3 1 0
KNIRVENGINE/desktop-client/api/connection_security.go:223.2,223.53 1 1
KNIRVENGINE/desktop-client/api/connection_security.go:227.75,235.88 4 0
KNIRVENGINE/desktop-client/api/connection_security.go:235.88,236.85 1 0
KNIRVENGINE/desktop-client/api/connection_security.go:236.85,242.4 1 0
KNIRVENGINE/desktop-client/api/connection_security.go:245.2,245.15 1 0
KNIRVENGINE/desktop-client/api/connection_security.go:249.67,251.2 1 0
KNIRVENGINE/desktop-client/api/connection_security.go:256.82,258.9 2 1
KNIRVENGINE/desktop-client/api/connection_security.go:258.9,261.3 1 1
KNIRVENGINE/desktop-client/api/connection_security.go:264.2,264.37 1 1
KNIRVENGINE/desktop-client/api/connection_security.go:264.37,265.66 1 1
KNIRVENGINE/desktop-client/api/connection_security.go:265.66,267.4 1 1
KNIRVENGINE/desktop-client/api/connection_security.go:270.2,270.14 1 1
KNIRVENGINE/desktop-client/api/connection_security.go:274.120,275.25 1 1
KNIRVENGINE/desktop-client/api/connection_security.go:276.25,277.13 1 0
KNIRVENGINE/desktop-client/api/connection_security.go:278.26,279.52 1 0
KNIRVENGINE/desktop-client/api/connection_security.go:280.29,281.55 1 1
KNIRVENGINE/desktop-client/api/connection_security.go:282.25,283.51 1 0
KNIRVENGINE/desktop-client/api/connection_security.go:284.10,285.67 1 0
KNIRVENGINE/desktop-client/api/connection_security.go:290.117,292.31 1 1
KNIRVENGINE/desktop-client/api/connection_security.go:292.31,293.74 1 0
KNIRVENGINE/desktop-client/api/connection_security.go:293.74,295.4 1 0
KNIRVENGINE/desktop-client/api/connection_security.go:297.2,297.12 1 1
KNIRVENGINE/desktop-client/api/connection_security.go:301.120,302.67 1 1
KNIRVENGINE/desktop-client/api/connection_security.go:302.67,304.3 1 0
KNIRVENGINE/desktop-client/api/connection_security.go:307.2,307.59 1 1
KNIRVENGINE/desktop-client/api/connection_security.go:307.59,308.46 1 0
KNIRVENGINE/desktop-client/api/connection_security.go:308.46,309.106 1 0
KNIRVENGINE/desktop-client/api/connection_security.go:309.106,311.5 1 0
KNIRVENGINE/desktop-client/api/connection_security.go:315.2,315.36 1 1
KNIRVENGINE/desktop-client/api/connection_security.go:315.36,316.52 1 0
KNIRVENGINE/desktop-client/api/connection_security.go:316.52,318.48 2 0
KNIRVENGINE/desktop-client/api/connection_security.go:318.48,319.62 1 0
KNIRVENGINE/desktop-client/api/connection_security.go:319.62,321.6 1 0
KNIRVENGINE/desktop-client/api/connection_security.go:326.2,326.12 1 1
KNIRVENGINE/desktop-client/api/connection_security.go:330.116,331.70 1 0
KNIRVENGINE/desktop-client/api/connection_security.go:331.70,333.3 1 0
KNIRVENGINE/desktop-client/api/connection_security.go:336.2,337.35 2 0
KNIRVENGINE/desktop-client/api/connection_security.go:337.35,338.27 1 0
KNIRVENGINE/desktop-client/api/connection_security.go:338.27,340.4 1 0
KNIRVENGINE/desktop-client/api/connection_security.go:343.2,343.12 1 0
KNIRVENGINE/desktop-client/api/connection_security.go:347.90,348.20 1 1
KNIRVENGINE/desktop-client/api/connection_security.go:349.25,358.4 1 0
KNIRVENGINE/desktop-client/api/connection_security.go:359.28,366.4 1 1
KNIRVENGINE/desktop-client/api/connection_security.go:367.26,373.4 1 0
KNIRVENGINE/desktop-client/api/connection_security.go:374.24,379.4 1 0
KNIRVENGINE/desktop-client/api/connection_security.go:380.10,381.35 1 0
KNIRVENGINE/desktop-client/api/connection_security.go:386.42,388.44 2 1
KNIRVENGINE/desktop-client/api/connection_security.go:388.44,390.3 1 0
KNIRVENGINE/desktop-client/api/connection_security.go:392.2,393.41 2 1
KNIRVENGINE/desktop-client/api/database_connection.go:26.82,32.56 2 0
KNIRVENGINE/desktop-client/api/database_connection.go:32.56,34.3 1 0
KNIRVENGINE/desktop-client/api/database_connection.go:34.8,36.3 1 0
KNIRVENGINE/desktop-client/api/database_connection.go:38.2,38.18 1 0
KNIRVENGINE/desktop-client/api/database_connection.go:42.65,46.17 3 0
KNIRVENGINE/desktop-client/api/database_connection.go:46.17,48.3 1 0
KNIRVENGINE/desktop-client/api/database_connection.go:51.2,54.18 3 0
KNIRVENGINE/desktop-client/api/database_connection.go:55.17,56.25 1 0
KNIRVENGINE/desktop-client/api/database_connection.go:57.32,58.27 1 0
KNIRVENGINE/desktop-client/api/database_connection.go:59.15,60.24 1 0
KNIRVENGINE/desktop-client/api/database_connection.go:61.10,62.63 1 0
KNIRVENGINE/desktop-client/api/database_connection.go:66.2,67.16 2 0
KNIRVENGINE/desktop-client/api/database_connection.go:67.16,69.3 1 0
KNIRVENGINE/desktop-client/api/database_connection.go:72.2,72.46 1 0
KNIRVENGINE/desktop-client/api/database_connection.go:72.46,75.3 2 0
KNIRVENGINE/desktop-client/api/database_connection.go:78.2,85.12 6 0
KNIRVENGINE/desktop-client/api/database_connection.go:89.68,93.18 3 0
KNIRVENGINE/desktop-client/api/database_connection.go:93.18,95.3 1 0
KNIRVENGINE/desktop-client/api/database_connection.go:97.2,97.17 1 0
KNIRVENGINE/desktop-client/api/database_connection.go:97.17,99.3 1 0
KNIRVENGINE/desktop-client/api/database_connection.go:101.2,102.12 2 0
KNIRVENGINE/desktop-client/api/database_connection.go:106.49,110.2 3 0
KNIRVENGINE/desktop-client/api/database_connection.go:113.57,124.2 1 0
KNIRVENGINE/desktop-client/api/database_connection.go:127.129,128.22 1 0
KNIRVENGINE/desktop-client/api/database_connection.go:128.22,130.3 1 0
KNIRVENGINE/desktop-client/api/database_connection.go:132.2,132.19 1 0
KNIRVENGINE/desktop-client/api/database_connection.go:133.15,134.30 1 0
KNIRVENGINE/desktop-client/api/database_connection.go:135.17,136.32 1 0
KNIRVENGINE/desktop-client/api/database_connection.go:137.21,138.36 1 0
KNIRVENGINE/desktop-client/api/database_connection.go:139.21,140.35 1 0
KNIRVENGINE/desktop-client/api/database_connection.go:141.24,142.38 1 0
KNIRVENGINE/desktop-client/api/database_connection.go:143.20,144.34 1 0
KNIRVENGINE/desktop-client/api/database_connection.go:145.10,146.65 1 0
KNIRVENGINE/desktop-client/api/database_connection.go:151.65,162.32 4 0
KNIRVENGINE/desktop-client/api/database_connection.go:162.32,167.3 4 0
KNIRVENGINE/desktop-client/api/database_connection.go:169.2,169.15 1 0
KNIRVENGINE/desktop-client/api/database_connection.go:173.57,175.2 1 0
KNIRVENGINE/desktop-client/api/database_connection.go:179.52,180.54 1 0
KNIRVENGINE/desktop-client/api/database_connection.go:180.54,182.3 1 0
KNIRVENGINE/desktop-client/api/database_connection.go:183.2,183.19 1 0
KNIRVENGINE/desktop-client/api/database_connection.go:186.54,196.2 7 0
KNIRVENGINE/desktop-client/api/database_connection.go:198.51,206.2 6 0
KNIRVENGINE/desktop-client/api/database_connection.go:210.109,212.17 2 0
KNIRVENGINE/desktop-client/api/database_connection.go:212.17,214.3 1 0
KNIRVENGINE/desktop-client/api/database_connection.go:216.2,217.16 2 0
KNIRVENGINE/desktop-client/api/database_connection.go:217.16,219.3 1 0
KNIRVENGINE/desktop-client/api/database_connection.go:220.2,224.16 3 0
KNIRVENGINE/desktop-client/api/database_connection.go:224.16,226.3 1 0
KNIRVENGINE/desktop-client/api/database_connection.go:229.2,231.18 2 0
KNIRVENGINE/desktop-client/api/database_connection.go:231.18,236.25 3 0
KNIRVENGINE/desktop-client/api/database_connection.go:236.25,238.4 1 0
KNIRVENGINE/desktop-client/api/database_connection.go:241.3,241.49 1 0
KNIRVENGINE/desktop-client/api/database_connection.go:241.49,243.4 1 0
KNIRVENGINE/desktop-client/api/database_connection.go:246.3,247.31 2 0
KNIRVENGINE/desktop-client/api/database_connection.go:247.31,249.4 1 0
KNIRVENGINE/desktop-client/api/database_connection.go:250.3,250.33 1 0
KNIRVENGINE/desktop-client/api/database_connection.go:253.2,253.35 1 0
KNIRVENGINE/desktop-client/api/database_connection.go:253.35,255.3 1 0
KNIRVENGINE/desktop-client/api/database_connection.go:257.2,262.8 1 0
KNIRVENGINE/desktop-client/api/database_connection.go:265.111,267.17 2 0
KNIRVENGINE/desktop-client/api/database_connection.go:267.17,269.3 1 0
KNIRVENGINE/desktop-client/api/database_connection.go:271.2,272.16 2 0
KNIRVENGINE/desktop-client/api/database_connection.go:272.16,274.3 1 0
KNIRVENGINE/desktop-client/api/database_connection.go:276.2,283.8 3 0
KNIRVENGINE/desktop-client/api/database_connection.go:286.115,288.9 2 0
KNIRVENGINE/desktop-client/api/database_connection.go:288.9,290.3 1 0
KNIRVENGINE/desktop-client/api/database_connection.go:292.2,293.16 2 0
KNIRVENGINE/desktop-client/api/database_connection.go:293.16,295.3 1 0
KNIRVENGINE/desktop-client/api/database_connection.go:297.2,299.41 2 0
KNIRVENGINE/desktop-client/api/database_connection.go:299.41,301.10 2 0
KNIRVENGINE/desktop-client/api/database_connection.go:301.10,304.4 2 0
KNIRVENGINE/desktop-client/api/database_connection.go:306.3,307.17 2 0
KNIRVENGINE/desktop-client/api/database_connection.go:307.17,310.4 2 0
KNIRVENGINE/desktop-client/api/database_connection.go:312.3,319.5 3 0
KNIRVENGINE/desktop-client/api/database_connection.go:322.2,322.36 1 0
KNIRVENGINE/desktop-client/api/database_connection.go:322.36,324.3 1 0
KNIRVENGINE/desktop-client/api/database_connection.go:326.2,330.8 1 0
KNIRVENGINE/desktop-client/api/database_connection.go:333.114,337.18 3 0
KNIRVENGINE/desktop-client/api/database_connection.go:338.17,339.62 1 0
KNIRVENGINE/desktop-client/api/database_connection.go:340.32,341.72 1 0
KNIRVENGINE/desktop-client/api/database_connection.go:342.15,343.24 1 0
KNIRVENGINE/desktop-client/api/database_connection.go:344.10,345.86 1 0
KNIRVENGINE/desktop-client/api/database_connection.go:348.2,348.61 1 0
KNIRVENGINE/desktop-client/api/database_connection.go:351.117,353.21 2 0
KNIRVENGINE/desktop-client/api/database_connection.go:353.21,355.3 1 0
KNIRVENGINE/desktop-client/api/database_connection.go:357.2,359.18 2 0
KNIRVENGINE/desktop-client/api/database_connection.go:360.17,361.58 1 0
KNIRVENGINE/desktop-client/api/database_connection.go:362.32,363.135 1 0
KNIRVENGINE/desktop-client/api/database_connection.go:364.15,365.48 1 0
KNIRVENGINE/desktop-client/api/database_connection.go:366.10,367.89 1 0
KNIRVENGINE/desktop-client/api/database_connection.go:370.2,370.61 1 0
KNIRVENGINE/desktop-client/api/database_connection.go:373.113,376.16 2 0
KNIRVENGINE/desktop-client/api/database_connection.go:376.16,378.3 1 0
KNIRVENGINE/desktop-client/api/database_connection.go:380.2,384.8 1 0
KNIRVENGINE/desktop-client/api/enhanced_connection_security.go:81.80,92.2 3 0
KNIRVENGINE/desktop-client/api/enhanced_connection_security.go:95.79,183.2 3 0
KNIRVENGINE/desktop-client/api/enhanced_connection_security.go:195.37,200.16 3 0
KNIRVENGINE/desktop-client/api/enhanced_connection_security.go:200.16,203.3 2 0
KNIRVENGINE/desktop-client/api/enhanced_connection_security.go:206.2,207.9 2 0
KNIRVENGINE/desktop-client/api/enhanced_connection_security.go:207.9,210.3 2 0
KNIRVENGINE/desktop-client/api/enhanced_connection_security.go:213.2,265.17 8 0
KNIRVENGINE/desktop-client/api/enhanced_connection_security.go:273.37,278.9 4 0
KNIRVENGINE/desktop-client/api/enhanced_connection_security.go:278.9,296.3 2 0
KNIRVENGINE/desktop-client/api/enhanced_connection_security.go:299.2,299.37 1 0
KNIRVENGINE/desktop-client/api/enhanced_connection_security.go:299.37,317.3 2 0
KNIRVENGINE/desktop-client/api/enhanced_connection_security.go:320.2,320.105 1 0
KNIRVENGINE/desktop-client/api/enhanced_connection_security.go:320.105,321.33 1 0
KNIRVENGINE/desktop-client/api/enhanced_connection_security.go:321.33,342.4 2 0
KNIRVENGINE/desktop-client/api/enhanced_connection_security.go:346.2,364.17 3 0
KNIRVENGINE/desktop-client/api/enhanced_connection_security.go:375.9,377.16 2 0
KNIRVENGINE/desktop-client/api/enhanced_connection_security.go:377.16,379.3 1 0
KNIRVENGINE/desktop-client/api/enhanced_connection_security.go:382.2,382.36 1 0
KNIRVENGINE/desktop-client/api/enhanced_connection_security.go:382.36,383.51 1 0
KNIRVENGINE/desktop-client/api/enhanced_connection_security.go:383.51,385.72 1 0
KNIRVENGINE/desktop-client/api/enhanced_connection_security.go:385.72,405.5 2 0
KNIRVENGINE/desktop-client/api/enhanced_connection_security.go:410.2,428.91 2 0
KNIRVENGINE/desktop-client/api/enhanced_connection_security.go:435.9,437.41 1 0
KNIRVENGINE/desktop-client/api/enhanced_connection_security.go:437.41,438.81 1 0
KNIRVENGINE/desktop-client/api/enhanced_connection_security.go:438.81,440.45 2 0
KNIRVENGINE/desktop-client/api/enhanced_connection_security.go:440.45,441.53 1 0
KNIRVENGINE/desktop-client/api/enhanced_connection_security.go:441.53,443.11 2 0
KNIRVENGINE/desktop-client/api/enhanced_connection_security.go:446.4,446.20 1 0
KNIRVENGINE/desktop-client/api/enhanced_connection_security.go:446.20,448.5 1 0
KNIRVENGINE/desktop-client/api/enhanced_connection_security.go:453.2,453.71 1 0
KNIRVENGINE/desktop-client/api/enhanced_connection_security.go:453.71,454.87 1 0
KNIRVENGINE/desktop-client/api/enhanced_connection_security.go:454.87,457.51 3 0
KNIRVENGINE/desktop-client/api/enhanced_connection_security.go:457.51,458.34 1 0
KNIRVENGINE/desktop-client/api/enhanced_connection_security.go:458.34,460.11 2 0
KNIRVENGINE/desktop-client/api/enhanced_connection_security.go:463.4,463.23 1 0
KNIRVENGINE/desktop-client/api/enhanced_connection_security.go:463.23,465.5 1 0
KNIRVENGINE/desktop-client/api/enhanced_connection_security.go:470.2,470.39 1 0
KNIRVENGINE/desktop-client/api/enhanced_connection_security.go:470.39,471.83 1 0
KNIRVENGINE/desktop-client/api/enhanced_connection_security.go:471.83,473.47 2 0
KNIRVENGINE/desktop-client/api/enhanced_connection_security.go:473.47,474.45 1 0
KNIRVENGINE/desktop-client/api/enhanced_connection_security.go:474.45,477.49 2 0
KNIRVENGINE/desktop-client/api/enhanced_connection_security.go:477.49,479.12 2 0
KNIRVENGINE/desktop-client/api/enhanced_connection_security.go:481.11,481.44 1 0
KNIRVENGINE/desktop-client/api/enhanced_connection_security.go:481.44,483.11 2 0
KNIRVENGINE/desktop-client/api/enhanced_connection_security.go:486.4,486.21 1 0
KNIRVENGINE/desktop-client/api/enhanced_connection_security.go:486.21,488.5 1 0
KNIRVENGINE/desktop-client/api/enhanced_connection_security.go:492.2,492.12 1 0
KNIRVENGINE/desktop-client/api/enhanced_connection_security.go:501.9,506.9 4 0
KNIRVENGINE/desktop-client/api/enhanced_connection_security.go:506.9,508.3 1 0
KNIRVENGINE/desktop-client/api/enhanced_connection_security.go:511.2,532.12 4 0
KNIRVENGINE/desktop-client/api/enhanced_connection_security.go:541.9,546.9 4 0
KNIRVENGINE/desktop-client/api/enhanced_connection_security.go:546.9,548.3 1 0
KNIRVENGINE/desktop-client/api/enhanced_connection_security.go:551.2,572.12 3 0
KNIRVENGINE/desktop-client/api/enhanced_connection_security.go:577.94,585.27 4 0
KNIRVENGINE/desktop-client/api/enhanced_connection_security.go:585.27,586.49 1 0
KNIRVENGINE/desktop-client/api/enhanced_connection_security.go:586.49,588.4 1 0
KNIRVENGINE/desktop-client/api/enhanced_connection_security.go:592.2,592.65 1 0
KNIRVENGINE/desktop-client/api/enhanced_connection_security.go:592.65,596.3 1 0
KNIRVENGINE/desktop-client/api/enhanced_connection_security.go:600.88,608.27 4 0
KNIRVENGINE/desktop-client/api/enhanced_connection_security.go:608.27,613.9 4 0
KNIRVENGINE/desktop-client/api/enhanced_connection_security.go:613.9,617.4 3 0
KNIRVENGINE/desktop-client/api/enhanced_connection_security.go:621.2,621.65 1 0
KNIRVENGINE/desktop-client/api/enhanced_connection_security.go:621.65,625.3 1 0
KNIRVENGINE/desktop-client/api/enhanced_connection_security.go:636.24,642.35 4 0
KNIRVENGINE/desktop-client/api/enhanced_connection_security.go:642.35,644.76 1 0
KNIRVENGINE/desktop-client/api/enhanced_connection_security.go:644.76,646.27 1 0
KNIRVENGINE/desktop-client/api/enhanced_connection_security.go:646.27,648.42 2 0
KNIRVENGINE/desktop-client/api/enhanced_connection_security.go:648.42,649.38 1 0
KNIRVENGINE/desktop-client/api/enhanced_connection_security.go:649.38,651.12 2 0
KNIRVENGINE/desktop-client/api/enhanced_connection_security.go:654.5,654.21 1 0
KNIRVENGINE/desktop-client/api/enhanced_connection_security.go:654.21,655.14 1 0
KNIRVENGINE/desktop-client/api/enhanced_connection_security.go:660.4,660.52 1 0
KNIRVENGINE/desktop-client/api/enhanced_connection_security.go:660.52,661.13 1 0
KNIRVENGINE/desktop-client/api/enhanced_connection_security.go:665.4,665.45 1 0
KNIRVENGINE/desktop-client/api/enhanced_connection_security.go:665.45,666.13 1 0
KNIRVENGINE/desktop-client/api/enhanced_connection_security.go:670.4,670.55 1 0
KNIRVENGINE/desktop-client/api/enhanced_connection_security.go:670.55,671.13 1 0
KNIRVENGINE/desktop-client/api/enhanced_connection_security.go:674.4,674.50 1 0
KNIRVENGINE/desktop-client/api/enhanced_connection_security.go:678.2,678.23 1 0
KNIRVENGINE/desktop-client/api/enhanced_connection_security.go:682.70,687.41 4 0
KNIRVENGINE/desktop-client/api/enhanced_connection_security.go:687.41,688.31 1 0
KNIRVENGINE/desktop-client/api/enhanced_connection_security.go:688.31,709.4 2 0
KNIRVENGINE/desktop-client/api/enhanced_connection_security.go:731.41,740.2 1 0
KNIRVENGINE/desktop-client/api/enhanced_connection_security.go:743.83,752.16 1 0
KNIRVENGINE/desktop-client/api/enhanced_connection_security.go:752.16,754.3 1 0
KNIRVENGINE/desktop-client/api/enhanced_connection_security.go:756.2,756.34 1 0
KNIRVENGINE/desktop-client/api/enhanced_connection_security.go:760.86,762.2 1 0
KNIRVENGINE/desktop-client/api/enhanced_connection_security.go:765.67,767.2 1 0
KNIRVENGINE/desktop-client/api/enhanced_connection_security.go:770.75,774.45 3 0
KNIRVENGINE/desktop-client/api/enhanced_connection_security.go:774.45,788.17 3 0
KNIRVENGINE/desktop-client/api/enhanced_connection_security.go:788.17,790.4 1 0
KNIRVENGINE/desktop-client/api/enhanced_connection_security.go:793.2,793.28 1 0
KNIRVENGINE/desktop-client/api/enhanced_connection_security.go:801.24,816.16 3 0
KNIRVENGINE/desktop-client/api/enhanced_connection_security.go:816.16,818.3 1 0
KNIRVENGINE/desktop-client/api/enhanced_connection_security.go:821.2,821.70 1 0
KNIRVENGINE/desktop-client/api/enhanced_connection_security.go:821.70,823.3 1 0
KNIRVENGINE/desktop-client/api/enhanced_connection_security.go:826.2,834.25 2 0
KNIRVENGINE/desktop-client/api/enhanced_connection_security.go:834.25,835.18 1 0
KNIRVENGINE/desktop-client/api/enhanced_connection_security.go:835.18,837.5 1 0
KNIRVENGINE/desktop-client/api/enhanced_connection_security.go:837.10,839.5 1 0
KNIRVENGINE/desktop-client/api/enhanced_connection_security.go:848.27,849.19 1 0
KNIRVENGINE/desktop-client/api/enhanced_connection_security.go:849.19,851.6 1 0
KNIRVENGINE/desktop-client/api/enhanced_connection_security.go:851.11,853.6 1 0
KNIRVENGINE/desktop-client/api/enhanced_connection_security.go:856.29,857.18 1 0
KNIRVENGINE/desktop-client/api/enhanced_connection_security.go:857.18,859.5 1 0
KNIRVENGINE/desktop-client/api/enhanced_connection_security.go:859.10,861.5 1 0
KNIRVENGINE/desktop-client/api/enhanced_connection_security.go:863.27,864.18 1 0
KNIRVENGINE/desktop-client/api/enhanced_connection_security.go:864.18,866.5 1 0
KNIRVENGINE/desktop-client/api/enhanced_connection_security.go:866.10,868.5 1 0
KNIRVENGINE/desktop-client/api/enhanced_connection_security.go:872.2,872.20 1 0
KNIRVENGINE/desktop-client/api/enhanced_connection_security.go:876.83,884.2 4 0
KNIRVENGINE/desktop-client/api/enhanced_connection_security.go:887.75,889.2 1 0
KNIRVENGINE/desktop-client/api/enhanced_connection_security.go:897.9,898.25 1 0
KNIRVENGINE/desktop-client/api/enhanced_connection_security.go:899.34,900.52 1 0
KNIRVENGINE/desktop-client/api/enhanced_connection_security.go:901.37,902.55 1 0
KNIRVENGINE/desktop-client/api/enhanced_connection_security.go:903.33,904.51 1 0
KNIRVENGINE/desktop-client/api/enhanced_connection_security.go:905.36,906.54 1 0
KNIRVENGINE/desktop-client/api/enhanced_connection_security.go:907.10,908.67 1 0
KNIRVENGINE/desktop-client/api/enhanced_connection_security.go:916.9,918.31 1 0
KNIRVENGINE/desktop-client/api/enhanced_connection_security.go:918.31,919.74 1 0
KNIRVENGINE/desktop-client/api/enhanced_connection_security.go:919.74,921.4 1 0
KNIRVENGINE/desktop-client/api/enhanced_connection_security.go:923.2,923.12 1 0
KNIRVENGINE/desktop-client/api/enhanced_connection_security.go:930.9,931.67 1 0
KNIRVENGINE/desktop-client/api/enhanced_connection_security.go:931.67,933.3 1 0
KNIRVENGINE/desktop-client/api/enhanced_connection_security.go:936.2,936.59 1 0
KNIRVENGINE/desktop-client/api/enhanced_connection_security.go:936.59,937.46 1 0
KNIRVENGINE/desktop-client/api/enhanced_connection_security.go:937.46,938.106 1 0
KNIRVENGINE/desktop-client/api/enhanced_connection_security.go:938.106,940.5 1 0
KNIRVENGINE/desktop-client/api/enhanced_connection_security.go:944.2,944.36 1 0
KNIRVENGINE/desktop-client/api/enhanced_connection_security.go:944.36,945.52 1 0
KNIRVENGINE/desktop-client/api/enhanced_connection_security.go:945.52,947.48 2 0
KNIRVENGINE/desktop-client/api/enhanced_connection_security.go:947.48,948.62 1 0
KNIRVENGINE/desktop-client/api/enhanced_connection_security.go:948.62,950.6 1 0
KNIRVENGINE/desktop-client/api/enhanced_connection_security.go:955.2,955.12 1 0
KNIRVENGINE/desktop-client/api/enhanced_connection_security.go:962.9,963.70 1 0
KNIRVENGINE/desktop-client/api/enhanced_connection_security.go:963.70,965.3 1 0
KNIRVENGINE/desktop-client/api/enhanced_connection_security.go:968.2,968.36 1 0
KNIRVENGINE/desktop-client/api/enhanced_connection_security.go:968.36,969.52 1 0
KNIRVENGINE/desktop-client/api/enhanced_connection_security.go:969.52,975.47 4 0
KNIRVENGINE/desktop-client/api/enhanced_connection_security.go:975.47,976.34 1 0
KNIRVENGINE/desktop-client/api/enhanced_connection_security.go:976.34,978.11 2 0
KNIRVENGINE/desktop-client/api/enhanced_connection_security.go:982.4,982.16 1 0
KNIRVENGINE/desktop-client/api/enhanced_connection_security.go:982.16,984.5 1 0
KNIRVENGINE/desktop-client/api/enhanced_connection_security.go:988.2,988.12 1 0
KNIRVENGINE/desktop-client/api/enhanced_connection_security.go:995.9,996.66 1 0
KNIRVENGINE/desktop-client/api/enhanced_connection_security.go:996.66,998.3 1 0
KNIRVENGINE/desktop-client/api/enhanced_connection_security.go:1001.2,1002.35 2 0
KNIRVENGINE/desktop-client/api/enhanced_connection_security.go:1002.35,1003.27 1 0
KNIRVENGINE/desktop-client/api/enhanced_connection_security.go:1003.27,1005.4 1 0
KNIRVENGINE/desktop-client/api/enhanced_connection_security.go:1008.2,1008.12 1 0
KNIRVENGINE/desktop-client/api/enhanced_connection_security.go:1012.72,1033.50 2 0
KNIRVENGINE/desktop-client/api/enhanced_connection_security.go:1033.50,1035.3 1 0
KNIRVENGINE/desktop-client/api/enhanced_connection_security.go:1038.2,1038.29 1 0
KNIRVENGINE/desktop-client/api/enhanced_connection_security.go:1042.99,1045.27 2 0
KNIRVENGINE/desktop-client/api/enhanced_connection_security.go:1045.27,1047.3 1 0
KNIRVENGINE/desktop-client/api/enhanced_connection_security.go:1050.2,1050.20 1 0
KNIRVENGINE/desktop-client/api/enhanced_connection_security.go:1051.25,1052.27 1 0
KNIRVENGINE/desktop-client/api/enhanced_connection_security.go:1053.28,1054.30 1 0
KNIRVENGINE/desktop-client/api/enhanced_connection_security.go:1055.26,1056.28 1 0
KNIRVENGINE/desktop-client/api/enhanced_connection_security.go:1057.24,1058.26 1 0
KNIRVENGINE/desktop-client/api/enhanced_connection_security.go:1059.10,1060.30 1 0
KNIRVENGINE/desktop-client/api/enhanced_connection_security.go:1065.88,1067.89 1 0
KNIRVENGINE/desktop-client/api/enhanced_connection_security.go:1067.89,1068.46 1 0
KNIRVENGINE/desktop-client/api/enhanced_connection_security.go:1068.46,1070.4 1 0
KNIRVENGINE/desktop-client/api/enhanced_connection_security.go:1073.2,1073.36 1 0
KNIRVENGINE/desktop-client/api/enhanced_connection_security.go:1073.36,1074.52 1 0
KNIRVENGINE/desktop-client/api/enhanced_connection_security.go:1074.52,1076.4 1 0
KNIRVENGINE/desktop-client/api/enhanced_connection_security.go:1079.2,1079.67 1 0
KNIRVENGINE/desktop-client/api/enhanced_connection_security.go:1079.67,1080.48 1 0
KNIRVENGINE/desktop-client/api/enhanced_connection_security.go:1080.48,1082.4 1 0
KNIRVENGINE/desktop-client/api/enhanced_connection_security.go:1083.3,1083.48 1 0
KNIRVENGINE/desktop-client/api/enhanced_connection_security.go:1083.48,1085.4 1 0
KNIRVENGINE/desktop-client/api/enhanced_connection_security.go:1089.2,1089.11 1 0
KNIRVENGINE/desktop-client/api/enhanced_connection_security.go:1097.11,1102.23 2 0
KNIRVENGINE/desktop-client/api/enhanced_connection_security.go:1103.34,1104.19 1 0
KNIRVENGINE/desktop-client/api/enhanced_connection_security.go:1105.37,1106.19 1 0
KNIRVENGINE/desktop-client/api/enhanced_connection_security.go:1107.33,1108.19 1 0
KNIRVENGINE/desktop-client/api/enhanced_connection_security.go:1109.36,1110.19 1 0
KNIRVENGINE/desktop-client/api/enhanced_connection_security.go:1114.2,1114.20 1 0
KNIRVENGINE/desktop-client/api/enhanced_connection_security.go:1115.18,1116.19 1 0
KNIRVENGINE/desktop-client/api/enhanced_connection_security.go:1117.15,1118.19 1 0
KNIRVENGINE/desktop-client/api/enhanced_connection_security.go:1119.21,1120.19 1 0
KNIRVENGINE/desktop-client/api/enhanced_connection_security.go:1124.2,1124.17 1 0
KNIRVENGINE/desktop-client/api/enhanced_connection_security.go:1124.17,1126.3 1 0
KNIRVENGINE/desktop-client/api/enhanced_connection_security.go:1126.8,1128.3 1 0
KNIRVENGINE/desktop-client/api/enhanced_connection_security.go:1131.2,1131.19 1 0
KNIRVENGINE/desktop-client/api/enhanced_connection_security.go:1131.19,1133.3 1 0
KNIRVENGINE/desktop-client/api/enhanced_connection_security.go:1134.2,1134.19 1 0
KNIRVENGINE/desktop-client/api/enhanced_connection_security.go:1134.19,1136.3 1 0
KNIRVENGINE/desktop-client/api/enhanced_connection_security.go:1138.2,1138.18 1 0
KNIRVENGINE/desktop-client/api/enhanced_connection_security.go:1142.50,1148.44 3 0
KNIRVENGINE/desktop-client/api/enhanced_connection_security.go:1148.44,1150.3 1 0
KNIRVENGINE/desktop-client/api/enhanced_connection_security.go:1153.2,1157.47 4 0
KNIRVENGINE/desktop-client/api/filesystem_connection.go:30.84,37.60 2 1
KNIRVENGINE/desktop-client/api/filesystem_connection.go:37.60,39.3 1 1
KNIRVENGINE/desktop-client/api/filesystem_connection.go:39.8,41.3 1 0
KNIRVENGINE/desktop-client/api/filesystem_connection.go:43.2,43.75 1 1
KNIRVENGINE/desktop-client/api/filesystem_connection.go:43.75,44.37 1 0
KNIRVENGINE/desktop-client/api/filesystem_connection.go:44.37,45.40 1 0
KNIRVENGINE/desktop-client/api/filesystem_connection.go:45.40,47.5 1 0
KNIRVENGINE/desktop-client/api/filesystem_connection.go:51.2,51.73 1 1
KNIRVENGINE/desktop-client/api/filesystem_connection.go:51.73,52.36 1 0
KNIRVENGINE/desktop-client/api/filesystem_connection.go:52.36,53.40 1 0
KNIRVENGINE/desktop-client/api/filesystem_connection.go:53.40,55.5 1 0
KNIRVENGINE/desktop-client/api/filesystem_connection.go:59.2,59.58 1 1
KNIRVENGINE/desktop-client/api/filesystem_connection.go:59.58,61.3 1 1
KNIRVENGINE/desktop-client/api/filesystem_connection.go:63.2,63.63 1 1
KNIRVENGINE/desktop-client/api/filesystem_connection.go:63.63,65.3 1 1
KNIRVENGINE/desktop-client/api/filesystem_connection.go:67.2,67.18 1 1
KNIRVENGINE/desktop-client/api/filesystem_connection.go:71.67,76.17 4 1
KNIRVENGINE/desktop-client/api/filesystem_connection.go:76.17,78.3 1 0
KNIRVENGINE/desktop-client/api/filesystem_connection.go:81.2,81.47 1 1
KNIRVENGINE/desktop-client/api/filesystem_connection.go:81.47,83.3 1 0
KNIRVENGINE/desktop-client/api/filesystem_connection.go:86.2,87.69 2 1
KNIRVENGINE/desktop-client/api/filesystem_connection.go:87.69,88.18 1 0
KNIRVENGINE/desktop-client/api/filesystem_connection.go:88.18,90.4 1 0
KNIRVENGINE/desktop-client/api/filesystem_connection.go:91.8,93.3 1 1
KNIRVENGINE/desktop-client/api/filesystem_connection.go:95.2,97.12 3 1
KNIRVENGINE/desktop-client/api/filesystem_connection.go:101.70,108.2 5 1
KNIRVENGINE/desktop-client/api/filesystem_connection.go:111.51,115.2 3 1
KNIRVENGINE/desktop-client/api/filesystem_connection.go:118.59,127.17 2 1
KNIRVENGINE/desktop-client/api/filesystem_connection.go:127.17,137.3 1 1
KNIRVENGINE/desktop-client/api/filesystem_connection.go:139.2,139.21 1 1
KNIRVENGINE/desktop-client/api/filesystem_connection.go:143.131,144.22 1 1
KNIRVENGINE/desktop-client/api/filesystem_connection.go:144.22,146.3 1 0
KNIRVENGINE/desktop-client/api/filesystem_connection.go:148.2,148.19 1 1
KNIRVENGINE/desktop-client/api/filesystem_connection.go:149.19,150.33 1 0
KNIRVENGINE/desktop-client/api/filesystem_connection.go:151.20,152.34 1 0
KNIRVENGINE/desktop-client/api/filesystem_connection.go:153.24,154.38 1 1
KNIRVENGINE/desktop-client/api/filesystem_connection.go:155.26,156.40 1 0
KNIRVENGINE/desktop-client/api/filesystem_connection.go:157.21,158.35 1 0
KNIRVENGINE/desktop-client/api/filesystem_connection.go:159.26,160.40 1 0
KNIRVENGINE/desktop-client/api/filesystem_connection.go:161.23,162.36 1 0
KNIRVENGINE/desktop-client/api/filesystem_connection.go:163.19,164.33 1 0
KNIRVENGINE/desktop-client/api/filesystem_connection.go:165.19,166.33 1 0
KNIRVENGINE/desktop-client/api/filesystem_connection.go:167.22,168.36 1 0
KNIRVENGINE/desktop-client/api/filesystem_connection.go:169.25,170.39 1 0
KNIRVENGINE/desktop-client/api/filesystem_connection.go:171.25,172.39 1 0
KNIRVENGINE/desktop-client/api/filesystem_connection.go:173.10,174.65 1 0
KNIRVENGINE/desktop-client/api/filesystem_connection.go:179.67,192.17 4 1
KNIRVENGINE/desktop-client/api/filesystem_connection.go:192.17,194.49 1 1
KNIRVENGINE/desktop-client/api/filesystem_connection.go:194.49,196.4 1 1
KNIRVENGINE/desktop-client/api/filesystem_connection.go:199.2,199.15 1 1
KNIRVENGINE/desktop-client/api/filesystem_connection.go:203.59,205.2 1 1
KNIRVENGINE/desktop-client/api/filesystem_connection.go:210.64,215.32 2 1
KNIRVENGINE/desktop-client/api/filesystem_connection.go:215.32,217.3 1 1
KNIRVENGINE/desktop-client/api/filesystem_connection.go:220.2,220.47 1 1
KNIRVENGINE/desktop-client/api/filesystem_connection.go:220.47,222.3 1 0
KNIRVENGINE/desktop-client/api/filesystem_connection.go:225.2,225.39 1 1
KNIRVENGINE/desktop-client/api/filesystem_connection.go:225.39,226.43 1 0
KNIRVENGINE/desktop-client/api/filesystem_connection.go:226.43,228.4 1 0
KNIRVENGINE/desktop-client/api/filesystem_connection.go:232.2,232.29 1 1
KNIRVENGINE/desktop-client/api/filesystem_connection.go:232.29,234.46 2 0
KNIRVENGINE/desktop-client/api/filesystem_connection.go:234.46,235.49 1 0
KNIRVENGINE/desktop-client/api/filesystem_connection.go:235.49,237.10 2 0
KNIRVENGINE/desktop-client/api/filesystem_connection.go:240.3,240.15 1 0
KNIRVENGINE/desktop-client/api/filesystem_connection.go:240.15,242.4 1 0
KNIRVENGINE/desktop-client/api/filesystem_connection.go:245.2,245.12 1 1
KNIRVENGINE/desktop-client/api/filesystem_connection.go:249.73,250.45 1 1
KNIRVENGINE/desktop-client/api/filesystem_connection.go:250.45,252.3 1 0
KNIRVENGINE/desktop-client/api/filesystem_connection.go:254.2,255.32 2 1
KNIRVENGINE/desktop-client/api/filesystem_connection.go:255.32,257.3 1 1
KNIRVENGINE/desktop-client/api/filesystem_connection.go:259.2,259.23 1 1
KNIRVENGINE/desktop-client/api/filesystem_connection.go:263.79,267.49 3 1
KNIRVENGINE/desktop-client/api/filesystem_connection.go:267.49,269.3 1 0
KNIRVENGINE/desktop-client/api/filesystem_connection.go:272.2,278.8 1 1
KNIRVENGINE/desktop-client/api/filesystem_connection.go:282.120,284.16 2 0
KNIRVENGINE/desktop-client/api/filesystem_connection.go:284.16,286.3 1 0
KNIRVENGINE/desktop-client/api/filesystem_connection.go:288.2,289.16 2 0
KNIRVENGINE/desktop-client/api/filesystem_connection.go:289.16,291.3 1 0
KNIRVENGINE/desktop-client/api/filesystem_connection.go:293.2,294.16 2 0
KNIRVENGINE/desktop-client/api/filesystem_connection.go:294.16,296.3 1 0
KNIRVENGINE/desktop-client/api/filesystem_connection.go:298.2,299.16 2 0
KNIRVENGINE/desktop-client/api/filesystem_connection.go:299.16,301.3 1 0
KNIRVENGINE/desktop-client/api/filesystem_connection.go:304.2,305.34 2 0
KNIRVENGINE/desktop-client/api/filesystem_connection.go:305.34,307.64 1 0
KNIRVENGINE/desktop-client/api/filesystem_connection.go:307.64,309.4 1 0
KNIRVENGINE/desktop-client/api/filesystem_connection.go:309.9,311.4 1 0
KNIRVENGINE/desktop-client/api/filesystem_connection.go:312.8,314.64 1 0
KNIRVENGINE/desktop-client/api/filesystem_connection.go:314.64,316.4 1 0
KNIRVENGINE/desktop-client/api/filesystem_connection.go:316.9,318.4 1 0
KNIRVENGINE/desktop-client/api/filesystem_connection.go:321.2,321.57 1 0
KNIRVENGINE/desktop-client/api/filesystem_connection.go:321.57,323.3 1 0
KNIRVENGINE/desktop-client/api/filesystem_connection.go:325.2,329.8 1 0
KNIRVENGINE/desktop-client/api/filesystem_connection.go:333.120,336.16 3 0
KNIRVENGINE/desktop-client/api/filesystem_connection.go:336.16,338.3 1 0
KNIRVENGINE/desktop-client/api/filesystem_connection.go:340.2,341.16 2 0
KNIRVENGINE/desktop-client/api/filesystem_connection.go:341.16,343.3 1 0
KNIRVENGINE/desktop-client/api/filesystem_connection.go:346.2,346.52 1 0
KNIRVENGINE/desktop-client/api/filesystem_connection.go:346.52,348.3 1 0
KNIRVENGINE/desktop-client/api/filesystem_connection.go:348.8,348.26 1 0
KNIRVENGINE/desktop-client/api/filesystem_connection.go:348.26,350.3 1 0
KNIRVENGINE/desktop-client/api/filesystem_connection.go:354.2,355.16 2 0
KNIRVENGINE/desktop-client/api/filesystem_connection.go:355.16,357.3 1 0
KNIRVENGINE/desktop-client/api/filesystem_connection.go:359.2,360.32 2 0
KNIRVENGINE/desktop-client/api/filesystem_connection.go:360.32,362.17 2 0
KNIRVENGINE/desktop-client/api/filesystem_connection.go:362.17,363.12 1 0
KNIRVENGINE/desktop-client/api/filesystem_connection.go:366.3,371.5 1 0
KNIRVENGINE/desktop-client/api/filesystem_connection.go:374.2,381.8 1 0
KNIRVENGINE/desktop-client/api/filesystem_connection.go:387.114,390.16 3 0
KNIRVENGINE/desktop-client/api/filesystem_connection.go:390.16,392.3 1 0
KNIRVENGINE/desktop-client/api/filesystem_connection.go:394.2,395.16 2 0
KNIRVENGINE/desktop-client/api/filesystem_connection.go:395.16,397.3 1 0
KNIRVENGINE/desktop-client/api/filesystem_connection.go:400.2,400.52 1 0
KNIRVENGINE/desktop-client/api/filesystem_connection.go:400.52,402.3 1 0
KNIRVENGINE/desktop-client/api/filesystem_connection.go:402.8,402.40 1 0
KNIRVENGINE/desktop-client/api/filesystem_connection.go:402.40,404.3 1 0
KNIRVENGINE/desktop-client/api/filesystem_connection.go:406.2,407.16 2 0
KNIRVENGINE/desktop-client/api/filesystem_connection.go:407.16,409.3 1 0
KNIRVENGINE/desktop-client/api/filesystem_connection.go:411.2,416.8 1 0
KNIRVENGINE/desktop-client/api/filesystem_connection.go:420.115,422.16 2 0
KNIRVENGINE/desktop-client/api/filesystem_connection.go:422.16,424.3 1 0
KNIRVENGINE/desktop-client/api/filesystem_connection.go:426.2,428.16 3 0
KNIRVENGINE/desktop-client/api/filesystem_connection.go:428.16,430.3 1 0
KNIRVENGINE/desktop-client/api/filesystem_connection.go:432.2,433.16 2 0
KNIRVENGINE/desktop-client/api/filesystem_connection.go:433.16,435.3 1 0
KNIRVENGINE/desktop-client/api/filesystem_connection.go:438.2,438.38 1 0
KNIRVENGINE/desktop-client/api/filesystem_connection.go:438.38,440.3 1 0
KNIRVENGINE/desktop-client/api/filesystem_connection.go:443.2,443.70 1 0
KNIRVENGINE/desktop-client/api/filesystem_connection.go:443.70,445.3 1 0
KNIRVENGINE/desktop-client/api/filesystem_connection.go:448.2,448.71 1 0
KNIRVENGINE/desktop-client/api/filesystem_connection.go:448.71,450.3 1 0
KNIRVENGINE/desktop-client/api/filesystem_connection.go:452.2,456.8 1 0
KNIRVENGINE/desktop-client/api/filesystem_connection.go:460.119,463.16 3 1
KNIRVENGINE/desktop-client/api/filesystem_connection.go:463.16,465.3 1 0
KNIRVENGINE/desktop-client/api/filesystem_connection.go:467.2,468.16 2 1
KNIRVENGINE/desktop-client/api/filesystem_connection.go:468.16,470.3 1 0
KNIRVENGINE/desktop-client/api/filesystem_connection.go:472.2,473.16 2 1
KNIRVENGINE/desktop-client/api/filesystem_connection.go:473.16,475.3 1 0
KNIRVENGINE/desktop-client/api/filesystem_connection.go:477.2,478.32 2 1
KNIRVENGINE/desktop-client/api/filesystem_connection.go:478.32,480.17 2 1
KNIRVENGINE/desktop-client/api/filesystem_connection.go:480.17,481.12 1 0
KNIRVENGINE/desktop-client/api/filesystem_connection.go:484.3,490.5 1 1
KNIRVENGINE/desktop-client/api/filesystem_connection.go:493.2,498.8 1 1
KNIRVENGINE/desktop-client/api/filesystem_connection.go:502.121,504.16 2 0
KNIRVENGINE/desktop-client/api/filesystem_connection.go:504.16,506.3 1 0
KNIRVENGINE/desktop-client/api/filesystem_connection.go:508.2,509.16 2 0
KNIRVENGINE/desktop-client/api/filesystem_connection.go:509.16,511.3 1 0
KNIRVENGINE/desktop-client/api/filesystem_connection.go:513.2,514.16 2 0
KNIRVENGINE/desktop-client/api/filesystem_connection.go:514.16,516.3 1 0
KNIRVENGINE/desktop-client/api/filesystem_connection.go:518.2,521.15 3 0
KNIRVENGINE/desktop-client/api/filesystem_connection.go:521.15,523.3 1 0
KNIRVENGINE/desktop-client/api/filesystem_connection.go:523.8,525.3 1 0
KNIRVENGINE/desktop-client/api/filesystem_connection.go:527.2,527.22 1 0
KNIRVENGINE/desktop-client/api/filesystem_connection.go:527.22,529.3 1 0
KNIRVENGINE/desktop-client/api/filesystem_connection.go:531.2,534.8 1 0
KNIRVENGINE/desktop-client/api/filesystem_connection.go:538.116,540.16 2 0
KNIRVENGINE/desktop-client/api/filesystem_connection.go:540.16,542.3 1 0
KNIRVENGINE/desktop-client/api/filesystem_connection.go:544.2,545.16 2 0
KNIRVENGINE/desktop-client/api/filesystem_connection.go:545.16,547.3 1 0
KNIRVENGINE/desktop-client/api/filesystem_connection.go:549.2,550.16 2 0
KNIRVENGINE/desktop-client/api/filesystem_connection.go:550.16,552.3 1 0
KNIRVENGINE/desktop-client/api/filesystem_connection.go:555.2,555.52 1 0
KNIRVENGINE/desktop-client/api/filesystem_connection.go:555.52,557.3 1 0
KNIRVENGINE/desktop-client/api/filesystem_connection.go:557.8,557.25 1 0
KNIRVENGINE/desktop-client/api/filesystem_connection.go:557.25,559.3 1 0
KNIRVENGINE/desktop-client/api/filesystem_connection.go:561.2,561.48 1 0
KNIRVENGINE/desktop-client/api/filesystem_connection.go:561.48,563.3 1 0
KNIRVENGINE/desktop-client/api/filesystem_connection.go:565.2,568.8 1 0
KNIRVENGINE/desktop-client/api/filesystem_connection.go:572.121,574.16 2 0
KNIRVENGINE/desktop-client/api/filesystem_connection.go:574.16,576.3 1 0
KNIRVENGINE/desktop-client/api/filesystem_connection.go:578.2,579.16 2 0
KNIRVENGINE/desktop-client/api/filesystem_connection.go:579.16,581.3 1 0
KNIRVENGINE/desktop-client/api/filesystem_connection.go:583.2,584.16 2 0
KNIRVENGINE/desktop-client/api/filesystem_connection.go:584.16,586.3 1 0
KNIRVENGINE/desktop-client/api/filesystem_connection.go:589.2,589.52 1 0
KNIRVENGINE/desktop-client/api/filesystem_connection.go:589.52,591.3 1 0
KNIRVENGINE/desktop-client/api/filesystem_connection.go:591.8,591.26 1 0
KNIRVENGINE/desktop-client/api/filesystem_connection.go:591.26,593.3 1 0
KNIRVENGINE/desktop-client/api/filesystem_connection.go:595.2,598.15 3 0
KNIRVENGINE/desktop-client/api/filesystem_connection.go:598.15,600.3 1 0
KNIRVENGINE/desktop-client/api/filesystem_connection.go:600.8,602.3 1 0
KNIRVENGINE/desktop-client/api/filesystem_connection.go:604.2,604.22 1 0
KNIRVENGINE/desktop-client/api/filesystem_connection.go:604.22,606.3 1 0
KNIRVENGINE/desktop-client/api/filesystem_connection.go:608.2,611.8 1 0
KNIRVENGINE/desktop-client/api/filesystem_connection.go:615.117,618.16 3 0
KNIRVENGINE/desktop-client/api/filesystem_connection.go:618.16,620.3 1 0
KNIRVENGINE/desktop-client/api/filesystem_connection.go:622.2,623.16 2 0
KNIRVENGINE/desktop-client/api/filesystem_connection.go:623.16,625.3 1 0
KNIRVENGINE/desktop-client/api/filesystem_connection.go:627.2,628.16 2 0
KNIRVENGINE/desktop-client/api/filesystem_connection.go:628.16,630.3 1 0
KNIRVENGINE/desktop-client/api/filesystem_connection.go:632.2,640.8 1 0
KNIRVENGINE/desktop-client/api/filesystem_connection.go:644.114,646.16 2 0
KNIRVENGINE/desktop-client/api/filesystem_connection.go:646.16,648.3 1 0
KNIRVENGINE/desktop-client/api/filesystem_connection.go:650.2,652.36 3 0
KNIRVENGINE/desktop-client/api/filesystem_connection.go:652.36,654.3 1 0
KNIRVENGINE/desktop-client/api/filesystem_connection.go:656.2,657.16 2 0
KNIRVENGINE/desktop-client/api/filesystem_connection.go:657.16,659.3 1 0
KNIRVENGINE/desktop-client/api/filesystem_connection.go:661.2,662.16 2 0
KNIRVENGINE/desktop-client/api/filesystem_connection.go:662.16,664.3 1 0
KNIRVENGINE/desktop-client/api/filesystem_connection.go:667.2,667.69 1 0
KNIRVENGINE/desktop-client/api/filesystem_connection.go:667.69,669.3 1 0
KNIRVENGINE/desktop-client/api/filesystem_connection.go:671.2,671.60 1 0
KNIRVENGINE/desktop-client/api/filesystem_connection.go:671.60,673.3 1 0
KNIRVENGINE/desktop-client/api/filesystem_connection.go:675.2,679.8 1 0
KNIRVENGINE/desktop-client/api/filesystem_connection.go:683.114,685.16 2 0
KNIRVENGINE/desktop-client/api/filesystem_connection.go:685.16,687.3 1 0
KNIRVENGINE/desktop-client/api/filesystem_connection.go:689.2,691.36 3 0
KNIRVENGINE/desktop-client/api/filesystem_connection.go:691.36,693.3 1 0
KNIRVENGINE/desktop-client/api/filesystem_connection.go:695.2,696.16 2 0
KNIRVENGINE/desktop-client/api/filesystem_connection.go:696.16,698.3 1 0
KNIRVENGINE/desktop-client/api/filesystem_connection.go:700.2,701.16 2 0
KNIRVENGINE/desktop-client/api/filesystem_connection.go:701.16,703.3 1 0
KNIRVENGINE/desktop-client/api/filesystem_connection.go:706.2,707.16 2 0
KNIRVENGINE/desktop-client/api/filesystem_connection.go:707.16,709.3 1 0
KNIRVENGINE/desktop-client/api/filesystem_connection.go:710.2,713.69 2 0
KNIRVENGINE/desktop-client/api/filesystem_connection.go:713.69,715.3 1 0
KNIRVENGINE/desktop-client/api/filesystem_connection.go:718.2,719.16 2 0
KNIRVENGINE/desktop-client/api/filesystem_connection.go:719.16,721.3 1 0
KNIRVENGINE/desktop-client/api/filesystem_connection.go:722.2,726.16 3 0
KNIRVENGINE/desktop-client/api/filesystem_connection.go:726.16,728.3 1 0
KNIRVENGINE/desktop-client/api/filesystem_connection.go:730.2,735.8 1 0
KNIRVENGINE/desktop-client/api/filesystem_connection.go:739.117,746.16 6 0
KNIRVENGINE/desktop-client/api/filesystem_connection.go:746.16,748.3 1 0
KNIRVENGINE/desktop-client/api/filesystem_connection.go:750.2,752.15 2 0
KNIRVENGINE/desktop-client/api/filesystem_connection.go:752.15,753.92 1 0
KNIRVENGINE/desktop-client/api/filesystem_connection.go:753.92,754.18 1 0
KNIRVENGINE/desktop-client/api/filesystem_connection.go:754.18,756.5 1 0
KNIRVENGINE/desktop-client/api/filesystem_connection.go:759.4,759.67 1 0
KNIRVENGINE/desktop-client/api/filesystem_connection.go:759.67,761.5 1 0
KNIRVENGINE/desktop-client/api/filesystem_connection.go:763.4,764.23 2 0
KNIRVENGINE/desktop-client/api/filesystem_connection.go:764.23,766.5 1 0
KNIRVENGINE/desktop-client/api/filesystem_connection.go:768.4,768.15 1 0
KNIRVENGINE/desktop-client/api/filesystem_connection.go:768.15,770.23 2 0
KNIRVENGINE/desktop-client/api/filesystem_connection.go:770.23,779.6 2 0
KNIRVENGINE/desktop-client/api/filesystem_connection.go:781.4,781.14 1 0
KNIRVENGINE/desktop-client/api/filesystem_connection.go:783.8,785.17 2 0
KNIRVENGINE/desktop-client/api/filesystem_connection.go:785.17,787.4 1 0
KNIRVENGINE/desktop-client/api/filesystem_connection.go:789.3,789.33 1 0
KNIRVENGINE/desktop-client/api/filesystem_connection.go:789.33,791.23 2 0
KNIRVENGINE/desktop-client/api/filesystem_connection.go:791.23,792.13 1 0
KNIRVENGINE/desktop-client/api/filesystem_connection.go:795.4,795.15 1 0
KNIRVENGINE/desktop-client/api/filesystem_connection.go:795.15,797.23 2 0
KNIRVENGINE/desktop-client/api/filesystem_connection.go:797.23,805.6 1 0
KNIRVENGINE/desktop-client/api/filesystem_connection.go:810.2,816.8 1 0
KNIRVENGINE/desktop-client/api/mcp_config_http.go:55.81,58.16 2 1
KNIRVENGINE/desktop-client/api/mcp_config_http.go:58.16,61.3 1 0
KNIRVENGINE/desktop-client/api/mcp_config_http.go:64.2,64.51 1 1
KNIRVENGINE/desktop-client/api/mcp_config_http.go:64.51,67.3 1 0
KNIRVENGINE/desktop-client/api/mcp_config_http.go:69.2,78.16 3 1
KNIRVENGINE/desktop-client/api/mcp_config_http.go:82.49,84.16 2 1
KNIRVENGINE/desktop-client/api/mcp_config_http.go:84.16,86.3 1 0
KNIRVENGINE/desktop-client/api/mcp_config_http.go:88.2,88.29 1 1
KNIRVENGINE/desktop-client/api/mcp_config_http.go:88.29,90.17 2 0
KNIRVENGINE/desktop-client/api/mcp_config_http.go:90.17,91.12 1 0
KNIRVENGINE/desktop-client/api/mcp_config_http.go:94.3,95.55 2 0
KNIRVENGINE/desktop-client/api/mcp_config_http.go:95.55,96.12 1 0
KNIRVENGINE/desktop-client/api/mcp_config_http.go:99.3,99.39 1 0
KNIRVENGINE/desktop-client/api/mcp_config_http.go:104.77,106.16 2 0
KNIRVENGINE/desktop-client/api/mcp_config_http.go:106.16,108.3 1 0
KNIRVENGINE/desktop-client/api/mcp_config_http.go:110.2,111.43 2 0
KNIRVENGINE/desktop-client/api/mcp_config_http.go:115.87,120.13 4 0
KNIRVENGINE/desktop-client/api/mcp_config_http.go:120.13,123.17 2 0
KNIRVENGINE/desktop-client/api/mcp_config_http.go:123.17,125.4 1 0
KNIRVENGINE/desktop-client/api/mcp_config_http.go:127.3,128.31 2 0
KNIRVENGINE/desktop-client/api/mcp_config_http.go:131.2,131.20 1 0
KNIRVENGINE/desktop-client/api/mcp_config_http.go:135.122,140.13 4 0
KNIRVENGINE/desktop-client/api/mcp_config_http.go:140.13,143.17 2 0
KNIRVENGINE/desktop-client/api/mcp_config_http.go:143.17,145.4 1 0
KNIRVENGINE/desktop-client/api/mcp_config_http.go:146.3,146.41 1 0
KNIRVENGINE/desktop-client/api/mcp_config_http.go:150.2,150.46 1 0
KNIRVENGINE/desktop-client/api/mcp_config_http.go:150.46,152.3 1 0
KNIRVENGINE/desktop-client/api/mcp_config_http.go:153.2,153.60 1 0
KNIRVENGINE/desktop-client/api/mcp_config_http.go:153.60,155.3 1 0
KNIRVENGINE/desktop-client/api/mcp_config_http.go:156.2,156.68 1 0
KNIRVENGINE/desktop-client/api/mcp_config_http.go:156.68,158.25 2 0
KNIRVENGINE/desktop-client/api/mcp_config_http.go:158.25,159.33 1 0
KNIRVENGINE/desktop-client/api/mcp_config_http.go:159.33,161.5 1 0
KNIRVENGINE/desktop-client/api/mcp_config_http.go:164.2,164.58 1 0
KNIRVENGINE/desktop-client/api/mcp_config_http.go:164.58,166.28 2 0
KNIRVENGINE/desktop-client/api/mcp_config_http.go:166.28,167.35 1 0
KNIRVENGINE/desktop-client/api/mcp_config_http.go:167.35,169.5 1 0
KNIRVENGINE/desktop-client/api/mcp_config_http.go:172.2,172.59 1 0
KNIRVENGINE/desktop-client/api/mcp_config_http.go:172.59,174.3 1 0
KNIRVENGINE/desktop-client/api/mcp_config_http.go:175.2,175.55 1 0
KNIRVENGINE/desktop-client/api/mcp_config_http.go:175.55,177.3 1 0
KNIRVENGINE/desktop-client/api/mcp_config_http.go:178.2,178.64 1 0
KNIRVENGINE/desktop-client/api/mcp_config_http.go:178.64,180.3 1 0
KNIRVENGINE/desktop-client/api/mcp_config_http.go:181.2,181.62 1 0
KNIRVENGINE/desktop-client/api/mcp_config_http.go:181.62,183.3 1 0
KNIRVENGINE/desktop-client/api/mcp_config_http.go:186.2,186.77 1 0
KNIRVENGINE/desktop-client/api/mcp_config_http.go:186.77,187.55 1 0
KNIRVENGINE/desktop-client/api/mcp_config_http.go:187.55,189.4 1 0
KNIRVENGINE/desktop-client/api/mcp_config_http.go:190.3,190.60 1 0
KNIRVENGINE/desktop-client/api/mcp_config_http.go:190.60,192.4 1 0
KNIRVENGINE/desktop-client/api/mcp_config_http.go:193.3,193.58 1 0
KNIRVENGINE/desktop-client/api/mcp_config_http.go:193.58,195.4 1 0
KNIRVENGINE/desktop-client/api/mcp_config_http.go:199.2,199.72 1 0
KNIRVENGINE/desktop-client/api/mcp_config_http.go:199.72,200.61 1 0
KNIRVENGINE/desktop-client/api/mcp_config_http.go:200.61,202.4 1 0
KNIRVENGINE/desktop-client/api/mcp_config_http.go:203.3,203.55 1 0
KNIRVENGINE/desktop-client/api/mcp_config_http.go:203.55,205.4 1 0
KNIRVENGINE/desktop-client/api/mcp_config_http.go:209.2,209.70 1 0
KNIRVENGINE/desktop-client/api/mcp_config_http.go:209.70,210.56 1 0
KNIRVENGINE/desktop-client/api/mcp_config_http.go:210.56,212.4 1 0
KNIRVENGINE/desktop-client/api/mcp_config_http.go:213.3,213.72 1 0
KNIRVENGINE/desktop-client/api/mcp_config_http.go:213.72,215.38 2 0
KNIRVENGINE/desktop-client/api/mcp_config_http.go:215.38,216.37 1 0
KNIRVENGINE/desktop-client/api/mcp_config_http.go:216.37,218.6 1 0
KNIRVENGINE/desktop-client/api/mcp_config_http.go:221.3,221.72 1 0
KNIRVENGINE/desktop-client/api/mcp_config_http.go:221.72,223.38 2 0
KNIRVENGINE/desktop-client/api/mcp_config_http.go:223.38,224.37 1 0
KNIRVENGINE/desktop-client/api/mcp_config_http.go:224.37,226.6 1 0
KNIRVENGINE/desktop-client/api/mcp_config_http.go:229.3,229.72 1 0
KNIRVENGINE/desktop-client/api/mcp_config_http.go:229.72,231.38 2 0
KNIRVENGINE/desktop-client/api/mcp_config_http.go:231.38,232.38 1 0
KNIRVENGINE/desktop-client/api/mcp_config_http.go:232.38,234.6 1 0
KNIRVENGINE/desktop-client/api/mcp_config_http.go:237.3,237.64 1 0
KNIRVENGINE/desktop-client/api/mcp_config_http.go:237.64,239.4 1 0
KNIRVENGINE/desktop-client/api/mcp_config_http.go:242.2,246.52 3 0
KNIRVENGINE/desktop-client/api/mcp_config_http.go:246.52,248.3 1 0
KNIRVENGINE/desktop-client/api/mcp_config_http.go:250.2,250.20 1 0
KNIRVENGINE/desktop-client/api/mcp_config_http.go:254.70,262.67 5 0
KNIRVENGINE/desktop-client/api/mcp_config_http.go:262.67,264.3 1 0
KNIRVENGINE/desktop-client/api/mcp_config_http.go:266.2,266.12 1 0
KNIRVENGINE/desktop-client/api/mcp_config_http.go:270.72,276.30 4 0
KNIRVENGINE/desktop-client/api/mcp_config_http.go:276.30,278.3 1 0
KNIRVENGINE/desktop-client/api/mcp_config_http.go:280.2,280.15 1 0
KNIRVENGINE/desktop-client/api/mcp_config_http.go:284.84,318.2 13 0
KNIRVENGINE/desktop-client/api/mcp_config_http.go:321.34,323.2 1 0
KNIRVENGINE/desktop-client/api/mcp_config_http.go:328.91,333.16 4 0
KNIRVENGINE/desktop-client/api/mcp_config_http.go:333.16,336.3 2 0
KNIRVENGINE/desktop-client/api/mcp_config_http.go:338.2,343.37 3 0
KNIRVENGINE/desktop-client/api/mcp_config_http.go:347.94,352.65 4 0
KNIRVENGINE/desktop-client/api/mcp_config_http.go:352.65,355.3 2 0
KNIRVENGINE/desktop-client/api/mcp_config_http.go:357.2,358.16 2 0
KNIRVENGINE/desktop-client/api/mcp_config_http.go:358.16,361.3 2 0
KNIRVENGINE/desktop-client/api/mcp_config_http.go:363.2,368.37 3 0
KNIRVENGINE/desktop-client/api/mcp_config_http.go:372.94,376.55 3 0
KNIRVENGINE/desktop-client/api/mcp_config_http.go:376.55,379.3 2 0
KNIRVENGINE/desktop-client/api/mcp_config_http.go:381.2,386.37 3 0
KNIRVENGINE/desktop-client/api/mcp_config_http.go:390.89,400.2 4 0
KNIRVENGINE/desktop-client/api/mcp_config_http.go:403.65,409.2 5 1
KNIRVENGINE/desktop-client/api/mcp_installation_http.go:42.93,45.16 2 1
KNIRVENGINE/desktop-client/api/mcp_installation_http.go:45.16,48.3 1 0
KNIRVENGINE/desktop-client/api/mcp_installation_http.go:51.2,51.52 1 1
KNIRVENGINE/desktop-client/api/mcp_installation_http.go:51.52,54.3 1 0
KNIRVENGINE/desktop-client/api/mcp_installation_http.go:56.2,60.3 1 1
KNIRVENGINE/desktop-client/api/mcp_installation_http.go:64.92,67.16 2 0
KNIRVENGINE/desktop-client/api/mcp_installation_http.go:67.16,69.3 1 0
KNIRVENGINE/desktop-client/api/mcp_installation_http.go:72.2,73.90 2 0
KNIRVENGINE/desktop-client/api/mcp_installation_http.go:73.90,76.3 2 0
KNIRVENGINE/desktop-client/api/mcp_installation_http.go:79.2,79.61 1 0
KNIRVENGINE/desktop-client/api/mcp_installation_http.go:79.61,82.3 2 0
KNIRVENGINE/desktop-client/api/mcp_installation_http.go:85.2,99.12 5 0
KNIRVENGINE/desktop-client/api/mcp_installation_http.go:103.125,108.53 3 0
KNIRVENGINE/desktop-client/api/mcp_installation_http.go:108.53,111.3 2 0
KNIRVENGINE/desktop-client/api/mcp_installation_http.go:113.2,117.21 3 0
KNIRVENGINE/desktop-client/api/mcp_installation_http.go:118.16,119.62 1 0
KNIRVENGINE/desktop-client/api/mcp_installation_http.go:120.20,121.66 1 0
KNIRVENGINE/desktop-client/api/mcp_installation_http.go:122.10,123.63 1 0
KNIRVENGINE/desktop-client/api/mcp_installation_http.go:126.2,126.16 1 0
KNIRVENGINE/desktop-client/api/mcp_installation_http.go:126.16,129.3 2 0
KNIRVENGINE/desktop-client/api/mcp_installation_http.go:132.2,133.76 2 0
KNIRVENGINE/desktop-client/api/mcp_installation_http.go:133.76,136.3 2 0
KNIRVENGINE/desktop-client/api/mcp_installation_http.go:137.2,140.69 2 0
KNIRVENGINE/desktop-client/api/mcp_installation_http.go:140.69,142.3 1 0
KNIRVENGINE/desktop-client/api/mcp_installation_http.go:142.8,144.3 1 0
KNIRVENGINE/desktop-client/api/mcp_installation_http.go:146.2,147.33 2 0
KNIRVENGINE/desktop-client/api/mcp_installation_http.go:151.149,155.46 2 0
KNIRVENGINE/desktop-client/api/mcp_installation_http.go:155.46,157.3 1 0
KNIRVENGINE/desktop-client/api/mcp_installation_http.go:159.2,163.23 3 0
KNIRVENGINE/desktop-client/api/mcp_installation_http.go:163.23,165.3 1 0
KNIRVENGINE/desktop-client/api/mcp_installation_http.go:167.2,174.53 5 0
KNIRVENGINE/desktop-client/api/mcp_installation_http.go:174.53,181.17 5 0
KNIRVENGINE/desktop-client/api/mcp_installation_http.go:181.17,182.9 1 0
KNIRVENGINE/desktop-client/api/mcp_installation_http.go:185.3,185.27 1 0
KNIRVENGINE/desktop-client/api/mcp_installation_http.go:185.27,188.4 2 0
KNIRVENGINE/desktop-client/api/mcp_installation_http.go:191.2,191.16 1 0
KNIRVENGINE/desktop-client/api/mcp_installation_http.go:191.16,193.3 1 0
KNIRVENGINE/desktop-client/api/mcp_installation_http.go:195.2,202.46 5 0
KNIRVENGINE/desktop-client/api/mcp_installation_http.go:202.46,204.3 1 0
KNIRVENGINE/desktop-client/api/mcp_installation_http.go:204.8,206.3 1 0
KNIRVENGINE/desktop-client/api/mcp_installation_http.go:208.2,208.12 1 0
KNIRVENGINE/desktop-client/api/mcp_installation_http.go:212.153,216.46 2 0
KNIRVENGINE/desktop-client/api/mcp_installation_http.go:216.46,218.3 1 0
KNIRVENGINE/desktop-client/api/mcp_installation_http.go:220.2,224.23 3 0
KNIRVENGINE/desktop-client/api/mcp_installation_http.go:224.23,226.3 1 0
KNIRVENGINE/desktop-client/api/mcp_installation_http.go:229.2,233.53 4 0
KNIRVENGINE/desktop-client/api/mcp_installation_http.go:233.53,240.17 5 0
KNIRVENGINE/desktop-client/api/mcp_installation_http.go:240.17,243.9 3 0
KNIRVENGINE/desktop-client/api/mcp_installation_http.go:247.3,249.17 3 0
KNIRVENGINE/desktop-client/api/mcp_installation_http.go:249.17,252.9 3 0
KNIRVENGINE/desktop-client/api/mcp_installation_http.go:255.3,255.27 1 0
KNIRVENGINE/desktop-client/api/mcp_installation_http.go:255.27,258.4 2 0
KNIRVENGINE/desktop-client/api/mcp_installation_http.go:261.2,261.16 1 0
KNIRVENGINE/desktop-client/api/mcp_installation_http.go:261.16,265.3 2 0
KNIRVENGINE/desktop-client/api/mcp_installation_http.go:267.2,269.12 2 0
KNIRVENGINE/desktop-client/api/mcp_installation_http.go:273.105,278.13 4 0
KNIRVENGINE/desktop-client/api/mcp_installation_http.go:278.13,280.3 1 0
KNIRVENGINE/desktop-client/api/mcp_installation_http.go:282.2,282.20 1 0
KNIRVENGINE/desktop-client/api/mcp_installation_http.go:288.69,291.2 2 0
KNIRVENGINE/desktop-client/api/mcp_installation_http.go:294.89,296.29 2 0
KNIRVENGINE/desktop-client/api/mcp_installation_http.go:296.29,297.39 1 0
KNIRVENGINE/desktop-client/api/mcp_installation_http.go:297.39,299.40 1 0
KNIRVENGINE/desktop-client/api/mcp_installation_http.go:299.40,300.42 1 0
KNIRVENGINE/desktop-client/api/mcp_installation_http.go:300.42,302.6 1 0
KNIRVENGINE/desktop-client/api/mcp_installation_http.go:306.2,306.11 1 0
KNIRVENGINE/desktop-client/api/mcp_installation_http.go:310.117,312.16 2 0
KNIRVENGINE/desktop-client/api/mcp_installation_http.go:312.16,314.3 1 0
KNIRVENGINE/desktop-client/api/mcp_installation_http.go:316.2,317.16 2 0
KNIRVENGINE/desktop-client/api/mcp_installation_http.go:317.16,319.3 1 0
KNIRVENGINE/desktop-client/api/mcp_installation_http.go:321.2,321.36 1 0
KNIRVENGINE/desktop-client/api/mcp_installation_http.go:321.36,323.3 1 0
KNIRVENGINE/desktop-client/api/mcp_installation_http.go:326.2,329.12 2 0
KNIRVENGINE/desktop-client/api/mcp_installation_http.go:329.12,331.22 2 0
KNIRVENGINE/desktop-client/api/mcp_installation_http.go:331.22,335.4 3 0
KNIRVENGINE/desktop-client/api/mcp_installation_http.go:339.2,339.12 1 0
KNIRVENGINE/desktop-client/api/mcp_installation_http.go:339.12,341.22 2 0
KNIRVENGINE/desktop-client/api/mcp_installation_http.go:341.22,345.4 3 0
KNIRVENGINE/desktop-client/api/mcp_installation_http.go:348.2,349.29 2 0
KNIRVENGINE/desktop-client/api/mcp_installation_http.go:353.126,360.2 5 0
KNIRVENGINE/desktop-client/api/mcp_installation_http.go:363.100,375.82 8 0
KNIRVENGINE/desktop-client/api/mcp_installation_http.go:375.82,378.3 2 0
KNIRVENGINE/desktop-client/api/mcp_installation_http.go:379.2,379.34 1 0
KNIRVENGINE/desktop-client/api/mcp_installation_http.go:383.91,390.33 4 0
KNIRVENGINE/desktop-client/api/mcp_installation_http.go:390.33,392.3 1 0
KNIRVENGINE/desktop-client/api/mcp_installation_http.go:398.95,402.63 3 0
KNIRVENGINE/desktop-client/api/mcp_installation_http.go:402.63,405.3 2 0
KNIRVENGINE/desktop-client/api/mcp_installation_http.go:407.2,412.37 3 0
KNIRVENGINE/desktop-client/api/mcp_installation_http.go:416.103,421.16 4 0
KNIRVENGINE/desktop-client/api/mcp_installation_http.go:421.16,424.3 2 0
KNIRVENGINE/desktop-client/api/mcp_installation_http.go:426.2,431.37 3 0
KNIRVENGINE/desktop-client/api/mcp_installation_http.go:435.110,441.9 3 0
KNIRVENGINE/desktop-client/api/mcp_installation_http.go:442.24,443.74 1 0
KNIRVENGINE/desktop-client/api/mcp_installation_http.go:444.10,448.77 3 0
KNIRVENGINE/desktop-client/api/mcp_installation_http.go:448.77,449.43 1 0
KNIRVENGINE/desktop-client/api/mcp_installation_http.go:449.43,451.5 1 0
KNIRVENGINE/desktop-client/api/mcp_installation_http.go:453.4,456.103 4 0
KNIRVENGINE/desktop-client/api/mcp_installation_http.go:460.2,460.12 1 0
KNIRVENGINE/desktop-client/api/mcp_installation_http.go:464.89,465.18 1 0
KNIRVENGINE/desktop-client/api/mcp_installation_http.go:466.13,467.27 1 0
KNIRVENGINE/desktop-client/api/mcp_installation_http.go:468.14,469.23 1 0
KNIRVENGINE/desktop-client/api/mcp_installation_http.go:470.14,471.27 1 0
KNIRVENGINE/desktop-client/api/mcp_installation_http.go:472.12,473.23 1 0
KNIRVENGINE/desktop-client/api/mcp_installation_http.go:474.16,475.24 1 0
KNIRVENGINE/desktop-client/api/mcp_installation_http.go:476.18,477.20 1 0
KNIRVENGINE/desktop-client/api/mcp_installation_http.go:478.15,479.26 1 0
KNIRVENGINE/desktop-client/api/mcp_installation_http.go:480.16,481.24 1 0
KNIRVENGINE/desktop-client/api/mcp_installation_http.go:482.10,483.19 1 0
KNIRVENGINE/desktop-client/api/mcp_installation_http.go:488.86,490.21 1 0
KNIRVENGINE/desktop-client/api/mcp_installation_http.go:491.16,492.47 1 0
KNIRVENGINE/desktop-client/api/mcp_installation_http.go:492.47,494.50 1 0
KNIRVENGINE/desktop-client/api/mcp_installation_http.go:494.50,496.5 1 0
KNIRVENGINE/desktop-client/api/mcp_installation_http.go:498.4,498.97 1 0
KNIRVENGINE/desktop-client/api/mcp_installation_http.go:502.3,502.48 1 0
KNIRVENGINE/desktop-client/api/mcp_installation_http.go:502.48,504.4 1 0
KNIRVENGINE/desktop-client/api/mcp_installation_http.go:506.20,507.47 1 0
KNIRVENGINE/desktop-client/api/mcp_installation_http.go:507.47,509.50 1 0
KNIRVENGINE/desktop-client/api/mcp_installation_http.go:509.50,511.5 1 0
KNIRVENGINE/desktop-client/api/mcp_installation_http.go:515.3,515.46 1 0
KNIRVENGINE/desktop-client/api/mcp_installation_http.go:515.46,517.4 1 0
KNIRVENGINE/desktop-client/api/mcp_installation_http.go:519.10,520.64 1 0
KNIRVENGINE/desktop-client/api/mcp_installation_http.go:524.2,524.43 1 0
KNIRVENGINE/desktop-client/api/mcp_installation_http.go:524.43,526.3 1 0
KNIRVENGINE/desktop-client/api/mcp_installation_http.go:529.2,529.64 1 0
KNIRVENGINE/desktop-client/api/mcp_installation_http.go:529.64,531.3 1 0
KNIRVENGINE/desktop-client/api/mcp_installation_http.go:533.2,533.12 1 0
KNIRVENGINE/desktop-client/api/mcp_installation_http.go:537.61,540.16 3 0
KNIRVENGINE/desktop-client/api/mcp_installation_http.go:540.16,542.3 1 0
KNIRVENGINE/desktop-client/api/mcp_installation_http.go:544.2,545.12 2 0
KNIRVENGINE/desktop-client/api/mcp_installation_http.go:549.59,552.16 3 0
KNIRVENGINE/desktop-client/api/mcp_installation_http.go:552.16,554.3 1 0
KNIRVENGINE/desktop-client/api/mcp_installation_http.go:556.2,557.12 2 0
KNIRVENGINE/desktop-client/api/mcp_installation_http.go:561.57,564.16 2 0
KNIRVENGINE/desktop-client/api/mcp_installation_http.go:564.16,566.3 1 0
KNIRVENGINE/desktop-client/api/mcp_installation_http.go:568.2,568.19 1 0
KNIRVENGINE/desktop-client/api/mcp_installation_http.go:568.19,570.3 1 0
KNIRVENGINE/desktop-client/api/mcp_installation_http.go:572.2,572.12 1 0
KNIRVENGINE/desktop-client/api/mcp_installation_http.go:576.84,578.20 2 0
KNIRVENGINE/desktop-client/api/mcp_installation_http.go:579.16,580.31 1 0
KNIRVENGINE/desktop-client/api/mcp_installation_http.go:581.20,582.41 1 0
KNIRVENGINE/desktop-client/api/mcp_installation_http.go:583.10,584.13 1 0
KNIRVENGINE/desktop-client/api/mcp_installation_http.go:587.2,589.16 3 0
KNIRVENGINE/desktop-client/api/mcp_installation_http.go:589.16,591.3 1 0
KNIRVENGINE/desktop-client/api/mcp_installation_http.go:592.2,594.28 2 0
KNIRVENGINE/desktop-client/api/mcp_installation_http.go:594.28,596.3 1 0
KNIRVENGINE/desktop-client/api/mcp_installation_http.go:598.2,598.12 1 0
KNIRVENGINE/desktop-client/api/mcp_installation_http.go:602.93,603.18 1 0
KNIRVENGINE/desktop-client/api/mcp_installation_http.go:604.12,605.26 1 0
KNIRVENGINE/desktop-client/api/mcp_installation_http.go:605.26,607.4 1 0
KNIRVENGINE/desktop-client/api/mcp_installation_http.go:608.3,608.24 1 0
KNIRVENGINE/desktop-client/api/mcp_installation_http.go:609.14,610.28 1 0
KNIRVENGINE/desktop-client/api/mcp_installation_http.go:610.28,612.4 1 0
KNIRVENGINE/desktop-client/api/mcp_installation_http.go:613.3,613.24 1 0
KNIRVENGINE/desktop-client/api/mcp_installation_http.go:614.13,615.27 1 0
KNIRVENGINE/desktop-client/api/mcp_installation_http.go:615.27,617.4 1 0
KNIRVENGINE/desktop-client/api/mcp_installation_http.go:618.3,618.23 1 0
KNIRVENGINE/desktop-client/api/mcp_installation_http.go:619.14,620.27 1 0
KNIRVENGINE/desktop-client/api/mcp_installation_http.go:620.27,622.4 1 0
KNIRVENGINE/desktop-client/api/mcp_installation_http.go:623.3,623.23 1 0
KNIRVENGINE/desktop-client/api/mcp_installation_http.go:624.10,625.23 1 0
KNIRVENGINE/desktop-client/api/mcp_installation_http.go:630.71,634.2 3 1
KNIRVENGINE/desktop-client/api/mcp_lifecycle_http.go:50.132,53.57 2 1
KNIRVENGINE/desktop-client/api/mcp_lifecycle_http.go:53.57,55.3 1 1
KNIRVENGINE/desktop-client/api/mcp_lifecycle_http.go:56.2,69.16 5 1
KNIRVENGINE/desktop-client/api/mcp_lifecycle_http.go:73.64,77.2 2 0
KNIRVENGINE/desktop-client/api/mcp_lifecycle_http.go:80.113,83.16 2 0
KNIRVENGINE/desktop-client/api/mcp_lifecycle_http.go:83.16,85.3 1 0
KNIRVENGINE/desktop-client/api/mcp_lifecycle_http.go:88.2,88.34 1 0
KNIRVENGINE/desktop-client/api/mcp_lifecycle_http.go:88.34,90.3 1 0
KNIRVENGINE/desktop-client/api/mcp_lifecycle_http.go:93.2,94.85 2 0
KNIRVENGINE/desktop-client/api/mcp_lifecycle_http.go:94.85,97.3 2 0
KNIRVENGINE/desktop-client/api/mcp_lifecycle_http.go:100.2,109.33 2 0
KNIRVENGINE/desktop-client/api/mcp_lifecycle_http.go:109.33,111.3 1 0
KNIRVENGINE/desktop-client/api/mcp_lifecycle_http.go:113.2,119.12 4 0
KNIRVENGINE/desktop-client/api/mcp_lifecycle_http.go:123.117,131.16 5 0
KNIRVENGINE/desktop-client/api/mcp_lifecycle_http.go:131.16,134.3 2 0
KNIRVENGINE/desktop-client/api/mcp_lifecycle_http.go:135.2,142.46 4 0
KNIRVENGINE/desktop-client/api/mcp_lifecycle_http.go:142.46,144.3 1 0
KNIRVENGINE/desktop-client/api/mcp_lifecycle_http.go:147.2,155.36 5 0
KNIRVENGINE/desktop-client/api/mcp_lifecycle_http.go:155.36,158.3 2 0
KNIRVENGINE/desktop-client/api/mcp_lifecycle_http.go:161.2,168.76 6 0
KNIRVENGINE/desktop-client/api/mcp_lifecycle_http.go:168.76,171.3 2 0
KNIRVENGINE/desktop-client/api/mcp_lifecycle_http.go:172.2,180.16 6 0
KNIRVENGINE/desktop-client/api/mcp_lifecycle_http.go:180.16,182.3 1 0
KNIRVENGINE/desktop-client/api/mcp_lifecycle_http.go:183.2,187.76 3 0
KNIRVENGINE/desktop-client/api/mcp_lifecycle_http.go:187.76,190.3 2 0
KNIRVENGINE/desktop-client/api/mcp_lifecycle_http.go:191.2,191.34 1 0
KNIRVENGINE/desktop-client/api/mcp_lifecycle_http.go:195.65,198.44 3 0
KNIRVENGINE/desktop-client/api/mcp_lifecycle_http.go:198.44,201.3 2 0
KNIRVENGINE/desktop-client/api/mcp_lifecycle_http.go:203.2,207.21 3 0
KNIRVENGINE/desktop-client/api/mcp_lifecycle_http.go:207.21,208.62 1 0
KNIRVENGINE/desktop-client/api/mcp_lifecycle_http.go:208.62,210.4 1 0
KNIRVENGINE/desktop-client/api/mcp_lifecycle_http.go:214.2,218.6 4 0
KNIRVENGINE/desktop-client/api/mcp_lifecycle_http.go:218.6,219.10 1 0
KNIRVENGINE/desktop-client/api/mcp_lifecycle_http.go:220.18,222.23 1 0
KNIRVENGINE/desktop-client/api/mcp_lifecycle_http.go:222.23,224.5 1 0
KNIRVENGINE/desktop-client/api/mcp_lifecycle_http.go:225.4,229.14 5 0
KNIRVENGINE/desktop-client/api/mcp_lifecycle_http.go:230.19,232.35 2 0
KNIRVENGINE/desktop-client/api/mcp_lifecycle_http.go:232.35,235.5 2 0
KNIRVENGINE/desktop-client/api/mcp_lifecycle_http.go:236.4,236.21 1 0
KNIRVENGINE/desktop-client/api/mcp_lifecycle_http.go:242.92,247.13 4 0
KNIRVENGINE/desktop-client/api/mcp_lifecycle_http.go:247.13,249.3 1 0
KNIRVENGINE/desktop-client/api/mcp_lifecycle_http.go:251.2,251.21 1 0
KNIRVENGINE/desktop-client/api/mcp_lifecycle_http.go:255.71,260.38 4 0
KNIRVENGINE/desktop-client/api/mcp_lifecycle_http.go:260.38,261.34 1 0
KNIRVENGINE/desktop-client/api/mcp_lifecycle_http.go:261.34,263.4 1 0
KNIRVENGINE/desktop-client/api/mcp_lifecycle_http.go:266.2,266.16 1 0
KNIRVENGINE/desktop-client/api/mcp_lifecycle_http.go:272.84,274.21 2 0
KNIRVENGINE/desktop-client/api/mcp_lifecycle_http.go:274.21,276.3 1 0
KNIRVENGINE/desktop-client/api/mcp_lifecycle_http.go:278.2,282.60 3 0
KNIRVENGINE/desktop-client/api/mcp_lifecycle_http.go:282.60,284.3 1 0
KNIRVENGINE/desktop-client/api/mcp_lifecycle_http.go:286.2,286.22 1 0
KNIRVENGINE/desktop-client/api/mcp_lifecycle_http.go:290.94,297.2 5 0
KNIRVENGINE/desktop-client/api/mcp_lifecycle_http.go:300.66,304.6 3 0
KNIRVENGINE/desktop-client/api/mcp_lifecycle_http.go:304.6,305.10 1 0
KNIRVENGINE/desktop-client/api/mcp_lifecycle_http.go:306.21,307.10 1 0
KNIRVENGINE/desktop-client/api/mcp_lifecycle_http.go:308.19,309.27 1 0
KNIRVENGINE/desktop-client/api/mcp_lifecycle_http.go:315.53,319.45 3 0
KNIRVENGINE/desktop-client/api/mcp_lifecycle_http.go:319.45,320.34 1 0
KNIRVENGINE/desktop-client/api/mcp_lifecycle_http.go:320.34,322.23 1 0
KNIRVENGINE/desktop-client/api/mcp_lifecycle_http.go:322.23,323.37 1 0
KNIRVENGINE/desktop-client/api/mcp_lifecycle_http.go:323.37,330.79 4 0
KNIRVENGINE/desktop-client/api/mcp_lifecycle_http.go:330.79,333.7 2 0
KNIRVENGINE/desktop-client/api/mcp_lifecycle_http.go:334.11,337.6 1 0
KNIRVENGINE/desktop-client/api/mcp_lifecycle_http.go:346.90,351.64 4 0
KNIRVENGINE/desktop-client/api/mcp_lifecycle_http.go:351.64,353.3 1 0
KNIRVENGINE/desktop-client/api/mcp_lifecycle_http.go:355.2,355.69 1 0
KNIRVENGINE/desktop-client/api/mcp_lifecycle_http.go:355.69,358.3 2 0
KNIRVENGINE/desktop-client/api/mcp_lifecycle_http.go:360.2,365.37 3 0
KNIRVENGINE/desktop-client/api/mcp_lifecycle_http.go:369.89,373.47 3 0
KNIRVENGINE/desktop-client/api/mcp_lifecycle_http.go:373.47,376.3 2 0
KNIRVENGINE/desktop-client/api/mcp_lifecycle_http.go:378.2,383.37 3 0
KNIRVENGINE/desktop-client/api/mcp_lifecycle_http.go:387.96,397.2 4 0
KNIRVENGINE/desktop-client/api/mcp_lifecycle_http.go:400.68,405.2 4 1
KNIRVENGINE/desktop-client/api/mcp_monitoring_http.go:97.128,100.64 2 1
KNIRVENGINE/desktop-client/api/mcp_monitoring_http.go:100.64,102.3 1 1
KNIRVENGINE/desktop-client/api/mcp_monitoring_http.go:103.2,114.3 2 1
KNIRVENGINE/desktop-client/api/mcp_monitoring_http.go:118.46,122.2 2 0
KNIRVENGINE/desktop-client/api/mcp_monitoring_http.go:125.49,129.21 3 0
KNIRVENGINE/desktop-client/api/mcp_monitoring_http.go:129.21,132.3 2 0
KNIRVENGINE/desktop-client/api/mcp_monitoring_http.go:136.49,143.41 4 0
KNIRVENGINE/desktop-client/api/mcp_monitoring_http.go:143.41,145.14 2 0
KNIRVENGINE/desktop-client/api/mcp_monitoring_http.go:145.14,154.4 2 0
KNIRVENGINE/desktop-client/api/mcp_monitoring_http.go:157.3,163.34 5 0
KNIRVENGINE/desktop-client/api/mcp_monitoring_http.go:163.34,166.4 2 0
KNIRVENGINE/desktop-client/api/mcp_monitoring_http.go:166.9,169.4 2 0
KNIRVENGINE/desktop-client/api/mcp_monitoring_http.go:172.3,175.38 2 0
KNIRVENGINE/desktop-client/api/mcp_monitoring_http.go:179.2,179.43 1 0
KNIRVENGINE/desktop-client/api/mcp_monitoring_http.go:179.43,181.42 2 0
KNIRVENGINE/desktop-client/api/mcp_monitoring_http.go:181.42,182.36 1 0
KNIRVENGINE/desktop-client/api/mcp_monitoring_http.go:182.36,184.10 2 0
KNIRVENGINE/desktop-client/api/mcp_monitoring_http.go:187.3,187.13 1 0
KNIRVENGINE/desktop-client/api/mcp_monitoring_http.go:187.13,192.4 4 0
KNIRVENGINE/desktop-client/api/mcp_monitoring_http.go:197.109,205.30 3 0
KNIRVENGINE/desktop-client/api/mcp_monitoring_http.go:205.30,207.3 1 0
KNIRVENGINE/desktop-client/api/mcp_monitoring_http.go:207.8,209.3 1 0
KNIRVENGINE/desktop-client/api/mcp_monitoring_http.go:212.2,228.34 9 0
KNIRVENGINE/desktop-client/api/mcp_monitoring_http.go:228.34,232.3 3 0
KNIRVENGINE/desktop-client/api/mcp_monitoring_http.go:235.2,235.34 1 0
KNIRVENGINE/desktop-client/api/mcp_monitoring_http.go:235.34,237.3 1 0
KNIRVENGINE/desktop-client/api/mcp_monitoring_http.go:240.2,242.86 3 0
KNIRVENGINE/desktop-client/api/mcp_monitoring_http.go:246.84,260.43 3 0
KNIRVENGINE/desktop-client/api/mcp_monitoring_http.go:260.43,262.3 1 0
KNIRVENGINE/desktop-client/api/mcp_monitoring_http.go:266.46,270.43 3 0
KNIRVENGINE/desktop-client/api/mcp_monitoring_http.go:270.43,272.31 1 0
KNIRVENGINE/desktop-client/api/mcp_monitoring_http.go:272.31,278.4 1 0
KNIRVENGINE/desktop-client/api/mcp_monitoring_http.go:281.3,281.73 1 0
KNIRVENGINE/desktop-client/api/mcp_monitoring_http.go:281.73,287.4 1 0
KNIRVENGINE/desktop-client/api/mcp_monitoring_http.go:292.3,292.42 1 0
KNIRVENGINE/desktop-client/api/mcp_monitoring_http.go:292.42,298.4 1 0
KNIRVENGINE/desktop-client/api/mcp_monitoring_http.go:301.3,301.30 1 0
KNIRVENGINE/desktop-client/api/mcp_monitoring_http.go:301.30,307.4 1 0
KNIRVENGINE/desktop-client/api/mcp_monitoring_http.go:310.3,310.62 1 0
KNIRVENGINE/desktop-client/api/mcp_monitoring_http.go:310.62,317.4 1 0
KNIRVENGINE/desktop-client/api/mcp_monitoring_http.go:320.3,320.36 1 0
KNIRVENGINE/desktop-client/api/mcp_monitoring_http.go:320.36,326.4 1 0
KNIRVENGINE/desktop-client/api/mcp_monitoring_http.go:329.3,329.91 1 0
KNIRVENGINE/desktop-client/api/mcp_monitoring_http.go:329.91,336.4 1 0
KNIRVENGINE/desktop-client/api/mcp_monitoring_http.go:339.3,339.29 1 0
KNIRVENGINE/desktop-client/api/mcp_monitoring_http.go:339.29,345.4 1 0
KNIRVENGINE/desktop-client/api/mcp_monitoring_http.go:348.3,348.66 1 0
KNIRVENGINE/desktop-client/api/mcp_monitoring_http.go:348.66,354.4 1 0
KNIRVENGINE/desktop-client/api/mcp_monitoring_http.go:359.135,361.33 1 0
KNIRVENGINE/desktop-client/api/mcp_monitoring_http.go:361.33,362.85 1 0
KNIRVENGINE/desktop-client/api/mcp_monitoring_http.go:362.85,364.4 1 0
KNIRVENGINE/desktop-client/api/mcp_monitoring_http.go:367.2,382.33 3 0
KNIRVENGINE/desktop-client/api/mcp_monitoring_http.go:382.33,384.3 1 0
KNIRVENGINE/desktop-client/api/mcp_monitoring_http.go:387.2,387.94 1 0
KNIRVENGINE/desktop-client/api/mcp_monitoring_http.go:391.118,395.2 3 0
KNIRVENGINE/desktop-client/api/mcp_monitoring_http.go:398.118,412.35 3 0
KNIRVENGINE/desktop-client/api/mcp_monitoring_http.go:412.35,414.3 1 0
KNIRVENGINE/desktop-client/api/mcp_monitoring_http.go:417.2,417.25 1 0
KNIRVENGINE/desktop-client/api/mcp_monitoring_http.go:421.66,425.16 3 0
KNIRVENGINE/desktop-client/api/mcp_monitoring_http.go:425.16,427.3 1 0
KNIRVENGINE/desktop-client/api/mcp_monitoring_http.go:428.2,436.27 3 0
KNIRVENGINE/desktop-client/api/mcp_monitoring_http.go:440.89,444.20 3 0
KNIRVENGINE/desktop-client/api/mcp_monitoring_http.go:444.20,445.53 1 0
KNIRVENGINE/desktop-client/api/mcp_monitoring_http.go:445.53,447.4 1 0
KNIRVENGINE/desktop-client/api/mcp_monitoring_http.go:448.3,448.44 1 0
KNIRVENGINE/desktop-client/api/mcp_monitoring_http.go:452.2,453.30 2 0
KNIRVENGINE/desktop-client/api/mcp_monitoring_http.go:453.30,455.3 1 0
KNIRVENGINE/desktop-client/api/mcp_monitoring_http.go:456.2,456.15 1 0
KNIRVENGINE/desktop-client/api/mcp_monitoring_http.go:460.89,465.40 4 0
KNIRVENGINE/desktop-client/api/mcp_monitoring_http.go:465.40,468.51 2 0
KNIRVENGINE/desktop-client/api/mcp_monitoring_http.go:468.51,469.12 1 0
KNIRVENGINE/desktop-client/api/mcp_monitoring_http.go:471.3,471.42 1 0
KNIRVENGINE/desktop-client/api/mcp_monitoring_http.go:471.42,472.12 1 0
KNIRVENGINE/desktop-client/api/mcp_monitoring_http.go:475.3,477.42 2 0
KNIRVENGINE/desktop-client/api/mcp_monitoring_http.go:477.42,478.9 1 0
KNIRVENGINE/desktop-client/api/mcp_monitoring_http.go:482.2,482.17 1 0
KNIRVENGINE/desktop-client/api/mcp_monitoring_http.go:486.78,491.42 4 0
KNIRVENGINE/desktop-client/api/mcp_monitoring_http.go:491.42,494.51 2 0
KNIRVENGINE/desktop-client/api/mcp_monitoring_http.go:494.51,495.12 1 0
KNIRVENGINE/desktop-client/api/mcp_monitoring_http.go:497.3,497.45 1 0
KNIRVENGINE/desktop-client/api/mcp_monitoring_http.go:497.45,498.12 1 0
KNIRVENGINE/desktop-client/api/mcp_monitoring_http.go:501.3,501.37 1 0
KNIRVENGINE/desktop-client/api/mcp_monitoring_http.go:504.2,504.17 1 0
KNIRVENGINE/desktop-client/api/mcp_monitoring_http.go:508.67,512.26 3 0
KNIRVENGINE/desktop-client/api/mcp_monitoring_http.go:512.26,513.32 1 0
KNIRVENGINE/desktop-client/api/mcp_monitoring_http.go:513.32,518.4 4 0
KNIRVENGINE/desktop-client/api/mcp_monitoring_http.go:521.2,521.51 1 0
KNIRVENGINE/desktop-client/api/mcp_monitoring_http.go:527.90,538.2 5 0
KNIRVENGINE/desktop-client/api/mcp_monitoring_http.go:541.87,547.20 5 0
KNIRVENGINE/desktop-client/api/mcp_monitoring_http.go:547.20,548.51 1 0
KNIRVENGINE/desktop-client/api/mcp_monitoring_http.go:548.51,550.4 1 0
KNIRVENGINE/desktop-client/api/mcp_monitoring_http.go:553.2,561.37 4 0
KNIRVENGINE/desktop-client/api/mcp_monitoring_http.go:565.89,578.2 6 0
KNIRVENGINE/desktop-client/api/mcp_monitoring_http.go:581.92,585.48 3 0
KNIRVENGINE/desktop-client/api/mcp_monitoring_http.go:585.48,588.3 2 0
KNIRVENGINE/desktop-client/api/mcp_monitoring_http.go:590.2,595.37 3 0
KNIRVENGINE/desktop-client/api/mcp_monitoring_http.go:599.69,605.2 5 1
KNIRVENGINE/desktop-client/api/mcp_registry_http.go:60.50,68.2 1 1
KNIRVENGINE/desktop-client/api/mcp_registry_http.go:71.63,73.46 1 0
KNIRVENGINE/desktop-client/api/mcp_registry_http.go:73.46,75.3 1 0
KNIRVENGINE/desktop-client/api/mcp_registry_http.go:78.2,80.12 2 0
KNIRVENGINE/desktop-client/api/mcp_registry_http.go:84.64,88.6 3 0
KNIRVENGINE/desktop-client/api/mcp_registry_http.go:88.6,89.10 1 0
KNIRVENGINE/desktop-client/api/mcp_registry_http.go:90.21,91.10 1 0
KNIRVENGINE/desktop-client/api/mcp_registry_http.go:92.19,93.48 1 0
KNIRVENGINE/desktop-client/api/mcp_registry_http.go:93.48,96.5 1 0
KNIRVENGINE/desktop-client/api/mcp_registry_http.go:102.72,108.16 4 0
KNIRVENGINE/desktop-client/api/mcp_registry_http.go:108.16,110.3 1 0
KNIRVENGINE/desktop-client/api/mcp_registry_http.go:113.2,114.16 2 0
KNIRVENGINE/desktop-client/api/mcp_registry_http.go:114.16,116.3 1 0
KNIRVENGINE/desktop-client/api/mcp_registry_http.go:119.2,119.33 1 0
KNIRVENGINE/desktop-client/api/mcp_registry_http.go:119.33,120.55 1 0
KNIRVENGINE/desktop-client/api/mcp_registry_http.go:120.55,125.4 3 0
KNIRVENGINE/desktop-client/api/mcp_registry_http.go:125.9,129.4 2 0
KNIRVENGINE/desktop-client/api/mcp_registry_http.go:130.3,131.32 2 0
KNIRVENGINE/desktop-client/api/mcp_registry_http.go:134.2,135.12 2 0
KNIRVENGINE/desktop-client/api/mcp_registry_http.go:139.85,143.16 3 0
KNIRVENGINE/desktop-client/api/mcp_registry_http.go:143.16,145.3 1 0
KNIRVENGINE/desktop-client/api/mcp_registry_http.go:147.2,148.16 2 0
KNIRVENGINE/desktop-client/api/mcp_registry_http.go:148.16,150.3 1 0
KNIRVENGINE/desktop-client/api/mcp_registry_http.go:151.2,153.38 2 0
KNIRVENGINE/desktop-client/api/mcp_registry_http.go:153.38,155.3 1 0
KNIRVENGINE/desktop-client/api/mcp_registry_http.go:157.2,158.16 2 0
KNIRVENGINE/desktop-client/api/mcp_registry_http.go:158.16,160.3 1 0
KNIRVENGINE/desktop-client/api/mcp_registry_http.go:162.2,162.26 1 0
KNIRVENGINE/desktop-client/api/mcp_registry_http.go:166.90,178.2 6 0
KNIRVENGINE/desktop-client/api/mcp_registry_http.go:181.80,186.22 3 0
KNIRVENGINE/desktop-client/api/mcp_registry_http.go:186.22,188.3 1 0
KNIRVENGINE/desktop-client/api/mcp_registry_http.go:191.2,194.32 3 0
KNIRVENGINE/desktop-client/api/mcp_registry_http.go:194.32,195.22 1 0
KNIRVENGINE/desktop-client/api/mcp_registry_http.go:195.22,216.4 5 0
KNIRVENGINE/desktop-client/api/mcp_registry_http.go:219.2,219.16 1 0
KNIRVENGINE/desktop-client/api/mcp_registry_http.go:223.81,228.29 3 0
KNIRVENGINE/desktop-client/api/mcp_registry_http.go:228.29,230.3 1 0
KNIRVENGINE/desktop-client/api/mcp_registry_http.go:233.2,236.32 3 0
KNIRVENGINE/desktop-client/api/mcp_registry_http.go:236.32,237.22 1 0
KNIRVENGINE/desktop-client/api/mcp_registry_http.go:237.22,259.4 6 0
KNIRVENGINE/desktop-client/api/mcp_registry_http.go:262.2,262.16 1 0
KNIRVENGINE/desktop-client/api/mcp_registry_http.go:266.91,268.20 2 0
KNIRVENGINE/desktop-client/api/mcp_registry_http.go:268.20,270.3 1 0
KNIRVENGINE/desktop-client/api/mcp_registry_http.go:272.2,273.18 2 0
KNIRVENGINE/desktop-client/api/mcp_registry_http.go:273.18,275.3 1 0
KNIRVENGINE/desktop-client/api/mcp_registry_http.go:277.2,277.43 1 0
KNIRVENGINE/desktop-client/api/mcp_registry_http.go:281.67,287.2 3 0
KNIRVENGINE/desktop-client/api/mcp_registry_http.go:290.80,294.84 3 0
KNIRVENGINE/desktop-client/api/mcp_registry_http.go:294.84,296.3 1 0
KNIRVENGINE/desktop-client/api/mcp_registry_http.go:297.2,297.92 1 0
KNIRVENGINE/desktop-client/api/mcp_registry_http.go:297.92,299.3 1 0
KNIRVENGINE/desktop-client/api/mcp_registry_http.go:302.2,302.21 1 0
KNIRVENGINE/desktop-client/api/mcp_registry_http.go:306.80,321.45 4 0
KNIRVENGINE/desktop-client/api/mcp_registry_http.go:321.45,322.36 1 0
KNIRVENGINE/desktop-client/api/mcp_registry_http.go:322.36,323.84 1 0
KNIRVENGINE/desktop-client/api/mcp_registry_http.go:323.84,325.5 1 0
KNIRVENGINE/desktop-client/api/mcp_registry_http.go:329.2,329.18 1 0
KNIRVENGINE/desktop-client/api/mcp_registry_http.go:333.71,343.38 4 0
KNIRVENGINE/desktop-client/api/mcp_registry_http.go:343.38,344.43 1 0
KNIRVENGINE/desktop-client/api/mcp_registry_http.go:344.43,346.4 1 0
KNIRVENGINE/desktop-client/api/mcp_registry_http.go:349.2,349.13 1 0
KNIRVENGINE/desktop-client/api/mcp_registry_http.go:353.67,356.29 2 0
KNIRVENGINE/desktop-client/api/mcp_registry_http.go:356.29,359.3 2 0
KNIRVENGINE/desktop-client/api/mcp_registry_http.go:359.8,362.3 2 0
KNIRVENGINE/desktop-client/api/mcp_registry_http.go:366.71,368.55 1 0
KNIRVENGINE/desktop-client/api/mcp_registry_http.go:368.55,370.22 2 0
KNIRVENGINE/desktop-client/api/mcp_registry_http.go:370.22,373.31 2 0
KNIRVENGINE/desktop-client/api/mcp_registry_http.go:373.31,376.5 2 0
KNIRVENGINE/desktop-client/api/mcp_registry_http.go:376.10,379.5 2 0
KNIRVENGINE/desktop-client/api/mcp_registry_http.go:385.78,391.35 4 0
KNIRVENGINE/desktop-client/api/mcp_registry_http.go:391.35,392.38 1 0
KNIRVENGINE/desktop-client/api/mcp_registry_http.go:392.38,394.4 1 0
KNIRVENGINE/desktop-client/api/mcp_registry_http.go:397.2,397.15 1 0
KNIRVENGINE/desktop-client/api/mcp_registry_http.go:401.75,406.13 4 0
KNIRVENGINE/desktop-client/api/mcp_registry_http.go:406.13,408.3 1 0
KNIRVENGINE/desktop-client/api/mcp_registry_http.go:410.2,410.20 1 0
KNIRVENGINE/desktop-client/api/mcp_registry_http.go:414.92,415.65 1 0
KNIRVENGINE/desktop-client/api/mcp_registry_http.go:415.65,417.3 1 0
KNIRVENGINE/desktop-client/api/mcp_registry_http.go:419.2,419.53 1 0
KNIRVENGINE/desktop-client/api/mcp_registry_http.go:419.53,421.3 1 0
KNIRVENGINE/desktop-client/api/mcp_registry_http.go:423.2,423.59 1 0
KNIRVENGINE/desktop-client/api/mcp_registry_http.go:423.59,425.3 1 0
KNIRVENGINE/desktop-client/api/mcp_registry_http.go:427.2,427.25 1 0
KNIRVENGINE/desktop-client/api/mcp_registry_http.go:427.25,430.72 2 0
KNIRVENGINE/desktop-client/api/mcp_registry_http.go:430.72,432.4 1 0
KNIRVENGINE/desktop-client/api/mcp_registry_http.go:435.2,435.26 1 0
KNIRVENGINE/desktop-client/api/mcp_registry_http.go:435.26,437.41 2 0
KNIRVENGINE/desktop-client/api/mcp_registry_http.go:437.41,438.42 1 0
KNIRVENGINE/desktop-client/api/mcp_registry_http.go:438.42,439.48 1 0
KNIRVENGINE/desktop-client/api/mcp_registry_http.go:439.48,441.11 2 0
KNIRVENGINE/desktop-client/api/mcp_registry_http.go:444.4,444.14 1 0
KNIRVENGINE/desktop-client/api/mcp_registry_http.go:444.14,445.10 1 0
KNIRVENGINE/desktop-client/api/mcp_registry_http.go:448.3,448.14 1 0
KNIRVENGINE/desktop-client/api/mcp_registry_http.go:448.14,450.4 1 0
KNIRVENGINE/desktop-client/api/mcp_registry_http.go:453.2,453.13 1 0
KNIRVENGINE/desktop-client/api/mcp_registry_http.go:459.88,468.61 2 0
KNIRVENGINE/desktop-client/api/mcp_registry_http.go:468.61,470.3 1 0
KNIRVENGINE/desktop-client/api/mcp_registry_http.go:472.2,481.37 4 0
KNIRVENGINE/desktop-client/api/mcp_registry_http.go:485.87,490.16 4 0
KNIRVENGINE/desktop-client/api/mcp_registry_http.go:490.16,493.3 2 0
KNIRVENGINE/desktop-client/api/mcp_registry_http.go:495.2,500.37 3 0
KNIRVENGINE/desktop-client/api/mcp_registry_http.go:504.89,505.54 1 0
KNIRVENGINE/desktop-client/api/mcp_registry_http.go:505.54,508.3 2 0
KNIRVENGINE/desktop-client/api/mcp_registry_http.go:510.2,517.37 3 0
KNIRVENGINE/desktop-client/api/mcp_registry_http.go:521.52,530.2 6 0
KNIRVENGINE/desktop-client/api/mcp_registry_http.go:533.67,538.2 4 1
KNIRVENGINE/desktop-client/api/mobile_connection.go:19.80,23.2 1 0
KNIRVENGINE/desktop-client/api/mobile_connection.go:26.63,31.17 4 0
KNIRVENGINE/desktop-client/api/mobile_connection.go:31.17,33.3 1 0
KNIRVENGINE/desktop-client/api/mobile_connection.go:37.2,39.12 3 0
KNIRVENGINE/desktop-client/api/mobile_connection.go:43.66,49.2 5 0
KNIRVENGINE/desktop-client/api/mobile_connection.go:52.47,56.2 3 0
KNIRVENGINE/desktop-client/api/mobile_connection.go:59.55,68.2 1 0
KNIRVENGINE/desktop-client/api/mobile_connection.go:71.127,72.22 1 0
KNIRVENGINE/desktop-client/api/mobile_connection.go:72.22,74.3 1 0
KNIRVENGINE/desktop-client/api/mobile_connection.go:76.2,76.19 1 0
KNIRVENGINE/desktop-client/api/mobile_connection.go:77.22,78.36 1 0
KNIRVENGINE/desktop-client/api/mobile_connection.go:79.25,80.38 1 0
KNIRVENGINE/desktop-client/api/mobile_connection.go:81.10,82.65 1 0
KNIRVENGINE/desktop-client/api/mobile_connection.go:87.63,96.2 3 0
KNIRVENGINE/desktop-client/api/mobile_connection.go:99.55,101.2 1 0
KNIRVENGINE/desktop-client/api/mobile_connection.go:105.113,121.2 3 0
KNIRVENGINE/desktop-client/api/mobile_connection.go:123.115,126.20 3 0
KNIRVENGINE/desktop-client/api/mobile_connection.go:126.20,128.3 1 0
KNIRVENGINE/desktop-client/api/mobile_connection.go:131.2,140.8 1 0
KNIRVENGINE/desktop-client/api/network_connection.go:20.81,24.2 1 0
KNIRVENGINE/desktop-client/api/network_connection.go:27.64,32.17 4 0
KNIRVENGINE/desktop-client/api/network_connection.go:32.17,34.3 1 0
KNIRVENGINE/desktop-client/api/network_connection.go:37.2,37.56 1 0
KNIRVENGINE/desktop-client/api/network_connection.go:37.56,39.3 1 0
KNIRVENGINE/desktop-client/api/network_connection.go:41.2,43.12 3 0
KNIRVENGINE/desktop-client/api/network_connection.go:47.67,53.2 5 0
KNIRVENGINE/desktop-client/api/network_connection.go:56.48,60.2 3 0
KNIRVENGINE/desktop-client/api/network_connection.go:63.56,72.2 1 0
KNIRVENGINE/desktop-client/api/network_connection.go:75.128,76.22 1 0
KNIRVENGINE/desktop-client/api/network_connection.go:76.22,78.3 1 0
KNIRVENGINE/desktop-client/api/network_connection.go:80.2,80.19 1 0
KNIRVENGINE/desktop-client/api/network_connection.go:81.14,82.29 1 0
KNIRVENGINE/desktop-client/api/network_connection.go:83.20,84.34 1 0
KNIRVENGINE/desktop-client/api/network_connection.go:85.22,86.39 1 0
KNIRVENGINE/desktop-client/api/network_connection.go:87.10,88.65 1 0
KNIRVENGINE/desktop-client/api/network_connection.go:93.64,102.2 3 0
KNIRVENGINE/desktop-client/api/network_connection.go:105.56,107.2 1 0
KNIRVENGINE/desktop-client/api/network_connection.go:111.107,114.16 3 0
KNIRVENGINE/desktop-client/api/network_connection.go:114.16,116.3 1 0
KNIRVENGINE/desktop-client/api/network_connection.go:118.2,127.8 4 0
KNIRVENGINE/desktop-client/api/network_connection.go:130.112,133.16 3 0
KNIRVENGINE/desktop-client/api/network_connection.go:133.16,135.3 1 0
KNIRVENGINE/desktop-client/api/network_connection.go:137.2,138.16 2 0
KNIRVENGINE/desktop-client/api/network_connection.go:138.16,140.3 1 0
KNIRVENGINE/desktop-client/api/network_connection.go:142.2,143.25 2 0
KNIRVENGINE/desktop-client/api/network_connection.go:143.25,145.3 1 0
KNIRVENGINE/desktop-client/api/network_connection.go:147.2,152.8 1 0
KNIRVENGINE/desktop-client/api/network_connection.go:155.117,159.16 4 0
KNIRVENGINE/desktop-client/api/network_connection.go:159.16,161.3 1 0
KNIRVENGINE/desktop-client/api/network_connection.go:163.2,164.35 2 0
KNIRVENGINE/desktop-client/api/network_connection.go:164.35,167.30 3 0
KNIRVENGINE/desktop-client/api/network_connection.go:167.30,169.4 1 0
KNIRVENGINE/desktop-client/api/network_connection.go:171.3,175.5 1 0
KNIRVENGINE/desktop-client/api/network_connection.go:178.2,182.8 1 0
KNIRVENGINE/desktop-client/api/performance_cache.go:119.75,132.2 4 1
KNIRVENGINE/desktop-client/api/performance_cache.go:135.85,139.14 3 0
KNIRVENGINE/desktop-client/api/performance_cache.go:139.14,141.3 1 0
KNIRVENGINE/desktop-client/api/performance_cache.go:144.2,147.33 2 0
KNIRVENGINE/desktop-client/api/performance_cache.go:147.33,149.3 1 0
KNIRVENGINE/desktop-client/api/performance_cache.go:151.2,162.12 4 0
KNIRVENGINE/desktop-client/api/performance_cache.go:166.61,171.13 4 0
KNIRVENGINE/desktop-client/api/performance_cache.go:171.13,173.3 1 0
KNIRVENGINE/desktop-client/api/performance_cache.go:176.2,176.39 1 0
KNIRVENGINE/desktop-client/api/performance_cache.go:176.39,179.3 2 0
KNIRVENGINE/desktop-client/api/performance_cache.go:182.2,185.26 3 0
KNIRVENGINE/desktop-client/api/performance_cache.go:189.44,193.2 3 0
KNIRVENGINE/desktop-client/api/performance_cache.go:196.33,201.2 4 0
KNIRVENGINE/desktop-client/api/performance_cache.go:204.47,210.33 5 0
KNIRVENGINE/desktop-client/api/performance_cache.go:210.33,213.3 2 0
KNIRVENGINE/desktop-client/api/performance_cache.go:215.2,216.23 2 0
KNIRVENGINE/desktop-client/api/performance_cache.go:216.23,218.3 1 0
KNIRVENGINE/desktop-client/api/performance_cache.go:220.2,225.3 1 0
KNIRVENGINE/desktop-client/api/performance_cache.go:229.62,232.16 2 0
KNIRVENGINE/desktop-client/api/performance_cache.go:232.16,234.3 1 0
KNIRVENGINE/desktop-client/api/performance_cache.go:235.2,235.18 1 0
KNIRVENGINE/desktop-client/api/performance_cache.go:239.36,243.35 3 0
KNIRVENGINE/desktop-client/api/performance_cache.go:243.35,244.61 1 0
KNIRVENGINE/desktop-client/api/performance_cache.go:244.61,247.4 2 0
KNIRVENGINE/desktop-client/api/performance_cache.go:250.2,250.21 1 0
KNIRVENGINE/desktop-client/api/performance_cache.go:250.21,253.3 2 0
KNIRVENGINE/desktop-client/api/performance_cache.go:257.35,258.6 1 1
KNIRVENGINE/desktop-client/api/performance_cache.go:258.6,259.10 1 1
KNIRVENGINE/desktop-client/api/performance_cache.go:260.29,265.37 4 0
KNIRVENGINE/desktop-client/api/performance_cache.go:265.37,266.35 1 0
KNIRVENGINE/desktop-client/api/performance_cache.go:266.35,268.6 1 0
KNIRVENGINE/desktop-client/api/performance_cache.go:271.4,271.36 1 0
KNIRVENGINE/desktop-client/api/performance_cache.go:271.36,273.5 1 0
KNIRVENGINE/desktop-client/api/performance_cache.go:275.4,275.28 1 0
KNIRVENGINE/desktop-client/api/performance_cache.go:275.28,277.5 1 0
KNIRVENGINE/desktop-client/api/performance_cache.go:278.4,278.21 1 0
KNIRVENGINE/desktop-client/api/performance_cache.go:280.22,282.10 2 0
KNIRVENGINE/desktop-client/api/performance_cache.go:288.32,290.2 1 0
KNIRVENGINE/desktop-client/api/performance_cache.go:293.128,301.2 1 0
KNIRVENGINE/desktop-client/api/performance_cache.go:304.77,306.15 2 0
KNIRVENGINE/desktop-client/api/performance_cache.go:306.15,311.3 4 0
KNIRVENGINE/desktop-client/api/performance_cache.go:313.2,313.9 1 0
KNIRVENGINE/desktop-client/api/performance_cache.go:314.32,319.19 5 0
KNIRVENGINE/desktop-client/api/performance_cache.go:320.20,321.24 1 0
KNIRVENGINE/desktop-client/api/performance_cache.go:322.10,325.34 2 0
KNIRVENGINE/desktop-client/api/performance_cache.go:325.34,330.18 4 0
KNIRVENGINE/desktop-client/api/performance_cache.go:330.18,335.5 4 0
KNIRVENGINE/desktop-client/api/performance_cache.go:337.4,342.20 5 0
KNIRVENGINE/desktop-client/api/performance_cache.go:344.3,347.10 2 0
KNIRVENGINE/desktop-client/api/performance_cache.go:348.33,353.20 5 0
KNIRVENGINE/desktop-client/api/performance_cache.go:354.21,355.25 1 0
KNIRVENGINE/desktop-client/api/performance_cache.go:361.53,369.9 6 0
KNIRVENGINE/desktop-client/api/performance_cache.go:370.30,370.30 0 0
KNIRVENGINE/desktop-client/api/performance_cache.go:372.10,374.26 1 0
KNIRVENGINE/desktop-client/api/performance_cache.go:374.26,376.4 1 0
KNIRVENGINE/desktop-client/api/performance_cache.go:377.3,379.23 3 0
KNIRVENGINE/desktop-client/api/performance_cache.go:384.48,388.2 3 0
KNIRVENGINE/desktop-client/api/performance_cache.go:391.69,397.2 1 1
KNIRVENGINE/desktop-client/api/performance_cache.go:400.101,405.12 4 0
KNIRVENGINE/desktop-client/api/performance_cache.go:405.12,408.3 2 0
KNIRVENGINE/desktop-client/api/performance_cache.go:411.2,426.18 6 0
KNIRVENGINE/desktop-client/api/performance_cache.go:430.107,431.33 1 0
KNIRVENGINE/desktop-client/api/performance_cache.go:431.33,433.3 1 0
KNIRVENGINE/desktop-client/api/performance_cache.go:435.2,449.31 5 0
KNIRVENGINE/desktop-client/api/performance_cache.go:449.31,451.3 1 0
KNIRVENGINE/desktop-client/api/performance_cache.go:453.2,453.88 1 0
KNIRVENGINE/desktop-client/api/performance_cache.go:457.67,464.20 2 0
KNIRVENGINE/desktop-client/api/performance_cache.go:464.20,470.3 1 0
KNIRVENGINE/desktop-client/api/performance_cache.go:472.2,472.18 1 0
KNIRVENGINE/desktop-client/api/performance_cache.go:476.77,481.22 2 0
KNIRVENGINE/desktop-client/api/performance_cache.go:481.22,483.3 1 0
KNIRVENGINE/desktop-client/api/performance_cache.go:484.2,484.22 1 0
KNIRVENGINE/desktop-client/api/performance_cache.go:484.22,486.3 1 0
KNIRVENGINE/desktop-client/api/performance_cache.go:488.2,488.17 1 0
KNIRVENGINE/desktop-client/api/performance_cache.go:492.69,497.20 2 0
KNIRVENGINE/desktop-client/api/performance_cache.go:497.20,499.3 1 0
KNIRVENGINE/desktop-client/api/performance_cache.go:501.2,501.14 1 0
KNIRVENGINE/desktop-client/api/performance_cache.go:505.65,509.47 3 0
KNIRVENGINE/desktop-client/api/performance_cache.go:509.47,511.3 1 0
KNIRVENGINE/desktop-client/api/performance_cache.go:514.2,515.15 2 0
KNIRVENGINE/desktop-client/api/performance_cache.go:515.15,517.3 1 0
KNIRVENGINE/desktop-client/api/performance_cache.go:519.2,519.31 1 0
KNIRVENGINE/desktop-client/api/performance_cache.go:523.44,527.2 1 1
KNIRVENGINE/desktop-client/api/performance_cache.go:530.44,541.2 7 0
KNIRVENGINE/desktop-client/api/performance_cache.go:544.64,555.2 3 0
KNIRVENGINE/desktop-client/api/performance_cache.go:558.50,566.2 1 1
KNIRVENGINE/desktop-client/api/performance_cache.go:569.63,571.2 1 0
KNIRVENGINE/desktop-client/api/performance_cache.go:574.78,578.2 3 0
KNIRVENGINE/desktop-client/api/performance_cache.go:581.84,585.2 3 0
KNIRVENGINE/desktop-client/api/performance_cache.go:588.67,590.2 1 0
KNIRVENGINE/desktop-client/api/performance_cache.go:593.69,595.2 1 0
KNIRVENGINE/desktop-client/api/performance_cache.go:598.65,603.45 4 0
KNIRVENGINE/desktop-client/api/performance_cache.go:603.45,605.3 1 0
KNIRVENGINE/desktop-client/api/performance_cache.go:607.2,614.3 1 0
KNIRVENGINE/desktop-client/api/performance_cache.go:618.40,623.2 4 0
KNIRVENGINE/desktop-client/api/performance_cache.go:626.41,631.2 4 0
KNIRVENGINE/desktop-client/api/performance_cache.go:634.38,637.2 2 0
KNIRVENGINE/desktop-client/api/process_utils.go:6.50,8.2 1 0
KNIRVENGINE/desktop-client/api/process_utils.go:12.35,14.2 1 0
KNIRVENGINE/desktop-client/api/process_utils_unix.go:11.58,13.11 2 0
KNIRVENGINE/desktop-client/api/process_utils_unix.go:13.11,15.3 1 0
KNIRVENGINE/desktop-client/api/process_utils_unix.go:15.8,17.3 1 0
KNIRVENGINE/desktop-client/api/process_utils_unix.go:18.2,18.34 1 0
KNIRVENGINE/desktop-client/api/process_utils_unix.go:22.43,26.2 2 0
KNIRVENGINE/desktop-client/api/reliability_manager.go:46.40,47.12 1 0
KNIRVENGINE/desktop-client/api/reliability_manager.go:48.21,49.18 1 0
KNIRVENGINE/desktop-client/api/reliability_manager.go:50.19,51.16 1 0
KNIRVENGINE/desktop-client/api/reliability_manager.go:52.23,53.21 1 0
KNIRVENGINE/desktop-client/api/reliability_manager.go:54.10,55.19 1 0
KNIRVENGINE/desktop-client/api/reliability_manager.go:122.50,130.2 1 1
KNIRVENGINE/desktop-client/api/reliability_manager.go:133.107,142.2 1 1
KNIRVENGINE/desktop-client/api/reliability_manager.go:145.88,150.29 3 0
KNIRVENGINE/desktop-client/api/reliability_manager.go:150.29,151.55 1 0
KNIRVENGINE/desktop-client/api/reliability_manager.go:151.55,153.4 1 0
KNIRVENGINE/desktop-client/api/reliability_manager.go:153.9,155.4 1 0
KNIRVENGINE/desktop-client/api/reliability_manager.go:159.2,161.16 2 0
KNIRVENGINE/desktop-client/api/reliability_manager.go:161.16,164.3 2 0
KNIRVENGINE/desktop-client/api/reliability_manager.go:166.2,167.20 2 0
KNIRVENGINE/desktop-client/api/reliability_manager.go:171.39,175.35 3 0
KNIRVENGINE/desktop-client/api/reliability_manager.go:175.35,177.3 1 0
KNIRVENGINE/desktop-client/api/reliability_manager.go:181.39,183.33 2 0
KNIRVENGINE/desktop-client/api/reliability_manager.go:183.33,185.3 1 0
KNIRVENGINE/desktop-client/api/reliability_manager.go:189.59,195.29 4 0
KNIRVENGINE/desktop-client/api/reliability_manager.go:195.29,197.3 1 0
KNIRVENGINE/desktop-client/api/reliability_manager.go:201.58,214.2 3 0
KNIRVENGINE/desktop-client/api/reliability_manager.go:217.109,229.2 1 1
KNIRVENGINE/desktop-client/api/reliability_manager.go:232.106,235.57 2 0
KNIRVENGINE/desktop-client/api/reliability_manager.go:235.57,237.17 2 0
KNIRVENGINE/desktop-client/api/reliability_manager.go:237.17,239.4 1 0
KNIRVENGINE/desktop-client/api/reliability_manager.go:241.3,244.27 2 0
KNIRVENGINE/desktop-client/api/reliability_manager.go:244.27,246.4 1 0
KNIRVENGINE/desktop-client/api/reliability_manager.go:249.3,249.32 1 0
KNIRVENGINE/desktop-client/api/reliability_manager.go:249.32,250.9 1 0
KNIRVENGINE/desktop-client/api/reliability_manager.go:254.3,259.10 3 0
KNIRVENGINE/desktop-client/api/reliability_manager.go:260.28,260.28 0 0
KNIRVENGINE/desktop-client/api/reliability_manager.go:262.21,263.25 1 0
KNIRVENGINE/desktop-client/api/reliability_manager.go:267.2,267.97 1 0
KNIRVENGINE/desktop-client/api/reliability_manager.go:271.52,272.50 1 0
KNIRVENGINE/desktop-client/api/reliability_manager.go:272.50,273.42 1 0
KNIRVENGINE/desktop-client/api/reliability_manager.go:273.42,275.4 1 0
KNIRVENGINE/desktop-client/api/reliability_manager.go:277.2,277.14 1 0
KNIRVENGINE/desktop-client/api/reliability_manager.go:281.66,283.25 2 0
KNIRVENGINE/desktop-client/api/reliability_manager.go:283.25,285.3 1 0
KNIRVENGINE/desktop-client/api/reliability_manager.go:286.2,286.14 1 0
KNIRVENGINE/desktop-client/api/reliability_manager.go:290.122,300.2 1 1
KNIRVENGINE/desktop-client/api/reliability_manager.go:303.34,304.12 1 1
KNIRVENGINE/desktop-client/api/reliability_manager.go:304.12,308.7 3 1
KNIRVENGINE/desktop-client/api/reliability_manager.go:308.7,309.11 1 1
KNIRVENGINE/desktop-client/api/reliability_manager.go:310.20,311.22 1 0
KNIRVENGINE/desktop-client/api/reliability_manager.go:312.23,313.11 1 0
KNIRVENGINE/desktop-client/api/reliability_manager.go:320.33,322.2 1 0
KNIRVENGINE/desktop-client/api/reliability_manager.go:325.41,333.12 6 0
KNIRVENGINE/desktop-client/api/reliability_manager.go:333.12,335.3 1 0
KNIRVENGINE/desktop-client/api/reliability_manager.go:337.2,337.9 1 0
KNIRVENGINE/desktop-client/api/reliability_manager.go:338.21,340.17 2 0
KNIRVENGINE/desktop-client/api/reliability_manager.go:340.17,343.42 3 0
KNIRVENGINE/desktop-client/api/reliability_manager.go:343.42,345.5 1 0
KNIRVENGINE/desktop-client/api/reliability_manager.go:346.4,346.107 1 0
KNIRVENGINE/desktop-client/api/reliability_manager.go:347.9,351.4 3 0
KNIRVENGINE/desktop-client/api/reliability_manager.go:352.20,356.41 4 0
KNIRVENGINE/desktop-client/api/reliability_manager.go:356.41,358.4 1 0
KNIRVENGINE/desktop-client/api/reliability_manager.go:359.3,359.98 1 0
KNIRVENGINE/desktop-client/api/reliability_manager.go:364.51,369.25 4 0
KNIRVENGINE/desktop-client/api/reliability_manager.go:369.25,371.3 1 0
KNIRVENGINE/desktop-client/api/reliability_manager.go:373.2,380.3 1 0
KNIRVENGINE/desktop-client/api/reliability_manager.go:384.38,390.2 1 1
KNIRVENGINE/desktop-client/api/reliability_manager.go:393.78,402.12 5 0
KNIRVENGINE/desktop-client/api/reliability_manager.go:402.12,404.60 1 0
KNIRVENGINE/desktop-client/api/reliability_manager.go:404.60,408.84 2 0
KNIRVENGINE/desktop-client/api/reliability_manager.go:408.84,410.5 1 0
KNIRVENGINE/desktop-client/api/reliability_manager.go:414.2,415.12 2 0
KNIRVENGINE/desktop-client/api/reliability_manager.go:419.86,423.2 3 1
KNIRVENGINE/desktop-client/api/reliability_manager.go:426.88,430.2 3 1
KNIRVENGINE/desktop-client/api/reliability_manager.go:433.64,442.2 3 0
KNIRVENGINE/desktop-client/api/reliability_manager.go:445.82,449.2 3 1
KNIRVENGINE/desktop-client/api/reliability_manager.go:452.78,456.2 3 0
KNIRVENGINE/desktop-client/api/reliability_manager.go:459.80,463.2 3 1
KNIRVENGINE/desktop-client/api/reliability_manager.go:466.72,470.2 3 0
KNIRVENGINE/desktop-client/api/reliability_manager.go:473.80,478.2 4 1
KNIRVENGINE/desktop-client/api/reliability_manager.go:481.76,485.2 3 0
KNIRVENGINE/desktop-client/api/reliability_manager.go:488.63,490.2 1 0
KNIRVENGINE/desktop-client/api/reliability_manager.go:493.148,494.17 1 0
KNIRVENGINE/desktop-client/api/reliability_manager.go:494.17,496.3 1 0
KNIRVENGINE/desktop-client/api/reliability_manager.go:499.2,500.15 2 0
KNIRVENGINE/desktop-client/api/reliability_manager.go:500.15,504.3 2 0
KNIRVENGINE/desktop-client/api/reliability_manager.go:507.2,508.24 2 0
KNIRVENGINE/desktop-client/api/reliability_manager.go:508.24,512.3 2 0
KNIRVENGINE/desktop-client/api/reliability_manager.go:515.2,515.48 1 0
KNIRVENGINE/desktop-client/api/reliability_manager.go:515.48,517.3 1 0
KNIRVENGINE/desktop-client/api/reliability_manager.go:521.65,526.43 4 0
KNIRVENGINE/desktop-client/api/reliability_manager.go:526.43,528.3 1 0
KNIRVENGINE/desktop-client/api/reliability_manager.go:530.2,531.42 2 0
KNIRVENGINE/desktop-client/api/reliability_manager.go:531.42,533.3 1 0
KNIRVENGINE/desktop-client/api/reliability_manager.go:535.2,542.3 1 0
KNIRVENGINE/desktop-client/api/reliability_manager.go:546.40,551.2 4 0
KNIRVENGINE/desktop-client/api/reliability_manager.go:554.41,559.2 4 0
KNIRVENGINE/desktop-client/api/reliability_manager.go:562.38,566.39 3 0
KNIRVENGINE/desktop-client/api/reliability_manager.go:566.39,568.3 1 0
KNIRVENGINE/desktop-client/api/reliability_manager.go:570.2,570.44 1 0
KNIRVENGINE/desktop-client/api/reliability_manager.go:574.57,586.63 7 1
KNIRVENGINE/desktop-client/api/reliability_manager.go:586.63,589.3 1 0
KNIRVENGINE/desktop-client/api/reliability_manager.go:590.2,602.72 3 1
KNIRVENGINE/desktop-client/api/reliability_manager.go:602.72,607.3 1 0
KNIRVENGINE/desktop-client/api/reliability_manager.go:609.2,609.58 1 1
KNIRVENGINE/desktop-client/api/security_middleware.go:85.50,93.2 1 1
KNIRVENGINE/desktop-client/api/security_middleware.go:96.76,111.2 4 1
KNIRVENGINE/desktop-client/api/security_middleware.go:114.42,134.2 2 1
KNIRVENGINE/desktop-client/api/security_middleware.go:137.65,142.2 1 1
KNIRVENGINE/desktop-client/api/security_middleware.go:145.42,150.2 1 1
KNIRVENGINE/desktop-client/api/security_middleware.go:153.74,154.71 1 0
KNIRVENGINE/desktop-client/api/security_middleware.go:154.71,155.18 1 0
KNIRVENGINE/desktop-client/api/security_middleware.go:155.18,158.4 2 0
KNIRVENGINE/desktop-client/api/security_middleware.go:161.3,169.46 5 0
KNIRVENGINE/desktop-client/api/security_middleware.go:169.46,175.4 3 0
KNIRVENGINE/desktop-client/api/security_middleware.go:178.3,178.32 1 0
KNIRVENGINE/desktop-client/api/security_middleware.go:178.32,179.63 1 0
KNIRVENGINE/desktop-client/api/security_middleware.go:179.63,185.5 3 0
KNIRVENGINE/desktop-client/api/security_middleware.go:189.3,189.80 1 0
KNIRVENGINE/desktop-client/api/security_middleware.go:189.80,190.69 1 0
KNIRVENGINE/desktop-client/api/security_middleware.go:190.69,196.5 3 0
KNIRVENGINE/desktop-client/api/security_middleware.go:200.3,202.23 2 0
KNIRVENGINE/desktop-client/api/security_middleware.go:207.73,215.2 7 0
KNIRVENGINE/desktop-client/api/security_middleware.go:218.67,221.15 2 0
KNIRVENGINE/desktop-client/api/security_middleware.go:221.15,223.19 2 0
KNIRVENGINE/desktop-client/api/security_middleware.go:223.19,225.4 1 0
KNIRVENGINE/desktop-client/api/security_middleware.go:229.2,230.15 2 0
KNIRVENGINE/desktop-client/api/security_middleware.go:230.15,232.3 1 0
KNIRVENGINE/desktop-client/api/security_middleware.go:235.2,236.16 2 0
KNIRVENGINE/desktop-client/api/security_middleware.go:236.16,238.3 1 0
KNIRVENGINE/desktop-client/api/security_middleware.go:239.2,239.11 1 0
KNIRVENGINE/desktop-client/api/security_middleware.go:243.65,244.67 1 0
KNIRVENGINE/desktop-client/api/security_middleware.go:244.67,246.3 1 0
KNIRVENGINE/desktop-client/api/security_middleware.go:247.2,247.20 1 0
KNIRVENGINE/desktop-client/api/security_middleware.go:251.76,253.2 1 0
KNIRVENGINE/desktop-client/api/security_middleware.go:256.66,299.41 2 0
KNIRVENGINE/desktop-client/api/security_middleware.go:299.41,300.25 1 0
KNIRVENGINE/desktop-client/api/security_middleware.go:300.25,302.4 1 0
KNIRVENGINE/desktop-client/api/security_middleware.go:306.2,352.40 2 0
KNIRVENGINE/desktop-client/api/security_middleware.go:352.40,353.38 1 0
KNIRVENGINE/desktop-client/api/security_middleware.go:353.38,355.4 1 0
KNIRVENGINE/desktop-client/api/security_middleware.go:358.2,358.14 1 0
KNIRVENGINE/desktop-client/api/security_middleware.go:362.72,365.2 1 0
KNIRVENGINE/desktop-client/api/security_middleware.go:368.60,374.13 4 0
KNIRVENGINE/desktop-client/api/security_middleware.go:374.13,377.3 2 0
KNIRVENGINE/desktop-client/api/security_middleware.go:379.2,379.24 1 0
KNIRVENGINE/desktop-client/api/security_middleware.go:379.24,381.3 1 0
KNIRVENGINE/desktop-client/api/security_middleware.go:384.2,384.27 1 0
KNIRVENGINE/desktop-client/api/security_middleware.go:384.27,386.14 2 0
KNIRVENGINE/desktop-client/api/security_middleware.go:386.14,389.4 2 0
KNIRVENGINE/desktop-client/api/security_middleware.go:391.3,391.27 1 0
KNIRVENGINE/desktop-client/api/security_middleware.go:391.27,393.4 1 0
KNIRVENGINE/desktop-client/api/security_middleware.go:396.2,396.13 1 0
KNIRVENGINE/desktop-client/api/security_middleware.go:400.34,401.6 1 1
KNIRVENGINE/desktop-client/api/security_middleware.go:401.6,402.10 1 1
KNIRVENGINE/desktop-client/api/security_middleware.go:403.29,407.33 2 0
KNIRVENGINE/desktop-client/api/security_middleware.go:407.33,409.5 1 0
KNIRVENGINE/desktop-client/api/security_middleware.go:410.4,410.35 1 0
KNIRVENGINE/desktop-client/api/security_middleware.go:410.35,412.5 1 0
KNIRVENGINE/desktop-client/api/security_middleware.go:413.4,413.21 1 0
KNIRVENGINE/desktop-client/api/security_middleware.go:414.22,416.10 2 0
KNIRVENGINE/desktop-client/api/security_middleware.go:422.66,424.41 1 0
KNIRVENGINE/desktop-client/api/security_middleware.go:424.41,426.3 1 0
KNIRVENGINE/desktop-client/api/security_middleware.go:429.2,430.43 2 0
KNIRVENGINE/desktop-client/api/security_middleware.go:430.43,431.25 1 0
KNIRVENGINE/desktop-client/api/security_middleware.go:431.25,433.9 2 0
KNIRVENGINE/desktop-client/api/security_middleware.go:436.2,436.20 1 0
KNIRVENGINE/desktop-client/api/security_middleware.go:436.20,438.3 1 0
KNIRVENGINE/desktop-client/api/security_middleware.go:441.2,441.52 1 0
KNIRVENGINE/desktop-client/api/security_middleware.go:441.52,443.3 1 0
KNIRVENGINE/desktop-client/api/security_middleware.go:446.2,446.41 1 0
KNIRVENGINE/desktop-client/api/security_middleware.go:446.41,447.32 1 0
KNIRVENGINE/desktop-client/api/security_middleware.go:447.32,448.50 1 0
KNIRVENGINE/desktop-client/api/security_middleware.go:448.50,450.5 1 0
KNIRVENGINE/desktop-client/api/security_middleware.go:455.2,455.36 1 0
KNIRVENGINE/desktop-client/api/security_middleware.go:455.36,456.32 1 0
KNIRVENGINE/desktop-client/api/security_middleware.go:456.32,457.50 1 0
KNIRVENGINE/desktop-client/api/security_middleware.go:457.50,459.5 1 0
KNIRVENGINE/desktop-client/api/security_middleware.go:463.2,463.12 1 0
KNIRVENGINE/desktop-client/api/security_middleware.go:467.59,469.34 1 0
KNIRVENGINE/desktop-client/api/security_middleware.go:469.34,471.3 1 0
KNIRVENGINE/desktop-client/api/security_middleware.go:474.2,474.36 1 0
KNIRVENGINE/desktop-client/api/security_middleware.go:474.36,476.3 1 0
KNIRVENGINE/desktop-client/api/security_middleware.go:478.2,478.12 1 0
KNIRVENGINE/desktop-client/api/security_middleware.go:482.61,483.45 1 0
KNIRVENGINE/desktop-client/api/security_middleware.go:483.45,484.33 1 0
KNIRVENGINE/desktop-client/api/security_middleware.go:484.33,486.4 1 0
KNIRVENGINE/desktop-client/api/security_middleware.go:488.2,488.12 1 0
KNIRVENGINE/desktop-client/api/security_middleware.go:492.79,494.17 2 0
KNIRVENGINE/desktop-client/api/security_middleware.go:494.17,496.3 1 0
KNIRVENGINE/desktop-client/api/security_middleware.go:498.2,498.17 1 0
KNIRVENGINE/desktop-client/api/security_middleware.go:498.17,500.3 1 0
KNIRVENGINE/desktop-client/api/security_middleware.go:502.2,506.13 4 0
KNIRVENGINE/desktop-client/api/security_middleware.go:506.13,508.3 1 0
KNIRVENGINE/desktop-client/api/security_middleware.go:510.2,510.32 1 0
KNIRVENGINE/desktop-client/api/security_middleware.go:510.32,512.3 1 0
KNIRVENGINE/desktop-client/api/security_middleware.go:514.2,514.45 1 0
KNIRVENGINE/desktop-client/api/security_middleware.go:514.45,519.3 4 0
KNIRVENGINE/desktop-client/api/security_middleware.go:521.2,521.12 1 0
KNIRVENGINE/desktop-client/api/security_middleware.go:525.63,537.2 5 0
KNIRVENGINE/desktop-client/api/security_middleware.go:540.166,558.50 3 0
KNIRVENGINE/desktop-client/api/security_middleware.go:558.50,561.3 1 0
KNIRVENGINE/desktop-client/api/security_middleware.go:565.63,572.37 4 0
KNIRVENGINE/desktop-client/api/security_middleware.go:572.37,574.3 1 0
KNIRVENGINE/desktop-client/api/security_middleware.go:578.70,582.43 3 0
KNIRVENGINE/desktop-client/api/security_middleware.go:582.43,584.3 1 0
KNIRVENGINE/desktop-client/api/security_middleware.go:587.2,588.27 2 0
KNIRVENGINE/desktop-client/api/security_middleware.go:592.94,597.69 4 0
KNIRVENGINE/desktop-client/api/security_middleware.go:597.69,598.38 1 0
KNIRVENGINE/desktop-client/api/security_middleware.go:598.38,600.4 1 0
KNIRVENGINE/desktop-client/api/security_middleware.go:603.2,603.17 1 0
KNIRVENGINE/desktop-client/api/security_middleware.go:607.40,612.2 4 0
KNIRVENGINE/desktop-client/api/security_middleware.go:615.41,620.2 4 0
KNIRVENGINE/desktop-client/api/security_middleware.go:623.65,631.37 6 0
KNIRVENGINE/desktop-client/api/security_middleware.go:631.37,632.20 1 0
KNIRVENGINE/desktop-client/api/security_middleware.go:632.20,634.4 1 0
KNIRVENGINE/desktop-client/api/security_middleware.go:635.3,635.27 1 0
KNIRVENGINE/desktop-client/api/security_middleware.go:638.2,647.3 1 0
KNIRVENGINE/desktop-client/api/security_middleware.go:651.38,653.2 1 0
KNIRVENGINE/desktop-client/api/server.go:19.26,37.2 7 0
KNIRVENGINE/desktop-client/api/server.go:40.35,46.2 1 0
KNIRVENGINE/desktop-client/api/server.go:49.43,53.21 3 0
KNIRVENGINE/desktop-client/api/server.go:53.21,55.3 1 0
KNIRVENGINE/desktop-client/api/server.go:59.43,62.2 2 0
KNIRVENGINE/desktop-client/api/server.go:65.66,67.2 1 0
KNIRVENGINE/desktop-client/api/server.go:70.42,72.2 1 0
KNIRVENGINE/desktop-client/api/simple_server.go:42.81,44.16 2 1
KNIRVENGINE/desktop-client/api/simple_server.go:44.16,46.3 1 0
KNIRVENGINE/desktop-client/api/simple_server.go:47.2,49.20 3 1
KNIRVENGINE/desktop-client/api/simple_server.go:53.31,55.2 1 1
KNIRVENGINE/desktop-client/api/simple_server.go:58.91,62.53 2 0
KNIRVENGINE/desktop-client/api/simple_server.go:62.53,65.3 2 0
KNIRVENGINE/desktop-client/api/simple_server.go:67.2,68.16 2 0
KNIRVENGINE/desktop-client/api/simple_server.go:68.16,70.3 1 0
KNIRVENGINE/desktop-client/api/simple_server.go:72.2,73.50 2 0
KNIRVENGINE/desktop-client/api/simple_server.go:73.50,75.3 1 0
KNIRVENGINE/desktop-client/api/simple_server.go:77.2,78.17 2 0
KNIRVENGINE/desktop-client/api/simple_server.go:82.131,84.16 2 0
KNIRVENGINE/desktop-client/api/simple_server.go:84.16,87.3 2 0
KNIRVENGINE/desktop-client/api/simple_server.go:89.2,93.35 3 0
KNIRVENGINE/desktop-client/api/simple_server.go:93.35,95.3 1 0
KNIRVENGINE/desktop-client/api/simple_server.go:98.2,98.34 1 0
KNIRVENGINE/desktop-client/api/simple_server.go:98.34,103.36 3 0
KNIRVENGINE/desktop-client/api/simple_server.go:103.36,104.55 1 0
KNIRVENGINE/desktop-client/api/simple_server.go:104.55,106.5 1 0
KNIRVENGINE/desktop-client/api/simple_server.go:110.3,110.16 1 0
KNIRVENGINE/desktop-client/api/simple_server.go:110.16,112.4 1 0
KNIRVENGINE/desktop-client/api/simple_server.go:116.2,119.32 3 0
KNIRVENGINE/desktop-client/api/simple_server.go:119.32,120.84 1 0
KNIRVENGINE/desktop-client/api/simple_server.go:120.84,122.4 1 0
KNIRVENGINE/desktop-client/api/simple_server.go:122.9,124.4 1 0
KNIRVENGINE/desktop-client/api/simple_server.go:128.2,129.21 2 0
KNIRVENGINE/desktop-client/api/simple_server.go:129.21,131.3 1 0
KNIRVENGINE/desktop-client/api/simple_server.go:133.2,133.15 1 0
KNIRVENGINE/desktop-client/api/simple_server.go:146.54,148.51 1 1
KNIRVENGINE/desktop-client/api/simple_server.go:148.51,150.3 1 0
KNIRVENGINE/desktop-client/api/simple_server.go:153.2,153.51 1 1
KNIRVENGINE/desktop-client/api/simple_server.go:153.51,156.3 2 1
KNIRVENGINE/desktop-client/api/simple_server.go:159.2,159.84 1 1
KNIRVENGINE/desktop-client/api/simple_server.go:159.84,160.17 1 1
KNIRVENGINE/desktop-client/api/simple_server.go:160.17,162.4 1 0
KNIRVENGINE/desktop-client/api/simple_server.go:165.3,165.19 1 1
KNIRVENGINE/desktop-client/api/simple_server.go:165.19,167.4 1 1
KNIRVENGINE/desktop-client/api/simple_server.go:170.3,170.44 1 1
KNIRVENGINE/desktop-client/api/simple_server.go:170.44,172.4 1 1
KNIRVENGINE/desktop-client/api/simple_server.go:175.3,176.17 2 1
KNIRVENGINE/desktop-client/api/simple_server.go:176.17,178.4 1 0
KNIRVENGINE/desktop-client/api/simple_server.go:181.3,185.56 3 1
KNIRVENGINE/desktop-client/api/simple_server.go:185.56,187.4 1 0
KNIRVENGINE/desktop-client/api/simple_server.go:190.3,190.34 1 1
KNIRVENGINE/desktop-client/api/simple_server.go:195.38,197.16 2 1
KNIRVENGINE/desktop-client/api/simple_server.go:197.16,199.3 1 1
KNIRVENGINE/desktop-client/api/simple_server.go:200.2,203.16 3 1
KNIRVENGINE/desktop-client/api/simple_server.go:203.16,205.3 1 1
KNIRVENGINE/desktop-client/api/simple_server.go:206.2,209.16 3 1
KNIRVENGINE/desktop-client/api/simple_server.go:209.16,211.3 1 0
KNIRVENGINE/desktop-client/api/simple_server.go:214.2,215.16 2 1
KNIRVENGINE/desktop-client/api/simple_server.go:215.16,217.3 1 0
KNIRVENGINE/desktop-client/api/simple_server.go:219.2,219.41 1 1
KNIRVENGINE/desktop-client/api/simple_server.go:267.331,271.16 3 1
KNIRVENGINE/desktop-client/api/simple_server.go:271.16,273.3 1 0
KNIRVENGINE/desktop-client/api/simple_server.go:276.2,324.16 21 1
KNIRVENGINE/desktop-client/api/simple_server.go:324.16,327.3 2 0
KNIRVENGINE/desktop-client/api/simple_server.go:330.2,336.76 5 1
KNIRVENGINE/desktop-client/api/simple_server.go:336.76,339.3 1 0
KNIRVENGINE/desktop-client/api/simple_server.go:342.2,343.16 2 1
KNIRVENGINE/desktop-client/api/simple_server.go:343.16,346.3 2 0
KNIRVENGINE/desktop-client/api/simple_server.go:349.2,350.16 2 1
KNIRVENGINE/desktop-client/api/simple_server.go:350.16,353.3 2 0
KNIRVENGINE/desktop-client/api/simple_server.go:356.2,357.16 2 1
KNIRVENGINE/desktop-client/api/simple_server.go:357.16,360.3 2 0
KNIRVENGINE/desktop-client/api/simple_server.go:365.2,366.16 2 1
KNIRVENGINE/desktop-client/api/simple_server.go:366.16,369.3 2 0
KNIRVENGINE/desktop-client/api/simple_server.go:370.2,374.16 3 1
KNIRVENGINE/desktop-client/api/simple_server.go:374.16,377.3 2 0
KNIRVENGINE/desktop-client/api/simple_server.go:380.2,432.23 9 1
KNIRVENGINE/desktop-client/api/simple_server.go:436.41,451.26 6 1
KNIRVENGINE/desktop-client/api/simple_server.go:451.26,453.3 1 0
KNIRVENGINE/desktop-client/api/simple_server.go:456.2,456.26 1 1
KNIRVENGINE/desktop-client/api/simple_server.go:456.26,458.3 1 0
KNIRVENGINE/desktop-client/api/simple_server.go:459.2,459.31 1 1
KNIRVENGINE/desktop-client/api/simple_server.go:459.31,461.3 1 0
KNIRVENGINE/desktop-client/api/simple_server.go:462.2,462.36 1 1
KNIRVENGINE/desktop-client/api/simple_server.go:462.36,464.3 1 0
KNIRVENGINE/desktop-client/api/simple_server.go:465.2,465.34 1 1
KNIRVENGINE/desktop-client/api/simple_server.go:465.34,467.3 1 1
KNIRVENGINE/desktop-client/api/simple_server.go:470.2,636.38 105 1
KNIRVENGINE/desktop-client/api/simple_server.go:636.38,638.3 1 1
KNIRVENGINE/desktop-client/api/simple_server.go:641.89,642.27 1 0
KNIRVENGINE/desktop-client/api/simple_server.go:642.27,648.3 5 0
KNIRVENGINE/desktop-client/api/simple_server.go:649.2,652.33 3 0
KNIRVENGINE/desktop-client/api/simple_server.go:652.33,653.10 1 0
KNIRVENGINE/desktop-client/api/simple_server.go:654.43,655.60 1 0
KNIRVENGINE/desktop-client/api/simple_server.go:656.11,657.85 1 0
KNIRVENGINE/desktop-client/api/simple_server.go:660.2,661.60 2 0
KNIRVENGINE/desktop-client/api/simple_server.go:665.74,666.71 1 0
KNIRVENGINE/desktop-client/api/simple_server.go:666.71,671.28 4 0
KNIRVENGINE/desktop-client/api/simple_server.go:671.28,674.4 2 0
KNIRVENGINE/desktop-client/api/simple_server.go:676.3,676.23 1 0
KNIRVENGINE/desktop-client/api/simple_server.go:681.41,689.56 4 0
KNIRVENGINE/desktop-client/api/simple_server.go:689.56,691.3 1 0
KNIRVENGINE/desktop-client/api/simple_server.go:693.2,693.57 1 0
KNIRVENGINE/desktop-client/api/simple_server.go:693.57,695.3 1 0
KNIRVENGINE/desktop-client/api/simple_server.go:697.2,697.55 1 0
KNIRVENGINE/desktop-client/api/simple_server.go:697.55,699.3 1 0
KNIRVENGINE/desktop-client/api/simple_server.go:702.2,702.58 1 0
KNIRVENGINE/desktop-client/api/simple_server.go:702.58,704.3 1 0
KNIRVENGINE/desktop-client/api/simple_server.go:706.2,706.38 1 0
KNIRVENGINE/desktop-client/api/simple_server.go:710.59,712.25 2 0
KNIRVENGINE/desktop-client/api/simple_server.go:712.25,714.3 1 0
KNIRVENGINE/desktop-client/api/simple_server.go:715.2,715.35 1 0
KNIRVENGINE/desktop-client/api/simple_server.go:719.86,720.71 1 0
KNIRVENGINE/desktop-client/api/simple_server.go:720.71,722.39 1 0
KNIRVENGINE/desktop-client/api/simple_server.go:722.39,724.4 1 0
KNIRVENGINE/desktop-client/api/simple_server.go:727.3,736.68 3 0
KNIRVENGINE/desktop-client/api/simple_server.go:736.68,738.4 1 0
KNIRVENGINE/desktop-client/api/simple_server.go:748.61,751.2 2 0
KNIRVENGINE/desktop-client/api/simple_server.go:754.51,756.2 1 0
KNIRVENGINE/desktop-client/api/simple_server.go:759.86,760.35 1 0
KNIRVENGINE/desktop-client/api/simple_server.go:760.35,763.3 2 0
KNIRVENGINE/desktop-client/api/simple_server.go:763.8,765.3 1 0
KNIRVENGINE/desktop-client/api/simple_server.go:769.81,778.2 3 0
KNIRVENGINE/desktop-client/api/simple_server.go:781.86,789.65 2 0
KNIRVENGINE/desktop-client/api/simple_server.go:789.65,792.3 2 0
KNIRVENGINE/desktop-client/api/simple_server.go:795.2,796.76 2 0
KNIRVENGINE/desktop-client/api/simple_server.go:796.76,799.3 2 0
KNIRVENGINE/desktop-client/api/simple_server.go:802.2,803.9 2 0
KNIRVENGINE/desktop-client/api/simple_server.go:803.9,806.3 2 0
KNIRVENGINE/desktop-client/api/simple_server.go:809.2,826.64 3 0
KNIRVENGINE/desktop-client/api/simple_server.go:826.64,827.28 1 0
KNIRVENGINE/desktop-client/api/simple_server.go:827.28,828.38 1 0
KNIRVENGINE/desktop-client/api/simple_server.go:828.38,830.5 1 0
KNIRVENGINE/desktop-client/api/simple_server.go:835.2,835.67 1 0
KNIRVENGINE/desktop-client/api/simple_server.go:835.67,837.34 2 0
KNIRVENGINE/desktop-client/api/simple_server.go:837.34,838.44 1 0
KNIRVENGINE/desktop-client/api/simple_server.go:838.44,840.5 1 0
KNIRVENGINE/desktop-client/api/simple_server.go:845.2,846.65 2 0
KNIRVENGINE/desktop-client/api/simple_server.go:846.65,850.3 3 0
KNIRVENGINE/desktop-client/api/simple_server.go:853.2,875.54 4 0
KNIRVENGINE/desktop-client/api/simple_server.go:879.84,882.22 2 0
KNIRVENGINE/desktop-client/api/simple_server.go:882.22,885.3 2 0
KNIRVENGINE/desktop-client/api/simple_server.go:887.2,888.16 2 0
KNIRVENGINE/desktop-client/api/simple_server.go:888.16,891.3 2 0
KNIRVENGINE/desktop-client/api/simple_server.go:894.2,895.16 2 0
KNIRVENGINE/desktop-client/api/simple_server.go:895.16,899.3 3 0
KNIRVENGINE/desktop-client/api/simple_server.go:902.2,903.45 2 0
KNIRVENGINE/desktop-client/api/simple_server.go:903.45,926.3 3 0
KNIRVENGINE/desktop-client/api/simple_server.go:928.2,928.63 1 0
KNIRVENGINE/desktop-client/api/simple_server.go:932.83,938.16 5 0
KNIRVENGINE/desktop-client/api/simple_server.go:938.16,942.3 3 0
KNIRVENGINE/desktop-client/api/simple_server.go:945.2,967.48 4 0
KNIRVENGINE/desktop-client/api/simple_server.go:971.86,982.65 4 0
KNIRVENGINE/desktop-client/api/simple_server.go:982.65,985.3 2 0
KNIRVENGINE/desktop-client/api/simple_server.go:988.2,990.16 3 0
KNIRVENGINE/desktop-client/api/simple_server.go:990.16,994.3 3 0
KNIRVENGINE/desktop-client/api/simple_server.go:997.2,998.76 2 0
KNIRVENGINE/desktop-client/api/simple_server.go:998.76,1001.3 2 0
KNIRVENGINE/desktop-client/api/simple_server.go:1004.2,1019.64 2 0
KNIRVENGINE/desktop-client/api/simple_server.go:1019.64,1021.28 2 0
KNIRVENGINE/desktop-client/api/simple_server.go:1021.28,1022.38 1 0
KNIRVENGINE/desktop-client/api/simple_server.go:1022.38,1024.5 1 0
KNIRVENGINE/desktop-client/api/simple_server.go:1026.8,1029.3 1 0
KNIRVENGINE/desktop-client/api/simple_server.go:1032.2,1032.67 1 0
KNIRVENGINE/desktop-client/api/simple_server.go:1032.67,1034.34 2 0
KNIRVENGINE/desktop-client/api/simple_server.go:1034.34,1035.44 1 0
KNIRVENGINE/desktop-client/api/simple_server.go:1035.44,1037.5 1 0
KNIRVENGINE/desktop-client/api/simple_server.go:1039.8,1042.3 1 0
KNIRVENGINE/desktop-client/api/simple_server.go:1045.2,1045.72 1 0
KNIRVENGINE/desktop-client/api/simple_server.go:1045.72,1049.3 3 0
KNIRVENGINE/desktop-client/api/simple_server.go:1052.2,1074.54 4 0
KNIRVENGINE/desktop-client/api/simple_server.go:1078.84,1086.16 5 0
KNIRVENGINE/desktop-client/api/simple_server.go:1086.16,1089.3 2 0
KNIRVENGINE/desktop-client/api/simple_server.go:1092.2,1096.72 3 0
KNIRVENGINE/desktop-client/api/simple_server.go:1096.72,1099.3 2 0
KNIRVENGINE/desktop-client/api/simple_server.go:1102.2,1102.30 1 0
KNIRVENGINE/desktop-client/api/simple_server.go:1102.30,1106.75 2 0
KNIRVENGINE/desktop-client/api/simple_server.go:1106.75,1109.4 1 0
KNIRVENGINE/desktop-client/api/simple_server.go:1112.2,1115.67 2 0
KNIRVENGINE/desktop-client/api/simple_server.go:1119.86,1131.16 7 0
KNIRVENGINE/desktop-client/api/simple_server.go:1131.16,1133.3 1 0
KNIRVENGINE/desktop-client/api/simple_server.go:1133.8,1135.3 1 0
KNIRVENGINE/desktop-client/api/simple_server.go:1138.2,1138.27 1 0
KNIRVENGINE/desktop-client/api/simple_server.go:1138.27,1140.17 2 0
KNIRVENGINE/desktop-client/api/simple_server.go:1140.17,1142.4 1 0
KNIRVENGINE/desktop-client/api/simple_server.go:1142.9,1144.4 1 0
KNIRVENGINE/desktop-client/api/simple_server.go:1148.2,1148.44 1 0
KNIRVENGINE/desktop-client/api/simple_server.go:1148.44,1151.3 2 0
KNIRVENGINE/desktop-client/api/simple_server.go:1154.2,1154.30 1 0
KNIRVENGINE/desktop-client/api/simple_server.go:1154.30,1162.40 2 0
KNIRVENGINE/desktop-client/api/simple_server.go:1162.40,1163.76 1 0
KNIRVENGINE/desktop-client/api/simple_server.go:1163.76,1166.5 1 0
KNIRVENGINE/desktop-client/api/simple_server.go:1166.10,1168.5 1 0
KNIRVENGINE/desktop-client/api/simple_server.go:1173.2,1173.47 1 0
KNIRVENGINE/desktop-client/api/simple_server.go:1173.47,1174.56 1 0
KNIRVENGINE/desktop-client/api/simple_server.go:1174.56,1177.4 1 0
KNIRVENGINE/desktop-client/api/simple_server.go:1177.9,1179.4 1 0
KNIRVENGINE/desktop-client/api/simple_server.go:1183.2,1183.22 1 0
KNIRVENGINE/desktop-client/api/simple_server.go:1183.22,1184.63 1 0
KNIRVENGINE/desktop-client/api/simple_server.go:1184.63,1187.24 2 0
KNIRVENGINE/desktop-client/api/simple_server.go:1187.24,1194.5 3 0
KNIRVENGINE/desktop-client/api/simple_server.go:1196.4,1197.10 2 0
KNIRVENGINE/desktop-client/api/simple_server.go:1201.2,1204.55 2 0
KNIRVENGINE/desktop-client/api/simple_server.go:1208.85,1250.2 3 0
KNIRVENGINE/desktop-client/api/simple_server.go:1253.52,1291.37 3 0
KNIRVENGINE/desktop-client/api/simple_server.go:1291.37,1292.61 1 0
KNIRVENGINE/desktop-client/api/simple_server.go:1292.61,1294.4 1 0
KNIRVENGINE/desktop-client/api/simple_server.go:1295.3,1295.53 1 0
KNIRVENGINE/desktop-client/api/simple_server.go:1298.2,1298.12 1 0
KNIRVENGINE/desktop-client/api/simple_server.go:1304.88,1305.27 1 0
KNIRVENGINE/desktop-client/api/simple_server.go:1305.27,1311.3 5 0
KNIRVENGINE/desktop-client/api/simple_server.go:1313.2,1326.60 5 0
KNIRVENGINE/desktop-client/api/simple_server.go:1326.60,1329.3 2 0
KNIRVENGINE/desktop-client/api/simple_server.go:1333.88,1334.27 1 0
KNIRVENGINE/desktop-client/api/simple_server.go:1334.27,1340.3 5 0
KNIRVENGINE/desktop-client/api/simple_server.go:1342.2,1348.20 5 0
KNIRVENGINE/desktop-client/api/simple_server.go:1348.20,1349.80 1 0
KNIRVENGINE/desktop-client/api/simple_server.go:1349.80,1351.4 1 0
KNIRVENGINE/desktop-client/api/simple_server.go:1354.2,1365.60 3 0
KNIRVENGINE/desktop-client/api/simple_server.go:1365.60,1368.3 2 0
KNIRVENGINE/desktop-client/api/simple_server.go:1372.86,1373.27 1 0
KNIRVENGINE/desktop-client/api/simple_server.go:1373.27,1379.3 5 0
KNIRVENGINE/desktop-client/api/simple_server.go:1381.2,1394.60 5 0
KNIRVENGINE/desktop-client/api/simple_server.go:1394.60,1397.3 2 0
KNIRVENGINE/desktop-client/api/simple_server.go:1401.94,1402.27 1 0
KNIRVENGINE/desktop-client/api/simple_server.go:1402.27,1408.3 5 0
KNIRVENGINE/desktop-client/api/simple_server.go:1410.2,1416.19 5 0
KNIRVENGINE/desktop-client/api/simple_server.go:1416.19,1419.3 2 0
KNIRVENGINE/desktop-client/api/simple_server.go:1422.2,1424.16 3 0
KNIRVENGINE/desktop-client/api/simple_server.go:1424.16,1428.3 3 0
KNIRVENGINE/desktop-client/api/simple_server.go:1430.2,1440.60 2 0
KNIRVENGINE/desktop-client/api/simple_server.go:1440.60,1443.3 2 0
KNIRVENGINE/desktop-client/api/simple_server.go:1447.94,1448.27 1 0
KNIRVENGINE/desktop-client/api/simple_server.go:1448.27,1454.3 5 0
KNIRVENGINE/desktop-client/api/simple_server.go:1456.2,1462.19 5 0
KNIRVENGINE/desktop-client/api/simple_server.go:1462.19,1465.3 2 0
KNIRVENGINE/desktop-client/api/simple_server.go:1469.2,1472.16 3 0
KNIRVENGINE/desktop-client/api/simple_server.go:1472.16,1476.3 3 0
KNIRVENGINE/desktop-client/api/simple_server.go:1478.2,1487.60 2 0
KNIRVENGINE/desktop-client/api/simple_server.go:1487.60,1490.3 2 0
KNIRVENGINE/desktop-client/api/simple_server.go:1496.91,1497.27 1 0
KNIRVENGINE/desktop-client/api/simple_server.go:1497.27,1503.3 5 0
KNIRVENGINE/desktop-client/api/simple_server.go:1505.2,1518.60 5 0
KNIRVENGINE/desktop-client/api/simple_server.go:1518.60,1521.3 2 0
KNIRVENGINE/desktop-client/api/simple_server.go:1525.84,1526.27 1 0
KNIRVENGINE/desktop-client/api/simple_server.go:1526.27,1532.3 5 0
KNIRVENGINE/desktop-client/api/simple_server.go:1534.2,1548.60 6 0
KNIRVENGINE/desktop-client/api/simple_server.go:1548.60,1551.3 2 0
KNIRVENGINE/desktop-client/api/simple_server.go:1555.84,1556.27 1 0
KNIRVENGINE/desktop-client/api/simple_server.go:1556.27,1562.3 5 0
KNIRVENGINE/desktop-client/api/simple_server.go:1564.2,1578.60 6 0
KNIRVENGINE/desktop-client/api/simple_server.go:1578.60,1581.3 2 0
KNIRVENGINE/desktop-client/api/simple_server.go:1585.85,1586.27 1 0
KNIRVENGINE/desktop-client/api/simple_server.go:1586.27,1592.3 5 0
KNIRVENGINE/desktop-client/api/simple_server.go:1594.2,1600.20 5 0
KNIRVENGINE/desktop-client/api/simple_server.go:1600.20,1601.80 1 0
KNIRVENGINE/desktop-client/api/simple_server.go:1601.80,1603.4 1 0
KNIRVENGINE/desktop-client/api/simple_server.go:1606.2,1618.60 4 0
KNIRVENGINE/desktop-client/api/simple_server.go:1618.60,1621.3 2 0
KNIRVENGINE/desktop-client/api/simple_server.go:1625.81,1631.65 2 0
KNIRVENGINE/desktop-client/api/simple_server.go:1631.65,1634.3 2 0
KNIRVENGINE/desktop-client/api/simple_server.go:1642.2,1651.37 4 0
KNIRVENGINE/desktop-client/api/simple_server.go:1655.89,1673.2 3 0
KNIRVENGINE/desktop-client/api/simple_server.go:1676.86,1692.65 2 0
KNIRVENGINE/desktop-client/api/simple_server.go:1692.65,1696.3 3 0
KNIRVENGINE/desktop-client/api/simple_server.go:1699.2,1700.44 2 0
KNIRVENGINE/desktop-client/api/simple_server.go:1700.44,1703.3 2 0
KNIRVENGINE/desktop-client/api/simple_server.go:1706.2,1714.37 3 0
KNIRVENGINE/desktop-client/api/simple_server.go:1714.37,1716.48 2 0
KNIRVENGINE/desktop-client/api/simple_server.go:1716.48,1721.4 4 0
KNIRVENGINE/desktop-client/api/simple_server.go:1722.3,1722.61 1 0
KNIRVENGINE/desktop-client/api/simple_server.go:1726.2,1793.31 10 0
KNIRVENGINE/desktop-client/api/simple_server.go:1793.31,1797.17 3 0
KNIRVENGINE/desktop-client/api/simple_server.go:1797.17,1803.89 3 0
KNIRVENGINE/desktop-client/api/simple_server.go:1803.89,1805.62 1 0
KNIRVENGINE/desktop-client/api/simple_server.go:1805.62,1807.6 1 0
KNIRVENGINE/desktop-client/api/simple_server.go:1808.5,1808.73 1 0
KNIRVENGINE/desktop-client/api/simple_server.go:1808.73,1810.32 2 0
KNIRVENGINE/desktop-client/api/simple_server.go:1810.32,1811.41 1 0
KNIRVENGINE/desktop-client/api/simple_server.go:1811.41,1813.8 1 0
KNIRVENGINE/desktop-client/api/simple_server.go:1816.5,1816.61 1 0
KNIRVENGINE/desktop-client/api/simple_server.go:1816.61,1818.6 1 0
KNIRVENGINE/desktop-client/api/simple_server.go:1819.5,1819.57 1 0
KNIRVENGINE/desktop-client/api/simple_server.go:1819.57,1821.6 1 0
KNIRVENGINE/desktop-client/api/simple_server.go:1822.5,1822.78 1 0
KNIRVENGINE/desktop-client/api/simple_server.go:1822.78,1824.6 1 0
KNIRVENGINE/desktop-client/api/simple_server.go:1825.5,1825.77 1 0
KNIRVENGINE/desktop-client/api/simple_server.go:1825.77,1827.6 1 0
KNIRVENGINE/desktop-client/api/simple_server.go:1828.5,1828.74 1 0
KNIRVENGINE/desktop-client/api/simple_server.go:1828.74,1830.6 1 0
KNIRVENGINE/desktop-client/api/simple_server.go:1831.10,1834.5 1 0
KNIRVENGINE/desktop-client/api/simple_server.go:1838.2,1838.40 1 0
KNIRVENGINE/desktop-client/api/simple_server.go:1838.40,1846.3 3 0
KNIRVENGINE/desktop-client/api/simple_server.go:1849.2,1860.37 3 0
KNIRVENGINE/desktop-client/api/simple_server.go:1864.75,1869.44 2 0
KNIRVENGINE/desktop-client/api/simple_server.go:1869.44,1872.23 2 0
KNIRVENGINE/desktop-client/api/simple_server.go:1872.23,1876.47 3 0
KNIRVENGINE/desktop-client/api/simple_server.go:1876.47,1878.5 1 0
KNIRVENGINE/desktop-client/api/simple_server.go:1880.8,1880.47 1 0
KNIRVENGINE/desktop-client/api/simple_server.go:1880.47,1883.23 2 0
KNIRVENGINE/desktop-client/api/simple_server.go:1883.23,1886.86 2 0
KNIRVENGINE/desktop-client/api/simple_server.go:1886.86,1888.5 1 0
KNIRVENGINE/desktop-client/api/simple_server.go:1890.4,1891.47 2 0
KNIRVENGINE/desktop-client/api/simple_server.go:1891.47,1893.5 1 0
KNIRVENGINE/desktop-client/api/simple_server.go:1898.2,1901.39 2 0
KNIRVENGINE/desktop-client/api/simple_server.go:1901.39,1904.66 3 0
KNIRVENGINE/desktop-client/api/simple_server.go:1904.66,1906.4 1 0
KNIRVENGINE/desktop-client/api/simple_server.go:1909.2,1909.17 1 0
KNIRVENGINE/desktop-client/api/simple_server.go:1913.83,1925.65 2 0
KNIRVENGINE/desktop-client/api/simple_server.go:1925.65,1928.3 2 0
KNIRVENGINE/desktop-client/api/simple_server.go:1931.2,1932.35 2 0
KNIRVENGINE/desktop-client/api/simple_server.go:1932.35,1934.17 2 0
KNIRVENGINE/desktop-client/api/simple_server.go:1934.17,1936.4 1 0
KNIRVENGINE/desktop-client/api/simple_server.go:1940.2,1941.64 2 0
KNIRVENGINE/desktop-client/api/simple_server.go:1941.64,1943.62 2 0
KNIRVENGINE/desktop-client/api/simple_server.go:1943.62,1945.4 1 0
KNIRVENGINE/desktop-client/api/simple_server.go:1947.3,1948.68 2 0
KNIRVENGINE/desktop-client/api/simple_server.go:1948.68,1949.66 1 0
KNIRVENGINE/desktop-client/api/simple_server.go:1949.66,1950.43 1 0
KNIRVENGINE/desktop-client/api/simple_server.go:1950.43,1951.48 1 0
KNIRVENGINE/desktop-client/api/simple_server.go:1951.48,1953.7 1 0
KNIRVENGINE/desktop-client/api/simple_server.go:1958.3,1958.94 1 0
KNIRVENGINE/desktop-client/api/simple_server.go:1962.2,1963.37 2 0
KNIRVENGINE/desktop-client/api/simple_server.go:1963.37,1965.48 2 0
KNIRVENGINE/desktop-client/api/simple_server.go:1965.48,1970.4 4 0
KNIRVENGINE/desktop-client/api/simple_server.go:1971.3,1971.54 1 0
KNIRVENGINE/desktop-client/api/simple_server.go:1975.2,2001.31 4 0
KNIRVENGINE/desktop-client/api/simple_server.go:2001.31,2004.3 2 0
KNIRVENGINE/desktop-client/api/simple_server.go:2004.8,2006.3 1 0
KNIRVENGINE/desktop-client/api/simple_server.go:2008.2,2008.16 1 0
KNIRVENGINE/desktop-client/api/simple_server.go:2008.16,2011.3 2 0
KNIRVENGINE/desktop-client/api/simple_server.go:2013.2,2023.41 3 0
KNIRVENGINE/desktop-client/api/simple_server.go:2027.91,2028.19 1 0
KNIRVENGINE/desktop-client/api/simple_server.go:2029.17,2030.202 1 0
KNIRVENGINE/desktop-client/api/simple_server.go:2031.24,2032.181 1 0
KNIRVENGINE/desktop-client/api/simple_server.go:2033.16,2034.189 1 0
KNIRVENGINE/desktop-client/api/simple_server.go:2035.20,2036.198 1 0
KNIRVENGINE/desktop-client/api/simple_server.go:2037.10,2038.197 1 0
KNIRVENGINE/desktop-client/api/simple_server.go:2047.11,2048.23 1 0
KNIRVENGINE/desktop-client/api/simple_server.go:2048.23,2050.3 1 0
KNIRVENGINE/desktop-client/api/simple_server.go:2052.2,2053.30 2 0
KNIRVENGINE/desktop-client/api/simple_server.go:2053.30,2055.3 1 0
KNIRVENGINE/desktop-client/api/simple_server.go:2056.2,2056.15 1 0
KNIRVENGINE/desktop-client/api/simple_server.go:2060.85,2068.65 4 0
KNIRVENGINE/desktop-client/api/simple_server.go:2068.65,2071.3 2 0
KNIRVENGINE/desktop-client/api/simple_server.go:2078.2,2088.37 4 0
KNIRVENGINE/desktop-client/api/simple_server.go:2094.89,2095.30 1 0
KNIRVENGINE/desktop-client/api/simple_server.go:2095.30,2098.3 2 0
KNIRVENGINE/desktop-client/api/simple_server.go:2100.2,2102.16 3 0
KNIRVENGINE/desktop-client/api/simple_server.go:2102.16,2106.3 3 0
KNIRVENGINE/desktop-client/api/simple_server.go:2108.2,2113.37 3 0
KNIRVENGINE/desktop-client/api/simple_server.go:2117.87,2123.27 4 0
KNIRVENGINE/desktop-client/api/simple_server.go:2123.27,2126.3 2 0
KNIRVENGINE/desktop-client/api/simple_server.go:2129.2,2130.9 2 0
KNIRVENGINE/desktop-client/api/simple_server.go:2130.9,2132.3 1 0
KNIRVENGINE/desktop-client/api/simple_server.go:2134.2,2137.24 2 0
KNIRVENGINE/desktop-client/api/simple_server.go:2137.24,2139.17 2 0
KNIRVENGINE/desktop-client/api/simple_server.go:2139.17,2140.35 1 0
KNIRVENGINE/desktop-client/api/simple_server.go:2140.35,2156.5 2 0
KNIRVENGINE/desktop-client/api/simple_server.go:2161.2,2161.30 1 0
KNIRVENGINE/desktop-client/api/simple_server.go:2161.30,2163.17 2 0
KNIRVENGINE/desktop-client/api/simple_server.go:2163.17,2164.45 1 0
KNIRVENGINE/desktop-client/api/simple_server.go:2164.45,2167.23 2 0
KNIRVENGINE/desktop-client/api/simple_server.go:2167.23,2168.14 1 0
KNIRVENGINE/desktop-client/api/simple_server.go:2171.5,2183.28 4 0
KNIRVENGINE/desktop-client/api/simple_server.go:2183.28,2184.17 1 0
KNIRVENGINE/desktop-client/api/simple_server.go:2184.17,2186.8 1 0
KNIRVENGINE/desktop-client/api/simple_server.go:2186.13,2188.8 1 0
KNIRVENGINE/desktop-client/api/simple_server.go:2196.33,2197.17 1 0
KNIRVENGINE/desktop-client/api/simple_server.go:2197.17,2199.8 1 0
KNIRVENGINE/desktop-client/api/simple_server.go:2199.13,2201.8 1 0
KNIRVENGINE/desktop-client/api/simple_server.go:2206.5,2206.45 1 0
KNIRVENGINE/desktop-client/api/simple_server.go:2211.2,2217.37 3 0
KNIRVENGINE/desktop-client/api/simple_server.go:2221.88,2222.30 1 0
KNIRVENGINE/desktop-client/api/simple_server.go:2222.30,2225.3 2 0
KNIRVENGINE/desktop-client/api/simple_server.go:2227.2,2234.65 2 0
KNIRVENGINE/desktop-client/api/simple_server.go:2234.65,2237.3 2 0
KNIRVENGINE/desktop-client/api/simple_server.go:2239.2,2241.16 3 0
KNIRVENGINE/desktop-client/api/simple_server.go:2241.16,2245.3 3 0
KNIRVENGINE/desktop-client/api/simple_server.go:2247.2,2255.37 3 0
KNIRVENGINE/desktop-client/api/simple_server.go:2259.90,2260.30 1 0
KNIRVENGINE/desktop-client/api/simple_server.go:2260.30,2263.3 2 0
KNIRVENGINE/desktop-client/api/simple_server.go:2265.2,2269.65 2 0
KNIRVENGINE/desktop-client/api/simple_server.go:2269.65,2272.3 2 0
KNIRVENGINE/desktop-client/api/simple_server.go:2274.2,2276.16 3 0
KNIRVENGINE/desktop-client/api/simple_server.go:2276.16,2280.3 3 0
KNIRVENGINE/desktop-client/api/simple_server.go:2282.2,2289.37 3 0
KNIRVENGINE/desktop-client/api/simple_server.go:2293.95,2294.30 1 0
KNIRVENGINE/desktop-client/api/simple_server.go:2294.30,2297.3 2 0
KNIRVENGINE/desktop-client/api/simple_server.go:2299.2,2300.21 2 0
KNIRVENGINE/desktop-client/api/simple_server.go:2300.21,2303.3 2 0
KNIRVENGINE/desktop-client/api/simple_server.go:2305.2,2307.16 3 0
KNIRVENGINE/desktop-client/api/simple_server.go:2307.16,2311.3 3 0
KNIRVENGINE/desktop-client/api/simple_server.go:2313.2,2314.41 2 0
KNIRVENGINE/desktop-client/api/simple_server.go:2318.89,2319.30 1 0
KNIRVENGINE/desktop-client/api/simple_server.go:2319.30,2322.3 2 0
KNIRVENGINE/desktop-client/api/simple_server.go:2324.2,2325.21 2 0
KNIRVENGINE/desktop-client/api/simple_server.go:2325.21,2328.3 2 0
KNIRVENGINE/desktop-client/api/simple_server.go:2330.2,2332.16 3 0
KNIRVENGINE/desktop-client/api/simple_server.go:2332.16,2336.3 3 0
KNIRVENGINE/desktop-client/api/simple_server.go:2338.2,2339.35 2 0
KNIRVENGINE/desktop-client/api/simple_server.go:2343.91,2344.30 1 0
KNIRVENGINE/desktop-client/api/simple_server.go:2344.30,2347.3 2 0
KNIRVENGINE/desktop-client/api/simple_server.go:2349.2,2350.65 2 0
KNIRVENGINE/desktop-client/api/simple_server.go:2350.65,2353.3 2 0
KNIRVENGINE/desktop-client/api/simple_server.go:2355.2,2357.16 3 0
KNIRVENGINE/desktop-client/api/simple_server.go:2357.16,2361.3 3 0
KNIRVENGINE/desktop-client/api/simple_server.go:2363.2,2364.37 2 0
KNIRVENGINE/desktop-client/api/simple_server.go:2368.89,2369.30 1 0
KNIRVENGINE/desktop-client/api/simple_server.go:2369.30,2372.3 2 0
KNIRVENGINE/desktop-client/api/simple_server.go:2374.2,2380.65 2 0
KNIRVENGINE/desktop-client/api/simple_server.go:2380.65,2383.3 2 0
KNIRVENGINE/desktop-client/api/simple_server.go:2385.2,2387.16 3 0
KNIRVENGINE/desktop-client/api/simple_server.go:2387.16,2391.3 3 0
KNIRVENGINE/desktop-client/api/simple_server.go:2393.2,2399.37 3 0
KNIRVENGINE/desktop-client/api/simple_server.go:2403.89,2404.30 1 0
KNIRVENGINE/desktop-client/api/simple_server.go:2404.30,2407.3 2 0
KNIRVENGINE/desktop-client/api/simple_server.go:2409.2,2412.34 3 0
KNIRVENGINE/desktop-client/api/simple_server.go:2412.34,2415.3 2 0
KNIRVENGINE/desktop-client/api/simple_server.go:2417.2,2419.16 3 0
KNIRVENGINE/desktop-client/api/simple_server.go:2419.16,2423.3 3 0
KNIRVENGINE/desktop-client/api/simple_server.go:2425.2,2430.37 3 0
KNIRVENGINE/desktop-client/api/simple_server.go:2436.89,2437.30 1 0
KNIRVENGINE/desktop-client/api/simple_server.go:2437.30,2440.3 2 0
KNIRVENGINE/desktop-client/api/simple_server.go:2442.2,2448.65 2 0
KNIRVENGINE/desktop-client/api/simple_server.go:2448.65,2451.3 2 0
KNIRVENGINE/desktop-client/api/simple_server.go:2454.2,2454.23 1 0
KNIRVENGINE/desktop-client/api/simple_server.go:2454.23,2456.3 1 0
KNIRVENGINE/desktop-client/api/simple_server.go:2457.2,2457.23 1 0
KNIRVENGINE/desktop-client/api/simple_server.go:2457.23,2459.3 1 0
KNIRVENGINE/desktop-client/api/simple_server.go:2461.2,2463.16 3 0
KNIRVENGINE/desktop-client/api/simple_server.go:2463.16,2467.3 3 0
KNIRVENGINE/desktop-client/api/simple_server.go:2469.2,2477.37 3 0
KNIRVENGINE/desktop-client/api/simple_server.go:2481.90,2482.30 1 0
KNIRVENGINE/desktop-client/api/simple_server.go:2482.30,2485.3 2 0
KNIRVENGINE/desktop-client/api/simple_server.go:2487.2,2493.65 2 0
KNIRVENGINE/desktop-client/api/simple_server.go:2493.65,2496.3 2 0
KNIRVENGINE/desktop-client/api/simple_server.go:2498.2,2500.16 3 0
KNIRVENGINE/desktop-client/api/simple_server.go:2500.16,2504.3 3 0
KNIRVENGINE/desktop-client/api/simple_server.go:2506.2,2512.37 3 0
KNIRVENGINE/desktop-client/api/simple_server.go:2516.91,2517.30 1 0
KNIRVENGINE/desktop-client/api/simple_server.go:2517.30,2520.3 2 0
KNIRVENGINE/desktop-client/api/simple_server.go:2522.2,2525.41 3 0
KNIRVENGINE/desktop-client/api/simple_server.go:2525.41,2528.3 2 0
KNIRVENGINE/desktop-client/api/simple_server.go:2530.2,2532.16 3 0
KNIRVENGINE/desktop-client/api/simple_server.go:2532.16,2536.3 3 0
KNIRVENGINE/desktop-client/api/simple_server.go:2538.2,2543.37 3 0
KNIRVENGINE/desktop-client/api/simple_server.go:2547.89,2548.30 1 0
KNIRVENGINE/desktop-client/api/simple_server.go:2548.30,2551.3 2 0
KNIRVENGINE/desktop-client/api/simple_server.go:2553.2,2560.65 2 0
KNIRVENGINE/desktop-client/api/simple_server.go:2560.65,2563.3 2 0
KNIRVENGINE/desktop-client/api/simple_server.go:2565.2,2567.16 3 0
KNIRVENGINE/desktop-client/api/simple_server.go:2567.16,2571.3 3 0
KNIRVENGINE/desktop-client/api/simple_server.go:2573.2,2579.37 3 0
KNIRVENGINE/desktop-client/api/simple_server.go:2583.88,2584.30 1 0
KNIRVENGINE/desktop-client/api/simple_server.go:2584.30,2587.3 2 0
KNIRVENGINE/desktop-client/api/simple_server.go:2589.2,2594.65 2 0
KNIRVENGINE/desktop-client/api/simple_server.go:2594.65,2597.3 2 0
KNIRVENGINE/desktop-client/api/simple_server.go:2599.2,2601.16 3 0
KNIRVENGINE/desktop-client/api/simple_server.go:2601.16,2605.3 3 0
KNIRVENGINE/desktop-client/api/simple_server.go:2607.2,2613.37 3 0
KNIRVENGINE/desktop-client/api/simple_server.go:2619.93,2620.30 1 0
KNIRVENGINE/desktop-client/api/simple_server.go:2620.30,2623.3 2 0
KNIRVENGINE/desktop-client/api/simple_server.go:2625.2,2627.16 3 0
KNIRVENGINE/desktop-client/api/simple_server.go:2627.16,2631.3 3 0
KNIRVENGINE/desktop-client/api/simple_server.go:2633.2,2638.37 3 0
KNIRVENGINE/desktop-client/api/simple_server.go:2642.87,2643.30 1 0
KNIRVENGINE/desktop-client/api/simple_server.go:2643.30,2646.3 2 0
KNIRVENGINE/desktop-client/api/simple_server.go:2648.2,2649.65 2 0
KNIRVENGINE/desktop-client/api/simple_server.go:2649.65,2652.3 2 0
KNIRVENGINE/desktop-client/api/simple_server.go:2655.2,2655.78 1 0
KNIRVENGINE/desktop-client/api/simple_server.go:2655.78,2658.3 2 0
KNIRVENGINE/desktop-client/api/simple_server.go:2660.2,2662.16 3 0
KNIRVENGINE/desktop-client/api/simple_server.go:2662.16,2666.3 3 0
KNIRVENGINE/desktop-client/api/simple_server.go:2669.2,2670.9 2 0
KNIRVENGINE/desktop-client/api/simple_server.go:2670.9,2673.3 2 0
KNIRVENGINE/desktop-client/api/simple_server.go:2676.2,2690.16 5 0
KNIRVENGINE/desktop-client/api/simple_server.go:2690.16,2693.3 1 0
KNIRVENGINE/desktop-client/api/simple_server.go:2693.8,2695.3 1 0
KNIRVENGINE/desktop-client/api/simple_server.go:2697.2,2705.37 3 0
KNIRVENGINE/desktop-client/api/simple_server.go:2709.92,2712.21 2 0
KNIRVENGINE/desktop-client/api/simple_server.go:2712.21,2716.3 3 0
KNIRVENGINE/desktop-client/api/simple_server.go:2718.2,2719.22 2 0
KNIRVENGINE/desktop-client/api/simple_server.go:2719.22,2723.3 3 0
KNIRVENGINE/desktop-client/api/simple_server.go:2725.2,2728.30 2 0
KNIRVENGINE/desktop-client/api/simple_server.go:2728.30,2732.3 3 0
KNIRVENGINE/desktop-client/api/simple_server.go:2735.2,2738.43 1 0
KNIRVENGINE/desktop-client/api/simple_server.go:2738.43,2741.4 1 0
KNIRVENGINE/desktop-client/api/simple_server.go:2745.2,2746.16 2 0
KNIRVENGINE/desktop-client/api/simple_server.go:2746.16,2749.3 2 0
KNIRVENGINE/desktop-client/api/simple_server.go:2750.2,2755.109 3 0
KNIRVENGINE/desktop-client/api/simple_server.go:2755.109,2758.3 2 0
KNIRVENGINE/desktop-client/api/simple_server.go:2761.2,2762.52 2 0
KNIRVENGINE/desktop-client/api/simple_server.go:2766.100,2773.6 4 0
KNIRVENGINE/desktop-client/api/simple_server.go:2773.6,2774.10 1 0
KNIRVENGINE/desktop-client/api/simple_server.go:2775.19,2779.18 3 0
KNIRVENGINE/desktop-client/api/simple_server.go:2779.18,2783.86 3 0
KNIRVENGINE/desktop-client/api/simple_server.go:2783.86,2785.6 1 0
KNIRVENGINE/desktop-client/api/simple_server.go:2786.5,2786.11 1 0
KNIRVENGINE/desktop-client/api/simple_server.go:2789.4,2789.23 1 0
KNIRVENGINE/desktop-client/api/simple_server.go:2789.23,2790.76 1 0
KNIRVENGINE/desktop-client/api/simple_server.go:2790.76,2793.6 2 0
KNIRVENGINE/desktop-client/api/simple_server.go:2800.99,2803.6 2 0
KNIRVENGINE/desktop-client/api/simple_server.go:2803.6,2805.17 2 0
KNIRVENGINE/desktop-client/api/simple_server.go:2805.17,2806.103 1 0
KNIRVENGINE/desktop-client/api/simple_server.go:2806.103,2808.5 1 0
KNIRVENGINE/desktop-client/api/simple_server.go:2808.10,2810.5 1 0
KNIRVENGINE/desktop-client/api/simple_server.go:2811.4,2811.9 1 0
KNIRVENGINE/desktop-client/api/simple_server.go:2815.3,2815.43 1 0
KNIRVENGINE/desktop-client/api/simple_server.go:2815.43,2817.12 2 0
KNIRVENGINE/desktop-client/api/simple_server.go:2820.3,2824.96 3 0
KNIRVENGINE/desktop-client/api/simple_server.go:2824.96,2828.85 3 0
KNIRVENGINE/desktop-client/api/simple_server.go:2828.85,2830.5 1 0
KNIRVENGINE/desktop-client/api/simple_server.go:2836.90,2837.30 1 0
KNIRVENGINE/desktop-client/api/simple_server.go:2837.30,2840.3 2 0
KNIRVENGINE/desktop-client/api/simple_server.go:2843.2,2844.21 2 0
KNIRVENGINE/desktop-client/api/simple_server.go:2844.21,2847.3 2 0
KNIRVENGINE/desktop-client/api/simple_server.go:2849.2,2850.22 2 0
KNIRVENGINE/desktop-client/api/simple_server.go:2850.22,2853.3 2 0
KNIRVENGINE/desktop-client/api/simple_server.go:2856.2,2858.16 3 0
KNIRVENGINE/desktop-client/api/simple_server.go:2858.16,2861.3 2 0
KNIRVENGINE/desktop-client/api/simple_server.go:2864.2,2868.17 2 0
KNIRVENGINE/desktop-client/api/simple_server.go:2868.17,2871.3 2 0
KNIRVENGINE/desktop-client/api/simple_server.go:2877.83,2880.2 1 0
KNIRVENGINE/desktop-client/api/simple_server.go:2883.81,2886.2 1 0
KNIRVENGINE/desktop-client/api/simple_server.go:2889.84,2892.2 1 0
KNIRVENGINE/desktop-client/api/simple_server.go:2895.84,2898.2 1 0
KNIRVENGINE/desktop-client/api/simple_server.go:2901.84,2904.2 1 0
KNIRVENGINE/desktop-client/api/simple_server.go:2911.85,2920.65 4 0
KNIRVENGINE/desktop-client/api/simple_server.go:2920.65,2923.3 2 0
KNIRVENGINE/desktop-client/api/simple_server.go:2925.2,2925.27 1 0
KNIRVENGINE/desktop-client/api/simple_server.go:2925.27,2928.3 2 0
KNIRVENGINE/desktop-client/api/simple_server.go:2931.2,2949.16 3 0
KNIRVENGINE/desktop-client/api/simple_server.go:2949.16,2953.3 3 0
KNIRVENGINE/desktop-client/api/simple_server.go:2955.2,2960.4 2 0
KNIRVENGINE/desktop-client/api/simple_server.go:2964.94,2968.27 3 0
KNIRVENGINE/desktop-client/api/simple_server.go:2968.27,2971.3 2 0
KNIRVENGINE/desktop-client/api/simple_server.go:2974.2,2975.16 2 0
KNIRVENGINE/desktop-client/api/simple_server.go:2975.16,2989.3 4 0
KNIRVENGINE/desktop-client/api/simple_server.go:2992.2,3003.4 3 0
KNIRVENGINE/desktop-client/api/simple_server.go:3007.87,3011.27 3 0
KNIRVENGINE/desktop-client/api/simple_server.go:3011.27,3014.3 2 0
KNIRVENGINE/desktop-client/api/simple_server.go:3017.2,3018.16 2 0
KNIRVENGINE/desktop-client/api/simple_server.go:3018.16,3022.3 3 0
KNIRVENGINE/desktop-client/api/simple_server.go:3024.2,3028.4 2 0
KNIRVENGINE/desktop-client/api/simple_server.go:3032.92,3083.2 3 0
KNIRVENGINE/desktop-client/api/simple_server.go:3086.93,3087.27 1 0
KNIRVENGINE/desktop-client/api/simple_server.go:3087.27,3090.3 2 0
KNIRVENGINE/desktop-client/api/simple_server.go:3093.2,3094.16 2 0
KNIRVENGINE/desktop-client/api/simple_server.go:3094.16,3098.3 3 0
KNIRVENGINE/desktop-client/api/simple_server.go:3100.2,3101.35 2 0
KNIRVENGINE/desktop-client/api/simple_server.go:3101.35,3104.17 2 0
KNIRVENGINE/desktop-client/api/simple_server.go:3104.17,3105.12 1 0
KNIRVENGINE/desktop-client/api/simple_server.go:3109.3,3110.17 2 0
KNIRVENGINE/desktop-client/api/simple_server.go:3110.17,3111.12 1 0
KNIRVENGINE/desktop-client/api/simple_server.go:3115.3,3116.17 2 0
KNIRVENGINE/desktop-client/api/simple_server.go:3116.17,3118.12 2 0
KNIRVENGINE/desktop-client/api/simple_server.go:3120.3,3129.65 6 0
KNIRVENGINE/desktop-client/api/simple_server.go:3129.65,3131.54 2 0
KNIRVENGINE/desktop-client/api/simple_server.go:3131.54,3132.64 1 0
KNIRVENGINE/desktop-client/api/simple_server.go:3132.64,3134.6 1 0
KNIRVENGINE/desktop-client/api/simple_server.go:3135.5,3135.59 1 0
KNIRVENGINE/desktop-client/api/simple_server.go:3135.59,3137.6 1 0
KNIRVENGINE/desktop-client/api/simple_server.go:3138.5,3138.65 1 0
KNIRVENGINE/desktop-client/api/simple_server.go:3138.65,3140.6 1 0
KNIRVENGINE/desktop-client/api/simple_server.go:3145.3,3145.22 1 0
KNIRVENGINE/desktop-client/api/simple_server.go:3145.22,3146.52 1 0
KNIRVENGINE/desktop-client/api/simple_server.go:3146.52,3149.5 2 0
KNIRVENGINE/desktop-client/api/simple_server.go:3149.10,3152.5 1 0
KNIRVENGINE/desktop-client/api/simple_server.go:3155.3,3166.36 2 0
KNIRVENGINE/desktop-client/api/simple_server.go:3169.2,3172.4 2 0
KNIRVENGINE/desktop-client/api/simple_server.go:3176.104,3177.24 1 0
KNIRVENGINE/desktop-client/api/simple_server.go:3177.24,3179.3 1 0
KNIRVENGINE/desktop-client/api/simple_server.go:3182.2,3184.16 3 0
KNIRVENGINE/desktop-client/api/simple_server.go:3184.16,3186.3 1 0
KNIRVENGINE/desktop-client/api/simple_server.go:3189.2,3190.39 2 0
KNIRVENGINE/desktop-client/api/simple_server.go:3190.39,3191.42 1 0
KNIRVENGINE/desktop-client/api/simple_server.go:3191.42,3193.4 1 0
KNIRVENGINE/desktop-client/api/simple_server.go:3197.2,3212.16 3 0
KNIRVENGINE/desktop-client/api/simple_server.go:3212.16,3214.3 1 0
KNIRVENGINE/desktop-client/api/simple_server.go:3214.8,3216.3 1 0
KNIRVENGINE/desktop-client/api/simple_server.go:3220.97,3221.27 1 0
KNIRVENGINE/desktop-client/api/simple_server.go:3221.27,3223.3 1 0
KNIRVENGINE/desktop-client/api/simple_server.go:3226.2,3226.9 1 0
KNIRVENGINE/desktop-client/api/simple_server.go:3227.20,3229.9 2 0
KNIRVENGINE/desktop-client/api/simple_server.go:3230.10,3230.10 0 0
KNIRVENGINE/desktop-client/api/simple_server.go:3234.2,3234.61 1 0
KNIRVENGINE/desktop-client/api/simple_server.go:3234.61,3236.3 1 0
KNIRVENGINE/desktop-client/api/simple_server.go:3239.2,3246.85 2 0
KNIRVENGINE/desktop-client/api/simple_server.go:3246.85,3249.3 2 0
KNIRVENGINE/desktop-client/api/simple_server.go:3251.2,3251.66 1 0
KNIRVENGINE/desktop-client/api/simple_server.go:3255.85,3265.2 3 0
KNIRVENGINE/desktop-client/api/simple_server.go:3268.43,3269.49 1 0
KNIRVENGINE/desktop-client/api/simple_server.go:3269.49,3271.3 1 0
KNIRVENGINE/desktop-client/api/simple_server.go:3273.2,3277.16 3 0
KNIRVENGINE/desktop-client/api/simple_server.go:3277.16,3280.3 2 0
KNIRVENGINE/desktop-client/api/simple_server.go:3283.2,3284.16 2 0
KNIRVENGINE/desktop-client/api/simple_server.go:3284.16,3287.3 2 0
KNIRVENGINE/desktop-client/api/simple_server.go:3290.2,3291.33 2 0
KNIRVENGINE/desktop-client/api/simple_server.go:3291.33,3293.3 1 0
KNIRVENGINE/desktop-client/api/simple_server.go:3295.2,3296.38 2 0
KNIRVENGINE/desktop-client/api/simple_server.go:3296.38,3298.3 1 0
KNIRVENGINE/desktop-client/api/simple_server.go:3301.2,3301.33 1 0
KNIRVENGINE/desktop-client/api/simple_server.go:3301.33,3302.34 1 0
KNIRVENGINE/desktop-client/api/simple_server.go:3302.34,3304.4 1 0
KNIRVENGINE/desktop-client/api/simple_server.go:3308.2,3308.38 1 0
KNIRVENGINE/desktop-client/api/simple_server.go:3308.38,3309.43 1 0
KNIRVENGINE/desktop-client/api/simple_server.go:3309.43,3312.18 2 0
KNIRVENGINE/desktop-client/api/simple_server.go:3312.18,3314.13 2 0
KNIRVENGINE/desktop-client/api/simple_server.go:3316.4,3316.44 1 0
KNIRVENGINE/desktop-client/api/simple_server.go:3320.2,3320.125 1 0
KNIRVENGINE/desktop-client/api/simple_server.go:3324.92,3328.27 3 0
KNIRVENGINE/desktop-client/api/simple_server.go:3328.27,3331.3 2 0
KNIRVENGINE/desktop-client/api/simple_server.go:3334.2,3335.16 2 0
KNIRVENGINE/desktop-client/api/simple_server.go:3335.16,3339.3 3 0
KNIRVENGINE/desktop-client/api/simple_server.go:3341.2,3344.4 2 0
KNIRVENGINE/desktop-client/api/simple_server.go:3352.88,3361.65 4 0
KNIRVENGINE/desktop-client/api/simple_server.go:3361.65,3364.3 2 0
KNIRVENGINE/desktop-client/api/simple_server.go:3367.2,3367.64 1 0
KNIRVENGINE/desktop-client/api/simple_server.go:3367.64,3370.3 2 0
KNIRVENGINE/desktop-client/api/simple_server.go:3377.2,3385.16 3 0
KNIRVENGINE/desktop-client/api/simple_server.go:3385.16,3389.3 3 0
KNIRVENGINE/desktop-client/api/simple_server.go:3392.2,3406.16 5 0
KNIRVENGINE/desktop-client/api/simple_server.go:3406.16,3420.3 6 0
KNIRVENGINE/desktop-client/api/simple_server.go:3423.2,3434.37 4 0
KNIRVENGINE/desktop-client/api/simple_server.go:3438.87,3452.2 6 0
KNIRVENGINE/desktop-client/api/simple_server.go:3455.92,3466.2 6 0
KNIRVENGINE/desktop-client/api/simple_server.go:3469.94,3480.2 6 0
KNIRVENGINE/desktop-client/api/simple_server.go:3483.94,3492.65 5 0
KNIRVENGINE/desktop-client/api/simple_server.go:3492.65,3495.3 2 0
KNIRVENGINE/desktop-client/api/simple_server.go:3497.2,3502.4 3 0
KNIRVENGINE/desktop-client/api/simple_server.go:3506.90,3514.20 6 0
KNIRVENGINE/desktop-client/api/simple_server.go:3514.20,3515.61 1 0
KNIRVENGINE/desktop-client/api/simple_server.go:3515.61,3517.4 1 0
KNIRVENGINE/desktop-client/api/simple_server.go:3521.2,3530.23 2 0
KNIRVENGINE/desktop-client/api/simple_server.go:3530.23,3532.3 1 0
KNIRVENGINE/desktop-client/api/simple_server.go:3534.2,3539.4 3 0
KNIRVENGINE/desktop-client/api/simple_server.go:3543.88,3549.43 2 0
KNIRVENGINE/desktop-client/api/simple_server.go:3549.43,3550.20 1 0
KNIRVENGINE/desktop-client/api/simple_server.go:3550.20,3557.5 2 0
KNIRVENGINE/desktop-client/api/simple_server.go:3557.10,3560.5 1 0
KNIRVENGINE/desktop-client/api/simple_server.go:3565.2,3566.16 2 0
KNIRVENGINE/desktop-client/api/simple_server.go:3566.16,3569.3 2 0
KNIRVENGINE/desktop-client/api/simple_server.go:3570.2,3581.15 6 0
KNIRVENGINE/desktop-client/api/simple_server.go:3581.15,3585.3 3 0
KNIRVENGINE/desktop-client/api/simple_server.go:3587.2,3597.55 3 0
KNIRVENGINE/desktop-client/api/simple_server.go:3597.55,3600.3 2 0
KNIRVENGINE/desktop-client/api/simple_server.go:3603.2,3603.6 1 0
KNIRVENGINE/desktop-client/api/simple_server.go:3603.6,3605.49 2 0
KNIRVENGINE/desktop-client/api/simple_server.go:3605.49,3606.103 1 0
KNIRVENGINE/desktop-client/api/simple_server.go:3606.103,3608.5 1 0
KNIRVENGINE/desktop-client/api/simple_server.go:3609.4,3609.9 1 0
KNIRVENGINE/desktop-client/api/simple_server.go:3613.3,3613.50 1 0
KNIRVENGINE/desktop-client/api/simple_server.go:3613.50,3614.19 1 0
KNIRVENGINE/desktop-client/api/simple_server.go:3615.16,3621.55 2 0
KNIRVENGINE/desktop-client/api/simple_server.go:3621.55,3624.6 2 0
KNIRVENGINE/desktop-client/api/simple_server.go:3625.21,3627.62 1 0
KNIRVENGINE/desktop-client/api/simple_server.go:3628.12,3629.62 1 0
KNIRVENGINE/desktop-client/api/simple_server.go:3636.97,3639.19 2 0
KNIRVENGINE/desktop-client/api/simple_server.go:3639.19,3642.3 2 0
KNIRVENGINE/desktop-client/api/simple_server.go:3645.2,3646.43 1 0
KNIRVENGINE/desktop-client/api/simple_server.go:3646.43,3650.4 2 0
KNIRVENGINE/desktop-client/api/simple_server.go:3654.2,3655.16 2 0
KNIRVENGINE/desktop-client/api/simple_server.go:3655.16,3658.3 2 0
KNIRVENGINE/desktop-client/api/simple_server.go:3659.2,3664.6 3 0
KNIRVENGINE/desktop-client/api/simple_server.go:3664.6,3666.49 2 0
KNIRVENGINE/desktop-client/api/simple_server.go:3666.49,3667.103 1 0
KNIRVENGINE/desktop-client/api/simple_server.go:3667.103,3669.5 1 0
KNIRVENGINE/desktop-client/api/simple_server.go:3670.4,3670.9 1 0
KNIRVENGINE/desktop-client/api/simple_server.go:3674.3,3674.50 1 0
KNIRVENGINE/desktop-client/api/simple_server.go:3674.50,3675.19 1 0
KNIRVENGINE/desktop-client/api/simple_server.go:3676.16,3683.52 2 0
KNIRVENGINE/desktop-client/api/simple_server.go:3683.52,3686.6 2 0
KNIRVENGINE/desktop-client/api/simple_server.go:3687.26,3695.52 3 0
KNIRVENGINE/desktop-client/api/simple_server.go:3695.52,3698.6 2 0
KNIRVENGINE/desktop-client/api/simple_server.go:3699.12,3700.67 1 0
KNIRVENGINE/desktop-client/api/simple_server.go:3709.93,3719.65 4 0
KNIRVENGINE/desktop-client/api/simple_server.go:3719.65,3722.3 2 0
KNIRVENGINE/desktop-client/api/simple_server.go:3724.2,3725.16 2 0
KNIRVENGINE/desktop-client/api/simple_server.go:3725.16,3728.3 2 0
KNIRVENGINE/desktop-client/api/simple_server.go:3730.2,3731.36 2 0
KNIRVENGINE/desktop-client/api/simple_server.go:3735.92,3740.16 4 0
KNIRVENGINE/desktop-client/api/simple_server.go:3740.16,3743.3 2 0
KNIRVENGINE/desktop-client/api/simple_server.go:3745.2,3746.37 2 0
KNIRVENGINE/desktop-client/api/simple_server.go:3750.92,3759.65 4 0
KNIRVENGINE/desktop-client/api/simple_server.go:3759.65,3762.3 2 0
KNIRVENGINE/desktop-client/api/simple_server.go:3764.2,3764.24 1 0
KNIRVENGINE/desktop-client/api/simple_server.go:3764.24,3766.3 1 0
KNIRVENGINE/desktop-client/api/simple_server.go:3768.2,3769.16 2 0
KNIRVENGINE/desktop-client/api/simple_server.go:3769.16,3772.3 2 0
KNIRVENGINE/desktop-client/api/simple_server.go:3774.2,3775.35 2 0
KNIRVENGINE/desktop-client/api/simple_server.go:3779.91,3784.16 4 0
KNIRVENGINE/desktop-client/api/simple_server.go:3784.16,3787.3 2 0
KNIRVENGINE/desktop-client/api/simple_server.go:3789.2,3790.36 2 0
KNIRVENGINE/desktop-client/api/simple_server.go:3794.97,3800.16 5 0
KNIRVENGINE/desktop-client/api/simple_server.go:3800.16,3803.3 2 0
KNIRVENGINE/desktop-client/api/simple_server.go:3805.2,3813.37 3 0
KNIRVENGINE/desktop-client/api/simple_server.go:3817.98,3822.16 4 0
KNIRVENGINE/desktop-client/api/simple_server.go:3822.16,3825.3 2 0
KNIRVENGINE/desktop-client/api/simple_server.go:3827.2,3828.35 2 0
KNIRVENGINE/desktop-client/api/simple_server.go:3832.96,3837.16 4 0
KNIRVENGINE/desktop-client/api/simple_server.go:3837.16,3840.3 2 0
KNIRVENGINE/desktop-client/api/simple_server.go:3842.2,3843.36 2 0
KNIRVENGINE/desktop-client/api/simple_server.go:3847.97,3853.16 5 0
KNIRVENGINE/desktop-client/api/simple_server.go:3853.16,3856.3 2 0
KNIRVENGINE/desktop-client/api/simple_server.go:3858.2,3859.38 2 0
KNIRVENGINE/desktop-client/api/simple_server.go:3863.90,3904.2 8 0
KNIRVENGINE/desktop-client/api/simple_server.go:3907.93,3917.2 4 0
KNIRVENGINE/desktop-client/api/simple_server.go:3920.80,3927.33 4 0
KNIRVENGINE/desktop-client/api/simple_server.go:3927.33,3929.34 1 0
KNIRVENGINE/desktop-client/api/simple_server.go:3929.34,3930.118 1 0
KNIRVENGINE/desktop-client/api/simple_server.go:3930.118,3948.5 2 0
KNIRVENGINE/desktop-client/api/simple_server.go:3952.2,3952.21 1 0
KNIRVENGINE/desktop-client/api/simple_server.go:3956.88,3957.27 1 0
KNIRVENGINE/desktop-client/api/simple_server.go:3957.27,3963.3 5 0
KNIRVENGINE/desktop-client/api/simple_server.go:3965.2,3974.23 7 0
KNIRVENGINE/desktop-client/api/simple_server.go:3974.23,3980.17 3 0
KNIRVENGINE/desktop-client/api/simple_server.go:3980.17,3983.4 2 0
KNIRVENGINE/desktop-client/api/simple_server.go:3983.9,3985.4 1 0
KNIRVENGINE/desktop-client/api/simple_server.go:3988.3,3988.49 1 0
KNIRVENGINE/desktop-client/api/simple_server.go:3988.49,3991.4 2 0
KNIRVENGINE/desktop-client/api/simple_server.go:3993.3,3994.42 2 0
KNIRVENGINE/desktop-client/api/simple_server.go:3996.8,4000.30 2 0
KNIRVENGINE/desktop-client/api/simple_server.go:4000.30,4002.59 1 0
KNIRVENGINE/desktop-client/api/simple_server.go:4002.59,4007.48 3 0
KNIRVENGINE/desktop-client/api/simple_server.go:4007.48,4010.6 2 0
KNIRVENGINE/desktop-client/api/simple_server.go:4012.9,4014.47 1 0
KNIRVENGINE/desktop-client/api/simple_server.go:4014.47,4017.5 2 0
KNIRVENGINE/desktop-client/api/simple_server.go:4020.3,4021.41 2 0
KNIRVENGINE/desktop-client/api/simple_server.go:4025.2,4033.21 2 0
KNIRVENGINE/desktop-client/api/simple_server.go:4033.21,4038.3 3 0
KNIRVENGINE/desktop-client/api/simple_server.go:4040.2,4040.60 1 0
KNIRVENGINE/desktop-client/api/simple_server.go:4040.60,4043.3 2 0
KNIRVENGINE/desktop-client/api/simple_server.go:4047.88,4048.27 1 0
KNIRVENGINE/desktop-client/api/simple_server.go:4048.27,4054.3 5 0
KNIRVENGINE/desktop-client/api/simple_server.go:4056.2,4068.29 6 0
KNIRVENGINE/desktop-client/api/simple_server.go:4068.29,4070.3 1 0
KNIRVENGINE/desktop-client/api/simple_server.go:4072.2,4072.60 1 0
KNIRVENGINE/desktop-client/api/simple_server.go:4072.60,4075.3 2 0
KNIRVENGINE/desktop-client/api/simple_server.go:4079.88,4080.27 1 0
KNIRVENGINE/desktop-client/api/simple_server.go:4080.27,4086.3 5 0
KNIRVENGINE/desktop-client/api/simple_server.go:4088.2,4104.35 9 0
KNIRVENGINE/desktop-client/api/simple_server.go:4104.35,4106.17 2 0
KNIRVENGINE/desktop-client/api/simple_server.go:4106.17,4108.12 2 0
KNIRVENGINE/desktop-client/api/simple_server.go:4110.3,4110.32 1 0
KNIRVENGINE/desktop-client/api/simple_server.go:4110.32,4112.4 1 0
KNIRVENGINE/desktop-client/api/simple_server.go:4116.2,4116.40 1 0
KNIRVENGINE/desktop-client/api/simple_server.go:4116.40,4118.17 2 0
KNIRVENGINE/desktop-client/api/simple_server.go:4118.17,4121.4 2 0
KNIRVENGINE/desktop-client/api/simple_server.go:4121.9,4124.4 2 0
KNIRVENGINE/desktop-client/api/simple_server.go:4128.2,4128.27 1 0
KNIRVENGINE/desktop-client/api/simple_server.go:4128.27,4130.22 2 0
KNIRVENGINE/desktop-client/api/simple_server.go:4130.22,4133.18 2 0
KNIRVENGINE/desktop-client/api/simple_server.go:4133.18,4136.5 2 0
KNIRVENGINE/desktop-client/api/simple_server.go:4136.10,4138.46 1 0
KNIRVENGINE/desktop-client/api/simple_server.go:4138.46,4140.20 2 0
KNIRVENGINE/desktop-client/api/simple_server.go:4140.20,4143.7 2 0
KNIRVENGINE/desktop-client/api/simple_server.go:4143.12,4146.7 2 0
KNIRVENGINE/desktop-client/api/simple_server.go:4152.2,4163.21 3 0
KNIRVENGINE/desktop-client/api/simple_server.go:4163.21,4166.3 2 0
KNIRVENGINE/desktop-client/api/simple_server.go:4166.8,4168.3 1 0
KNIRVENGINE/desktop-client/api/simple_server.go:4170.2,4170.60 1 0
KNIRVENGINE/desktop-client/api/simple_server.go:4170.60,4173.3 2 0
KNIRVENGINE/desktop-client/api/simple_server.go:4177.94,4184.16 3 0
KNIRVENGINE/desktop-client/api/simple_server.go:4184.16,4186.3 1 0
KNIRVENGINE/desktop-client/api/simple_server.go:4187.2,4224.20 6 0
KNIRVENGINE/desktop-client/api/simple_server.go:4228.80,4229.29 1 0
KNIRVENGINE/desktop-client/api/simple_server.go:4229.29,4231.3 1 0
KNIRVENGINE/desktop-client/api/simple_server.go:4234.2,4234.48 1 0
KNIRVENGINE/desktop-client/api/simple_server.go:4234.48,4235.61 1 0
KNIRVENGINE/desktop-client/api/simple_server.go:4235.61,4238.4 1 0
KNIRVENGINE/desktop-client/api/simple_server.go:4238.9,4240.4 1 0
KNIRVENGINE/desktop-client/api/simple_server.go:4243.2,4244.12 2 0
KNIRVENGINE/desktop-client/api/simple_server.go:4248.71,4252.49 2 0
KNIRVENGINE/desktop-client/api/simple_server.go:4252.49,4255.3 2 0
KNIRVENGINE/desktop-client/api/simple_server.go:4258.2,4258.33 1 0
KNIRVENGINE/desktop-client/api/simple_server.go:4258.33,4261.3 2 0
KNIRVENGINE/desktop-client/api/simple_server.go:4264.2,4264.30 1 0
KNIRVENGINE/desktop-client/api/simple_server.go:4264.30,4265.63 1 0
KNIRVENGINE/desktop-client/api/simple_server.go:4265.63,4268.4 2 0
KNIRVENGINE/desktop-client/api/simple_server.go:4272.2,4272.33 1 0
KNIRVENGINE/desktop-client/api/simple_server.go:4272.33,4273.62 1 0
KNIRVENGINE/desktop-client/api/simple_server.go:4273.62,4276.4 2 0
KNIRVENGINE/desktop-client/api/simple_server.go:4280.2,4280.34 1 0
KNIRVENGINE/desktop-client/api/simple_server.go:4280.34,4281.63 1 0
KNIRVENGINE/desktop-client/api/simple_server.go:4281.63,4284.4 2 0
KNIRVENGINE/desktop-client/api/simple_server.go:4287.2,4287.21 1 0
KNIRVENGINE/desktop-client/api/simple_server.go:4287.21,4289.3 1 0
KNIRVENGINE/desktop-client/api/simple_server.go:4291.2,4291.12 1 0
KNIRVENGINE/desktop-client/api/simple_server.go:4295.72,4298.16 2 0
KNIRVENGINE/desktop-client/api/simple_server.go:4298.16,4300.3 1 0
KNIRVENGINE/desktop-client/api/simple_server.go:4303.2,4303.31 1 0
KNIRVENGINE/desktop-client/api/simple_server.go:4303.31,4304.64 1 0
KNIRVENGINE/desktop-client/api/simple_server.go:4304.64,4307.4 1 0
KNIRVENGINE/desktop-client/api/simple_server.go:4307.9,4309.4 1 0
KNIRVENGINE/desktop-client/api/simple_server.go:4312.2,4312.12 1 0
KNIRVENGINE/desktop-client/api/simple_server.go:4318.94,4319.30 1 0
KNIRVENGINE/desktop-client/api/simple_server.go:4319.30,4322.3 2 0
KNIRVENGINE/desktop-client/api/simple_server.go:4324.2,4328.16 4 0
KNIRVENGINE/desktop-client/api/simple_server.go:4328.16,4331.3 2 0
KNIRVENGINE/desktop-client/api/simple_server.go:4333.2,4336.4 2 0
KNIRVENGINE/desktop-client/api/simple_server.go:4340.92,4341.30 1 0
KNIRVENGINE/desktop-client/api/simple_server.go:4341.30,4344.3 2 0
KNIRVENGINE/desktop-client/api/simple_server.go:4346.2,4350.61 2 0
KNIRVENGINE/desktop-client/api/simple_server.go:4350.61,4353.3 2 0
KNIRVENGINE/desktop-client/api/simple_server.go:4355.2,4355.23 1 0
KNIRVENGINE/desktop-client/api/simple_server.go:4355.23,4358.3 2 0
KNIRVENGINE/desktop-client/api/simple_server.go:4360.2,4364.16 4 0
KNIRVENGINE/desktop-client/api/simple_server.go:4364.16,4367.3 2 0
KNIRVENGINE/desktop-client/api/simple_server.go:4369.2,4373.4 2 0
KNIRVENGINE/desktop-client/api/simple_server.go:4377.94,4378.30 1 0
KNIRVENGINE/desktop-client/api/simple_server.go:4378.30,4381.3 2 0
KNIRVENGINE/desktop-client/api/simple_server.go:4383.2,4388.61 2 0
KNIRVENGINE/desktop-client/api/simple_server.go:4388.61,4391.3 2 0
KNIRVENGINE/desktop-client/api/simple_server.go:4393.2,4393.44 1 0
KNIRVENGINE/desktop-client/api/simple_server.go:4393.44,4396.3 2 0
KNIRVENGINE/desktop-client/api/simple_server.go:4398.2,4401.93 3 0
KNIRVENGINE/desktop-client/api/simple_server.go:4401.93,4404.3 2 0
KNIRVENGINE/desktop-client/api/simple_server.go:4406.2,4411.4 2 0
KNIRVENGINE/desktop-client/api/simple_server.go:4415.99,4416.30 1 0
KNIRVENGINE/desktop-client/api/simple_server.go:4416.30,4419.3 2 0
KNIRVENGINE/desktop-client/api/simple_server.go:4421.2,4425.16 4 0
KNIRVENGINE/desktop-client/api/simple_server.go:4425.16,4428.3 2 0
KNIRVENGINE/desktop-client/api/simple_server.go:4430.2,4433.4 2 0
KNIRVENGINE/desktop-client/api/simple_server.go:4437.101,4438.30 1 0
KNIRVENGINE/desktop-client/api/simple_server.go:4438.30,4441.3 2 0
KNIRVENGINE/desktop-client/api/simple_server.go:4443.2,4447.16 4 0
KNIRVENGINE/desktop-client/api/simple_server.go:4447.16,4450.3 2 0
KNIRVENGINE/desktop-client/api/simple_server.go:4452.2,4453.39 2 0
KNIRVENGINE/desktop-client/api/simple_server.go:4459.96,4464.16 3 0
KNIRVENGINE/desktop-client/api/simple_server.go:4464.16,4468.3 3 0
KNIRVENGINE/desktop-client/api/simple_server.go:4471.2,4472.41 2 0
KNIRVENGINE/desktop-client/api/simple_server.go:4472.41,4491.3 3 0
KNIRVENGINE/desktop-client/api/simple_server.go:4493.2,4493.75 1 0
KNIRVENGINE/desktop-client/api/simple_server.go:4497.88,4510.65 2 0
KNIRVENGINE/desktop-client/api/simple_server.go:4510.65,4513.3 2 0
KNIRVENGINE/desktop-client/api/simple_server.go:4516.2,4532.72 3 0
KNIRVENGINE/desktop-client/api/simple_server.go:4532.72,4536.3 3 0
KNIRVENGINE/desktop-client/api/simple_server.go:4539.2,4558.71 4 0
KNIRVENGINE/desktop-client/api/simple_server.go:4562.87,4564.17 2 0
KNIRVENGINE/desktop-client/api/simple_server.go:4564.17,4567.3 2 0
KNIRVENGINE/desktop-client/api/simple_server.go:4569.2,4571.16 3 0
KNIRVENGINE/desktop-client/api/simple_server.go:4571.16,4575.3 3 0
KNIRVENGINE/desktop-client/api/simple_server.go:4578.2,4579.41 2 0
KNIRVENGINE/desktop-client/api/simple_server.go:4579.41,4581.81 1 0
KNIRVENGINE/desktop-client/api/simple_server.go:4581.81,4601.4 3 0
KNIRVENGINE/desktop-client/api/simple_server.go:4604.2,4604.90 1 0
KNIRVENGINE/desktop-client/api/simple_server.go:4608.95,4614.16 5 0
KNIRVENGINE/desktop-client/api/simple_server.go:4614.16,4618.3 3 0
KNIRVENGINE/desktop-client/api/simple_server.go:4621.2,4624.72 3 0
KNIRVENGINE/desktop-client/api/simple_server.go:4624.72,4628.3 3 0
KNIRVENGINE/desktop-client/api/simple_server.go:4631.2,4650.70 4 0
KNIRVENGINE/desktop-client/api/simple_server.go:4654.97,4660.16 5 0
KNIRVENGINE/desktop-client/api/simple_server.go:4660.16,4664.3 3 0
KNIRVENGINE/desktop-client/api/simple_server.go:4667.2,4670.72 3 0
KNIRVENGINE/desktop-client/api/simple_server.go:4670.72,4674.3 3 0
KNIRVENGINE/desktop-client/api/simple_server.go:4677.2,4696.72 4 0
KNIRVENGINE/desktop-client/api/simple_server.go:4700.89,4706.16 5 0
KNIRVENGINE/desktop-client/api/simple_server.go:4706.16,4710.3 3 0
KNIRVENGINE/desktop-client/api/simple_server.go:4713.2,4713.88 1 0
KNIRVENGINE/desktop-client/api/simple_server.go:4717.92,4722.68 4 0
KNIRVENGINE/desktop-client/api/simple_server.go:4722.68,4725.3 2 0
KNIRVENGINE/desktop-client/api/simple_server.go:4727.2,4729.16 3 0
KNIRVENGINE/desktop-client/api/simple_server.go:4729.16,4733.3 3 0
KNIRVENGINE/desktop-client/api/simple_server.go:4736.2,4739.72 3 0
KNIRVENGINE/desktop-client/api/simple_server.go:4739.72,4743.3 3 0
KNIRVENGINE/desktop-client/api/simple_server.go:4745.2,4745.86 1 0
KNIRVENGINE/desktop-client/api/simple_server.go:4749.90,4755.16 5 0
KNIRVENGINE/desktop-client/api/simple_server.go:4755.16,4759.3 3 0
KNIRVENGINE/desktop-client/api/simple_server.go:4762.2,4763.41 2 0
KNIRVENGINE/desktop-client/api/simple_server.go:4763.41,4764.37 1 0
KNIRVENGINE/desktop-client/api/simple_server.go:4764.37,4783.4 3 0
KNIRVENGINE/desktop-client/api/simple_server.go:4786.2,4786.127 1 0
KNIRVENGINE/desktop-client/api/simple_server.go:4790.92,4796.16 5 0
KNIRVENGINE/desktop-client/api/simple_server.go:4796.16,4800.3 3 0
KNIRVENGINE/desktop-client/api/simple_server.go:4803.2,4804.41 2 0
KNIRVENGINE/desktop-client/api/simple_server.go:4804.41,4805.36 1 0
KNIRVENGINE/desktop-client/api/simple_server.go:4805.36,4824.4 3 0
KNIRVENGINE/desktop-client/api/simple_server.go:4827.2,4827.128 1 0
KNIRVENGINE/desktop-client/api/simple_server.go:4831.97,4837.16 5 0
KNIRVENGINE/desktop-client/api/simple_server.go:4837.16,4841.3 3 0
KNIRVENGINE/desktop-client/api/simple_server.go:4844.2,4845.41 2 0
KNIRVENGINE/desktop-client/api/simple_server.go:4845.41,4846.55 1 0
KNIRVENGINE/desktop-client/api/simple_server.go:4846.55,4847.33 1 0
KNIRVENGINE/desktop-client/api/simple_server.go:4847.33,4866.10 4 0
KNIRVENGINE/desktop-client/api/simple_server.go:4871.2,4871.139 1 0
KNIRVENGINE/desktop-client/api/simple_server.go:4877.87,4885.65 2 0
KNIRVENGINE/desktop-client/api/simple_server.go:4885.65,4888.3 2 0
KNIRVENGINE/desktop-client/api/simple_server.go:4891.2,4891.82 1 0
KNIRVENGINE/desktop-client/api/simple_server.go:4891.82,4894.3 2 0
KNIRVENGINE/desktop-client/api/simple_server.go:4897.2,4898.9 2 0
KNIRVENGINE/desktop-client/api/simple_server.go:4898.9,4901.3 2 0
KNIRVENGINE/desktop-client/api/simple_server.go:4904.2,4904.30 1 0
KNIRVENGINE/desktop-client/api/simple_server.go:4904.30,4914.17 4 0
KNIRVENGINE/desktop-client/api/simple_server.go:4914.17,4923.4 4 0
KNIRVENGINE/desktop-client/api/simple_server.go:4925.3,4931.9 3 0
KNIRVENGINE/desktop-client/api/simple_server.go:4935.2,4939.4 2 0
KNIRVENGINE/desktop-client/api/simple_server.go:4943.84,4951.65 2 0
KNIRVENGINE/desktop-client/api/simple_server.go:4951.65,4954.3 2 0
KNIRVENGINE/desktop-client/api/simple_server.go:4957.2,4957.52 1 0
KNIRVENGINE/desktop-client/api/simple_server.go:4957.52,4960.3 2 0
KNIRVENGINE/desktop-client/api/simple_server.go:4963.2,4963.29 1 0
KNIRVENGINE/desktop-client/api/simple_server.go:4963.29,4965.3 1 0
KNIRVENGINE/desktop-client/api/simple_server.go:4968.2,4968.30 1 0
KNIRVENGINE/desktop-client/api/simple_server.go:4968.30,4978.17 4 0
KNIRVENGINE/desktop-client/api/simple_server.go:4978.17,4986.4 4 0
KNIRVENGINE/desktop-client/api/simple_server.go:4988.3,4995.9 3 0
KNIRVENGINE/desktop-client/api/simple_server.go:4999.2,5003.4 2 0
KNIRVENGINE/desktop-client/api/simple_server.go:5007.90,5014.65 2 0
KNIRVENGINE/desktop-client/api/simple_server.go:5014.65,5017.3 2 0
KNIRVENGINE/desktop-client/api/simple_server.go:5020.2,5020.52 1 0
KNIRVENGINE/desktop-client/api/simple_server.go:5020.52,5023.3 2 0
KNIRVENGINE/desktop-client/api/simple_server.go:5026.2,5026.30 1 0
KNIRVENGINE/desktop-client/api/simple_server.go:5026.30,5037.17 5 0
KNIRVENGINE/desktop-client/api/simple_server.go:5037.17,5045.4 4 0
KNIRVENGINE/desktop-client/api/simple_server.go:5047.3,5053.9 3 0
KNIRVENGINE/desktop-client/api/simple_server.go:5057.2,5061.4 2 0
KNIRVENGINE/desktop-client/api/simple_server.go:5065.91,5069.19 3 0
KNIRVENGINE/desktop-client/api/simple_server.go:5069.19,5072.3 2 0
KNIRVENGINE/desktop-client/api/simple_server.go:5074.2,5074.18 1 0
KNIRVENGINE/desktop-client/api/simple_server.go:5075.14,5081.66 2 0
KNIRVENGINE/desktop-client/api/simple_server.go:5081.66,5084.4 2 0
KNIRVENGINE/desktop-client/api/simple_server.go:5087.3,5087.30 1 0
KNIRVENGINE/desktop-client/api/simple_server.go:5087.30,5089.4 1 0
KNIRVENGINE/desktop-client/api/simple_server.go:5091.3,5097.5 2 0
KNIRVENGINE/desktop-client/api/simple_server.go:5099.13,5102.22 2 0
KNIRVENGINE/desktop-client/api/simple_server.go:5102.22,5105.4 2 0
KNIRVENGINE/desktop-client/api/simple_server.go:5107.3,5113.5 2 0
KNIRVENGINE/desktop-client/api/simple_server.go:5115.10,5116.67 1 0
KNIRVENGINE/desktop-client/api/simple_server.go:5121.91,5125.19 3 0
KNIRVENGINE/desktop-client/api/simple_server.go:5125.19,5128.3 2 0
KNIRVENGINE/desktop-client/api/simple_server.go:5130.2,5149.4 4 0
KNIRVENGINE/desktop-client/api/simple_server.go:5153.89,5154.18 1 0
KNIRVENGINE/desktop-client/api/simple_server.go:5155.14,5163.66 2 0
KNIRVENGINE/desktop-client/api/simple_server.go:5163.66,5166.4 2 0
KNIRVENGINE/desktop-client/api/simple_server.go:5168.3,5168.55 1 0
KNIRVENGINE/desktop-client/api/simple_server.go:5168.55,5171.4 2 0
KNIRVENGINE/desktop-client/api/simple_server.go:5173.3,5177.5 2 0
KNIRVENGINE/desktop-client/api/simple_server.go:5179.13,5182.22 2 0
KNIRVENGINE/desktop-client/api/simple_server.go:5182.22,5185.4 2 0
KNIRVENGINE/desktop-client/api/simple_server.go:5187.3,5192.5 2 0
KNIRVENGINE/desktop-client/api/simple_server.go:5194.10,5195.67 1 0
KNIRVENGINE/desktop-client/api/simple_server.go:5200.95,5207.65 2 0
KNIRVENGINE/desktop-client/api/simple_server.go:5207.65,5210.3 2 0
KNIRVENGINE/desktop-client/api/simple_server.go:5212.2,5212.54 1 0
KNIRVENGINE/desktop-client/api/simple_server.go:5212.54,5215.3 2 0
KNIRVENGINE/desktop-client/api/simple_server.go:5219.2,5225.4 2 0
KNIRVENGINE/desktop-client/api/standard_response.go:28.82,38.2 4 0
KNIRVENGINE/desktop-client/api/standard_response.go:41.107,51.2 4 0
KNIRVENGINE/desktop-client/api/standard_response.go:54.90,65.2 4 0
KNIRVENGINE/desktop-client/api/standard_response.go:68.101,78.2 4 0
KNIRVENGINE/desktop-client/api/standard_response.go:81.77,83.2 1 0
KNIRVENGINE/desktop-client/api/standard_response.go:86.66,88.2 1 0
KNIRVENGINE/desktop-client/api/standard_response.go:91.75,93.2 1 0
KNIRVENGINE/desktop-client/api/standard_response.go:96.74,98.2 1 0
KNIRVENGINE/desktop-client/api/standard_response.go:101.71,103.2 1 0
KNIRVENGINE/desktop-client/api/standard_response.go:106.70,108.2 1 0
KNIRVENGINE/desktop-client/api/standard_response.go:111.82,113.2 1 0
KNIRVENGINE/desktop-client/api/standard_response.go:116.66,125.2 4 0
KNIRVENGINE/desktop-client/api/standard_response.go:128.83,130.2 1 0
KNIRVENGINE/desktop-client/api/standard_response.go:157.54,158.16 1 0
KNIRVENGINE/desktop-client/api/standard_response.go:158.16,160.3 1 0
KNIRVENGINE/desktop-client/api/standard_response.go:164.2,164.39 1 0
KNIRVENGINE/desktop-client/api/standard_response.go:168.82,169.16 1 0
KNIRVENGINE/desktop-client/api/standard_response.go:169.16,172.3 2 0
KNIRVENGINE/desktop-client/api/standard_response.go:174.2,175.24 2 0
KNIRVENGINE/desktop-client/api/standard_response.go:175.24,177.3 1 0
KNIRVENGINE/desktop-client/api/standard_response.go:180.2,181.19 2 0
KNIRVENGINE/desktop-client/api/standard_response.go:182.48,183.37 1 0
KNIRVENGINE/desktop-client/api/standard_response.go:184.25,185.35 1 0
KNIRVENGINE/desktop-client/api/standard_response.go:186.29,187.39 1 0
KNIRVENGINE/desktop-client/api/standard_response.go:188.26,189.36 1 0
KNIRVENGINE/desktop-client/api/standard_response.go:190.25,191.35 1 0
KNIRVENGINE/desktop-client/api/standard_response.go:192.24,193.41 1 0
KNIRVENGINE/desktop-client/api/standard_response.go:194.26,195.42 1 0
KNIRVENGINE/desktop-client/api/standard_response.go:198.2,198.58 1 0
KNIRVENGINE/desktop-client/api/standard_response.go:202.48,205.2 2 0
KNIRVENGINE/desktop-client/api/standard_response.go:208.48,214.2 5 0
KNIRVENGINE/desktop-client/api/system_connection.go:22.80,26.2 1 0
KNIRVENGINE/desktop-client/api/system_connection.go:29.63,34.17 4 0
KNIRVENGINE/desktop-client/api/system_connection.go:34.17,36.3 1 0
KNIRVENGINE/desktop-client/api/system_connection.go:39.2,39.38 1 0
KNIRVENGINE/desktop-client/api/system_connection.go:39.38,41.3 1 0
KNIRVENGINE/desktop-client/api/system_connection.go:43.2,45.12 3 0
KNIRVENGINE/desktop-client/api/system_connection.go:49.66,55.2 5 0
KNIRVENGINE/desktop-client/api/system_connection.go:58.47,62.2 3 0
KNIRVENGINE/desktop-client/api/system_connection.go:65.55,74.2 1 0
KNIRVENGINE/desktop-client/api/system_connection.go:77.127,78.22 1 0
KNIRVENGINE/desktop-client/api/system_connection.go:78.22,80.3 1 0
KNIRVENGINE/desktop-client/api/system_connection.go:82.2,82.19 1 0
KNIRVENGINE/desktop-client/api/system_connection.go:83.25,84.39 1 0
KNIRVENGINE/desktop-client/api/system_connection.go:85.25,86.38 1 0
KNIRVENGINE/desktop-client/api/system_connection.go:87.25,88.39 1 0
KNIRVENGINE/desktop-client/api/system_connection.go:89.10,90.65 1 0
KNIRVENGINE/desktop-client/api/system_connection.go:95.63,106.2 3 0
KNIRVENGINE/desktop-client/api/system_connection.go:109.55,111.2 1 0
KNIRVENGINE/desktop-client/api/system_connection.go:115.116,117.19 2 0
KNIRVENGINE/desktop-client/api/system_connection.go:117.19,119.3 1 0
KNIRVENGINE/desktop-client/api/system_connection.go:121.2,122.31 2 0
KNIRVENGINE/desktop-client/api/system_connection.go:122.31,124.3 1 0
KNIRVENGINE/desktop-client/api/system_connection.go:124.8,126.3 1 0
KNIRVENGINE/desktop-client/api/system_connection.go:128.2,130.16 3 0
KNIRVENGINE/desktop-client/api/system_connection.go:130.16,131.49 1 0
KNIRVENGINE/desktop-client/api/system_connection.go:131.49,133.4 1 0
KNIRVENGINE/desktop-client/api/system_connection.go:136.2,142.8 1 0
KNIRVENGINE/desktop-client/api/system_connection.go:145.115,161.2 5 0
KNIRVENGINE/desktop-client/api/system_connection.go:163.116,169.24 5 0
KNIRVENGINE/desktop-client/api/system_connection.go:169.24,171.42 1 0
KNIRVENGINE/desktop-client/api/system_connection.go:171.42,175.4 3 0
KNIRVENGINE/desktop-client/api/system_connection.go:178.2,182.8 1 0
KNIRVENGINE/desktop-client/api/system_connection.go:185.35,186.22 1 0
KNIRVENGINE/desktop-client/api/system_connection.go:186.22,187.15 1 0
KNIRVENGINE/desktop-client/api/system_connection.go:187.15,189.4 1 0
KNIRVENGINE/desktop-client/api/system_connection.go:191.2,191.11 1 0
KNIRVENGINE/desktop-client/api/system_monitoring.go:62.60,77.2 1 1
KNIRVENGINE/desktop-client/api/system_monitoring.go:80.49,82.15 2 0
KNIRVENGINE/desktop-client/api/system_monitoring.go:82.15,85.3 2 0
KNIRVENGINE/desktop-client/api/system_monitoring.go:86.2,92.12 5 0
KNIRVENGINE/desktop-client/api/system_monitoring.go:96.48,98.16 2 0
KNIRVENGINE/desktop-client/api/system_monitoring.go:98.16,101.3 2 0
KNIRVENGINE/desktop-client/api/system_monitoring.go:102.2,107.12 5 0
KNIRVENGINE/desktop-client/api/system_monitoring.go:111.52,115.6 3 0
KNIRVENGINE/desktop-client/api/system_monitoring.go:115.6,116.10 1 0
KNIRVENGINE/desktop-client/api/system_monitoring.go:117.21,118.10 1 0
KNIRVENGINE/desktop-client/api/system_monitoring.go:119.19,121.19 2 0
KNIRVENGINE/desktop-client/api/system_monitoring.go:127.52,148.24 18 0
KNIRVENGINE/desktop-client/api/system_monitoring.go:148.24,150.3 1 0
KNIRVENGINE/desktop-client/api/system_monitoring.go:153.2,154.30 2 0
KNIRVENGINE/desktop-client/api/system_monitoring.go:154.30,156.3 1 0
KNIRVENGINE/desktop-client/api/system_monitoring.go:159.2,161.62 3 0
KNIRVENGINE/desktop-client/api/system_monitoring.go:165.49,170.57 3 0
KNIRVENGINE/desktop-client/api/system_monitoring.go:170.57,177.3 1 0
KNIRVENGINE/desktop-client/api/system_monitoring.go:180.2,180.67 1 0
KNIRVENGINE/desktop-client/api/system_monitoring.go:180.67,188.3 1 0
KNIRVENGINE/desktop-client/api/system_monitoring.go:191.2,191.78 1 0
KNIRVENGINE/desktop-client/api/system_monitoring.go:191.78,198.3 1 0
KNIRVENGINE/desktop-client/api/system_monitoring.go:201.2,201.34 1 0
KNIRVENGINE/desktop-client/api/system_monitoring.go:201.34,203.50 2 0
KNIRVENGINE/desktop-client/api/system_monitoring.go:203.50,212.4 1 0
KNIRVENGINE/desktop-client/api/system_monitoring.go:217.128,219.33 1 0
KNIRVENGINE/desktop-client/api/system_monitoring.go:219.33,220.49 1 0
KNIRVENGINE/desktop-client/api/system_monitoring.go:220.49,222.4 1 0
KNIRVENGINE/desktop-client/api/system_monitoring.go:225.2,239.25 3 0
KNIRVENGINE/desktop-client/api/system_monitoring.go:239.25,241.3 1 0
KNIRVENGINE/desktop-client/api/system_monitoring.go:243.2,243.72 1 0
KNIRVENGINE/desktop-client/api/system_monitoring.go:247.59,251.2 3 0
KNIRVENGINE/desktop-client/api/system_monitoring.go:254.57,258.2 3 0
KNIRVENGINE/desktop-client/api/system_monitoring.go:261.65,265.2 3 0
KNIRVENGINE/desktop-client/api/system_monitoring.go:268.63,275.44 5 0
KNIRVENGINE/desktop-client/api/system_monitoring.go:275.44,277.3 1 0
KNIRVENGINE/desktop-client/api/system_monitoring.go:279.2,279.21 1 0
KNIRVENGINE/desktop-client/api/system_monitoring.go:283.66,290.2 5 0
KNIRVENGINE/desktop-client/api/system_monitoring.go:295.96,302.17 3 0
KNIRVENGINE/desktop-client/api/system_monitoring.go:302.17,305.3 2 0
KNIRVENGINE/desktop-client/api/system_monitoring.go:309.95,317.17 3 0
KNIRVENGINE/desktop-client/api/system_monitoring.go:317.17,320.3 2 0
KNIRVENGINE/desktop-client/api/system_monitoring.go:324.95,333.31 6 0
KNIRVENGINE/desktop-client/api/system_monitoring.go:333.31,334.22 1 0
KNIRVENGINE/desktop-client/api/system_monitoring.go:334.22,335.65 1 0
KNIRVENGINE/desktop-client/api/system_monitoring.go:335.65,338.5 2 0
KNIRVENGINE/desktop-client/api/system_monitoring.go:338.10,338.42 1 0
KNIRVENGINE/desktop-client/api/system_monitoring.go:338.42,340.34 2 0
KNIRVENGINE/desktop-client/api/system_monitoring.go:340.34,342.6 1 0
KNIRVENGINE/desktop-client/api/system_monitoring.go:347.2,365.60 3 0
KNIRVENGINE/desktop-client/api/system_monitoring.go:365.60,368.3 2 0
KNIRVENGINE/desktop-client/api/system_monitoring.go:372.95,373.18 1 0
KNIRVENGINE/desktop-client/api/system_monitoring.go:374.13,386.5 5 0
KNIRVENGINE/desktop-client/api/system_monitoring.go:388.14,393.66 2 0
KNIRVENGINE/desktop-client/api/system_monitoring.go:393.66,396.4 2 0
KNIRVENGINE/desktop-client/api/system_monitoring.go:398.3,399.37 2 0
KNIRVENGINE/desktop-client/api/system_monitoring.go:399.37,400.52 1 0
KNIRVENGINE/desktop-client/api/system_monitoring.go:400.52,402.5 1 0
KNIRVENGINE/desktop-client/api/system_monitoring.go:404.3,410.5 3 0
KNIRVENGINE/desktop-client/api/system_monitoring.go:412.10,413.67 1 0
KNIRVENGINE/desktop-client/api/system_monitoring.go:418.70,423.2 4 1
KNIRVENGINE/desktop-client/api/target_system_service.go:95.52,101.2 1 1
KNIRVENGINE/desktop-client/api/target_system_service.go:104.68,117.2 12 1
KNIRVENGINE/desktop-client/api/target_system_service.go:120.72,125.21 3 1
KNIRVENGINE/desktop-client/api/target_system_service.go:125.21,127.3 1 1
KNIRVENGINE/desktop-client/api/target_system_service.go:130.2,136.25 5 1
KNIRVENGINE/desktop-client/api/target_system_service.go:136.25,138.3 1 1
KNIRVENGINE/desktop-client/api/target_system_service.go:141.2,141.26 1 1
KNIRVENGINE/desktop-client/api/target_system_service.go:141.26,143.3 1 0
KNIRVENGINE/desktop-client/api/target_system_service.go:144.2,144.34 1 1
KNIRVENGINE/desktop-client/api/target_system_service.go:144.34,146.3 1 1
KNIRVENGINE/desktop-client/api/target_system_service.go:149.2,151.12 2 1
KNIRVENGINE/desktop-client/api/target_system_service.go:155.75,160.9 4 1
KNIRVENGINE/desktop-client/api/target_system_service.go:160.9,162.3 1 1
KNIRVENGINE/desktop-client/api/target_system_service.go:164.2,164.20 1 1
KNIRVENGINE/desktop-client/api/target_system_service.go:168.82,173.35 4 1
KNIRVENGINE/desktop-client/api/target_system_service.go:173.35,174.31 1 1
KNIRVENGINE/desktop-client/api/target_system_service.go:174.31,176.4 1 1
KNIRVENGINE/desktop-client/api/target_system_service.go:179.2,179.21 1 1
KNIRVENGINE/desktop-client/api/target_system_service.go:183.72,188.9 4 0
KNIRVENGINE/desktop-client/api/target_system_service.go:188.9,190.3 1 0
KNIRVENGINE/desktop-client/api/target_system_service.go:193.2,199.12 4 0
KNIRVENGINE/desktop-client/api/target_system_service.go:203.61,208.39 3 1
KNIRVENGINE/desktop-client/api/target_system_service.go:208.39,211.3 2 0
KNIRVENGINE/desktop-client/api/target_system_service.go:214.2,216.12 2 1
KNIRVENGINE/desktop-client/api/target_system_service.go:220.83,222.2 1 1
KNIRVENGINE/desktop-client/api/target_system_service.go:225.142,230.9 4 1
KNIRVENGINE/desktop-client/api/target_system_service.go:230.9,232.3 1 0
KNIRVENGINE/desktop-client/api/target_system_service.go:235.2,235.61 1 1
KNIRVENGINE/desktop-client/api/target_system_service.go:235.61,237.3 1 0
KNIRVENGINE/desktop-client/api/target_system_service.go:240.2,241.16 2 1
KNIRVENGINE/desktop-client/api/target_system_service.go:241.16,244.3 2 0
KNIRVENGINE/desktop-client/api/target_system_service.go:247.2,251.42 3 1
KNIRVENGINE/desktop-client/api/target_system_service.go:251.42,254.3 2 0
KNIRVENGINE/desktop-client/api/target_system_service.go:257.2,258.21 2 1
KNIRVENGINE/desktop-client/api/target_system_service.go:258.21,260.3 1 0
KNIRVENGINE/desktop-client/api/target_system_service.go:263.2,267.12 4 1
KNIRVENGINE/desktop-client/api/target_system_service.go:271.86,276.9 4 1
KNIRVENGINE/desktop-client/api/target_system_service.go:276.9,278.3 1 0
KNIRVENGINE/desktop-client/api/target_system_service.go:281.2,282.9 2 1
KNIRVENGINE/desktop-client/api/target_system_service.go:282.9,285.3 2 0
KNIRVENGINE/desktop-client/api/target_system_service.go:288.2,288.45 1 1
KNIRVENGINE/desktop-client/api/target_system_service.go:288.45,290.3 1 0
KNIRVENGINE/desktop-client/api/target_system_service.go:293.2,297.12 4 1
KNIRVENGINE/desktop-client/api/target_system_service.go:301.150,307.32 5 1
KNIRVENGINE/desktop-client/api/target_system_service.go:307.32,309.3 1 0
KNIRVENGINE/desktop-client/api/target_system_service.go:312.2,312.19 1 1
KNIRVENGINE/desktop-client/api/target_system_service.go:312.19,316.3 3 1
KNIRVENGINE/desktop-client/api/target_system_service.go:318.2,318.45 1 1
KNIRVENGINE/desktop-client/api/target_system_service.go:322.90,327.9 4 1
KNIRVENGINE/desktop-client/api/target_system_service.go:327.9,329.3 1 0
KNIRVENGINE/desktop-client/api/target_system_service.go:331.2,341.61 2 1
KNIRVENGINE/desktop-client/api/target_system_service.go:341.61,343.32 2 1
KNIRVENGINE/desktop-client/api/target_system_service.go:343.32,345.4 1 1
KNIRVENGINE/desktop-client/api/target_system_service.go:348.2,348.20 1 1
KNIRVENGINE/desktop-client/api/target_system_service.go:352.102,353.21 1 1
KNIRVENGINE/desktop-client/api/target_system_service.go:354.25,355.38 1 0
KNIRVENGINE/desktop-client/api/target_system_service.go:356.28,357.41 1 1
KNIRVENGINE/desktop-client/api/target_system_service.go:358.26,359.39 1 0
KNIRVENGINE/desktop-client/api/target_system_service.go:360.25,361.38 1 0
KNIRVENGINE/desktop-client/api/target_system_service.go:362.29,363.42 1 0
KNIRVENGINE/desktop-client/api/target_system_service.go:364.24,365.37 1 0
KNIRVENGINE/desktop-client/api/target_system_service.go:366.24,367.37 1 0
KNIRVENGINE/desktop-client/api/target_system_service.go:368.10,369.69 1 0
KNIRVENGINE/desktop-client/api/target_system_service.go:376.89,381.16 3 0
KNIRVENGINE/desktop-client/api/target_system_service.go:381.16,384.3 2 0
KNIRVENGINE/desktop-client/api/target_system_service.go:386.2,389.4 2 0
KNIRVENGINE/desktop-client/api/target_system_service.go:393.90,395.64 2 1
KNIRVENGINE/desktop-client/api/target_system_service.go:395.64,398.3 2 0
KNIRVENGINE/desktop-client/api/target_system_service.go:401.2,404.48 3 1
KNIRVENGINE/desktop-client/api/target_system_service.go:404.48,407.3 2 0
KNIRVENGINE/desktop-client/api/target_system_service.go:409.2,411.35 3 1
KNIRVENGINE/desktop-client/api/target_system_service.go:415.87,420.16 4 1
KNIRVENGINE/desktop-client/api/target_system_service.go:420.16,423.3 2 0
KNIRVENGINE/desktop-client/api/target_system_service.go:425.2,426.35 2 1
KNIRVENGINE/desktop-client/api/target_system_service.go:430.90,435.64 4 0
KNIRVENGINE/desktop-client/api/target_system_service.go:435.64,438.3 2 0
KNIRVENGINE/desktop-client/api/target_system_service.go:440.2,441.48 2 0
KNIRVENGINE/desktop-client/api/target_system_service.go:441.48,444.3 2 0
KNIRVENGINE/desktop-client/api/target_system_service.go:446.2,447.35 2 0
KNIRVENGINE/desktop-client/api/target_system_service.go:451.90,455.43 3 1
KNIRVENGINE/desktop-client/api/target_system_service.go:455.43,458.3 2 0
KNIRVENGINE/desktop-client/api/target_system_service.go:460.2,460.37 1 1
KNIRVENGINE/desktop-client/api/target_system_service.go:464.85,468.57 3 1
KNIRVENGINE/desktop-client/api/target_system_service.go:468.57,471.3 2 0
KNIRVENGINE/desktop-client/api/target_system_service.go:473.2,476.4 2 1
KNIRVENGINE/desktop-client/api/target_system_service.go:480.88,484.60 3 1
KNIRVENGINE/desktop-client/api/target_system_service.go:484.60,487.3 2 0
KNIRVENGINE/desktop-client/api/target_system_service.go:489.2,492.4 2 1
KNIRVENGINE/desktop-client/api/target_system_service.go:496.92,501.16 4 0
KNIRVENGINE/desktop-client/api/target_system_service.go:501.16,504.3 2 0
KNIRVENGINE/desktop-client/api/target_system_service.go:507.2,508.16 2 0
KNIRVENGINE/desktop-client/api/target_system_service.go:508.16,511.3 2 0
KNIRVENGINE/desktop-client/api/target_system_service.go:514.2,514.50 1 0
KNIRVENGINE/desktop-client/api/target_system_service.go:514.50,521.3 3 0
KNIRVENGINE/desktop-client/api/target_system_service.go:524.2,529.4 3 0
KNIRVENGINE/desktop-client/api/target_system_service.go:533.85,542.65 4 1
KNIRVENGINE/desktop-client/api/target_system_service.go:542.65,545.3 2 0
KNIRVENGINE/desktop-client/api/target_system_service.go:547.2,548.16 2 1
KNIRVENGINE/desktop-client/api/target_system_service.go:548.16,551.3 2 0
KNIRVENGINE/desktop-client/api/target_system_service.go:553.2,556.4 2 1
KNIRVENGINE/desktop-client/api/target_system_service.go:560.87,565.16 4 1
KNIRVENGINE/desktop-client/api/target_system_service.go:565.16,568.3 2 0
KNIRVENGINE/desktop-client/api/target_system_service.go:570.2,571.35 2 1
KNIRVENGINE/desktop-client/api/target_system_service.go:575.99,585.65 4 0
KNIRVENGINE/desktop-client/api/target_system_service.go:585.65,588.3 2 0
KNIRVENGINE/desktop-client/api/target_system_service.go:591.2,591.43 1 0
KNIRVENGINE/desktop-client/api/target_system_service.go:591.43,594.3 2 0
KNIRVENGINE/desktop-client/api/target_system_service.go:597.2,598.16 2 0
KNIRVENGINE/desktop-client/api/target_system_service.go:598.16,601.3 2 0
KNIRVENGINE/desktop-client/api/target_system_service.go:603.2,608.4 2 0
KNIRVENGINE/desktop-client/api/target_system_service.go:612.99,616.67 3 0
KNIRVENGINE/desktop-client/api/target_system_service.go:616.67,619.3 2 0
KNIRVENGINE/desktop-client/api/target_system_service.go:621.2,621.37 1 0
KNIRVENGINE/desktop-client/api/target_system_service.go:625.53,630.38 3 0
KNIRVENGINE/desktop-client/api/target_system_service.go:630.38,631.25 1 0
KNIRVENGINE/desktop-client/api/target_system_service.go:631.25,633.4 1 0
KNIRVENGINE/desktop-client/api/target_system_service.go:634.3,634.28 1 0
KNIRVENGINE/desktop-client/api/target_system_service.go:638.2,640.12 3 0
KNIRVENGINE/desktop-client/api/terminal_manager.go:62.44,65.17 2 1
KNIRVENGINE/desktop-client/api/terminal_manager.go:65.17,67.49 1 0
KNIRVENGINE/desktop-client/api/terminal_manager.go:67.49,69.4 1 0
KNIRVENGINE/desktop-client/api/terminal_manager.go:69.9,69.54 1 0
KNIRVENGINE/desktop-client/api/terminal_manager.go:69.54,71.4 1 0
KNIRVENGINE/desktop-client/api/terminal_manager.go:71.9,73.4 1 0
KNIRVENGINE/desktop-client/api/terminal_manager.go:76.2,81.3 1 1
KNIRVENGINE/desktop-client/api/terminal_manager.go:85.114,90.38 3 0
KNIRVENGINE/desktop-client/api/terminal_manager.go:90.38,92.3 1 0
KNIRVENGINE/desktop-client/api/terminal_manager.go:95.2,119.21 5 0
KNIRVENGINE/desktop-client/api/terminal_manager.go:123.82,128.9 4 0
KNIRVENGINE/desktop-client/api/terminal_manager.go:128.9,130.3 1 0
KNIRVENGINE/desktop-client/api/terminal_manager.go:132.2,132.21 1 0
KNIRVENGINE/desktop-client/api/terminal_manager.go:136.73,141.37 4 0
KNIRVENGINE/desktop-client/api/terminal_manager.go:141.37,142.31 1 0
KNIRVENGINE/desktop-client/api/terminal_manager.go:142.31,144.4 1 0
KNIRVENGINE/desktop-client/api/terminal_manager.go:147.2,147.17 1 0
KNIRVENGINE/desktop-client/api/terminal_manager.go:151.64,156.9 4 0
KNIRVENGINE/desktop-client/api/terminal_manager.go:156.9,158.3 1 0
KNIRVENGINE/desktop-client/api/terminal_manager.go:161.2,161.40 1 0
KNIRVENGINE/desktop-client/api/terminal_manager.go:161.40,163.3 1 0
KNIRVENGINE/desktop-client/api/terminal_manager.go:166.2,168.12 2 0
KNIRVENGINE/desktop-client/api/terminal_manager.go:172.52,177.38 4 0
KNIRVENGINE/desktop-client/api/terminal_manager.go:177.38,178.54 1 0
KNIRVENGINE/desktop-client/api/terminal_manager.go:178.54,182.4 3 0
KNIRVENGINE/desktop-client/api/terminal_manager.go:187.41,191.18 3 0
KNIRVENGINE/desktop-client/api/terminal_manager.go:191.18,193.3 1 0
KNIRVENGINE/desktop-client/api/terminal_manager.go:196.2,199.24 2 0
KNIRVENGINE/desktop-client/api/terminal_manager.go:199.24,201.3 1 0
KNIRVENGINE/desktop-client/api/terminal_manager.go:204.2,204.20 1 0
KNIRVENGINE/desktop-client/api/terminal_manager.go:204.20,206.3 1 0
KNIRVENGINE/desktop-client/api/terminal_manager.go:206.8,208.3 1 0
KNIRVENGINE/desktop-client/api/terminal_manager.go:211.2,213.16 3 0
KNIRVENGINE/desktop-client/api/terminal_manager.go:213.16,215.3 1 0
KNIRVENGINE/desktop-client/api/terminal_manager.go:217.2,218.16 2 0
KNIRVENGINE/desktop-client/api/terminal_manager.go:218.16,220.3 1 0
KNIRVENGINE/desktop-client/api/terminal_manager.go:222.2,223.16 2 0
KNIRVENGINE/desktop-client/api/terminal_manager.go:223.16,225.3 1 0
KNIRVENGINE/desktop-client/api/terminal_manager.go:228.2,228.38 1 0
KNIRVENGINE/desktop-client/api/terminal_manager.go:228.38,230.3 1 0
KNIRVENGINE/desktop-client/api/terminal_manager.go:232.2,240.12 5 0
KNIRVENGINE/desktop-client/api/terminal_manager.go:240.12,245.17 4 0
KNIRVENGINE/desktop-client/api/terminal_manager.go:245.17,246.48 1 0
KNIRVENGINE/desktop-client/api/terminal_manager.go:246.48,248.5 1 0
KNIRVENGINE/desktop-client/api/terminal_manager.go:248.10,250.5 1 0
KNIRVENGINE/desktop-client/api/terminal_manager.go:251.4,251.23 1 0
KNIRVENGINE/desktop-client/api/terminal_manager.go:252.9,255.4 2 0
KNIRVENGINE/desktop-client/api/terminal_manager.go:258.3,262.5 1 0
KNIRVENGINE/desktop-client/api/terminal_manager.go:265.2,265.12 1 0
KNIRVENGINE/desktop-client/api/terminal_manager.go:269.41,274.25 3 0
KNIRVENGINE/desktop-client/api/terminal_manager.go:274.25,276.3 1 0
KNIRVENGINE/desktop-client/api/terminal_manager.go:279.2,279.32 1 0
KNIRVENGINE/desktop-client/api/terminal_manager.go:279.32,281.3 1 0
KNIRVENGINE/desktop-client/api/terminal_manager.go:282.2,285.20 2 0
KNIRVENGINE/desktop-client/api/terminal_manager.go:285.20,287.3 1 0
KNIRVENGINE/desktop-client/api/terminal_manager.go:289.2,290.12 2 0
KNIRVENGINE/desktop-client/api/terminal_manager.go:294.58,298.27 3 0
KNIRVENGINE/desktop-client/api/terminal_manager.go:298.27,300.3 1 0
KNIRVENGINE/desktop-client/api/terminal_manager.go:302.2,302.20 1 0
KNIRVENGINE/desktop-client/api/terminal_manager.go:302.20,304.3 1 0
KNIRVENGINE/desktop-client/api/terminal_manager.go:307.2,310.51 2 0
KNIRVENGINE/desktop-client/api/terminal_manager.go:310.51,312.3 1 0
KNIRVENGINE/desktop-client/api/terminal_manager.go:315.2,316.16 2 0
KNIRVENGINE/desktop-client/api/terminal_manager.go:316.16,318.3 1 0
KNIRVENGINE/desktop-client/api/terminal_manager.go:321.2,321.51 1 0
KNIRVENGINE/desktop-client/api/terminal_manager.go:321.51,328.3 1 0
KNIRVENGINE/desktop-client/api/terminal_manager.go:330.2,330.12 1 0
KNIRVENGINE/desktop-client/api/terminal_manager.go:334.59,351.2 5 0
KNIRVENGINE/desktop-client/api/terminal_manager.go:354.62,359.2 3 0
KNIRVENGINE/desktop-client/api/terminal_manager.go:362.63,367.2 3 0
KNIRVENGINE/desktop-client/api/terminal_manager.go:370.75,372.6 2 0
KNIRVENGINE/desktop-client/api/terminal_manager.go:372.6,374.17 2 0
KNIRVENGINE/desktop-client/api/terminal_manager.go:374.17,375.21 1 0
KNIRVENGINE/desktop-client/api/terminal_manager.go:375.21,377.5 1 0
KNIRVENGINE/desktop-client/api/terminal_manager.go:378.4,378.9 1 0
KNIRVENGINE/desktop-client/api/terminal_manager.go:381.3,381.12 1 0
KNIRVENGINE/desktop-client/api/terminal_manager.go:381.12,390.30 4 0
KNIRVENGINE/desktop-client/api/terminal_manager.go:390.30,390.44 1 0
KNIRVENGINE/desktop-client/api/terminal_manager.go:390.44,390.63 1 0
KNIRVENGINE/desktop-client/api/terminal_manager.go:390.68,390.88 1 0
KNIRVENGINE/desktop-client/api/terminal_manager.go:396.4,396.26 1 0
KNIRVENGINE/desktop-client/api/terminal_manager.go:396.26,399.5 2 0
KNIRVENGINE/desktop-client/api/terminal_manager.go:401.4,401.20 1 0
KNIRVENGINE/desktop-client/api/terminal_manager.go:407.78,408.32 1 0
KNIRVENGINE/desktop-client/api/terminal_manager.go:408.32,410.17 2 0
KNIRVENGINE/desktop-client/api/terminal_manager.go:410.17,414.4 3 0
KNIRVENGINE/desktop-client/api/terminal_manager.go:431.57,445.2 3 0
KNIRVENGINE/desktop-client/api/terminal_manager.go:448.109,453.43 1 0
KNIRVENGINE/desktop-client/api/terminal_manager.go:453.43,455.4 1 0
KNIRVENGINE/desktop-client/api/terminal_manager.go:458.2,459.16 2 0
KNIRVENGINE/desktop-client/api/terminal_manager.go:459.16,462.3 2 0
KNIRVENGINE/desktop-client/api/terminal_manager.go:463.2,467.16 3 0
KNIRVENGINE/desktop-client/api/terminal_manager.go:467.16,473.3 2 0
KNIRVENGINE/desktop-client/api/terminal_manager.go:476.2,480.33 3 0
KNIRVENGINE/desktop-client/api/terminal_manager.go:480.33,481.41 1 0
KNIRVENGINE/desktop-client/api/terminal_manager.go:481.41,487.4 2 0
KNIRVENGINE/desktop-client/api/terminal_manager.go:491.2,491.6 1 0
KNIRVENGINE/desktop-client/api/terminal_manager.go:491.6,493.17 2 0
KNIRVENGINE/desktop-client/api/terminal_manager.go:493.17,495.9 2 0
KNIRVENGINE/desktop-client/api/terminal_manager.go:499.3,499.43 1 0
KNIRVENGINE/desktop-client/api/terminal_manager.go:499.43,501.54 2 0
KNIRVENGINE/desktop-client/api/terminal_manager.go:501.54,503.13 2 0
KNIRVENGINE/desktop-client/api/terminal_manager.go:507.4,507.27 1 0
KNIRVENGINE/desktop-client/api/terminal_manager.go:508.17,510.50 1 0
KNIRVENGINE/desktop-client/api/terminal_manager.go:510.50,511.54 1 0
KNIRVENGINE/desktop-client/api/terminal_manager.go:511.54,516.7 1 0
KNIRVENGINE/desktop-client/api/terminal_manager.go:518.18,518.18 0 0
KNIRVENGINE/desktop-client/api/terminal_manager.go:521.16,525.7 1 0
KNIRVENGINE/desktop-client/api/terminal_manager.go:532.64,539.2 6 0
KNIRVENGINE/desktop-client/api/terminal_manager.go:542.87,550.35 4 0
KNIRVENGINE/desktop-client/api/terminal_manager.go:550.35,552.3 1 0
KNIRVENGINE/desktop-client/api/terminal_manager.go:554.2,557.4 2 0
KNIRVENGINE/desktop-client/api/terminal_manager.go:561.88,568.65 2 0
KNIRVENGINE/desktop-client/api/terminal_manager.go:568.65,571.3 2 0
KNIRVENGINE/desktop-client/api/terminal_manager.go:574.2,578.16 3 0
KNIRVENGINE/desktop-client/api/terminal_manager.go:578.16,581.3 2 0
KNIRVENGINE/desktop-client/api/terminal_manager.go:584.2,584.27 1 0
KNIRVENGINE/desktop-client/api/terminal_manager.go:584.27,586.3 1 0
KNIRVENGINE/desktop-client/api/terminal_manager.go:588.2,590.46 3 0
KNIRVENGINE/desktop-client/api/terminal_manager.go:594.85,599.16 4 0
KNIRVENGINE/desktop-client/api/terminal_manager.go:599.16,602.3 2 0
KNIRVENGINE/desktop-client/api/terminal_manager.go:604.2,605.46 2 0
KNIRVENGINE/desktop-client/api/terminal_manager.go:609.87,613.43 3 0
KNIRVENGINE/desktop-client/api/terminal_manager.go:613.43,616.3 2 0
KNIRVENGINE/desktop-client/api/terminal_manager.go:618.2,618.37 1 0
KNIRVENGINE/desktop-client/api/terminal_manager.go:622.92,627.16 4 0
KNIRVENGINE/desktop-client/api/terminal_manager.go:627.16,630.3 2 0
KNIRVENGINE/desktop-client/api/terminal_manager.go:632.2,635.4 2 0
KNIRVENGINE/desktop-client/api/terminal_manager.go:639.91,644.2 3 0
KNIRVENGINE/desktop-client/api/user_service.go:25.16,31.2 1 0
KNIRVENGINE/desktop-client/api/user_service.go:34.86,50.2 10 0
KNIRVENGINE/desktop-client/api/user_service.go:53.79,56.16 2 0
KNIRVENGINE/desktop-client/api/user_service.go:56.16,59.3 2 0
KNIRVENGINE/desktop-client/api/user_service.go:61.2,63.4 1 0
KNIRVENGINE/desktop-client/api/user_service.go:67.77,71.16 3 0
KNIRVENGINE/desktop-client/api/user_service.go:71.16,74.3 2 0
KNIRVENGINE/desktop-client/api/user_service.go:77.2,78.16 2 0
KNIRVENGINE/desktop-client/api/user_service.go:78.16,81.3 2 0
KNIRVENGINE/desktop-client/api/user_service.go:83.2,85.4 1 0
KNIRVENGINE/desktop-client/api/user_service.go:89.80,98.61 2 0
KNIRVENGINE/desktop-client/api/user_service.go:98.61,101.3 2 0
KNIRVENGINE/desktop-client/api/user_service.go:104.2,104.65 1 0
KNIRVENGINE/desktop-client/api/user_service.go:104.65,107.3 2 0
KNIRVENGINE/desktop-client/api/user_service.go:110.2,110.20 1 0
KNIRVENGINE/desktop-client/api/user_service.go:110.20,112.3 1 0
KNIRVENGINE/desktop-client/api/user_service.go:112.8,115.17 2 0
KNIRVENGINE/desktop-client/api/user_service.go:115.17,118.4 2 0
KNIRVENGINE/desktop-client/api/user_service.go:122.2,128.66 2 0
KNIRVENGINE/desktop-client/api/user_service.go:128.66,129.64 1 0
KNIRVENGINE/desktop-client/api/user_service.go:129.64,132.4 2 0
KNIRVENGINE/desktop-client/api/user_service.go:133.3,133.61 1 0
KNIRVENGINE/desktop-client/api/user_service.go:133.61,136.4 2 0
KNIRVENGINE/desktop-client/api/user_service.go:137.3,138.9 2 0
KNIRVENGINE/desktop-client/api/user_service.go:141.2,143.4 1 0
KNIRVENGINE/desktop-client/api/user_service.go:147.80,151.16 3 0
KNIRVENGINE/desktop-client/api/user_service.go:151.16,154.3 2 0
KNIRVENGINE/desktop-client/api/user_service.go:157.2,158.16 2 0
KNIRVENGINE/desktop-client/api/user_service.go:158.16,161.3 2 0
KNIRVENGINE/desktop-client/api/user_service.go:164.2,170.61 2 0
KNIRVENGINE/desktop-client/api/user_service.go:170.61,173.3 2 0
KNIRVENGINE/desktop-client/api/user_service.go:176.2,176.24 1 0
KNIRVENGINE/desktop-client/api/user_service.go:176.24,178.3 1 0
KNIRVENGINE/desktop-client/api/user_service.go:180.2,180.21 1 0
KNIRVENGINE/desktop-client/api/user_service.go:180.21,182.3 1 0
KNIRVENGINE/desktop-client/api/user_service.go:184.2,184.20 1 0
KNIRVENGINE/desktop-client/api/user_service.go:184.20,187.17 2 0
KNIRVENGINE/desktop-client/api/user_service.go:187.17,190.4 2 0
KNIRVENGINE/desktop-client/api/user_service.go:191.3,191.31 1 0
KNIRVENGINE/desktop-client/api/user_service.go:195.2,195.60 1 0
KNIRVENGINE/desktop-client/api/user_service.go:195.60,196.64 1 0
KNIRVENGINE/desktop-client/api/user_service.go:196.64,199.4 2 0
KNIRVENGINE/desktop-client/api/user_service.go:200.3,200.61 1 0
KNIRVENGINE/desktop-client/api/user_service.go:200.61,203.4 2 0
KNIRVENGINE/desktop-client/api/user_service.go:204.3,205.9 2 0
KNIRVENGINE/desktop-client/api/user_service.go:208.2,210.4 1 0
KNIRVENGINE/desktop-client/api/user_service.go:214.80,218.16 3 0
KNIRVENGINE/desktop-client/api/user_service.go:218.16,221.3 2 0
KNIRVENGINE/desktop-client/api/user_service.go:224.2,225.9 2 0
KNIRVENGINE/desktop-client/api/user_service.go:225.9,228.3 2 0
KNIRVENGINE/desktop-client/api/user_service.go:231.2,231.29 1 0
KNIRVENGINE/desktop-client/api/user_service.go:231.29,234.3 2 0
KNIRVENGINE/desktop-client/api/user_service.go:237.2,237.54 1 0
KNIRVENGINE/desktop-client/api/user_service.go:237.54,240.3 2 0
KNIRVENGINE/desktop-client/api/user_service.go:242.2,244.4 1 0
KNIRVENGINE/desktop-client/api/user_service.go:248.80,251.9 2 0
KNIRVENGINE/desktop-client/api/user_service.go:251.9,254.3 2 0
KNIRVENGINE/desktop-client/api/user_service.go:257.2,258.16 2 0
KNIRVENGINE/desktop-client/api/user_service.go:258.16,261.3 2 0
KNIRVENGINE/desktop-client/api/user_service.go:264.2,265.16 2 0
KNIRVENGINE/desktop-client/api/user_service.go:265.16,268.3 2 0
KNIRVENGINE/desktop-client/api/user_service.go:271.2,272.32 2 0
KNIRVENGINE/desktop-client/api/user_service.go:272.32,274.3 1 0
KNIRVENGINE/desktop-client/api/user_service.go:276.2,285.4 1 0
KNIRVENGINE/desktop-client/api/user_service.go:289.83,292.9 2 0
KNIRVENGINE/desktop-client/api/user_service.go:292.9,295.3 2 0
KNIRVENGINE/desktop-client/api/user_service.go:298.2,299.16 2 0
KNIRVENGINE/desktop-client/api/user_service.go:299.16,302.3 2 0
KNIRVENGINE/desktop-client/api/user_service.go:305.2,310.61 2 0
KNIRVENGINE/desktop-client/api/user_service.go:310.61,313.3 2 0
KNIRVENGINE/desktop-client/api/user_service.go:316.2,316.24 1 0
KNIRVENGINE/desktop-client/api/user_service.go:316.24,318.3 1 0
KNIRVENGINE/desktop-client/api/user_service.go:320.2,320.21 1 0
KNIRVENGINE/desktop-client/api/user_service.go:320.21,322.3 1 0
KNIRVENGINE/desktop-client/api/user_service.go:325.2,325.60 1 0
KNIRVENGINE/desktop-client/api/user_service.go:325.60,326.64 1 0
KNIRVENGINE/desktop-client/api/user_service.go:326.64,329.4 2 0
KNIRVENGINE/desktop-client/api/user_service.go:330.3,330.61 1 0
KNIRVENGINE/desktop-client/api/user_service.go:330.61,333.4 2 0
KNIRVENGINE/desktop-client/api/user_service.go:334.3,335.9 2 0
KNIRVENGINE/desktop-client/api/user_service.go:338.2,346.4 1 0
KNIRVENGINE/desktop-client/api/user_service.go:350.84,353.9 2 0
KNIRVENGINE/desktop-client/api/user_service.go:353.9,356.3 2 0
KNIRVENGINE/desktop-client/api/user_service.go:359.2,364.61 2 0
KNIRVENGINE/desktop-client/api/user_service.go:364.61,367.3 2 0
KNIRVENGINE/desktop-client/api/user_service.go:370.2,370.56 1 0
KNIRVENGINE/desktop-client/api/user_service.go:370.56,373.3 2 0
KNIRVENGINE/desktop-client/api/user_service.go:376.2,377.16 2 0
KNIRVENGINE/desktop-client/api/user_service.go:377.16,380.3 2 0
KNIRVENGINE/desktop-client/api/user_service.go:383.2,384.16 2 0
KNIRVENGINE/desktop-client/api/user_service.go:384.16,387.3 2 0
KNIRVENGINE/desktop-client/api/user_service.go:389.2,389.12 1 0
KNIRVENGINE/desktop-client/api/user_service.go:389.12,392.3 2 0
KNIRVENGINE/desktop-client/api/user_service.go:395.2,395.75 1 0
KNIRVENGINE/desktop-client/api/user_service.go:395.75,398.3 2 0
KNIRVENGINE/desktop-client/api/user_service.go:400.2,402.4 1 0
KNIRVENGINE/desktop-client/api/utils.go:10.75,14.2 3 0
KNIRVENGINE/desktop-client/api/utils.go:17.74,19.2 1 0
KNIRVENGINE/desktop-client/api/utils.go:22.40,24.2 1 0
KNIRVENGINE/desktop-client/api/utils.go:29.92,30.41 1 1
KNIRVENGINE/desktop-client/api/utils.go:30.41,32.3 1 1
KNIRVENGINE/desktop-client/api/utils.go:33.2,33.21 1 0
KNIRVENGINE/desktop-client/api/utils.go:37.83,38.42 1 0
KNIRVENGINE/desktop-client/api/utils.go:38.42,40.3 1 0
KNIRVENGINE/desktop-client/api/utils.go:41.2,41.38 1 0
KNIRVENGINE/desktop-client/api/utils.go:41.38,43.3 1 0
KNIRVENGINE/desktop-client/api/utils.go:44.2,44.21 1 0
KNIRVENGINE/desktop-client/api/utils.go:48.86,49.39 1 0
KNIRVENGINE/desktop-client/api/utils.go:49.39,51.3 1 0
KNIRVENGINE/desktop-client/api/utils.go:52.2,52.21 1 0
KNIRVENGINE/desktop-client/api/utils.go:56.90,57.41 1 0
KNIRVENGINE/desktop-client/api/utils.go:57.41,59.3 1 0
KNIRVENGINE/desktop-client/api/utils.go:60.2,60.21 1 0
KNIRVENGINE/desktop-client/api/utils.go:64.82,65.38 1 0
KNIRVENGINE/desktop-client/api/utils.go:65.38,67.3 1 0
KNIRVENGINE/desktop-client/api/utils.go:68.2,68.21 1 0
KNIRVENGINE/desktop-client/api/utils.go:72.83,73.36 1 0
KNIRVENGINE/desktop-client/api/utils.go:73.36,75.3 1 0
KNIRVENGINE/desktop-client/api/utils.go:76.2,76.21 1 0
KNIRVENGINE/desktop-client/api/utils.go:80.80,81.39 1 0
KNIRVENGINE/desktop-client/api/utils.go:81.39,83.3 1 0
KNIRVENGINE/desktop-client/api/utils.go:84.2,84.35 1 0
KNIRVENGINE/desktop-client/api/utils.go:84.35,86.3 1 0
KNIRVENGINE/desktop-client/api/utils.go:87.2,87.21 1 0
KNIRVENGINE/desktop-client/api/validation_middleware.go:18.54,30.2 6 1
KNIRVENGINE/desktop-client/api/validation_middleware.go:33.69,35.2 1 1
KNIRVENGINE/desktop-client/api/validation_middleware.go:54.96,59.47 3 1
KNIRVENGINE/desktop-client/api/validation_middleware.go:59.47,61.3 1 1
KNIRVENGINE/desktop-client/api/validation_middleware.go:64.2,64.52 1 1
KNIRVENGINE/desktop-client/api/validation_middleware.go:64.52,66.3 1 1
KNIRVENGINE/desktop-client/api/validation_middleware.go:68.2,68.12 1 1
KNIRVENGINE/desktop-client/api/validation_middleware.go:72.94,73.46 1 1
KNIRVENGINE/desktop-client/api/validation_middleware.go:73.46,74.72 1 1
KNIRVENGINE/desktop-client/api/validation_middleware.go:74.72,76.64 1 1
KNIRVENGINE/desktop-client/api/validation_middleware.go:76.64,79.5 2 1
KNIRVENGINE/desktop-client/api/validation_middleware.go:82.4,82.70 1 1
KNIRVENGINE/desktop-client/api/validation_middleware.go:82.70,84.59 2 1
KNIRVENGINE/desktop-client/api/validation_middleware.go:84.59,87.6 2 1
KNIRVENGINE/desktop-client/api/validation_middleware.go:90.4,90.24 1 1
KNIRVENGINE/desktop-client/api/validation_middleware.go:96.72,105.37 2 1
KNIRVENGINE/desktop-client/api/validation_middleware.go:105.37,106.40 1 1
KNIRVENGINE/desktop-client/api/validation_middleware.go:106.40,108.4 1 0
KNIRVENGINE/desktop-client/api/validation_middleware.go:111.2,111.14 1 1
KNIRVENGINE/desktop-client/api/validation_middleware.go:115.126,127.2 4 1
KNIRVENGINE/desktop-client/api/validation_middleware.go:130.85,133.65 2 1
KNIRVENGINE/desktop-client/api/validation_middleware.go:133.65,134.46 1 1
KNIRVENGINE/desktop-client/api/validation_middleware.go:134.46,142.4 2 1
KNIRVENGINE/desktop-client/api/validation_middleware.go:145.2,145.25 1 1
KNIRVENGINE/desktop-client/api/validation_middleware.go:149.89,154.13 4 1
KNIRVENGINE/desktop-client/api/validation_middleware.go:155.18,156.46 1 1
KNIRVENGINE/desktop-client/api/validation_middleware.go:157.13,158.77 1 0
KNIRVENGINE/desktop-client/api/validation_middleware.go:159.13,160.76 1 0
KNIRVENGINE/desktop-client/api/validation_middleware.go:161.15,162.64 1 0
KNIRVENGINE/desktop-client/api/validation_middleware.go:163.13,164.54 1 0
KNIRVENGINE/desktop-client/api/validation_middleware.go:165.14,166.55 1 0
KNIRVENGINE/desktop-client/api/validation_middleware.go:167.20,168.92 1 1
KNIRVENGINE/desktop-client/api/validation_middleware.go:169.22,170.88 1 0
KNIRVENGINE/desktop-client/api/validation_middleware.go:171.16,172.89 1 0
KNIRVENGINE/desktop-client/api/validation_middleware.go:173.20,174.61 1 0
KNIRVENGINE/desktop-client/api/validation_middleware.go:175.15,176.60 1 0
KNIRVENGINE/desktop-client/api/validation_middleware.go:177.13,178.77 1 0
KNIRVENGINE/desktop-client/api/validation_middleware.go:179.13,180.74 1 0
KNIRVENGINE/desktop-client/api/validation_middleware.go:181.10,182.45 1 0
KNIRVENGINE/desktop-client/api/validation_middleware.go:189.54,193.39 3 1
KNIRVENGINE/desktop-client/api/validation_middleware.go:193.39,194.29 1 1
KNIRVENGINE/desktop-client/api/validation_middleware.go:194.29,196.4 1 1
KNIRVENGINE/desktop-client/api/validation_middleware.go:199.2,199.14 1 1
KNIRVENGINE/desktop-client/api/validation_middleware.go:203.56,207.43 3 1
KNIRVENGINE/desktop-client/api/validation_middleware.go:207.43,208.33 1 1
KNIRVENGINE/desktop-client/api/validation_middleware.go:208.33,210.4 1 1
KNIRVENGINE/desktop-client/api/validation_middleware.go:213.2,213.14 1 1
KNIRVENGINE/desktop-client/api/validation_middleware.go:217.51,221.44 3 1
KNIRVENGINE/desktop-client/api/validation_middleware.go:221.44,222.28 1 1
KNIRVENGINE/desktop-client/api/validation_middleware.go:222.28,224.4 1 1
KNIRVENGINE/desktop-client/api/validation_middleware.go:227.2,227.14 1 1
KNIRVENGINE/desktop-client/api/validation_middleware.go:231.55,235.51 2 1
KNIRVENGINE/desktop-client/api/validation_middleware.go:235.51,237.3 1 1
KNIRVENGINE/desktop-client/api/validation_middleware.go:240.2,240.34 1 1
KNIRVENGINE/desktop-client/api/validation_middleware.go:240.34,244.47 1 1
KNIRVENGINE/desktop-client/api/validation_middleware.go:244.47,246.4 1 0
KNIRVENGINE/desktop-client/api/validation_middleware.go:249.2,249.13 1 1
KNIRVENGINE/desktop-client/api/validation_middleware.go:253.117,254.58 1 1
KNIRVENGINE/desktop-client/api/validation_middleware.go:254.58,255.66 1 1
KNIRVENGINE/desktop-client/api/validation_middleware.go:255.66,258.4 2 1
KNIRVENGINE/desktop-client/api/validation_middleware.go:258.9,260.4 1 0
KNIRVENGINE/desktop-client/api/validation_middleware.go:261.3,261.15 1 1
KNIRVENGINE/desktop-client/api/validation_middleware.go:264.2,264.13 1 1
KNIRVENGINE/desktop-client/api/validation_middleware.go:268.68,270.2 1 0
KNIRVENGINE/desktop-client/api/validation_middleware.go:273.95,275.2 1 0
KNIRVENGINE/desktop-client/api/validation_middleware.go:278.84,280.2 1 1
KNIRVENGINE/desktop-client/api/wallet_handlers.go:108.66,115.2 2 1
KNIRVENGINE/desktop-client/api/wallet_handlers.go:118.55,119.42 1 1
KNIRVENGINE/desktop-client/api/wallet_handlers.go:119.42,121.3 1 0
KNIRVENGINE/desktop-client/api/wallet_handlers.go:122.2,122.21 1 1
KNIRVENGINE/desktop-client/api/wallet_handlers.go:126.42,205.2 1 1
KNIRVENGINE/desktop-client/api/wallet_handlers.go:208.78,214.2 2 0
KNIRVENGINE/desktop-client/api/wallet_handlers.go:217.77,221.40 3 0
KNIRVENGINE/desktop-client/api/wallet_handlers.go:221.40,222.28 1 0
KNIRVENGINE/desktop-client/api/wallet_handlers.go:222.28,229.4 3 0
KNIRVENGINE/desktop-client/api/wallet_handlers.go:232.2,232.56 1 0
KNIRVENGINE/desktop-client/api/wallet_handlers.go:236.78,240.29 2 0
KNIRVENGINE/desktop-client/api/wallet_handlers.go:240.29,247.47 5 0
KNIRVENGINE/desktop-client/api/wallet_handlers.go:247.47,262.4 3 0
KNIRVENGINE/desktop-client/api/wallet_handlers.go:264.3,264.64 1 0
KNIRVENGINE/desktop-client/api/wallet_handlers.go:268.2,271.4 1 0
KNIRVENGINE/desktop-client/api/wallet_handlers.go:275.35,276.55 1 0
KNIRVENGINE/desktop-client/api/wallet_handlers.go:276.55,278.3 1 0
KNIRVENGINE/desktop-client/api/wallet_handlers.go:279.2,279.12 1 0
KNIRVENGINE/desktop-client/api/wallet_handlers.go:283.81,297.2 3 0
KNIRVENGINE/desktop-client/api/wallet_handlers.go:300.77,306.2 2 0
KNIRVENGINE/desktop-client/api/wallet_handlers.go:309.83,317.20 5 0
KNIRVENGINE/desktop-client/api/wallet_handlers.go:317.20,318.51 1 0
KNIRVENGINE/desktop-client/api/wallet_handlers.go:318.51,320.4 1 0
KNIRVENGINE/desktop-client/api/wallet_handlers.go:323.2,323.21 1 0
KNIRVENGINE/desktop-client/api/wallet_handlers.go:323.21,324.52 1 0
KNIRVENGINE/desktop-client/api/wallet_handlers.go:324.52,326.4 1 0
KNIRVENGINE/desktop-client/api/wallet_handlers.go:330.2,331.33 2 0
KNIRVENGINE/desktop-client/api/wallet_handlers.go:331.33,333.3 1 0
KNIRVENGINE/desktop-client/api/wallet_handlers.go:333.8,335.30 2 0
KNIRVENGINE/desktop-client/api/wallet_handlers.go:335.30,337.4 1 0
KNIRVENGINE/desktop-client/api/wallet_handlers.go:338.3,338.42 1 0
KNIRVENGINE/desktop-client/api/wallet_handlers.go:341.2,348.4 2 0
KNIRVENGINE/desktop-client/api/wallet_handlers.go:352.83,354.61 2 0
KNIRVENGINE/desktop-client/api/wallet_handlers.go:354.61,357.3 2 0
KNIRVENGINE/desktop-client/api/wallet_handlers.go:360.2,378.12 3 0
KNIRVENGINE/desktop-client/api/wallet_handlers.go:378.12,381.42 2 0
KNIRVENGINE/desktop-client/api/wallet_handlers.go:381.42,382.25 1 0
KNIRVENGINE/desktop-client/api/wallet_handlers.go:382.25,384.10 2 0
KNIRVENGINE/desktop-client/api/wallet_handlers.go:389.2,393.4 2 0
KNIRVENGINE/desktop-client/api/wallet_handlers.go:397.80,402.61 2 0
KNIRVENGINE/desktop-client/api/wallet_handlers.go:402.61,405.3 2 0
KNIRVENGINE/desktop-client/api/wallet_handlers.go:407.2,424.4 4 0
KNIRVENGINE/desktop-client/api/wallet_handlers.go:428.87,434.2 2 0
KNIRVENGINE/desktop-client/api/wallet_handlers.go:437.82,442.61 2 0
KNIRVENGINE/desktop-client/api/wallet_handlers.go:442.61,445.3 2 0
KNIRVENGINE/desktop-client/api/wallet_handlers.go:447.2,447.24 1 0
KNIRVENGINE/desktop-client/api/wallet_handlers.go:447.24,450.3 2 0
KNIRVENGINE/desktop-client/api/wallet_handlers.go:454.2,465.4 3 0
KNIRVENGINE/desktop-client/api/wallet_handlers.go:469.50,491.2 12 1
KNIRVENGINE/desktop-client/api/web_connections.go:36.56,40.2 1 0
KNIRVENGINE/desktop-client/api/web_connections.go:43.82,48.13 4 0
KNIRVENGINE/desktop-client/api/web_connections.go:48.13,50.3 1 0
KNIRVENGINE/desktop-client/api/web_connections.go:52.2,52.24 1 0
KNIRVENGINE/desktop-client/api/web_connections.go:56.89,61.43 4 0
KNIRVENGINE/desktop-client/api/web_connections.go:61.43,62.35 1 0
KNIRVENGINE/desktop-client/api/web_connections.go:62.35,64.4 1 0
KNIRVENGINE/desktop-client/api/web_connections.go:67.2,67.25 1 0
KNIRVENGINE/desktop-client/api/web_connections.go:71.83,84.2 7 0
KNIRVENGINE/desktop-client/api/web_connections.go:87.83,93.13 4 0
KNIRVENGINE/desktop-client/api/web_connections.go:93.13,95.3 1 0
KNIRVENGINE/desktop-client/api/web_connections.go:98.2,103.12 3 0
KNIRVENGINE/desktop-client/api/web_connections.go:107.67,113.13 4 0
KNIRVENGINE/desktop-client/api/web_connections.go:113.13,115.3 1 0
KNIRVENGINE/desktop-client/api/web_connections.go:118.2,120.12 2 0
KNIRVENGINE/desktop-client/api/web_connections.go:124.73,129.13 4 0
KNIRVENGINE/desktop-client/api/web_connections.go:129.13,131.3 1 0
KNIRVENGINE/desktop-client/api/web_connections.go:135.2,143.18 6 0
KNIRVENGINE/desktop-client/api/web_connections.go:147.70,157.2 8 0
KNIRVENGINE/desktop-client/api/web_connections.go:160.95,165.16 3 0
KNIRVENGINE/desktop-client/api/web_connections.go:165.16,168.3 2 0
KNIRVENGINE/desktop-client/api/web_connections.go:170.2,173.4 2 0
KNIRVENGINE/desktop-client/api/web_connections.go:177.93,182.16 4 0
KNIRVENGINE/desktop-client/api/web_connections.go:182.16,185.3 2 0
KNIRVENGINE/desktop-client/api/web_connections.go:188.2,191.34 2 0
KNIRVENGINE/desktop-client/api/web_connections.go:191.34,194.3 2 0
KNIRVENGINE/desktop-client/api/web_connections.go:196.2,199.4 2 0
KNIRVENGINE/desktop-client/api/web_connections.go:203.96,205.68 2 0
KNIRVENGINE/desktop-client/api/web_connections.go:205.68,208.3 2 0
KNIRVENGINE/desktop-client/api/web_connections.go:211.2,217.56 3 0
KNIRVENGINE/desktop-client/api/web_connections.go:217.56,220.3 2 0
KNIRVENGINE/desktop-client/api/web_connections.go:222.2,226.4 3 0
KNIRVENGINE/desktop-client/api/web_connections.go:230.96,236.16 4 0
KNIRVENGINE/desktop-client/api/web_connections.go:236.16,239.3 2 0
KNIRVENGINE/desktop-client/api/web_connections.go:242.2,245.42 2 0
KNIRVENGINE/desktop-client/api/web_connections.go:245.42,248.3 2 0
KNIRVENGINE/desktop-client/api/web_connections.go:251.2,252.68 2 0
KNIRVENGINE/desktop-client/api/web_connections.go:252.68,255.3 2 0
KNIRVENGINE/desktop-client/api/web_connections.go:258.2,265.56 4 0
KNIRVENGINE/desktop-client/api/web_connections.go:265.56,268.3 2 0
KNIRVENGINE/desktop-client/api/web_connections.go:270.2,273.4 2 0
KNIRVENGINE/desktop-client/api/web_connections.go:277.96,283.16 4 0
KNIRVENGINE/desktop-client/api/web_connections.go:283.16,286.3 2 0
KNIRVENGINE/desktop-client/api/web_connections.go:289.2,292.42 2 0
KNIRVENGINE/desktop-client/api/web_connections.go:292.42,295.3 2 0
KNIRVENGINE/desktop-client/api/web_connections.go:298.2,298.47 1 0
KNIRVENGINE/desktop-client/api/web_connections.go:298.47,301.3 2 0
KNIRVENGINE/desktop-client/api/web_connections.go:303.2,306.4 2 0
KNIRVENGINE/desktop-client/api/web_connections.go:310.94,316.16 4 0
KNIRVENGINE/desktop-client/api/web_connections.go:316.16,319.3 2 0
KNIRVENGINE/desktop-client/api/web_connections.go:322.2,325.42 2 0
KNIRVENGINE/desktop-client/api/web_connections.go:325.42,328.3 2 0
KNIRVENGINE/desktop-client/api/web_connections.go:331.2,332.16 2 0
KNIRVENGINE/desktop-client/api/web_connections.go:332.16,335.3 2 0
KNIRVENGINE/desktop-client/api/web_connections.go:337.2,341.4 2 0
KNIRVENGINE/desktop-client/api/web_connections.go:345.93,351.17 4 0
KNIRVENGINE/desktop-client/api/web_connections.go:351.17,355.3 2 0
KNIRVENGINE/desktop-client/api/web_connections.go:357.2,357.16 1 0
KNIRVENGINE/desktop-client/api/web_connections.go:357.16,360.3 2 0
KNIRVENGINE/desktop-client/api/web_connections.go:369.2,431.5 3 0
KNIRVENGINE/desktop-client/api/web_connections.go:436.92,442.27 4 0
KNIRVENGINE/desktop-client/api/web_connections.go:442.27,445.3 2 0
KNIRVENGINE/desktop-client/api/web_connections.go:448.2,453.61 2 0
KNIRVENGINE/desktop-client/api/web_connections.go:453.61,456.3 2 0
KNIRVENGINE/desktop-client/api/web_connections.go:459.2,459.24 1 0
KNIRVENGINE/desktop-client/api/web_connections.go:459.24,461.3 1 0
KNIRVENGINE/desktop-client/api/web_connections.go:462.2,462.28 1 0
KNIRVENGINE/desktop-client/api/web_connections.go:462.28,464.3 1 0
KNIRVENGINE/desktop-client/api/web_connections.go:472.2,481.57 3 0
KNIRVENGINE/desktop-client/api/web_connections.go:481.57,485.3 3 0
KNIRVENGINE/desktop-client/api/web_connections.go:487.2,487.99 1 0
KNIRVENGINE/desktop-client/api/workflow_orchestration.go:60.97,62.2 1 0
KNIRVENGINE/desktop-client/api/workflow_orchestration.go:65.70,69.2 1 1
KNIRVENGINE/desktop-client/api/workflow_orchestration.go:72.135,98.2 7 0
KNIRVENGINE/desktop-client/api/workflow_orchestration.go:101.101,109.9 5 0
KNIRVENGINE/desktop-client/api/workflow_orchestration.go:109.9,112.3 2 0
KNIRVENGINE/desktop-client/api/workflow_orchestration.go:115.2,119.9 3 0
KNIRVENGINE/desktop-client/api/workflow_orchestration.go:120.37,123.65 1 0
KNIRVENGINE/desktop-client/api/workflow_orchestration.go:124.20,126.9 2 0
KNIRVENGINE/desktop-client/api/workflow_orchestration.go:130.2,130.43 1 0
KNIRVENGINE/desktop-client/api/workflow_orchestration.go:134.107,145.2 7 0
KNIRVENGINE/desktop-client/api/workflow_orchestration.go:148.103,161.2 7 0
KNIRVENGINE/desktop-client/api/workflow_orchestration.go:164.88,169.13 4 0
KNIRVENGINE/desktop-client/api/workflow_orchestration.go:169.13,171.3 1 0
KNIRVENGINE/desktop-client/api/workflow_orchestration.go:173.2,173.22 1 0
KNIRVENGINE/desktop-client/api/workflow_orchestration.go:177.95,182.39 4 0
KNIRVENGINE/desktop-client/api/workflow_orchestration.go:182.39,183.33 1 0
KNIRVENGINE/desktop-client/api/workflow_orchestration.go:183.33,185.4 1 0
KNIRVENGINE/desktop-client/api/workflow_orchestration.go:188.2,188.21 1 0
KNIRVENGINE/desktop-client/api/workflow_orchestration.go:192.86,197.13 4 0
KNIRVENGINE/desktop-client/api/workflow_orchestration.go:197.13,199.3 1 0
KNIRVENGINE/desktop-client/api/workflow_orchestration.go:201.2,201.32 1 0
KNIRVENGINE/desktop-client/api/workflow_orchestration.go:201.32,203.3 1 0
KNIRVENGINE/desktop-client/api/workflow_orchestration.go:205.2,205.90 1 0
KNIRVENGINE/desktop-client/api/workflow_orchestration.go:205.90,207.3 1 0
KNIRVENGINE/desktop-client/api/workflow_orchestration.go:209.2,214.12 5 0
KNIRVENGINE/desktop-client/api/workflow_orchestration.go:218.66,226.2 5 0
KNIRVENGINE/desktop-client/api/workflow_orchestration.go:229.77,234.2 4 1
KNIRVENGINE/desktop-client/api/workflow_orchestration.go:237.100,242.61 3 0
KNIRVENGINE/desktop-client/api/workflow_orchestration.go:242.61,245.3 2 0
KNIRVENGINE/desktop-client/api/workflow_orchestration.go:247.2,248.16 2 0
KNIRVENGINE/desktop-client/api/workflow_orchestration.go:248.16,251.3 2 0
KNIRVENGINE/desktop-client/api/workflow_orchestration.go:253.2,257.4 3 0
KNIRVENGINE/desktop-client/api/workflow_orchestration.go:261.98,269.16 5 0
KNIRVENGINE/desktop-client/api/workflow_orchestration.go:269.16,272.3 2 0
KNIRVENGINE/desktop-client/api/workflow_orchestration.go:275.2,275.32 1 0
KNIRVENGINE/desktop-client/api/workflow_orchestration.go:275.32,278.3 2 0
KNIRVENGINE/desktop-client/api/workflow_orchestration.go:280.2,283.4 2 0
KNIRVENGINE/desktop-client/api/workflow_orchestration.go:287.100,292.16 3 0
KNIRVENGINE/desktop-client/api/workflow_orchestration.go:292.16,295.3 2 0
KNIRVENGINE/desktop-client/api/workflow_orchestration.go:297.2,300.4 2 0
KNIRVENGINE/desktop-client/api/workflow_orchestration.go:304.101,311.53 4 0
KNIRVENGINE/desktop-client/api/workflow_orchestration.go:311.53,314.3 2 0
KNIRVENGINE/desktop-client/api/workflow_orchestration.go:316.2,319.4 2 0
KNIRVENGINE/desktop-client/services/knirvoracleService.go:111.74,113.18 2 1
KNIRVENGINE/desktop-client/services/knirvoracleService.go:113.18,115.3 1 0
KNIRVENGINE/desktop-client/services/knirvoracleService.go:117.2,123.3 1 1
KNIRVENGINE/desktop-client/services/knirvoracleService.go:127.130,129.17 2 0
KNIRVENGINE/desktop-client/services/knirvoracleService.go:129.17,131.17 2 0
KNIRVENGINE/desktop-client/services/knirvoracleService.go:131.17,133.4 1 0
KNIRVENGINE/desktop-client/services/knirvoracleService.go:134.3,134.38 1 0
KNIRVENGINE/desktop-client/services/knirvoracleService.go:137.2,139.16 3 0
KNIRVENGINE/desktop-client/services/knirvoracleService.go:139.16,141.3 1 0
KNIRVENGINE/desktop-client/services/knirvoracleService.go:143.2,145.20 3 0
KNIRVENGINE/desktop-client/services/knirvoracleService.go:145.20,147.3 1 0
KNIRVENGINE/desktop-client/services/knirvoracleService.go:149.2,150.16 2 0
KNIRVENGINE/desktop-client/services/knirvoracleService.go:150.16,152.3 1 0
KNIRVENGINE/desktop-client/services/knirvoracleService.go:154.2,154.18 1 0
KNIRVENGINE/desktop-client/services/knirvoracleService.go:158.111,160.16 2 0
KNIRVENGINE/desktop-client/services/knirvoracleService.go:160.16,162.3 1 0
KNIRVENGINE/desktop-client/services/knirvoracleService.go:163.2,166.67 3 0
KNIRVENGINE/desktop-client/services/knirvoracleService.go:166.67,168.3 1 0
KNIRVENGINE/desktop-client/services/knirvoracleService.go:170.2,170.38 1 0
KNIRVENGINE/desktop-client/services/knirvoracleService.go:170.38,172.3 1 0
KNIRVENGINE/desktop-client/services/knirvoracleService.go:174.2,174.21 1 0
KNIRVENGINE/desktop-client/services/knirvoracleService.go:178.146,180.16 2 0
KNIRVENGINE/desktop-client/services/knirvoracleService.go:180.16,182.3 1 0
KNIRVENGINE/desktop-client/services/knirvoracleService.go:183.2,186.67 3 0
KNIRVENGINE/desktop-client/services/knirvoracleService.go:186.67,188.3 1 0
KNIRVENGINE/desktop-client/services/knirvoracleService.go:190.2,190.38 1 0
KNIRVENGINE/desktop-client/services/knirvoracleService.go:190.38,192.3 1 0
KNIRVENGINE/desktop-client/services/knirvoracleService.go:194.2,194.21 1 0
KNIRVENGINE/desktop-client/services/knirvoracleService.go:198.109,200.16 2 0
KNIRVENGINE/desktop-client/services/knirvoracleService.go:200.16,202.3 1 0
KNIRVENGINE/desktop-client/services/knirvoracleService.go:203.2,206.67 3 0
KNIRVENGINE/desktop-client/services/knirvoracleService.go:206.67,208.3 1 0
KNIRVENGINE/desktop-client/services/knirvoracleService.go:210.2,210.38 1 0
KNIRVENGINE/desktop-client/services/knirvoracleService.go:210.38,212.3 1 0
KNIRVENGINE/desktop-client/services/knirvoracleService.go:214.2,214.21 1 0
KNIRVENGINE/desktop-client/services/knirvoracleService.go:218.116,221.16 3 0
KNIRVENGINE/desktop-client/services/knirvoracleService.go:221.16,223.3 1 0
KNIRVENGINE/desktop-client/services/knirvoracleService.go:224.2,227.67 3 0
KNIRVENGINE/desktop-client/services/knirvoracleService.go:227.67,229.3 1 0
KNIRVENGINE/desktop-client/services/knirvoracleService.go:231.2,231.38 1 0
KNIRVENGINE/desktop-client/services/knirvoracleService.go:231.38,233.3 1 0
KNIRVENGINE/desktop-client/services/knirvoracleService.go:235.2,235.21 1 0
KNIRVENGINE/desktop-client/services/knirvoracleService.go:239.121,241.16 2 0
KNIRVENGINE/desktop-client/services/knirvoracleService.go:241.16,243.3 1 0
KNIRVENGINE/desktop-client/services/knirvoracleService.go:244.2,247.67 3 0
KNIRVENGINE/desktop-client/services/knirvoracleService.go:247.67,249.3 1 0
KNIRVENGINE/desktop-client/services/knirvoracleService.go:251.2,251.38 1 0
KNIRVENGINE/desktop-client/services/knirvoracleService.go:251.38,253.3 1 0
KNIRVENGINE/desktop-client/services/knirvoracleService.go:255.2,255.21 1 0
KNIRVENGINE/desktop-client/services/knirvoracleService.go:259.122,262.16 3 0
KNIRVENGINE/desktop-client/services/knirvoracleService.go:262.16,264.3 1 0
KNIRVENGINE/desktop-client/services/knirvoracleService.go:265.2,273.67 3 0
KNIRVENGINE/desktop-client/services/knirvoracleService.go:273.67,275.3 1 0
KNIRVENGINE/desktop-client/services/knirvoracleService.go:277.2,277.38 1 0
KNIRVENGINE/desktop-client/services/knirvoracleService.go:277.38,279.3 1 0
KNIRVENGINE/desktop-client/services/knirvoracleService.go:281.2,281.33 1 0
KNIRVENGINE/desktop-client/services/knirvoracleService.go:285.155,294.16 3 0
KNIRVENGINE/desktop-client/services/knirvoracleService.go:294.16,296.3 1 0
KNIRVENGINE/desktop-client/services/knirvoracleService.go:297.2,300.67 3 0
KNIRVENGINE/desktop-client/services/knirvoracleService.go:300.67,302.3 1 0
KNIRVENGINE/desktop-client/services/knirvoracleService.go:304.2,304.38 1 0
KNIRVENGINE/desktop-client/services/knirvoracleService.go:304.38,306.3 1 0
KNIRVENGINE/desktop-client/services/knirvoracleService.go:308.2,308.20 1 0
KNIRVENGINE/desktop-client/services/knirvoracleService.go:312.101,314.16 2 0
KNIRVENGINE/desktop-client/services/knirvoracleService.go:314.16,316.3 1 0
KNIRVENGINE/desktop-client/services/knirvoracleService.go:317.2,320.67 3 0
KNIRVENGINE/desktop-client/services/knirvoracleService.go:320.67,322.3 1 0
KNIRVENGINE/desktop-client/services/knirvoracleService.go:324.2,324.20 1 0
KNIRVENGINE/desktop-client/services/knirvoracleService.go:328.69,330.16 2 0
KNIRVENGINE/desktop-client/services/knirvoracleService.go:330.16,332.3 1 0
KNIRVENGINE/desktop-client/services/knirvoracleService.go:333.2,335.38 2 0
KNIRVENGINE/desktop-client/services/knirvoracleService.go:335.38,337.3 1 0
KNIRVENGINE/desktop-client/services/knirvoracleService.go:339.2,339.12 1 0
KNIRVENGINE/desktop-client/desktop/components.go:27.52,31.2 1 0
KNIRVENGINE/desktop-client/desktop/components.go:34.76,40.2 4 0
KNIRVENGINE/desktop-client/desktop/components.go:43.82,49.2 4 0
KNIRVENGINE/desktop-client/desktop/components.go:69.50,73.2 1 0
KNIRVENGINE/desktop-client/desktop/components.go:76.70,85.2 6 0
KNIRVENGINE/desktop-client/desktop/components.go:88.74,94.2 4 0
KNIRVENGINE/desktop-client/desktop/config_manager.go:78.49,80.16 2 0
KNIRVENGINE/desktop-client/desktop/config_manager.go:80.16,82.3 1 0
KNIRVENGINE/desktop-client/desktop/config_manager.go:85.2,85.51 1 0
KNIRVENGINE/desktop-client/desktop/config_manager.go:85.51,87.3 1 0
KNIRVENGINE/desktop-client/desktop/config_manager.go:89.2,96.45 3 0
KNIRVENGINE/desktop-client/desktop/config_manager.go:96.45,98.3 1 0
KNIRVENGINE/desktop-client/desktop/config_manager.go:100.2,100.21 1 0
KNIRVENGINE/desktop-client/desktop/config_manager.go:104.45,109.58 3 0
KNIRVENGINE/desktop-client/desktop/config_manager.go:109.58,113.3 2 0
KNIRVENGINE/desktop-client/desktop/config_manager.go:116.2,117.16 2 0
KNIRVENGINE/desktop-client/desktop/config_manager.go:117.16,119.3 1 0
KNIRVENGINE/desktop-client/desktop/config_manager.go:122.2,123.54 2 0
KNIRVENGINE/desktop-client/desktop/config_manager.go:123.54,125.3 1 0
KNIRVENGINE/desktop-client/desktop/config_manager.go:127.2,128.12 2 0
KNIRVENGINE/desktop-client/desktop/config_manager.go:132.51,138.16 3 0
KNIRVENGINE/desktop-client/desktop/config_manager.go:138.16,140.3 1 0
KNIRVENGINE/desktop-client/desktop/config_manager.go:143.2,143.64 1 0
KNIRVENGINE/desktop-client/desktop/config_manager.go:143.64,145.3 1 0
KNIRVENGINE/desktop-client/desktop/config_manager.go:147.2,147.12 1 0
KNIRVENGINE/desktop-client/desktop/config_manager.go:151.45,155.2 3 0
KNIRVENGINE/desktop-client/desktop/config_manager.go:158.53,165.2 4 0
KNIRVENGINE/desktop-client/desktop/config_manager.go:168.77,173.34 3 0
KNIRVENGINE/desktop-client/desktop/config_manager.go:173.34,174.14 1 0
KNIRVENGINE/desktop-client/desktop/config_manager.go:175.21,176.33 1 0
KNIRVENGINE/desktop-client/desktop/config_manager.go:176.33,178.5 1 0
KNIRVENGINE/desktop-client/desktop/config_manager.go:179.27,180.33 1 0
KNIRVENGINE/desktop-client/desktop/config_manager.go:180.33,182.5 1 0
KNIRVENGINE/desktop-client/desktop/config_manager.go:183.23,184.36 1 0
KNIRVENGINE/desktop-client/desktop/config_manager.go:184.36,186.5 1 0
KNIRVENGINE/desktop-client/desktop/config_manager.go:187.24,188.36 1 0
KNIRVENGINE/desktop-client/desktop/config_manager.go:188.36,190.5 1 0
KNIRVENGINE/desktop-client/desktop/config_manager.go:191.27,192.33 1 0
KNIRVENGINE/desktop-client/desktop/config_manager.go:192.33,194.5 1 0
KNIRVENGINE/desktop-client/desktop/config_manager.go:195.21,196.33 1 0
KNIRVENGINE/desktop-client/desktop/config_manager.go:196.33,198.5 1 0
KNIRVENGINE/desktop-client/desktop/config_manager.go:199.40,200.33 1 0
KNIRVENGINE/desktop-client/desktop/config_manager.go:200.33,202.5 1 0
KNIRVENGINE/desktop-client/desktop/config_manager.go:203.27,204.33 1 0
KNIRVENGINE/desktop-client/desktop/config_manager.go:204.33,206.5 1 0
KNIRVENGINE/desktop-client/desktop/config_manager.go:207.20,208.35 1 0
KNIRVENGINE/desktop-client/desktop/config_manager.go:208.35,210.5 1 0
KNIRVENGINE/desktop-client/desktop/config_manager.go:211.28,212.33 1 0
KNIRVENGINE/desktop-client/desktop/config_manager.go:212.33,214.5 1 0
KNIRVENGINE/desktop-client/desktop/config_manager.go:219.2,219.30 1 0
KNIRVENGINE/desktop-client/desktop/config_manager.go:223.60,267.2 1 0
KNIRVENGINE/desktop-client/desktop/config_manager.go:270.44,274.2 3 0
KNIRVENGINE/desktop-client/desktop/config_manager.go:277.55,283.2 4 0
KNIRVENGINE/desktop-client/desktop/config_manager.go:286.88,292.2 3 0
KNIRVENGINE/desktop-client/desktop/config_manager.go:295.94,306.2 8 0
KNIRVENGINE/desktop-client/desktop/config_manager.go:309.121,315.2 3 0
KNIRVENGINE/desktop-client/desktop/config_manager.go:318.129,324.2 3 0
KNIRVENGINE/desktop-client/desktop/config_manager.go:327.118,336.2 5 0
KNIRVENGINE/desktop-client/desktop/data_migration.go:35.76,37.16 2 0
KNIRVENGINE/desktop-client/desktop/data_migration.go:37.16,39.3 1 0
KNIRVENGINE/desktop-client/desktop/data_migration.go:41.2,44.8 1 0
KNIRVENGINE/desktop-client/desktop/data_migration.go:48.74,52.56 2 0
KNIRVENGINE/desktop-client/desktop/data_migration.go:52.56,55.3 1 0
KNIRVENGINE/desktop-client/desktop/data_migration.go:58.2,59.16 2 0
KNIRVENGINE/desktop-client/desktop/data_migration.go:59.16,61.3 1 0
KNIRVENGINE/desktop-client/desktop/data_migration.go:63.2,67.59 2 0
KNIRVENGINE/desktop-client/desktop/data_migration.go:67.59,69.3 1 0
KNIRVENGINE/desktop-client/desktop/data_migration.go:72.2,72.46 1 0
KNIRVENGINE/desktop-client/desktop/data_migration.go:72.46,74.3 1 0
KNIRVENGINE/desktop-client/desktop/data_migration.go:76.2,76.23 1 0
KNIRVENGINE/desktop-client/desktop/data_migration.go:80.69,89.35 2 0
KNIRVENGINE/desktop-client/desktop/data_migration.go:89.35,90.42 1 0
KNIRVENGINE/desktop-client/desktop/data_migration.go:90.42,93.4 1 0
KNIRVENGINE/desktop-client/desktop/data_migration.go:96.2,96.23 1 0
KNIRVENGINE/desktop-client/desktop/data_migration.go:100.72,109.16 3 0
KNIRVENGINE/desktop-client/desktop/data_migration.go:109.16,114.3 4 0
KNIRVENGINE/desktop-client/desktop/data_migration.go:116.2,119.9 2 0
KNIRVENGINE/desktop-client/desktop/data_migration.go:120.31,121.31 1 0
KNIRVENGINE/desktop-client/desktop/data_migration.go:122.44,123.38 1 0
KNIRVENGINE/desktop-client/desktop/data_migration.go:124.45,125.40 1 0
KNIRVENGINE/desktop-client/desktop/data_migration.go:126.10,127.73 1 0
KNIRVENGINE/desktop-client/desktop/data_migration.go:130.2,130.16 1 0
KNIRVENGINE/desktop-client/desktop/data_migration.go:130.16,135.3 4 0
KNIRVENGINE/desktop-client/desktop/data_migration.go:138.2,138.47 1 0
KNIRVENGINE/desktop-client/desktop/data_migration.go:138.47,143.3 4 0
KNIRVENGINE/desktop-client/desktop/data_migration.go:145.2,148.12 3 0
KNIRVENGINE/desktop-client/desktop/data_migration.go:152.78,154.16 2 0
KNIRVENGINE/desktop-client/desktop/data_migration.go:154.16,156.3 1 0
KNIRVENGINE/desktop-client/desktop/data_migration.go:158.2,158.51 1 0
KNIRVENGINE/desktop-client/desktop/data_migration.go:158.51,160.3 1 0
KNIRVENGINE/desktop-client/desktop/data_migration.go:163.2,166.54 3 0
KNIRVENGINE/desktop-client/desktop/data_migration.go:166.54,168.3 1 0
KNIRVENGINE/desktop-client/desktop/data_migration.go:171.2,173.35 2 0
KNIRVENGINE/desktop-client/desktop/data_migration.go:173.35,177.45 3 0
KNIRVENGINE/desktop-client/desktop/data_migration.go:177.45,178.55 1 0
KNIRVENGINE/desktop-client/desktop/data_migration.go:178.55,180.5 1 0
KNIRVENGINE/desktop-client/desktop/data_migration.go:184.2,184.24 1 0
KNIRVENGINE/desktop-client/desktop/data_migration.go:188.60,189.81 1 0
KNIRVENGINE/desktop-client/desktop/data_migration.go:189.81,190.17 1 0
KNIRVENGINE/desktop-client/desktop/data_migration.go:190.17,192.4 1 0
KNIRVENGINE/desktop-client/desktop/data_migration.go:195.3,196.17 2 0
KNIRVENGINE/desktop-client/desktop/data_migration.go:196.17,198.4 1 0
KNIRVENGINE/desktop-client/desktop/data_migration.go:199.3,201.19 2 0
KNIRVENGINE/desktop-client/desktop/data_migration.go:201.19,203.4 1 0
KNIRVENGINE/desktop-client/desktop/data_migration.go:205.3,205.36 1 0
KNIRVENGINE/desktop-client/desktop/data_migration.go:210.61,212.16 2 0
KNIRVENGINE/desktop-client/desktop/data_migration.go:212.16,214.3 1 0
KNIRVENGINE/desktop-client/desktop/data_migration.go:215.2,218.61 2 0
KNIRVENGINE/desktop-client/desktop/data_migration.go:218.61,220.3 1 0
KNIRVENGINE/desktop-client/desktop/data_migration.go:222.2,223.16 2 0
KNIRVENGINE/desktop-client/desktop/data_migration.go:223.16,225.3 1 0
KNIRVENGINE/desktop-client/desktop/data_migration.go:226.2,229.12 3 0
KNIRVENGINE/desktop-client/desktop/data_migration.go:233.55,235.50 1 0
KNIRVENGINE/desktop-client/desktop/data_migration.go:235.50,237.3 1 0
KNIRVENGINE/desktop-client/desktop/data_migration.go:240.2,242.16 3 0
KNIRVENGINE/desktop-client/desktop/data_migration.go:242.16,244.3 1 0
KNIRVENGINE/desktop-client/desktop/data_migration.go:246.2,246.47 1 0
KNIRVENGINE/desktop-client/desktop/data_migration.go:246.47,248.31 1 0
KNIRVENGINE/desktop-client/desktop/data_migration.go:248.31,250.35 2 0
KNIRVENGINE/desktop-client/desktop/data_migration.go:250.35,254.47 3 0
KNIRVENGINE/desktop-client/desktop/data_migration.go:254.47,255.56 1 0
KNIRVENGINE/desktop-client/desktop/data_migration.go:255.56,256.59 1 0
KNIRVENGINE/desktop-client/desktop/data_migration.go:256.59,258.8 1 0
KNIRVENGINE/desktop-client/desktop/data_migration.go:266.2,268.16 3 0
KNIRVENGINE/desktop-client/desktop/data_migration.go:268.16,270.3 1 0
KNIRVENGINE/desktop-client/desktop/data_migration.go:272.2,272.81 1 0
KNIRVENGINE/desktop-client/desktop/data_migration.go:272.81,273.64 1 0
KNIRVENGINE/desktop-client/desktop/data_migration.go:273.64,275.4 1 0
KNIRVENGINE/desktop-client/desktop/data_migration.go:278.2,278.12 1 0
KNIRVENGINE/desktop-client/desktop/data_migration.go:282.59,285.2 1 0
KNIRVENGINE/desktop-client/desktop/data_migration.go:288.61,292.2 1 0
KNIRVENGINE/desktop-client/desktop/data_migration.go:295.55,307.16 4 0
KNIRVENGINE/desktop-client/desktop/data_migration.go:307.16,309.3 1 0
KNIRVENGINE/desktop-client/desktop/data_migration.go:311.2,311.46 1 0
KNIRVENGINE/desktop-client/desktop/data_migration.go:315.68,317.16 2 0
KNIRVENGINE/desktop-client/desktop/data_migration.go:317.16,319.3 1 0
KNIRVENGINE/desktop-client/desktop/data_migration.go:321.2,321.49 1 0
KNIRVENGINE/desktop-client/desktop/data_migration.go:321.49,323.3 1 0
KNIRVENGINE/desktop-client/desktop/data_migration.go:325.2,329.56 3 0
KNIRVENGINE/desktop-client/desktop/data_migration.go:329.56,331.3 1 0
KNIRVENGINE/desktop-client/desktop/data_migration.go:334.2,337.71 2 0
KNIRVENGINE/desktop-client/desktop/data_migration.go:337.71,339.3 1 0
KNIRVENGINE/desktop-client/desktop/data_migration.go:343.76,345.16 2 0
KNIRVENGINE/desktop-client/desktop/data_migration.go:345.16,347.3 1 0
KNIRVENGINE/desktop-client/desktop/data_migration.go:349.2,352.16 3 0
KNIRVENGINE/desktop-client/desktop/data_migration.go:352.16,353.25 1 0
KNIRVENGINE/desktop-client/desktop/data_migration.go:353.25,355.4 1 0
KNIRVENGINE/desktop-client/desktop/data_migration.go:356.3,356.18 1 0
KNIRVENGINE/desktop-client/desktop/data_migration.go:359.2,360.58 2 0
KNIRVENGINE/desktop-client/desktop/data_migration.go:360.58,362.3 1 0
KNIRVENGINE/desktop-client/desktop/data_migration.go:364.2,364.24 1 0
KNIRVENGINE/desktop-client/desktop/desktop_host.go:100.57,111.16 7 0
KNIRVENGINE/desktop-client/desktop/desktop_host.go:111.16,113.3 1 0
KNIRVENGINE/desktop-client/desktop/desktop_host.go:115.2,127.43 6 0
KNIRVENGINE/desktop-client/desktop/desktop_host.go:127.43,129.4 1 0
KNIRVENGINE/desktop-client/desktop/desktop_host.go:132.2,164.18 6 0
KNIRVENGINE/desktop-client/desktop/desktop_host.go:168.45,174.16 4 0
KNIRVENGINE/desktop-client/desktop/desktop_host.go:174.16,177.3 1 0
KNIRVENGINE/desktop-client/desktop/desktop_host.go:180.2,182.16 3 0
KNIRVENGINE/desktop-client/desktop/desktop_host.go:182.16,185.3 1 0
KNIRVENGINE/desktop-client/desktop/desktop_host.go:188.2,189.16 2 0
KNIRVENGINE/desktop-client/desktop/desktop_host.go:189.16,191.3 1 0
KNIRVENGINE/desktop-client/desktop/desktop_host.go:194.2,200.12 3 0
KNIRVENGINE/desktop-client/desktop/desktop_host.go:204.40,208.16 3 0
KNIRVENGINE/desktop-client/desktop/desktop_host.go:208.16,210.3 1 0
KNIRVENGINE/desktop-client/desktop/desktop_host.go:212.2,215.45 2 0
KNIRVENGINE/desktop-client/desktop/desktop_host.go:215.45,217.3 1 0
KNIRVENGINE/desktop-client/desktop/desktop_host.go:219.2,222.12 2 0
KNIRVENGINE/desktop-client/desktop/desktop_host.go:222.12,223.87 1 0
KNIRVENGINE/desktop-client/desktop/desktop_host.go:223.87,225.4 1 0
KNIRVENGINE/desktop-client/desktop/desktop_host.go:228.2,229.12 2 0
KNIRVENGINE/desktop-client/desktop/desktop_host.go:233.39,237.17 3 0
KNIRVENGINE/desktop-client/desktop/desktop_host.go:237.17,239.3 1 0
KNIRVENGINE/desktop-client/desktop/desktop_host.go:241.2,247.52 4 0
KNIRVENGINE/desktop-client/desktop/desktop_host.go:247.52,249.3 1 0
KNIRVENGINE/desktop-client/desktop/desktop_host.go:252.2,252.44 1 0
KNIRVENGINE/desktop-client/desktop/desktop_host.go:252.44,254.3 1 0
KNIRVENGINE/desktop-client/desktop/desktop_host.go:257.2,257.45 1 0
KNIRVENGINE/desktop-client/desktop/desktop_host.go:257.45,259.3 1 0
KNIRVENGINE/desktop-client/desktop/desktop_host.go:261.2,264.12 3 0
KNIRVENGINE/desktop-client/desktop/desktop_host.go:268.48,270.2 1 0
KNIRVENGINE/desktop-client/desktop/desktop_host.go:273.52,275.2 1 0
KNIRVENGINE/desktop-client/desktop/desktop_host.go:278.59,280.2 1 0
KNIRVENGINE/desktop-client/desktop/desktop_host.go:283.99,307.2 7 0
KNIRVENGINE/desktop-client/desktop/desktop_host.go:310.103,313.13 2 0
KNIRVENGINE/desktop-client/desktop/desktop_host.go:313.13,315.3 1 0
KNIRVENGINE/desktop-client/desktop/desktop_host.go:318.2,333.56 5 0
KNIRVENGINE/desktop-client/desktop/desktop_host.go:333.56,335.3 1 0
KNIRVENGINE/desktop-client/desktop/desktop_host.go:338.2,339.16 2 0
KNIRVENGINE/desktop-client/desktop/desktop_host.go:339.16,341.3 1 0
KNIRVENGINE/desktop-client/desktop/desktop_host.go:343.2,345.12 2 0
KNIRVENGINE/desktop-client/desktop/desktop_host.go:349.40,371.2 10 0
KNIRVENGINE/desktop-client/desktop/hrm_engine.go:42.32,47.2 1 0
KNIRVENGINE/desktop-client/desktop/hrm_engine.go:50.58,58.16 5 0
KNIRVENGINE/desktop-client/desktop/hrm_engine.go:58.16,60.3 1 0
KNIRVENGINE/desktop-client/desktop/hrm_engine.go:62.2,68.16 5 0
KNIRVENGINE/desktop-client/desktop/hrm_engine.go:68.16,70.3 1 0
KNIRVENGINE/desktop-client/desktop/hrm_engine.go:73.2,74.16 2 0
KNIRVENGINE/desktop-client/desktop/hrm_engine.go:74.16,76.3 1 0
KNIRVENGINE/desktop-client/desktop/hrm_engine.go:78.2,81.12 3 0
KNIRVENGINE/desktop-client/desktop/hrm_engine.go:85.59,95.21 4 0
KNIRVENGINE/desktop-client/desktop/hrm_engine.go:95.21,97.27 2 0
KNIRVENGINE/desktop-client/desktop/hrm_engine.go:97.27,100.21 2 0
KNIRVENGINE/desktop-client/desktop/hrm_engine.go:100.21,105.5 4 0
KNIRVENGINE/desktop-client/desktop/hrm_engine.go:109.4,111.49 3 0
KNIRVENGINE/desktop-client/desktop/hrm_engine.go:112.9,116.4 3 0
KNIRVENGINE/desktop-client/desktop/hrm_engine.go:119.2,119.12 1 0
KNIRVENGINE/desktop-client/desktop/hrm_engine.go:123.68,127.21 3 0
KNIRVENGINE/desktop-client/desktop/hrm_engine.go:127.21,129.3 1 0
KNIRVENGINE/desktop-client/desktop/hrm_engine.go:131.2,135.26 3 0
KNIRVENGINE/desktop-client/desktop/hrm_engine.go:135.26,137.17 2 0
KNIRVENGINE/desktop-client/desktop/hrm_engine.go:137.17,139.4 1 0
KNIRVENGINE/desktop-client/desktop/hrm_engine.go:140.3,140.53 1 0
KNIRVENGINE/desktop-client/desktop/hrm_engine.go:141.8,143.3 1 0
KNIRVENGINE/desktop-client/desktop/hrm_engine.go:145.2,145.12 1 0
KNIRVENGINE/desktop-client/desktop/hrm_engine.go:149.80,153.20 3 0
KNIRVENGINE/desktop-client/desktop/hrm_engine.go:153.20,155.3 1 0
KNIRVENGINE/desktop-client/desktop/hrm_engine.go:157.2,157.21 1 0
KNIRVENGINE/desktop-client/desktop/hrm_engine.go:157.21,159.3 1 0
KNIRVENGINE/desktop-client/desktop/hrm_engine.go:161.2,178.20 4 0
KNIRVENGINE/desktop-client/desktop/hrm_engine.go:182.59,194.21 4 0
KNIRVENGINE/desktop-client/desktop/hrm_engine.go:194.21,197.28 2 0
KNIRVENGINE/desktop-client/desktop/hrm_engine.go:197.28,201.4 1 0
KNIRVENGINE/desktop-client/desktop/hrm_engine.go:204.2,204.13 1 0
KNIRVENGINE/desktop-client/desktop/hrm_engine.go:208.35,212.21 3 0
KNIRVENGINE/desktop-client/desktop/hrm_engine.go:212.21,214.17 2 0
KNIRVENGINE/desktop-client/desktop/hrm_engine.go:214.17,216.4 1 0
KNIRVENGINE/desktop-client/desktop/hrm_engine.go:217.3,217.17 1 0
KNIRVENGINE/desktop-client/desktop/hrm_engine.go:220.2,220.22 1 0
KNIRVENGINE/desktop-client/desktop/hrm_engine.go:220.22,222.17 2 0
KNIRVENGINE/desktop-client/desktop/hrm_engine.go:222.17,224.4 1 0
KNIRVENGINE/desktop-client/desktop/hrm_engine.go:225.3,225.18 1 0
KNIRVENGINE/desktop-client/desktop/hrm_engine.go:228.2,231.12 3 0
KNIRVENGINE/desktop-client/desktop/hrm_engine.go:235.42,239.2 3 0
KNIRVENGINE/desktop-client/desktop/http_handlers.go:15.91,22.65 2 0
KNIRVENGINE/desktop-client/desktop/http_handlers.go:22.65,25.3 2 0
KNIRVENGINE/desktop-client/desktop/http_handlers.go:28.2,32.16 2 0
KNIRVENGINE/desktop-client/desktop/http_handlers.go:32.16,35.3 2 0
KNIRVENGINE/desktop-client/desktop/http_handlers.go:37.2,49.37 3 0
KNIRVENGINE/desktop-client/desktop/http_handlers.go:53.90,61.65 2 0
KNIRVENGINE/desktop-client/desktop/http_handlers.go:61.65,64.3 2 0
KNIRVENGINE/desktop-client/desktop/http_handlers.go:66.2,75.16 3 0
KNIRVENGINE/desktop-client/desktop/http_handlers.go:75.16,78.3 2 0
KNIRVENGINE/desktop-client/desktop/http_handlers.go:80.2,93.37 3 0
KNIRVENGINE/desktop-client/desktop/http_handlers.go:97.88,102.13 4 0
KNIRVENGINE/desktop-client/desktop/http_handlers.go:102.13,105.3 2 0
KNIRVENGINE/desktop-client/desktop/http_handlers.go:107.2,118.37 3 0
KNIRVENGINE/desktop-client/desktop/http_handlers.go:122.86,132.65 2 0
KNIRVENGINE/desktop-client/desktop/http_handlers.go:132.65,135.3 2 0
KNIRVENGINE/desktop-client/desktop/http_handlers.go:138.2,147.16 3 0
KNIRVENGINE/desktop-client/desktop/http_handlers.go:147.16,150.3 2 0
KNIRVENGINE/desktop-client/desktop/http_handlers.go:152.2,160.37 3 0
KNIRVENGINE/desktop-client/desktop/http_handlers.go:164.83,171.65 2 0
KNIRVENGINE/desktop-client/desktop/http_handlers.go:171.65,174.3 2 0
KNIRVENGINE/desktop-client/desktop/http_handlers.go:176.2,183.16 3 0
KNIRVENGINE/desktop-client/desktop/http_handlers.go:183.16,186.3 2 0
KNIRVENGINE/desktop-client/desktop/http_handlers.go:188.2,189.35 2 0
KNIRVENGINE/desktop-client/desktop/http_handlers.go:193.80,198.2 3 0
KNIRVENGINE/desktop-client/desktop/http_handlers.go:201.91,207.65 2 0
KNIRVENGINE/desktop-client/desktop/http_handlers.go:207.65,210.3 2 0
KNIRVENGINE/desktop-client/desktop/http_handlers.go:212.2,213.16 2 0
KNIRVENGINE/desktop-client/desktop/http_handlers.go:213.16,216.3 2 0
KNIRVENGINE/desktop-client/desktop/http_handlers.go:218.2,219.36 2 0
KNIRVENGINE/desktop-client/desktop/http_handlers.go:223.87,225.16 2 0
KNIRVENGINE/desktop-client/desktop/http_handlers.go:225.16,228.3 2 0
KNIRVENGINE/desktop-client/desktop/http_handlers.go:229.2,232.21 3 0
KNIRVENGINE/desktop-client/desktop/http_handlers.go:232.21,235.3 2 0
KNIRVENGINE/desktop-client/desktop/http_handlers.go:237.2,240.6 2 0
KNIRVENGINE/desktop-client/desktop/http_handlers.go:240.6,243.17 3 0
KNIRVENGINE/desktop-client/desktop/http_handlers.go:243.17,245.9 2 0
KNIRVENGINE/desktop-client/desktop/http_handlers.go:249.3,257.17 3 0
KNIRVENGINE/desktop-client/desktop/http_handlers.go:257.17,259.9 2 0
KNIRVENGINE/desktop-client/desktop/http_handlers.go:265.79,277.2 3 0
KNIRVENGINE/desktop-client/desktop/mcp_integration.go:126.82,146.44 1 0
KNIRVENGINE/desktop-client/desktop/mcp_integration.go:146.44,148.5 1 0
KNIRVENGINE/desktop-client/desktop/mcp_integration.go:153.2,157.15 4 0
KNIRVENGINE/desktop-client/desktop/mcp_integration.go:161.37,165.17 3 0
KNIRVENGINE/desktop-client/desktop/mcp_integration.go:165.17,167.3 1 0
KNIRVENGINE/desktop-client/desktop/mcp_integration.go:169.2,172.12 3 0
KNIRVENGINE/desktop-client/desktop/mcp_integration.go:176.36,180.18 3 0
KNIRVENGINE/desktop-client/desktop/mcp_integration.go:180.18,182.3 1 0
KNIRVENGINE/desktop-client/desktop/mcp_integration.go:185.2,185.37 1 0
KNIRVENGINE/desktop-client/desktop/mcp_integration.go:185.37,187.3 1 0
KNIRVENGINE/desktop-client/desktop/mcp_integration.go:189.2,192.12 3 0
KNIRVENGINE/desktop-client/desktop/mcp_integration.go:196.79,198.16 2 0
KNIRVENGINE/desktop-client/desktop/mcp_integration.go:198.16,201.3 2 0
KNIRVENGINE/desktop-client/desktop/mcp_integration.go:203.2,214.15 6 0
KNIRVENGINE/desktop-client/desktop/mcp_integration.go:214.15,219.3 4 0
KNIRVENGINE/desktop-client/desktop/mcp_integration.go:221.2,227.6 3 0
KNIRVENGINE/desktop-client/desktop/mcp_integration.go:227.6,230.17 3 0
KNIRVENGINE/desktop-client/desktop/mcp_integration.go:230.17,232.9 2 0
KNIRVENGINE/desktop-client/desktop/mcp_integration.go:235.3,235.37 1 0
KNIRVENGINE/desktop-client/desktop/mcp_integration.go:240.46,303.2 3 0
KNIRVENGINE/desktop-client/desktop/mcp_integration.go:306.50,322.2 2 0
KNIRVENGINE/desktop-client/desktop/mcp_integration.go:325.48,335.2 1 0
KNIRVENGINE/desktop-client/desktop/mcp_integration.go:338.59,353.2 2 0
KNIRVENGINE/desktop-client/desktop/mcp_integration.go:355.88,357.9 2 0
KNIRVENGINE/desktop-client/desktop/mcp_integration.go:357.9,359.3 1 0
KNIRVENGINE/desktop-client/desktop/mcp_integration.go:361.2,361.16 1 0
KNIRVENGINE/desktop-client/desktop/mcp_integration.go:362.20,363.39 1 0
KNIRVENGINE/desktop-client/desktop/mcp_integration.go:364.20,365.39 1 0
KNIRVENGINE/desktop-client/desktop/mcp_integration.go:366.24,367.43 1 0
KNIRVENGINE/desktop-client/desktop/mcp_integration.go:368.24,369.43 1 0
KNIRVENGINE/desktop-client/desktop/mcp_integration.go:370.22,371.41 1 0
KNIRVENGINE/desktop-client/desktop/mcp_integration.go:372.21,373.40 1 0
KNIRVENGINE/desktop-client/desktop/mcp_integration.go:374.14,375.34 1 0
KNIRVENGINE/desktop-client/desktop/mcp_integration.go:376.10,377.47 1 0
KNIRVENGINE/desktop-client/desktop/mcp_integration.go:382.93,384.9 2 0
KNIRVENGINE/desktop-client/desktop/mcp_integration.go:384.9,386.3 1 0
KNIRVENGINE/desktop-client/desktop/mcp_integration.go:388.2,393.32 4 0
KNIRVENGINE/desktop-client/desktop/mcp_integration.go:393.32,394.31 1 0
KNIRVENGINE/desktop-client/desktop/mcp_integration.go:394.31,396.4 1 0
KNIRVENGINE/desktop-client/desktop/mcp_integration.go:400.2,407.16 3 0
KNIRVENGINE/desktop-client/desktop/mcp_integration.go:407.16,409.3 1 0
KNIRVENGINE/desktop-client/desktop/mcp_integration.go:411.2,414.8 2 0
KNIRVENGINE/desktop-client/desktop/mcp_integration.go:417.93,419.9 2 0
KNIRVENGINE/desktop-client/desktop/mcp_integration.go:419.9,421.3 1 0
KNIRVENGINE/desktop-client/desktop/mcp_integration.go:423.2,426.16 3 0
KNIRVENGINE/desktop-client/desktop/mcp_integration.go:427.27,429.21 2 0
KNIRVENGINE/desktop-client/desktop/mcp_integration.go:429.21,431.4 1 0
KNIRVENGINE/desktop-client/desktop/mcp_integration.go:432.3,432.116 1 0
KNIRVENGINE/desktop-client/desktop/mcp_integration.go:433.26,442.83 2 0
KNIRVENGINE/desktop-client/desktop/mcp_integration.go:443.10,444.108 1 0
KNIRVENGINE/desktop-client/desktop/mcp_integration.go:447.2,447.16 1 0
KNIRVENGINE/desktop-client/desktop/mcp_integration.go:447.16,449.3 1 0
KNIRVENGINE/desktop-client/desktop/mcp_integration.go:451.2,459.8 2 0
KNIRVENGINE/desktop-client/desktop/mcp_integration.go:462.95,476.2 3 0
KNIRVENGINE/desktop-client/desktop/mcp_integration.go:479.70,486.2 3 0
KNIRVENGINE/desktop-client/desktop/mcp_integration.go:488.76,502.2 3 0
KNIRVENGINE/desktop-client/desktop/mcp_integration.go:505.108,509.24 3 0
KNIRVENGINE/desktop-client/desktop/mcp_integration.go:509.24,511.3 1 0
KNIRVENGINE/desktop-client/desktop/mcp_integration.go:513.2,527.8 2 0
KNIRVENGINE/desktop-client/desktop/mcp_integration.go:531.90,533.33 2 0
KNIRVENGINE/desktop-client/desktop/mcp_integration.go:533.33,539.3 1 0
KNIRVENGINE/desktop-client/desktop/mcp_integration.go:541.2,549.39 2 0
KNIRVENGINE/desktop-client/desktop/mcp_integration.go:552.90,554.9 2 0
KNIRVENGINE/desktop-client/desktop/mcp_integration.go:554.9,556.3 1 0
KNIRVENGINE/desktop-client/desktop/mcp_integration.go:558.2,559.9 2 0
KNIRVENGINE/desktop-client/desktop/mcp_integration.go:559.9,561.3 1 0
KNIRVENGINE/desktop-client/desktop/mcp_integration.go:563.2,566.13 3 0
KNIRVENGINE/desktop-client/desktop/mcp_integration.go:566.13,577.3 3 0
KNIRVENGINE/desktop-client/desktop/mcp_integration.go:579.2,580.16 2 0
KNIRVENGINE/desktop-client/desktop/mcp_integration.go:580.16,591.3 3 0
KNIRVENGINE/desktop-client/desktop/mcp_integration.go:593.2,599.39 2 0
KNIRVENGINE/desktop-client/desktop/mcp_integration.go:602.94,604.41 2 0
KNIRVENGINE/desktop-client/desktop/mcp_integration.go:604.41,611.3 1 0
KNIRVENGINE/desktop-client/desktop/mcp_integration.go:613.2,621.39 2 0
KNIRVENGINE/desktop-client/desktop/mcp_integration.go:624.94,626.9 2 0
KNIRVENGINE/desktop-client/desktop/mcp_integration.go:626.9,628.3 1 0
KNIRVENGINE/desktop-client/desktop/mcp_integration.go:630.2,631.9 2 0
KNIRVENGINE/desktop-client/desktop/mcp_integration.go:631.9,633.3 1 0
KNIRVENGINE/desktop-client/desktop/mcp_integration.go:635.2,636.34 2 0
KNIRVENGINE/desktop-client/desktop/mcp_integration.go:636.34,637.19 1 0
KNIRVENGINE/desktop-client/desktop/mcp_integration.go:637.19,639.9 2 0
KNIRVENGINE/desktop-client/desktop/mcp_integration.go:643.2,643.21 1 0
KNIRVENGINE/desktop-client/desktop/mcp_integration.go:643.21,654.3 3 0
KNIRVENGINE/desktop-client/desktop/mcp_integration.go:656.2,657.16 2 0
KNIRVENGINE/desktop-client/desktop/mcp_integration.go:657.16,668.3 3 0
KNIRVENGINE/desktop-client/desktop/mcp_integration.go:670.2,676.39 2 0
KNIRVENGINE/desktop-client/desktop/mcp_integration.go:679.92,681.37 2 0
KNIRVENGINE/desktop-client/desktop/mcp_integration.go:681.37,687.3 1 0
KNIRVENGINE/desktop-client/desktop/mcp_integration.go:689.2,697.39 2 0
KNIRVENGINE/desktop-client/desktop/mcp_integration.go:700.91,702.9 2 0
KNIRVENGINE/desktop-client/desktop/mcp_integration.go:702.9,704.3 1 0
KNIRVENGINE/desktop-client/desktop/mcp_integration.go:706.2,707.9 2 0
KNIRVENGINE/desktop-client/desktop/mcp_integration.go:707.9,709.3 1 0
KNIRVENGINE/desktop-client/desktop/mcp_integration.go:711.2,714.13 3 0
KNIRVENGINE/desktop-client/desktop/mcp_integration.go:714.13,725.3 3 0
KNIRVENGINE/desktop-client/desktop/mcp_integration.go:727.2,728.16 2 0
KNIRVENGINE/desktop-client/desktop/mcp_integration.go:728.16,739.3 3 0
KNIRVENGINE/desktop-client/desktop/mcp_integration.go:741.2,747.39 2 0
KNIRVENGINE/desktop-client/desktop/mcp_integration.go:750.85,760.2 3 0
KNIRVENGINE/desktop-client/desktop/qr_linkage_service.go:101.83,108.2 1 0
KNIRVENGINE/desktop-client/desktop/qr_linkage_service.go:111.120,153.16 9 0
KNIRVENGINE/desktop-client/desktop/qr_linkage_service.go:153.16,155.3 1 0
KNIRVENGINE/desktop-client/desktop/qr_linkage_service.go:159.2,170.20 4 0
KNIRVENGINE/desktop-client/desktop/qr_linkage_service.go:174.107,216.16 10 0
KNIRVENGINE/desktop-client/desktop/qr_linkage_service.go:216.16,218.3 1 0
KNIRVENGINE/desktop-client/desktop/qr_linkage_service.go:220.2,231.20 4 0
KNIRVENGINE/desktop-client/desktop/qr_linkage_service.go:235.83,240.13 4 0
KNIRVENGINE/desktop-client/desktop/qr_linkage_service.go:240.13,242.3 1 0
KNIRVENGINE/desktop-client/desktop/qr_linkage_service.go:245.2,245.41 1 0
KNIRVENGINE/desktop-client/desktop/qr_linkage_service.go:245.41,248.3 2 0
KNIRVENGINE/desktop-client/desktop/qr_linkage_service.go:250.2,250.22 1 0
KNIRVENGINE/desktop-client/desktop/qr_linkage_service.go:254.113,259.13 4 0
KNIRVENGINE/desktop-client/desktop/qr_linkage_service.go:259.13,261.3 1 0
KNIRVENGINE/desktop-client/desktop/qr_linkage_service.go:263.2,264.20 2 0
KNIRVENGINE/desktop-client/desktop/qr_linkage_service.go:264.20,266.3 1 0
KNIRVENGINE/desktop-client/desktop/qr_linkage_service.go:268.2,270.12 2 0
KNIRVENGINE/desktop-client/desktop/qr_linkage_service.go:274.55,281.53 5 0
KNIRVENGINE/desktop-client/desktop/qr_linkage_service.go:281.53,282.35 1 0
KNIRVENGINE/desktop-client/desktop/qr_linkage_service.go:282.35,285.4 2 0
KNIRVENGINE/desktop-client/desktop/qr_linkage_service.go:288.2,288.44 1 0
KNIRVENGINE/desktop-client/desktop/qr_linkage_service.go:288.44,291.3 2 0
KNIRVENGINE/desktop-client/desktop/qr_linkage_service.go:295.45,299.12 2 0
KNIRVENGINE/desktop-client/desktop/qr_linkage_service.go:299.12,303.22 3 0
KNIRVENGINE/desktop-client/desktop/qr_linkage_service.go:303.22,305.4 1 0
KNIRVENGINE/desktop-client/desktop/qr_linkage_service.go:310.37,314.2 3 0
KNIRVENGINE/desktop-client/desktop/qr_linkage_service.go:317.32,319.2 1 0
KNIRVENGINE/desktop-client/desktop/secure_bridge.go:55.67,59.44 1 0
KNIRVENGINE/desktop-client/desktop/secure_bridge.go:59.44,63.5 2 0
KNIRVENGINE/desktop-client/desktop/secure_bridge.go:70.101,76.49 4 0
KNIRVENGINE/desktop-client/desktop/secure_bridge.go:76.49,78.3 1 0
KNIRVENGINE/desktop-client/desktop/secure_bridge.go:80.2,93.19 4 0
KNIRVENGINE/desktop-client/desktop/secure_bridge.go:97.75,102.13 4 0
KNIRVENGINE/desktop-client/desktop/secure_bridge.go:102.13,104.3 1 0
KNIRVENGINE/desktop-client/desktop/secure_bridge.go:107.2,107.54 1 0
KNIRVENGINE/desktop-client/desktop/secure_bridge.go:107.54,109.3 1 0
KNIRVENGINE/desktop-client/desktop/secure_bridge.go:112.2,114.25 2 0
KNIRVENGINE/desktop-client/desktop/secure_bridge.go:118.57,124.2 4 0
KNIRVENGINE/desktop-client/desktop/secure_bridge.go:127.91,129.16 2 0
KNIRVENGINE/desktop-client/desktop/secure_bridge.go:129.16,132.3 2 0
KNIRVENGINE/desktop-client/desktop/secure_bridge.go:133.2,136.6 2 0
KNIRVENGINE/desktop-client/desktop/secure_bridge.go:136.6,138.49 2 0
KNIRVENGINE/desktop-client/desktop/secure_bridge.go:138.49,139.9 1 0
KNIRVENGINE/desktop-client/desktop/secure_bridge.go:142.3,143.50 2 0
KNIRVENGINE/desktop-client/desktop/secure_bridge.go:143.50,144.9 1 0
KNIRVENGINE/desktop-client/desktop/secure_bridge.go:150.86,158.16 3 0
KNIRVENGINE/desktop-client/desktop/secure_bridge.go:158.16,162.3 3 0
KNIRVENGINE/desktop-client/desktop/secure_bridge.go:165.2,165.41 1 0
KNIRVENGINE/desktop-client/desktop/secure_bridge.go:165.41,169.3 3 0
KNIRVENGINE/desktop-client/desktop/secure_bridge.go:172.2,172.22 1 0
KNIRVENGINE/desktop-client/desktop/secure_bridge.go:173.21,174.55 1 0
KNIRVENGINE/desktop-client/desktop/secure_bridge.go:175.23,176.57 1 0
KNIRVENGINE/desktop-client/desktop/secure_bridge.go:177.24,178.58 1 0
KNIRVENGINE/desktop-client/desktop/secure_bridge.go:179.21,180.55 1 0
KNIRVENGINE/desktop-client/desktop/secure_bridge.go:181.20,182.54 1 0
KNIRVENGINE/desktop-client/desktop/secure_bridge.go:183.10,185.42 2 0
KNIRVENGINE/desktop-client/desktop/secure_bridge.go:188.2,188.17 1 0
KNIRVENGINE/desktop-client/desktop/secure_bridge.go:192.77,201.16 4 0
KNIRVENGINE/desktop-client/desktop/secure_bridge.go:201.16,205.3 2 0
KNIRVENGINE/desktop-client/desktop/secure_bridge.go:208.2,208.26 1 0
KNIRVENGINE/desktop-client/desktop/secure_bridge.go:208.26,209.77 1 0
KNIRVENGINE/desktop-client/desktop/secure_bridge.go:209.77,211.4 1 0
KNIRVENGINE/desktop-client/desktop/secure_bridge.go:215.2,216.47 2 0
KNIRVENGINE/desktop-client/desktop/secure_bridge.go:220.89,222.26 1 0
KNIRVENGINE/desktop-client/desktop/secure_bridge.go:222.26,224.69 1 0
KNIRVENGINE/desktop-client/desktop/secure_bridge.go:224.69,225.117 1 0
KNIRVENGINE/desktop-client/desktop/secure_bridge.go:225.117,227.5 1 0
KNIRVENGINE/desktop-client/desktop/secure_bridge.go:229.3,229.85 1 0
KNIRVENGINE/desktop-client/desktop/secure_bridge.go:231.2,231.55 1 0
KNIRVENGINE/desktop-client/desktop/secure_bridge.go:235.105,242.47 2 0
KNIRVENGINE/desktop-client/desktop/secure_bridge.go:242.47,246.3 3 0
KNIRVENGINE/desktop-client/desktop/secure_bridge.go:248.2,249.9 2 0
KNIRVENGINE/desktop-client/desktop/secure_bridge.go:249.9,253.3 3 0
KNIRVENGINE/desktop-client/desktop/secure_bridge.go:256.2,267.76 2 0
KNIRVENGINE/desktop-client/desktop/secure_bridge.go:267.76,271.3 3 0
KNIRVENGINE/desktop-client/desktop/secure_bridge.go:273.2,279.17 3 0
KNIRVENGINE/desktop-client/desktop/secure_bridge.go:283.107,290.49 2 0
KNIRVENGINE/desktop-client/desktop/secure_bridge.go:290.49,294.3 3 0
KNIRVENGINE/desktop-client/desktop/secure_bridge.go:296.2,297.9 2 0
KNIRVENGINE/desktop-client/desktop/secure_bridge.go:297.9,301.3 3 0
KNIRVENGINE/desktop-client/desktop/secure_bridge.go:304.2,304.61 1 0
KNIRVENGINE/desktop-client/desktop/secure_bridge.go:304.61,308.3 3 0
KNIRVENGINE/desktop-client/desktop/secure_bridge.go:310.2,316.17 3 0
KNIRVENGINE/desktop-client/desktop/secure_bridge.go:320.108,327.50 2 0
KNIRVENGINE/desktop-client/desktop/secure_bridge.go:327.50,331.3 3 0
KNIRVENGINE/desktop-client/desktop/secure_bridge.go:333.2,334.9 2 0
KNIRVENGINE/desktop-client/desktop/secure_bridge.go:334.9,338.3 3 0
KNIRVENGINE/desktop-client/desktop/secure_bridge.go:340.2,341.9 2 0
KNIRVENGINE/desktop-client/desktop/secure_bridge.go:341.9,345.3 3 0
KNIRVENGINE/desktop-client/desktop/secure_bridge.go:347.2,351.16 3 0
KNIRVENGINE/desktop-client/desktop/secure_bridge.go:351.16,355.3 3 0
KNIRVENGINE/desktop-client/desktop/secure_bridge.go:357.2,364.17 3 0
KNIRVENGINE/desktop-client/desktop/secure_bridge.go:368.105,375.47 2 0
KNIRVENGINE/desktop-client/desktop/secure_bridge.go:375.47,379.3 3 0
KNIRVENGINE/desktop-client/desktop/secure_bridge.go:381.2,385.33 3 0
KNIRVENGINE/desktop-client/desktop/secure_bridge.go:385.33,396.3 1 0
KNIRVENGINE/desktop-client/desktop/secure_bridge.go:398.2,403.17 3 0
KNIRVENGINE/desktop-client/desktop/secure_bridge.go:407.104,414.46 2 0
KNIRVENGINE/desktop-client/desktop/secure_bridge.go:414.46,418.3 3 0
KNIRVENGINE/desktop-client/desktop/secure_bridge.go:420.2,426.17 3 0
KNIRVENGINE/desktop-client/desktop/secure_bridge.go:430.85,431.40 1 0
KNIRVENGINE/desktop-client/desktop/secure_bridge.go:431.40,432.34 1 0
KNIRVENGINE/desktop-client/desktop/secure_bridge.go:432.34,434.4 1 0
KNIRVENGINE/desktop-client/desktop/secure_bridge.go:436.2,436.14 1 0
KNIRVENGINE/desktop-client/desktop/secure_bridge.go:440.41,448.2 4 0
KNIRVENGINE/desktop-client/desktop/tee_manager.go:84.101,85.19 1 0
KNIRVENGINE/desktop-client/desktop/tee_manager.go:85.19,99.3 1 0
KNIRVENGINE/desktop-client/desktop/tee_manager.go:102.2,108.27 2 0
KNIRVENGINE/desktop-client/desktop/tee_manager.go:108.27,109.48 1 0
KNIRVENGINE/desktop-client/desktop/tee_manager.go:109.48,111.4 1 0
KNIRVENGINE/desktop-client/desktop/tee_manager.go:114.2,122.54 2 0
KNIRVENGINE/desktop-client/desktop/tee_manager.go:122.54,124.3 1 0
KNIRVENGINE/desktop-client/desktop/tee_manager.go:126.2,126.21 1 0
KNIRVENGINE/desktop-client/desktop/tee_manager.go:130.57,131.102 1 0
KNIRVENGINE/desktop-client/desktop/tee_manager.go:131.102,132.17 1 0
KNIRVENGINE/desktop-client/desktop/tee_manager.go:132.17,134.4 1 0
KNIRVENGINE/desktop-client/desktop/tee_manager.go:136.3,136.19 1 0
KNIRVENGINE/desktop-client/desktop/tee_manager.go:136.19,138.4 1 0
KNIRVENGINE/desktop-client/desktop/tee_manager.go:141.3,143.61 3 0
KNIRVENGINE/desktop-client/desktop/tee_manager.go:143.61,144.25 1 0
KNIRVENGINE/desktop-client/desktop/tee_manager.go:144.25,146.10 2 0
KNIRVENGINE/desktop-client/desktop/tee_manager.go:150.3,150.15 1 0
KNIRVENGINE/desktop-client/desktop/tee_manager.go:150.15,152.4 1 0
KNIRVENGINE/desktop-client/desktop/tee_manager.go:155.3,155.48 1 0
KNIRVENGINE/desktop-client/desktop/tee_manager.go:155.48,158.4 1 0
KNIRVENGINE/desktop-client/desktop/tee_manager.go:160.3,160.13 1 0
KNIRVENGINE/desktop-client/desktop/tee_manager.go:165.69,171.16 4 0
KNIRVENGINE/desktop-client/desktop/tee_manager.go:171.16,173.3 1 0
KNIRVENGINE/desktop-client/desktop/tee_manager.go:176.2,177.16 2 0
KNIRVENGINE/desktop-client/desktop/tee_manager.go:177.16,179.3 1 0
KNIRVENGINE/desktop-client/desktop/tee_manager.go:181.2,181.42 1 0
KNIRVENGINE/desktop-client/desktop/tee_manager.go:181.42,183.3 1 0
KNIRVENGINE/desktop-client/desktop/tee_manager.go:186.2,187.42 2 0
KNIRVENGINE/desktop-client/desktop/tee_manager.go:187.42,189.17 2 0
KNIRVENGINE/desktop-client/desktop/tee_manager.go:189.17,191.4 1 0
KNIRVENGINE/desktop-client/desktop/tee_manager.go:195.2,205.12 3 0
KNIRVENGINE/desktop-client/desktop/tee_manager.go:209.80,211.16 2 0
KNIRVENGINE/desktop-client/desktop/tee_manager.go:211.16,213.3 1 0
KNIRVENGINE/desktop-client/desktop/tee_manager.go:214.2,217.47 3 0
KNIRVENGINE/desktop-client/desktop/tee_manager.go:217.47,219.3 1 0
KNIRVENGINE/desktop-client/desktop/tee_manager.go:221.2,221.47 1 0
KNIRVENGINE/desktop-client/desktop/tee_manager.go:225.84,228.52 2 0
KNIRVENGINE/desktop-client/desktop/tee_manager.go:228.52,230.3 1 0
KNIRVENGINE/desktop-client/desktop/tee_manager.go:233.2,234.16 2 0
KNIRVENGINE/desktop-client/desktop/tee_manager.go:234.16,236.3 1 0
KNIRVENGINE/desktop-client/desktop/tee_manager.go:239.2,240.16 2 0
KNIRVENGINE/desktop-client/desktop/tee_manager.go:240.16,242.3 1 0
KNIRVENGINE/desktop-client/desktop/tee_manager.go:245.2,246.16 2 0
KNIRVENGINE/desktop-client/desktop/tee_manager.go:246.16,248.3 1 0
KNIRVENGINE/desktop-client/desktop/tee_manager.go:251.2,252.16 2 0
KNIRVENGINE/desktop-client/desktop/tee_manager.go:252.16,254.3 1 0
KNIRVENGINE/desktop-client/desktop/tee_manager.go:257.2,257.56 1 0
KNIRVENGINE/desktop-client/desktop/tee_manager.go:257.56,258.109 1 0
KNIRVENGINE/desktop-client/desktop/tee_manager.go:258.109,260.4 1 0
KNIRVENGINE/desktop-client/desktop/tee_manager.go:263.2,263.84 1 0
KNIRVENGINE/desktop-client/desktop/tee_manager.go:267.106,270.16 2 0
KNIRVENGINE/desktop-client/desktop/tee_manager.go:270.16,272.3 1 0
KNIRVENGINE/desktop-client/desktop/tee_manager.go:275.2,276.18 2 0
KNIRVENGINE/desktop-client/desktop/tee_manager.go:276.18,278.3 1 0
KNIRVENGINE/desktop-client/desktop/tee_manager.go:281.2,282.20 2 0
KNIRVENGINE/desktop-client/desktop/tee_manager.go:283.20,284.56 1 0
KNIRVENGINE/desktop-client/desktop/tee_manager.go:285.24,286.57 1 0
KNIRVENGINE/desktop-client/desktop/tee_manager.go:287.10,288.74 1 0
KNIRVENGINE/desktop-client/desktop/tee_manager.go:291.2,291.16 1 0
KNIRVENGINE/desktop-client/desktop/tee_manager.go:291.16,293.3 1 0
KNIRVENGINE/desktop-client/desktop/tee_manager.go:296.2,296.33 1 0
KNIRVENGINE/desktop-client/desktop/tee_manager.go:297.22,300.25 2 0
KNIRVENGINE/desktop-client/desktop/tee_manager.go:301.10,302.75 1 0
KNIRVENGINE/desktop-client/desktop/tee_manager.go:307.76,309.16 2 0
KNIRVENGINE/desktop-client/desktop/tee_manager.go:309.16,311.3 1 0
KNIRVENGINE/desktop-client/desktop/tee_manager.go:312.2,312.47 1 0
KNIRVENGINE/desktop-client/desktop/tee_manager.go:316.74,318.16 2 0
KNIRVENGINE/desktop-client/desktop/tee_manager.go:318.16,320.3 1 0
KNIRVENGINE/desktop-client/desktop/tee_manager.go:322.2,328.16 3 0
KNIRVENGINE/desktop-client/desktop/tee_manager.go:328.16,330.3 1 0
KNIRVENGINE/desktop-client/desktop/tee_manager.go:331.2,333.39 2 0
KNIRVENGINE/desktop-client/desktop/tee_manager.go:337.70,340.16 2 0
KNIRVENGINE/desktop-client/desktop/tee_manager.go:340.16,342.3 1 0
KNIRVENGINE/desktop-client/desktop/tee_manager.go:343.2,346.47 3 0
KNIRVENGINE/desktop-client/desktop/tee_manager.go:346.47,348.3 1 0
KNIRVENGINE/desktop-client/desktop/tee_manager.go:350.2,354.16 3 0
KNIRVENGINE/desktop-client/desktop/tee_manager.go:354.16,356.3 1 0
KNIRVENGINE/desktop-client/desktop/tee_manager.go:359.2,362.53 3 0
KNIRVENGINE/desktop-client/desktop/tee_manager.go:366.97,371.13 4 0
KNIRVENGINE/desktop-client/desktop/tee_manager.go:371.13,373.3 1 0
KNIRVENGINE/desktop-client/desktop/tee_manager.go:376.2,376.68 1 0
KNIRVENGINE/desktop-client/desktop/tee_manager.go:376.68,378.3 1 0
KNIRVENGINE/desktop-client/desktop/tee_manager.go:381.2,394.75 3 0
KNIRVENGINE/desktop-client/desktop/tee_manager.go:394.75,399.3 3 0
KNIRVENGINE/desktop-client/desktop/tee_manager.go:399.8,402.3 1 0
KNIRVENGINE/desktop-client/desktop/tee_manager.go:405.2,405.36 1 0
KNIRVENGINE/desktop-client/desktop/tee_manager.go:405.36,407.3 1 0
KNIRVENGINE/desktop-client/desktop/tee_manager.go:410.2,411.16 2 0
KNIRVENGINE/desktop-client/desktop/tee_manager.go:411.16,414.3 2 0
KNIRVENGINE/desktop-client/desktop/tee_manager.go:417.2,420.75 4 0
KNIRVENGINE/desktop-client/desktop/tee_manager.go:420.75,422.3 1 0
KNIRVENGINE/desktop-client/desktop/tee_manager.go:425.2,427.12 2 0
KNIRVENGINE/desktop-client/desktop/tee_manager.go:431.65,436.13 4 0
KNIRVENGINE/desktop-client/desktop/tee_manager.go:436.13,438.3 1 0
KNIRVENGINE/desktop-client/desktop/tee_manager.go:441.2,441.53 1 0
KNIRVENGINE/desktop-client/desktop/tee_manager.go:441.53,442.36 1 0
KNIRVENGINE/desktop-client/desktop/tee_manager.go:442.36,444.4 1 0
KNIRVENGINE/desktop-client/desktop/tee_manager.go:445.3,445.35 1 0
KNIRVENGINE/desktop-client/desktop/tee_manager.go:449.2,451.12 2 0
KNIRVENGINE/desktop-client/desktop/tee_manager.go:455.119,460.13 4 0
KNIRVENGINE/desktop-client/desktop/tee_manager.go:460.13,462.3 1 0
KNIRVENGINE/desktop-client/desktop/tee_manager.go:464.2,464.35 1 0
KNIRVENGINE/desktop-client/desktop/tee_manager.go:468.81,473.13 4 0
KNIRVENGINE/desktop-client/desktop/tee_manager.go:473.13,475.3 1 0
KNIRVENGINE/desktop-client/desktop/tee_manager.go:477.2,477.24 1 0
KNIRVENGINE/desktop-client/desktop/tee_manager.go:481.57,486.42 4 0
KNIRVENGINE/desktop-client/desktop/tee_manager.go:486.42,488.3 1 0
KNIRVENGINE/desktop-client/desktop/tee_manager.go:490.2,490.16 1 0
KNIRVENGINE/desktop-client/desktop/tee_manager.go:494.45,501.44 4 0
KNIRVENGINE/desktop-client/desktop/tee_manager.go:501.44,502.36 1 0
KNIRVENGINE/desktop-client/desktop/tee_manager.go:502.36,504.4 1 0
KNIRVENGINE/desktop-client/desktop/tee_manager.go:508.2,510.21 2 0
KNIRVENGINE/desktop-client/desktop/tee_manager.go:510.21,512.3 1 0
KNIRVENGINE/desktop-client/desktop/tee_manager.go:514.2,514.12 1 0
KNIRVENGINE/desktop-client/database/chromem_auth_db.go:67.62,70.16 2 0
KNIRVENGINE/desktop-client/database/chromem_auth_db.go:70.16,72.3 1 0
KNIRVENGINE/desktop-client/database/chromem_auth_db.go:75.2,79.16 3 0
KNIRVENGINE/desktop-client/database/chromem_auth_db.go:79.16,81.3 1 0
KNIRVENGINE/desktop-client/database/chromem_auth_db.go:83.2,84.16 2 0
KNIRVENGINE/desktop-client/database/chromem_auth_db.go:84.16,86.3 1 0
KNIRVENGINE/desktop-client/database/chromem_auth_db.go:88.2,89.16 2 0
KNIRVENGINE/desktop-client/database/chromem_auth_db.go:89.16,91.3 1 0
KNIRVENGINE/desktop-client/database/chromem_auth_db.go:93.2,101.55 2 0
KNIRVENGINE/desktop-client/database/chromem_auth_db.go:101.55,103.3 1 0
KNIRVENGINE/desktop-client/database/chromem_auth_db.go:105.2,105.20 1 0
KNIRVENGINE/desktop-client/database/chromem_auth_db.go:109.67,110.67 1 0
KNIRVENGINE/desktop-client/database/chromem_auth_db.go:110.67,113.29 2 0
KNIRVENGINE/desktop-client/database/chromem_auth_db.go:113.29,115.4 1 0
KNIRVENGINE/desktop-client/database/chromem_auth_db.go:118.3,119.28 2 0
KNIRVENGINE/desktop-client/database/chromem_auth_db.go:119.28,121.4 1 0
KNIRVENGINE/desktop-client/database/chromem_auth_db.go:123.3,123.24 1 0
KNIRVENGINE/desktop-client/database/chromem_auth_db.go:128.56,158.36 3 0
KNIRVENGINE/desktop-client/database/chromem_auth_db.go:158.36,159.61 1 0
KNIRVENGINE/desktop-client/database/chromem_auth_db.go:159.61,161.4 1 0
KNIRVENGINE/desktop-client/database/chromem_auth_db.go:165.2,166.16 2 0
KNIRVENGINE/desktop-client/database/chromem_auth_db.go:166.16,183.67 3 0
KNIRVENGINE/desktop-client/database/chromem_auth_db.go:183.67,185.4 1 0
KNIRVENGINE/desktop-client/database/chromem_auth_db.go:187.3,187.58 1 0
KNIRVENGINE/desktop-client/database/chromem_auth_db.go:190.2,190.12 1 0
KNIRVENGINE/desktop-client/database/chromem_auth_db.go:194.94,197.16 2 0
KNIRVENGINE/desktop-client/database/chromem_auth_db.go:197.16,200.3 1 0
KNIRVENGINE/desktop-client/database/chromem_auth_db.go:203.2,204.16 2 0
KNIRVENGINE/desktop-client/database/chromem_auth_db.go:204.16,206.3 1 0
KNIRVENGINE/desktop-client/database/chromem_auth_db.go:208.2,220.73 2 0
KNIRVENGINE/desktop-client/database/chromem_auth_db.go:224.105,230.41 3 0
KNIRVENGINE/desktop-client/database/chromem_auth_db.go:230.41,231.32 1 0
KNIRVENGINE/desktop-client/database/chromem_auth_db.go:231.32,233.18 2 0
KNIRVENGINE/desktop-client/database/chromem_auth_db.go:233.18,236.36 2 0
KNIRVENGINE/desktop-client/database/chromem_auth_db.go:236.36,238.49 2 0
KNIRVENGINE/desktop-client/database/chromem_auth_db.go:238.49,243.69 3 0
KNIRVENGINE/desktop-client/database/chromem_auth_db.go:243.69,245.8 1 0
KNIRVENGINE/desktop-client/database/chromem_auth_db.go:247.7,247.24 1 0
KNIRVENGINE/desktop-client/database/chromem_auth_db.go:251.5,251.25 1 0
KNIRVENGINE/desktop-client/database/chromem_auth_db.go:251.25,252.14 1 0
KNIRVENGINE/desktop-client/database/chromem_auth_db.go:254.10,254.56 1 0
KNIRVENGINE/desktop-client/database/chromem_auth_db.go:254.56,256.13 1 0
KNIRVENGINE/desktop-client/database/chromem_auth_db.go:257.10,259.10 1 0
KNIRVENGINE/desktop-client/database/chromem_auth_db.go:264.2,264.56 1 0
KNIRVENGINE/desktop-client/database/chromem_auth_db.go:268.97,270.16 2 0
KNIRVENGINE/desktop-client/database/chromem_auth_db.go:270.16,272.3 1 0
KNIRVENGINE/desktop-client/database/chromem_auth_db.go:275.2,278.64 3 0
KNIRVENGINE/desktop-client/database/chromem_auth_db.go:278.64,280.3 1 0
KNIRVENGINE/desktop-client/database/chromem_auth_db.go:282.2,282.19 1 0
KNIRVENGINE/desktop-client/database/chromem_auth_db.go:286.101,289.16 2 0
KNIRVENGINE/desktop-client/database/chromem_auth_db.go:289.16,291.3 1 0
KNIRVENGINE/desktop-client/database/chromem_auth_db.go:293.2,299.16 5 0
KNIRVENGINE/desktop-client/database/chromem_auth_db.go:299.16,301.3 1 0
KNIRVENGINE/desktop-client/database/chromem_auth_db.go:302.2,306.16 3 0
KNIRVENGINE/desktop-client/database/chromem_auth_db.go:306.16,308.3 1 0
KNIRVENGINE/desktop-client/database/chromem_auth_db.go:311.2,325.73 2 0
KNIRVENGINE/desktop-client/database/chromem_auth_db.go:329.103,331.16 2 0
KNIRVENGINE/desktop-client/database/chromem_auth_db.go:331.16,333.3 1 0
KNIRVENGINE/desktop-client/database/chromem_auth_db.go:335.2,336.24 2 0
KNIRVENGINE/desktop-client/database/chromem_auth_db.go:340.101,342.16 2 0
KNIRVENGINE/desktop-client/database/chromem_auth_db.go:342.16,344.3 1 0
KNIRVENGINE/desktop-client/database/chromem_auth_db.go:347.2,350.64 3 0
KNIRVENGINE/desktop-client/database/chromem_auth_db.go:350.64,352.3 1 0
KNIRVENGINE/desktop-client/database/chromem_auth_db.go:354.2,354.19 1 0
KNIRVENGINE/desktop-client/database/chromem_auth_db.go:358.40,361.2 1 0
KNIRVENGINE/desktop-client/database/migration.go:25.61,33.16 2 0
KNIRVENGINE/desktop-client/database/migration.go:33.16,35.3 1 0
KNIRVENGINE/desktop-client/database/migration.go:37.2,40.8 1 0
KNIRVENGINE/desktop-client/database/migration.go:44.88,51.2 1 0
KNIRVENGINE/desktop-client/database/migration.go:54.59,57.16 3 0
KNIRVENGINE/desktop-client/database/migration.go:57.16,59.3 1 0
KNIRVENGINE/desktop-client/database/migration.go:60.2,60.21 1 0
KNIRVENGINE/desktop-client/database/migration.go:64.44,66.16 2 0
KNIRVENGINE/desktop-client/database/migration.go:66.16,68.3 1 0
KNIRVENGINE/desktop-client/database/migration.go:70.2,76.41 3 0
KNIRVENGINE/desktop-client/database/migration.go:76.41,77.42 1 0
KNIRVENGINE/desktop-client/database/migration.go:77.42,78.12 1 0
KNIRVENGINE/desktop-client/database/migration.go:81.3,85.17 3 0
KNIRVENGINE/desktop-client/database/migration.go:85.17,87.4 1 0
KNIRVENGINE/desktop-client/database/migration.go:90.3,91.17 2 0
KNIRVENGINE/desktop-client/database/migration.go:91.17,94.4 2 0
KNIRVENGINE/desktop-client/database/migration.go:97.3,103.17 2 0
KNIRVENGINE/desktop-client/database/migration.go:103.17,106.4 2 0
KNIRVENGINE/desktop-client/database/migration.go:109.3,109.37 1 0
KNIRVENGINE/desktop-client/database/migration.go:109.37,111.4 1 0
KNIRVENGINE/desktop-client/database/migration.go:113.3,113.69 1 0
KNIRVENGINE/desktop-client/database/migration.go:116.2,117.16 2 0
KNIRVENGINE/desktop-client/database/migration.go:117.16,119.3 1 0
KNIRVENGINE/desktop-client/database/migration.go:121.2,122.12 2 0
KNIRVENGINE/desktop-client/database/migration.go:126.63,128.16 2 0
KNIRVENGINE/desktop-client/database/migration.go:128.16,130.3 1 0
KNIRVENGINE/desktop-client/database/migration.go:132.2,132.37 1 0
KNIRVENGINE/desktop-client/database/migration.go:132.37,135.3 2 0
KNIRVENGINE/desktop-client/database/migration.go:137.2,143.41 3 0
KNIRVENGINE/desktop-client/database/migration.go:143.41,144.79 1 0
KNIRVENGINE/desktop-client/database/migration.go:144.79,145.12 1 0
KNIRVENGINE/desktop-client/database/migration.go:148.3,152.17 3 0
KNIRVENGINE/desktop-client/database/migration.go:152.17,154.4 1 0
KNIRVENGINE/desktop-client/database/migration.go:157.3,158.17 2 0
KNIRVENGINE/desktop-client/database/migration.go:158.17,161.4 2 0
KNIRVENGINE/desktop-client/database/migration.go:164.3,165.17 2 0
KNIRVENGINE/desktop-client/database/migration.go:165.17,168.4 2 0
KNIRVENGINE/desktop-client/database/migration.go:171.3,171.37 1 0
KNIRVENGINE/desktop-client/database/migration.go:171.37,173.4 1 0
KNIRVENGINE/desktop-client/database/migration.go:175.3,175.73 1 0
KNIRVENGINE/desktop-client/database/migration.go:178.2,179.16 2 0
KNIRVENGINE/desktop-client/database/migration.go:179.16,181.3 1 0
KNIRVENGINE/desktop-client/database/migration.go:183.2,184.12 2 0
KNIRVENGINE/desktop-client/database/migration.go:192.11,194.16 2 0
KNIRVENGINE/desktop-client/database/migration.go:194.16,196.3 1 0
KNIRVENGINE/desktop-client/database/migration.go:197.2,205.18 3 0
KNIRVENGINE/desktop-client/database/migration.go:205.18,211.101 2 0
KNIRVENGINE/desktop-client/database/migration.go:211.101,213.4 1 0
KNIRVENGINE/desktop-client/database/migration.go:214.3,214.45 1 0
KNIRVENGINE/desktop-client/database/migration.go:217.2,217.35 1 0
KNIRVENGINE/desktop-client/database/migration.go:217.35,219.3 1 0
KNIRVENGINE/desktop-client/database/migration.go:221.2,221.24 1 0
KNIRVENGINE/desktop-client/database/migration.go:225.45,227.39 1 0
KNIRVENGINE/desktop-client/database/migration.go:227.39,228.44 1 0
KNIRVENGINE/desktop-client/database/migration.go:228.44,229.53 1 0
KNIRVENGINE/desktop-client/database/migration.go:229.53,231.5 1 0
KNIRVENGINE/desktop-client/database/migration.go:236.49,238.39 1 0
KNIRVENGINE/desktop-client/database/migration.go:238.39,239.44 1 0
KNIRVENGINE/desktop-client/database/migration.go:239.44,240.53 1 0
KNIRVENGINE/desktop-client/database/migration.go:240.53,242.5 1 0
KNIRVENGINE/desktop-client/database/permission_repository.go:22.64,26.2 1 0
KNIRVENGINE/desktop-client/database/permission_repository.go:29.102,39.16 4 0
KNIRVENGINE/desktop-client/database/permission_repository.go:39.16,40.27 1 0
KNIRVENGINE/desktop-client/database/permission_repository.go:40.27,42.4 1 0
KNIRVENGINE/desktop-client/database/permission_repository.go:43.3,43.62 1 0
KNIRVENGINE/desktop-client/database/permission_repository.go:46.2,46.25 1 0
KNIRVENGINE/desktop-client/database/permission_repository.go:50.107,60.16 4 0
KNIRVENGINE/desktop-client/database/permission_repository.go:60.16,61.27 1 0
KNIRVENGINE/desktop-client/database/permission_repository.go:61.27,63.4 1 0
KNIRVENGINE/desktop-client/database/permission_repository.go:64.3,64.62 1 0
KNIRVENGINE/desktop-client/database/permission_repository.go:67.2,67.25 1 0
KNIRVENGINE/desktop-client/database/permission_repository.go:71.92,75.16 3 0
KNIRVENGINE/desktop-client/database/permission_repository.go:75.16,77.3 1 0
KNIRVENGINE/desktop-client/database/permission_repository.go:78.2,81.18 3 0
KNIRVENGINE/desktop-client/database/permission_repository.go:81.18,88.17 3 0
KNIRVENGINE/desktop-client/database/permission_repository.go:88.17,90.4 1 0
KNIRVENGINE/desktop-client/database/permission_repository.go:91.3,91.49 1 0
KNIRVENGINE/desktop-client/database/permission_repository.go:94.2,94.35 1 0
KNIRVENGINE/desktop-client/database/permission_repository.go:94.35,96.3 1 0
KNIRVENGINE/desktop-client/database/permission_repository.go:98.2,98.25 1 0
KNIRVENGINE/desktop-client/database/permission_repository.go:102.100,109.16 3 0
KNIRVENGINE/desktop-client/database/permission_repository.go:109.16,111.3 1 0
KNIRVENGINE/desktop-client/database/permission_repository.go:113.2,114.16 2 0
KNIRVENGINE/desktop-client/database/permission_repository.go:114.16,116.3 1 0
KNIRVENGINE/desktop-client/database/permission_repository.go:118.2,119.12 2 0
KNIRVENGINE/desktop-client/database/permission_repository.go:123.100,131.16 3 0
KNIRVENGINE/desktop-client/database/permission_repository.go:131.16,133.3 1 0
KNIRVENGINE/desktop-client/database/permission_repository.go:135.2,135.12 1 0
KNIRVENGINE/desktop-client/database/permission_repository.go:139.86,143.16 3 0
KNIRVENGINE/desktop-client/database/permission_repository.go:143.16,145.3 1 0
KNIRVENGINE/desktop-client/database/permission_repository.go:147.2,147.12 1 0
KNIRVENGINE/desktop-client/database/permission_repository.go:151.115,160.16 3 0
KNIRVENGINE/desktop-client/database/permission_repository.go:160.16,162.3 1 0
KNIRVENGINE/desktop-client/database/permission_repository.go:163.2,166.18 3 0
KNIRVENGINE/desktop-client/database/permission_repository.go:166.18,173.17 3 0
KNIRVENGINE/desktop-client/database/permission_repository.go:173.17,175.4 1 0
KNIRVENGINE/desktop-client/database/permission_repository.go:176.3,176.49 1 0
KNIRVENGINE/desktop-client/database/permission_repository.go:179.2,179.35 1 0
KNIRVENGINE/desktop-client/database/permission_repository.go:179.35,181.3 1 0
KNIRVENGINE/desktop-client/database/permission_repository.go:183.2,183.25 1 0
KNIRVENGINE/desktop-client/database/permission_repository.go:187.112,197.16 3 0
KNIRVENGINE/desktop-client/database/permission_repository.go:197.16,199.3 1 0
KNIRVENGINE/desktop-client/database/permission_repository.go:200.2,203.18 3 0
KNIRVENGINE/desktop-client/database/permission_repository.go:203.18,210.17 3 0
KNIRVENGINE/desktop-client/database/permission_repository.go:210.17,212.4 1 0
KNIRVENGINE/desktop-client/database/permission_repository.go:213.3,213.49 1 0
KNIRVENGINE/desktop-client/database/permission_repository.go:216.2,216.35 1 0
KNIRVENGINE/desktop-client/database/permission_repository.go:216.35,218.3 1 0
KNIRVENGINE/desktop-client/database/permission_repository.go:220.2,220.25 1 0
KNIRVENGINE/desktop-client/database/permission_repository.go:224.118,235.16 4 0
KNIRVENGINE/desktop-client/database/permission_repository.go:235.16,237.3 1 0
KNIRVENGINE/desktop-client/database/permission_repository.go:239.2,239.23 1 0
KNIRVENGINE/desktop-client/database/role_repository.go:23.52,27.2 1 0
KNIRVENGINE/desktop-client/database/role_repository.go:30.89,40.16 4 0
KNIRVENGINE/desktop-client/database/role_repository.go:40.16,41.27 1 0
KNIRVENGINE/desktop-client/database/role_repository.go:41.27,43.4 1 0
KNIRVENGINE/desktop-client/database/role_repository.go:44.3,44.56 1 0
KNIRVENGINE/desktop-client/database/role_repository.go:47.2,47.19 1 0
KNIRVENGINE/desktop-client/database/role_repository.go:51.74,55.16 3 0
KNIRVENGINE/desktop-client/database/role_repository.go:55.16,57.3 1 0
KNIRVENGINE/desktop-client/database/role_repository.go:58.2,61.18 3 0
KNIRVENGINE/desktop-client/database/role_repository.go:61.18,68.17 3 0
KNIRVENGINE/desktop-client/database/role_repository.go:68.17,70.4 1 0
KNIRVENGINE/desktop-client/database/role_repository.go:71.3,71.31 1 0
KNIRVENGINE/desktop-client/database/role_repository.go:74.2,74.35 1 0
KNIRVENGINE/desktop-client/database/role_repository.go:74.35,76.3 1 0
KNIRVENGINE/desktop-client/database/role_repository.go:78.2,78.19 1 0
KNIRVENGINE/desktop-client/database/role_repository.go:82.76,92.16 4 0
KNIRVENGINE/desktop-client/database/role_repository.go:92.16,94.3 1 0
KNIRVENGINE/desktop-client/database/role_repository.go:96.2,96.12 1 0
KNIRVENGINE/desktop-client/database/role_repository.go:100.76,108.16 3 0
KNIRVENGINE/desktop-client/database/role_repository.go:108.16,110.3 1 0
KNIRVENGINE/desktop-client/database/role_repository.go:112.2,112.12 1 0
KNIRVENGINE/desktop-client/database/role_repository.go:116.77,120.16 3 0
KNIRVENGINE/desktop-client/database/role_repository.go:120.16,122.3 1 0
KNIRVENGINE/desktop-client/database/role_repository.go:124.2,124.12 1 0
KNIRVENGINE/desktop-client/database/role_repository.go:128.113,135.16 3 0
KNIRVENGINE/desktop-client/database/role_repository.go:135.16,137.3 1 0
KNIRVENGINE/desktop-client/database/role_repository.go:139.2,139.12 1 0
KNIRVENGINE/desktop-client/database/role_repository.go:143.115,150.16 3 0
KNIRVENGINE/desktop-client/database/role_repository.go:150.16,152.3 1 0
KNIRVENGINE/desktop-client/database/role_repository.go:154.2,154.12 1 0
KNIRVENGINE/desktop-client/database/role_repository.go:158.100,166.16 3 0
KNIRVENGINE/desktop-client/database/role_repository.go:166.16,168.3 1 0
KNIRVENGINE/desktop-client/database/role_repository.go:169.2,172.18 3 0
KNIRVENGINE/desktop-client/database/role_repository.go:172.18,175.17 3 0
KNIRVENGINE/desktop-client/database/role_repository.go:175.17,177.4 1 0
KNIRVENGINE/desktop-client/database/role_repository.go:178.3,178.44 1 0
KNIRVENGINE/desktop-client/database/role_repository.go:181.2,181.35 1 0
KNIRVENGINE/desktop-client/database/role_repository.go:181.35,183.3 1 0
KNIRVENGINE/desktop-client/database/role_repository.go:185.2,185.27 1 0
KNIRVENGINE/desktop-client/database/simple_domain_db.go:23.73,27.27 2 1
KNIRVENGINE/desktop-client/database/simple_domain_db.go:27.27,30.17 3 1
KNIRVENGINE/desktop-client/database/simple_domain_db.go:30.17,32.4 1 0
KNIRVENGINE/desktop-client/database/simple_domain_db.go:33.8,36.3 1 0
KNIRVENGINE/desktop-client/database/simple_domain_db.go:38.2,40.8 1 1
KNIRVENGINE/desktop-client/database/simple_domain_db.go:44.48,46.2 1 0
KNIRVENGINE/desktop-client/database/simple_domain_db.go:49.92,52.18 2 1
KNIRVENGINE/desktop-client/database/simple_domain_db.go:52.18,55.3 1 1
KNIRVENGINE/desktop-client/database/simple_domain_db.go:57.2,57.18 1 1
KNIRVENGINE/desktop-client/database/simple_domain_db.go:57.18,59.78 1 0
KNIRVENGINE/desktop-client/database/simple_domain_db.go:59.78,61.4 1 0
KNIRVENGINE/desktop-client/database/simple_domain_db.go:62.3,62.64 1 0
KNIRVENGINE/desktop-client/database/simple_domain_db.go:66.2,67.16 2 1
KNIRVENGINE/desktop-client/database/simple_domain_db.go:67.16,70.77 2 0
KNIRVENGINE/desktop-client/database/simple_domain_db.go:70.77,72.4 1 0
KNIRVENGINE/desktop-client/database/simple_domain_db.go:73.3,73.63 1 0
KNIRVENGINE/desktop-client/database/simple_domain_db.go:76.2,76.63 1 1
KNIRVENGINE/desktop-client/database/simple_domain_db.go:80.94,84.67 1 1
KNIRVENGINE/desktop-client/database/simple_domain_db.go:84.67,87.17 2 1
KNIRVENGINE/desktop-client/database/simple_domain_db.go:87.17,91.4 2 0
KNIRVENGINE/desktop-client/database/simple_domain_db.go:92.3,92.24 1 1
KNIRVENGINE/desktop-client/database/simple_domain_db.go:99.70,113.28 3 1
KNIRVENGINE/desktop-client/database/simple_domain_db.go:113.28,115.3 1 1
KNIRVENGINE/desktop-client/database/simple_domain_db.go:118.2,120.29 3 1
KNIRVENGINE/desktop-client/database/simple_domain_db.go:120.29,121.29 1 1
KNIRVENGINE/desktop-client/database/simple_domain_db.go:121.29,123.4 1 1
KNIRVENGINE/desktop-client/database/simple_domain_db.go:124.3,124.29 1 1
KNIRVENGINE/desktop-client/database/simple_domain_db.go:128.2,132.35 3 1
KNIRVENGINE/desktop-client/database/simple_domain_db.go:132.35,133.23 1 1
KNIRVENGINE/desktop-client/database/simple_domain_db.go:133.23,135.33 2 1
KNIRVENGINE/desktop-client/database/simple_domain_db.go:135.33,137.5 1 1
KNIRVENGINE/desktop-client/database/simple_domain_db.go:142.2,142.27 1 1
KNIRVENGINE/desktop-client/database/simple_domain_db.go:142.27,145.16 2 1
KNIRVENGINE/desktop-client/database/simple_domain_db.go:146.10,147.34 1 1
KNIRVENGINE/desktop-client/database/simple_domain_db.go:148.10,149.35 1 1
KNIRVENGINE/desktop-client/database/simple_domain_db.go:150.10,151.37 1 1
KNIRVENGINE/desktop-client/database/simple_domain_db.go:152.10,153.36 1 1
KNIRVENGINE/desktop-client/database/simple_domain_db.go:157.3,161.20 3 1
KNIRVENGINE/desktop-client/database/simple_domain_db.go:161.20,164.4 2 1
KNIRVENGINE/desktop-client/database/simple_domain_db.go:167.3,167.25 1 1
KNIRVENGINE/desktop-client/database/simple_domain_db.go:167.25,169.4 1 0
KNIRVENGINE/desktop-client/database/simple_domain_db.go:169.9,169.33 1 1
KNIRVENGINE/desktop-client/database/simple_domain_db.go:169.33,171.4 1 0
KNIRVENGINE/desktop-client/database/simple_domain_db.go:175.2,176.32 2 1
KNIRVENGINE/desktop-client/database/simple_domain_db.go:176.32,178.3 1 1
KNIRVENGINE/desktop-client/database/simple_domain_db.go:179.2,181.19 2 1
KNIRVENGINE/desktop-client/database/simple_domain_db.go:181.19,182.28 1 1
KNIRVENGINE/desktop-client/database/simple_domain_db.go:182.28,184.4 1 1
KNIRVENGINE/desktop-client/database/simple_domain_db.go:187.2,188.23 2 1
KNIRVENGINE/desktop-client/database/simple_domain_db.go:192.42,195.2 1 1
KNIRVENGINE/desktop-client/database/simple_domain_db.go:217.86,221.2 1 1
KNIRVENGINE/desktop-client/database/simple_domain_db.go:224.92,226.20 1 1
KNIRVENGINE/desktop-client/database/simple_domain_db.go:226.20,228.3 1 1
KNIRVENGINE/desktop-client/database/simple_domain_db.go:231.2,231.30 1 1
KNIRVENGINE/desktop-client/database/simple_domain_db.go:231.30,233.3 1 0
KNIRVENGINE/desktop-client/database/simple_domain_db.go:236.2,256.67 3 1
KNIRVENGINE/desktop-client/database/simple_domain_db.go:260.100,263.16 2 1
KNIRVENGINE/desktop-client/database/simple_domain_db.go:263.16,265.3 1 0
KNIRVENGINE/desktop-client/database/simple_domain_db.go:268.2,268.38 1 1
KNIRVENGINE/desktop-client/database/simple_domain_db.go:272.92,275.16 2 0
KNIRVENGINE/desktop-client/database/simple_domain_db.go:275.16,277.3 1 0
KNIRVENGINE/desktop-client/database/simple_domain_db.go:280.2,302.16 4 0
KNIRVENGINE/desktop-client/database/simple_domain_db.go:302.16,304.3 1 0
KNIRVENGINE/desktop-client/database/simple_domain_db.go:307.2,307.67 1 0
KNIRVENGINE/desktop-client/database/simple_domain_db.go:311.83,314.16 2 0
KNIRVENGINE/desktop-client/database/simple_domain_db.go:314.16,316.3 1 0
KNIRVENGINE/desktop-client/database/simple_domain_db.go:319.2,320.16 2 0
KNIRVENGINE/desktop-client/database/simple_domain_db.go:320.16,323.3 2 0
KNIRVENGINE/desktop-client/database/simple_domain_db.go:325.2,326.12 2 0
KNIRVENGINE/desktop-client/database/simple_domain_db.go:330.110,341.16 4 1
KNIRVENGINE/desktop-client/database/simple_domain_db.go:341.16,344.3 1 0
KNIRVENGINE/desktop-client/database/simple_domain_db.go:347.2,347.23 1 1
KNIRVENGINE/desktop-client/database/simple_domain_db.go:347.23,349.3 1 0
KNIRVENGINE/desktop-client/database/simple_domain_db.go:353.2,353.43 1 1
KNIRVENGINE/desktop-client/database/simple_domain_db.go:353.43,355.17 2 1
KNIRVENGINE/desktop-client/database/simple_domain_db.go:355.17,357.9 1 1
KNIRVENGINE/desktop-client/database/simple_domain_db.go:360.3,363.27 2 0
KNIRVENGINE/desktop-client/database/simple_domain_db.go:363.27,364.9 1 0
KNIRVENGINE/desktop-client/database/simple_domain_db.go:369.2,370.33 2 1
KNIRVENGINE/desktop-client/database/simple_domain_db.go:370.33,376.17 2 1
KNIRVENGINE/desktop-client/database/simple_domain_db.go:376.17,378.4 1 0
KNIRVENGINE/desktop-client/database/simple_domain_db.go:379.3,379.20 1 1
KNIRVENGINE/desktop-client/database/simple_domain_db.go:382.2,382.20 1 1
KNIRVENGINE/desktop-client/database/simple_domain_db.go:386.72,388.16 2 1
KNIRVENGINE/desktop-client/database/simple_domain_db.go:388.16,390.3 1 0
KNIRVENGINE/desktop-client/database/simple_domain_db.go:392.2,393.16 2 1
KNIRVENGINE/desktop-client/database/simple_domain_db.go:393.16,395.3 1 0
KNIRVENGINE/desktop-client/database/simple_domain_db.go:397.2,398.58 2 1
KNIRVENGINE/desktop-client/database/simple_domain_db.go:398.58,400.3 1 1
KNIRVENGINE/desktop-client/database/simple_domain_db.go:402.2,415.19 2 1
KNIRVENGINE/desktop-client/database/simple_domain_db_test_additional.go:12.42,13.57 1 0
KNIRVENGINE/desktop-client/database/simple_domain_db_test_additional.go:13.57,19.3 5 0
KNIRVENGINE/desktop-client/database/simple_domain_db_test_additional.go:21.2,21.58 1 0
KNIRVENGINE/desktop-client/database/simple_domain_db_test_additional.go:21.58,34.3 9 0
KNIRVENGINE/desktop-client/database/simple_domain_db_test_additional.go:36.2,36.63 1 0
KNIRVENGINE/desktop-client/database/simple_domain_db_test_additional.go:36.63,43.17 3 0
KNIRVENGINE/desktop-client/database/simple_domain_db_test_additional.go:43.17,46.4 2 0
KNIRVENGINE/desktop-client/database/simple_domain_db_test_additional.go:46.9,48.4 1 0
KNIRVENGINE/desktop-client/database/simple_domain_db_test_additional.go:52.45,53.58 1 0
KNIRVENGINE/desktop-client/database/simple_domain_db_test_additional.go:53.58,60.3 5 0
KNIRVENGINE/desktop-client/database/simple_domain_db_test_additional.go:63.61,64.53 1 0
KNIRVENGINE/desktop-client/database/simple_domain_db_test_additional.go:64.53,72.17 4 0
KNIRVENGINE/desktop-client/database/simple_domain_db_test_additional.go:72.17,76.4 2 0
KNIRVENGINE/desktop-client/database/simple_domain_db_test_additional.go:76.9,78.4 1 0
KNIRVENGINE/desktop-client/database/simple_domain_db_test_additional.go:81.2,81.60 1 0
KNIRVENGINE/desktop-client/database/simple_domain_db_test_additional.go:81.60,88.17 4 0
KNIRVENGINE/desktop-client/database/simple_domain_db_test_additional.go:88.17,91.4 2 0
KNIRVENGINE/desktop-client/database/simple_domain_db_test_additional.go:91.9,93.4 1 0
KNIRVENGINE/desktop-client/database/simple_domain_db_test_additional.go:96.2,96.55 1 0
KNIRVENGINE/desktop-client/database/simple_domain_db_test_additional.go:96.55,109.18 6 0
KNIRVENGINE/desktop-client/database/simple_domain_db_test_additional.go:109.18,111.4 1 0
KNIRVENGINE/desktop-client/database/simple_domain_db_test_additional.go:111.9,115.4 3 0
KNIRVENGINE/desktop-client/database/simple_domain_db_test_additional.go:120.49,121.66 1 0
KNIRVENGINE/desktop-client/database/simple_domain_db_test_additional.go:121.66,142.3 12 0
KNIRVENGINE/desktop-client/database/simple_domain_db_test_additional.go:144.2,144.75 1 0
KNIRVENGINE/desktop-client/database/simple_domain_db_test_additional.go:144.75,153.3 5 0
KNIRVENGINE/desktop-client/database/simple_domain_db_test_additional.go:157.55,158.74 1 0
KNIRVENGINE/desktop-client/database/simple_domain_db_test_additional.go:158.74,169.3 5 0
KNIRVENGINE/desktop-client/database/simple_domain_db_test_additional.go:173.53,174.68 1 0
KNIRVENGINE/desktop-client/database/simple_domain_db_test_additional.go:174.68,177.16 2 0
KNIRVENGINE/desktop-client/database/simple_domain_db_test_additional.go:177.16,178.33 1 0
KNIRVENGINE/desktop-client/database/simple_domain_db_test_additional.go:178.33,180.5 1 0
KNIRVENGINE/desktop-client/database/simple_domain_db_test_additional.go:180.10,182.5 1 0
KNIRVENGINE/desktop-client/database/simple_domain_db_test_additional.go:186.3,195.17 5 0
KNIRVENGINE/desktop-client/database/simple_domain_db_test_additional.go:195.17,197.4 1 0
KNIRVENGINE/desktop-client/database/simple_domain_db_test_additional.go:197.9,199.4 1 0
KNIRVENGINE/desktop-client/database/simple_domain_db_test_additional.go:202.2,202.60 1 0
KNIRVENGINE/desktop-client/database/simple_domain_db_test_additional.go:202.60,205.16 2 0
KNIRVENGINE/desktop-client/database/simple_domain_db_test_additional.go:205.16,206.33 1 0
KNIRVENGINE/desktop-client/database/simple_domain_db_test_additional.go:206.33,208.5 1 0
KNIRVENGINE/desktop-client/database/simple_domain_db_test_additional.go:208.10,210.5 1 0
KNIRVENGINE/desktop-client/database/simple_domain_db_test_additional.go:214.3,221.31 5 0
KNIRVENGINE/desktop-client/database/simple_domain_db_test_additional.go:226.51,227.67 1 0
KNIRVENGINE/desktop-client/database/simple_domain_db_test_additional.go:227.67,236.13 6 0
KNIRVENGINE/desktop-client/database/simple_domain_db_test_additional.go:236.13,239.4 2 0
KNIRVENGINE/desktop-client/database/simple_domain_db_test_additional.go:241.3,241.13 1 0
KNIRVENGINE/desktop-client/database/simple_domain_db_test_additional.go:241.13,244.4 2 0
KNIRVENGINE/desktop-client/database/simple_domain_db_test_additional.go:247.3,254.24 6 0
KNIRVENGINE/desktop-client/database/token_repository.go:26.54,30.2 1 0
KNIRVENGINE/desktop-client/database/token_repository.go:33.90,46.16 4 0
KNIRVENGINE/desktop-client/database/token_repository.go:46.16,47.27 1 0
KNIRVENGINE/desktop-client/database/token_repository.go:47.27,49.4 1 0
KNIRVENGINE/desktop-client/database/token_repository.go:50.3,50.57 1 0
KNIRVENGINE/desktop-client/database/token_repository.go:53.2,53.20 1 0
KNIRVENGINE/desktop-client/database/token_repository.go:57.102,70.16 4 0
KNIRVENGINE/desktop-client/database/token_repository.go:70.16,71.27 1 0
KNIRVENGINE/desktop-client/database/token_repository.go:71.27,73.4 1 0
KNIRVENGINE/desktop-client/database/token_repository.go:74.3,74.57 1 0
KNIRVENGINE/desktop-client/database/token_repository.go:78.2,78.66 1 0
KNIRVENGINE/desktop-client/database/token_repository.go:78.66,80.3 1 0
KNIRVENGINE/desktop-client/database/token_repository.go:82.2,82.20 1 0
KNIRVENGINE/desktop-client/database/token_repository.go:86.101,90.16 3 0
KNIRVENGINE/desktop-client/database/token_repository.go:90.16,92.3 1 0
KNIRVENGINE/desktop-client/database/token_repository.go:93.2,96.18 3 0
KNIRVENGINE/desktop-client/database/token_repository.go:96.18,106.17 3 0
KNIRVENGINE/desktop-client/database/token_repository.go:106.17,108.4 1 0
KNIRVENGINE/desktop-client/database/token_repository.go:109.3,109.34 1 0
KNIRVENGINE/desktop-client/database/token_repository.go:112.2,112.35 1 0
KNIRVENGINE/desktop-client/database/token_repository.go:112.35,114.3 1 0
KNIRVENGINE/desktop-client/database/token_repository.go:116.2,116.20 1 0
KNIRVENGINE/desktop-client/database/token_repository.go:120.83,130.16 4 0
KNIRVENGINE/desktop-client/database/token_repository.go:130.16,132.3 1 0
KNIRVENGINE/desktop-client/database/token_repository.go:134.2,135.16 2 0
KNIRVENGINE/desktop-client/database/token_repository.go:135.16,137.3 1 0
KNIRVENGINE/desktop-client/database/token_repository.go:139.2,140.12 2 0
KNIRVENGINE/desktop-client/database/token_repository.go:144.83,152.16 3 0
KNIRVENGINE/desktop-client/database/token_repository.go:152.16,154.3 1 0
KNIRVENGINE/desktop-client/database/token_repository.go:156.2,156.12 1 0
KNIRVENGINE/desktop-client/database/token_repository.go:160.76,164.16 3 0
KNIRVENGINE/desktop-client/database/token_repository.go:164.16,166.3 1 0
KNIRVENGINE/desktop-client/database/token_repository.go:168.2,168.12 1 0
KNIRVENGINE/desktop-client/database/token_repository.go:172.83,176.16 3 0
KNIRVENGINE/desktop-client/database/token_repository.go:176.16,178.3 1 0
KNIRVENGINE/desktop-client/database/token_repository.go:180.2,181.16 2 0
KNIRVENGINE/desktop-client/database/token_repository.go:181.16,183.3 1 0
KNIRVENGINE/desktop-client/database/token_repository.go:185.2,185.19 1 0
KNIRVENGINE/desktop-client/database/user_repository.go:29.52,33.2 1 1
KNIRVENGINE/desktop-client/database/user_repository.go:36.84,49.16 4 1
KNIRVENGINE/desktop-client/database/user_repository.go:49.16,50.36 1 1
KNIRVENGINE/desktop-client/database/user_repository.go:50.36,52.4 1 1
KNIRVENGINE/desktop-client/database/user_repository.go:53.3,53.56 1 1
KNIRVENGINE/desktop-client/database/user_repository.go:56.2,56.19 1 1
KNIRVENGINE/desktop-client/database/user_repository.go:60.76,73.16 4 1
KNIRVENGINE/desktop-client/database/user_repository.go:73.16,74.36 1 1
KNIRVENGINE/desktop-client/database/user_repository.go:74.36,76.4 1 1
KNIRVENGINE/desktop-client/database/user_repository.go:77.3,77.56 1 0
KNIRVENGINE/desktop-client/database/user_repository.go:80.2,80.19 1 1
KNIRVENGINE/desktop-client/database/user_repository.go:84.72,87.16 2 1
KNIRVENGINE/desktop-client/database/user_repository.go:87.16,89.3 1 0
KNIRVENGINE/desktop-client/database/user_repository.go:92.2,98.16 5 1
KNIRVENGINE/desktop-client/database/user_repository.go:98.16,100.3 1 0
KNIRVENGINE/desktop-client/database/user_repository.go:101.2,110.16 4 1
KNIRVENGINE/desktop-client/database/user_repository.go:110.16,112.3 1 1
KNIRVENGINE/desktop-client/database/user_repository.go:115.2,116.16 2 1
KNIRVENGINE/desktop-client/database/user_repository.go:116.16,118.3 1 0
KNIRVENGINE/desktop-client/database/user_repository.go:119.2,128.16 4 1
KNIRVENGINE/desktop-client/database/user_repository.go:128.16,130.3 1 0
KNIRVENGINE/desktop-client/database/user_repository.go:133.2,133.36 1 1
KNIRVENGINE/desktop-client/database/user_repository.go:133.36,135.3 1 0
KNIRVENGINE/desktop-client/database/user_repository.go:137.2,137.12 1 1
KNIRVENGINE/desktop-client/database/user_repository.go:141.55,151.16 4 1
KNIRVENGINE/desktop-client/database/user_repository.go:151.16,153.3 1 0
KNIRVENGINE/desktop-client/database/user_repository.go:155.2,155.12 1 1
KNIRVENGINE/desktop-client/database/user_repository.go:159.81,162.16 2 0
KNIRVENGINE/desktop-client/database/user_repository.go:162.16,164.3 1 0
KNIRVENGINE/desktop-client/database/user_repository.go:166.2,173.16 3 0
KNIRVENGINE/desktop-client/database/user_repository.go:173.16,175.3 1 0
KNIRVENGINE/desktop-client/database/user_repository.go:177.2,177.12 1 0
KNIRVENGINE/desktop-client/database/user_repository.go:181.57,184.16 2 0
KNIRVENGINE/desktop-client/database/user_repository.go:184.16,186.3 1 0
KNIRVENGINE/desktop-client/database/user_repository.go:187.2,191.16 3 0
KNIRVENGINE/desktop-client/database/user_repository.go:191.16,193.3 1 0
KNIRVENGINE/desktop-client/database/user_repository.go:196.2,197.16 2 0
KNIRVENGINE/desktop-client/database/user_repository.go:197.16,199.3 1 0
KNIRVENGINE/desktop-client/database/user_repository.go:202.2,202.36 1 0
KNIRVENGINE/desktop-client/database/user_repository.go:202.36,204.3 1 0
KNIRVENGINE/desktop-client/database/user_repository.go:206.2,206.12 1 0
KNIRVENGINE/desktop-client/database/user_repository.go:210.82,220.16 4 0
KNIRVENGINE/desktop-client/database/user_repository.go:220.16,221.36 1 0
KNIRVENGINE/desktop-client/database/user_repository.go:221.36,223.4 1 0
KNIRVENGINE/desktop-client/database/user_repository.go:224.3,224.67 1 0
KNIRVENGINE/desktop-client/database/user_repository.go:228.2,229.16 2 0
KNIRVENGINE/desktop-client/database/user_repository.go:229.16,230.58 1 0
KNIRVENGINE/desktop-client/database/user_repository.go:230.58,232.4 1 0
KNIRVENGINE/desktop-client/database/user_repository.go:233.3,233.66 1 0
KNIRVENGINE/desktop-client/database/user_repository.go:236.2,236.18 1 0
KNIRVENGINE/desktop-client/database/user_repository.go:240.74,244.16 3 0
KNIRVENGINE/desktop-client/database/user_repository.go:244.16,246.3 1 0
KNIRVENGINE/desktop-client/database/user_repository.go:247.2,250.18 3 0
KNIRVENGINE/desktop-client/database/user_repository.go:250.18,260.17 3 0
KNIRVENGINE/desktop-client/database/user_repository.go:260.17,262.4 1 0
KNIRVENGINE/desktop-client/database/user_repository.go:263.3,263.31 1 0
KNIRVENGINE/desktop-client/database/user_repository.go:266.2,266.35 1 0
KNIRVENGINE/desktop-client/database/user_repository.go:266.35,268.3 1 0
KNIRVENGINE/desktop-client/database/user_repository.go:270.2,270.19 1 0
KNIRVENGINE/desktop-client/database/validation_storage.go:16.46,28.2 6 0
KNIRVENGINE/desktop-client/database/validation_storage.go:31.95,32.50 1 0
KNIRVENGINE/desktop-client/database/validation_storage.go:32.50,34.3 1 0
KNIRVENGINE/desktop-client/database/validation_storage.go:35.2,35.12 1 0
KNIRVENGINE/desktop-client/database/validation_storage.go:39.95,40.50 1 0
KNIRVENGINE/desktop-client/database/validation_storage.go:40.50,42.3 1 0
KNIRVENGINE/desktop-client/database/validation_storage.go:43.2,43.12 1 0
KNIRVENGINE/desktop-client/database/validation_storage.go:47.88,48.14 1 0
KNIRVENGINE/desktop-client/database/validation_storage.go:48.14,50.3 1 0
KNIRVENGINE/desktop-client/database/validation_storage.go:53.2,53.53 1 0
KNIRVENGINE/desktop-client/database/validation_storage.go:53.53,55.3 1 0
KNIRVENGINE/desktop-client/database/validation_storage.go:57.2,57.12 1 0
KNIRVENGINE/desktop-client/database/validation_storage.go:61.93,63.2 1 0
KNIRVENGINE/desktop-client/database/validation_storage.go:66.99,68.2 1 0
KNIRVENGINE/desktop-client/database/validation_storage.go:71.91,73.2 1 0
KNIRVENGINE/desktop-client/database/validation_storage.go:78.54,82.39 3 0
KNIRVENGINE/desktop-client/database/validation_storage.go:82.39,83.29 1 0
KNIRVENGINE/desktop-client/database/validation_storage.go:83.29,85.4 1 0
KNIRVENGINE/desktop-client/database/validation_storage.go:88.2,88.14 1 0
KNIRVENGINE/desktop-client/database/validation_storage.go:92.56,96.43 3 0
KNIRVENGINE/desktop-client/database/validation_storage.go:96.43,97.33 1 0
KNIRVENGINE/desktop-client/database/validation_storage.go:97.33,99.4 1 0
KNIRVENGINE/desktop-client/database/validation_storage.go:102.2,102.14 1 0
KNIRVENGINE/desktop-client/database/validation_storage.go:106.51,110.44 3 0
KNIRVENGINE/desktop-client/database/validation_storage.go:110.44,111.28 1 0
KNIRVENGINE/desktop-client/database/validation_storage.go:111.28,113.4 1 0
KNIRVENGINE/desktop-client/database/validation_storage.go:116.2,116.14 1 0
KNIRVENGINE/desktop-client/database/validation_storage.go:120.55,124.51 2 0
KNIRVENGINE/desktop-client/database/validation_storage.go:124.51,126.3 1 0
KNIRVENGINE/desktop-client/database/validation_storage.go:129.2,129.34 1 0
KNIRVENGINE/desktop-client/database/validation_storage.go:129.34,133.48 1 0
KNIRVENGINE/desktop-client/database/validation_storage.go:133.48,135.4 1 0
KNIRVENGINE/desktop-client/database/validation_storage.go:138.2,138.13 1 0
KNIRVENGINE/desktop-client/database/validation_storage.go:151.97,154.65 2 0
KNIRVENGINE/desktop-client/database/validation_storage.go:154.65,155.46 1 0
KNIRVENGINE/desktop-client/database/validation_storage.go:155.46,164.4 2 0
KNIRVENGINE/desktop-client/database/validation_storage.go:167.2,167.25 1 0
KNIRVENGINE/desktop-client/database/validation_storage.go:171.85,176.13 4 0
KNIRVENGINE/desktop-client/database/validation_storage.go:177.18,178.46 1 0
KNIRVENGINE/desktop-client/database/validation_storage.go:179.13,180.77 1 0
KNIRVENGINE/desktop-client/database/validation_storage.go:181.13,182.76 1 0
KNIRVENGINE/desktop-client/database/validation_storage.go:183.15,184.64 1 0
KNIRVENGINE/desktop-client/database/validation_storage.go:185.13,186.54 1 0
KNIRVENGINE/desktop-client/database/validation_storage.go:187.14,188.55 1 0
KNIRVENGINE/desktop-client/database/validation_storage.go:189.20,190.102 1 0
KNIRVENGINE/desktop-client/database/validation_storage.go:191.22,192.88 1 0
KNIRVENGINE/desktop-client/database/validation_storage.go:193.16,194.57 1 0
KNIRVENGINE/desktop-client/database/validation_storage.go:195.20,196.61 1 0
KNIRVENGINE/desktop-client/database/validation_storage.go:197.15,198.60 1 0
KNIRVENGINE/desktop-client/database/validation_storage.go:199.13,200.77 1 0
KNIRVENGINE/desktop-client/database/validation_storage.go:201.13,202.74 1 0
KNIRVENGINE/desktop-client/database/validation_storage.go:203.10,204.45 1 0
KNIRVENGINE/desktop-client/database/validation_storage.go:209.64,211.2 1 0
KNIRVENGINE/desktop-client/database/validation_storage.go:214.91,216.2 1 0
KNIRVENGINE/desktop-client/database/validation_storage.go:219.80,221.2 1 0
KNIRVENGINE/desktop-client/database/validation_storage.go:230.75,235.2 1 0
KNIRVENGINE/desktop-client/database/validation_storage.go:238.99,240.68 1 0
KNIRVENGINE/desktop-client/database/validation_storage.go:240.68,242.3 1 0
KNIRVENGINE/desktop-client/database/validation_storage.go:247.2,247.12 1 0
KNIRVENGINE/desktop-client/database/validation_storage.go:251.99,253.71 1 0
KNIRVENGINE/desktop-client/database/validation_storage.go:253.71,255.3 1 0
KNIRVENGINE/desktop-client/database/validation_storage.go:258.2,258.12 1 0
KNIRVENGINE/desktop-client/database/validation_storage.go:262.91,264.68 1 0
KNIRVENGINE/desktop-client/database/validation_storage.go:264.68,266.3 1 0
KNIRVENGINE/desktop-client/database/validation_storage.go:269.2,269.12 1 0
KNIRVENGINE/desktop-client/database/workflow_repository.go:19.83,23.2 1 0
KNIRVENGINE/desktop-client/database/workflow_repository.go:26.105,28.23 1 0
KNIRVENGINE/desktop-client/database/workflow_repository.go:28.23,30.3 1 0
KNIRVENGINE/desktop-client/database/workflow_repository.go:33.2,33.33 1 0
KNIRVENGINE/desktop-client/database/workflow_repository.go:33.33,35.3 1 0
KNIRVENGINE/desktop-client/database/workflow_repository.go:38.2,48.32 2 0
KNIRVENGINE/desktop-client/database/workflow_repository.go:48.32,50.3 1 0
KNIRVENGINE/desktop-client/database/workflow_repository.go:52.2,52.27 1 0
KNIRVENGINE/desktop-client/database/workflow_repository.go:52.27,54.3 1 0
KNIRVENGINE/desktop-client/database/workflow_repository.go:57.2,64.43 2 0
KNIRVENGINE/desktop-client/database/workflow_repository.go:68.110,71.16 2 0
KNIRVENGINE/desktop-client/database/workflow_repository.go:71.16,73.3 1 0
KNIRVENGINE/desktop-client/database/workflow_repository.go:76.2,76.32 1 0
KNIRVENGINE/desktop-client/database/workflow_repository.go:80.105,83.16 2 0
KNIRVENGINE/desktop-client/database/workflow_repository.go:83.16,85.3 1 0
KNIRVENGINE/desktop-client/database/workflow_repository.go:88.2,98.32 2 0
KNIRVENGINE/desktop-client/database/workflow_repository.go:98.32,100.3 1 0
KNIRVENGINE/desktop-client/database/workflow_repository.go:102.2,102.27 1 0
KNIRVENGINE/desktop-client/database/workflow_repository.go:102.27,104.3 1 0
KNIRVENGINE/desktop-client/database/workflow_repository.go:107.2,114.46 2 0
KNIRVENGINE/desktop-client/database/workflow_repository.go:118.89,120.2 1 0
KNIRVENGINE/desktop-client/database/workflow_repository.go:123.120,130.16 3 0
KNIRVENGINE/desktop-client/database/workflow_repository.go:130.16,132.3 1 0
KNIRVENGINE/desktop-client/database/workflow_repository.go:135.2,136.27 2 0
KNIRVENGINE/desktop-client/database/workflow_repository.go:136.27,138.17 2 0
KNIRVENGINE/desktop-client/database/workflow_repository.go:138.17,140.4 1 0
KNIRVENGINE/desktop-client/database/workflow_repository.go:141.3,141.26 1 0
KNIRVENGINE/desktop-client/database/workflow_repository.go:144.2,144.23 1 0
KNIRVENGINE/desktop-client/database/workflow_repository.go:148.121,155.16 3 0
KNIRVENGINE/desktop-client/database/workflow_repository.go:155.16,157.3 1 0
KNIRVENGINE/desktop-client/database/workflow_repository.go:160.2,161.27 2 0
KNIRVENGINE/desktop-client/database/workflow_repository.go:161.27,163.17 2 0
KNIRVENGINE/desktop-client/database/workflow_repository.go:163.17,165.4 1 0
KNIRVENGINE/desktop-client/database/workflow_repository.go:166.3,166.26 1 0
KNIRVENGINE/desktop-client/database/workflow_repository.go:169.2,169.23 1 0
KNIRVENGINE/desktop-client/database/workflow_repository.go:173.65,175.16 2 0
KNIRVENGINE/desktop-client/database/workflow_repository.go:175.16,177.3 1 0
KNIRVENGINE/desktop-client/database/workflow_repository.go:179.2,180.16 2 0
KNIRVENGINE/desktop-client/database/workflow_repository.go:180.16,182.3 1 0
KNIRVENGINE/desktop-client/database/workflow_repository.go:184.2,196.72 2 0
KNIRVENGINE/desktop-client/database/workflow_repository.go:196.72,198.17 2 0
KNIRVENGINE/desktop-client/database/workflow_repository.go:198.17,200.4 1 0
KNIRVENGINE/desktop-client/database/workflow_repository.go:201.3,201.29 1 0
KNIRVENGINE/desktop-client/database/workflow_repository.go:204.2,204.22 1 0
KNIRVENGINE/desktop-client/database/workflow_repository.go:208.42,209.13 1 0
KNIRVENGINE/desktop-client/database/workflow_repository.go:209.13,211.3 1 0
KNIRVENGINE/desktop-client/database/workflow_repository.go:212.2,214.20 3 0
KNIRVENGINE/desktop-client/database/workflow_repository.go:218.120,221.16 2 0
KNIRVENGINE/desktop-client/database/workflow_repository.go:221.16,223.3 1 0
KNIRVENGINE/desktop-client/database/workflow_repository.go:226.2,240.37 8 0
KNIRVENGINE/desktop-client/database/workflow_repository.go:240.37,242.73 1 0
KNIRVENGINE/desktop-client/database/workflow_repository.go:242.73,244.4 1 0
KNIRVENGINE/desktop-client/database/workflow_repository.go:247.3,250.37 2 0
KNIRVENGINE/desktop-client/database/workflow_repository.go:250.37,254.34 2 0
KNIRVENGINE/desktop-client/database/workflow_repository.go:254.34,258.5 3 0
KNIRVENGINE/desktop-client/database/workflow_repository.go:263.2,263.26 1 0
KNIRVENGINE/desktop-client/database/workflow_repository.go:263.26,265.3 1 0
KNIRVENGINE/desktop-client/database/workflow_repository.go:268.2,268.24 1 0
KNIRVENGINE/desktop-client/database/workflow_repository.go:268.24,270.3 1 0
KNIRVENGINE/desktop-client/database/workflow_repository.go:273.2,275.19 2 0
KNIRVENGINE/desktop-client/database/workflow_repository.go:279.134,282.16 2 0
KNIRVENGINE/desktop-client/database/workflow_repository.go:282.16,284.3 1 0
KNIRVENGINE/desktop-client/database/workflow_repository.go:287.2,288.37 2 0
KNIRVENGINE/desktop-client/database/workflow_repository.go:288.37,290.3 1 0
KNIRVENGINE/desktop-client/database/workflow_repository.go:293.2,294.42 2 0
KNIRVENGINE/desktop-client/database/workflow_repository.go:294.42,299.3 1 0
KNIRVENGINE/desktop-client/database/workflow_repository.go:302.2,302.44 1 0
KNIRVENGINE/desktop-client/database/workflow_repository.go:302.44,303.49 1 0
KNIRVENGINE/desktop-client/database/workflow_repository.go:303.49,304.59 1 0
KNIRVENGINE/desktop-client/database/workflow_repository.go:304.59,306.5 1 0
KNIRVENGINE/desktop-client/database/workflow_repository.go:311.2,311.34 1 0
KNIRVENGINE/desktop-client/database/workflow_repository.go:311.34,313.3 1 0
KNIRVENGINE/desktop-client/database/workflow_repository.go:315.2,315.29 1 0
KNIRVENGINE/desktop-client/scripts/update-agent-images/main.go:15.13,20.16 3 0
KNIRVENGINE/desktop-client/scripts/update-agent-images/main.go:20.16,22.3 1 0
KNIRVENGINE/desktop-client/scripts/update-agent-images/main.go:23.2,26.57 2 0
KNIRVENGINE/desktop-client/scripts/update-agent-images/main.go:26.57,29.3 2 0
KNIRVENGINE/desktop-client/scripts/update-agent-images/main.go:32.2,33.16 2 0
KNIRVENGINE/desktop-client/scripts/update-agent-images/main.go:33.16,35.3 1 0
KNIRVENGINE/desktop-client/scripts/update-agent-images/main.go:36.2,40.16 3 0
KNIRVENGINE/desktop-client/scripts/update-agent-images/main.go:40.16,42.3 1 0
KNIRVENGINE/desktop-client/scripts/update-agent-images/main.go:44.2,49.16 4 0
KNIRVENGINE/desktop-client/scripts/update-agent-images/main.go:49.16,51.3 1 0
KNIRVENGINE/desktop-client/scripts/update-agent-images/main.go:53.2,53.22 1 0
KNIRVENGINE/desktop-client/scripts/update-agent-images/main.go:53.22,56.3 2 0
KNIRVENGINE/desktop-client/scripts/update-agent-images/main.go:58.2,64.31 4 0
KNIRVENGINE/desktop-client/scripts/update-agent-images/main.go:64.31,68.42 2 0
KNIRVENGINE/desktop-client/scripts/update-agent-images/main.go:68.42,71.12 3 0
KNIRVENGINE/desktop-client/scripts/update-agent-images/main.go:75.3,75.36 1 0
KNIRVENGINE/desktop-client/scripts/update-agent-images/main.go:75.36,78.12 3 0
KNIRVENGINE/desktop-client/scripts/update-agent-images/main.go:82.3,86.59 3 0
KNIRVENGINE/desktop-client/scripts/update-agent-images/main.go:86.59,88.12 2 0
KNIRVENGINE/desktop-client/scripts/update-agent-images/main.go:91.3,92.17 2 0
KNIRVENGINE/desktop-client/scripts/update-agent-images/main.go:99.2,104.22 5 0
KNIRVENGINE/desktop-client/scripts/update-agent-images/main.go:104.22,107.3 2 0
KNIRVENGINE/desktop-client/scripts/update-agent-images/main.go:107.8,109.3 1 0
KNIRVENGINE/desktop-client/scripts/update-agent-images/main.go:113.42,129.46 2 0
KNIRVENGINE/desktop-client/scripts/update-agent-images/main.go:129.46,130.29 1 0
KNIRVENGINE/desktop-client/scripts/update-agent-images/main.go:130.29,132.4 1 0
KNIRVENGINE/desktop-client/scripts/update-agent-images/main.go:136.2,136.13 1 0
KNIRVENGINE/desktop-client/knirvchain/KNIRVCHAIN_Service.go:38.99,39.34 1 0
KNIRVENGINE/desktop-client/knirvchain/KNIRVCHAIN_Service.go:39.34,41.3 1 0
KNIRVENGINE/desktop-client/knirvchain/KNIRVCHAIN_Service.go:42.2,42.22 1 0
KNIRVENGINE/desktop-client/knirvchain/KNIRVCHAIN_Service.go:42.22,44.3 1 0
KNIRVENGINE/desktop-client/knirvchain/KNIRVCHAIN_Service.go:45.2,45.32 1 0
KNIRVENGINE/desktop-client/knirvchain/KNIRVCHAIN_Service.go:45.32,47.3 1 0
KNIRVENGINE/desktop-client/knirvchain/KNIRVCHAIN_Service.go:49.2,55.8 1 0
KNIRVENGINE/desktop-client/knirvchain/KNIRVCHAIN_Service.go:84.48,101.16 4 0
KNIRVENGINE/desktop-client/knirvchain/KNIRVCHAIN_Service.go:101.16,103.3 1 0
KNIRVENGINE/desktop-client/knirvchain/KNIRVCHAIN_Service.go:105.2,106.16 2 0
KNIRVENGINE/desktop-client/knirvchain/KNIRVCHAIN_Service.go:106.16,108.3 1 0
KNIRVENGINE/desktop-client/knirvchain/KNIRVCHAIN_Service.go:109.2,112.16 3 0
KNIRVENGINE/desktop-client/knirvchain/KNIRVCHAIN_Service.go:112.16,114.3 1 0
KNIRVENGINE/desktop-client/knirvchain/KNIRVCHAIN_Service.go:115.2,117.38 2 0
KNIRVENGINE/desktop-client/knirvchain/KNIRVCHAIN_Service.go:117.38,120.3 2 0
KNIRVENGINE/desktop-client/knirvchain/KNIRVCHAIN_Service.go:122.2,123.73 2 0
KNIRVENGINE/desktop-client/knirvchain/KNIRVCHAIN_Service.go:123.73,125.3 1 0
KNIRVENGINE/desktop-client/knirvchain/KNIRVCHAIN_Service.go:127.2,127.48 1 0
KNIRVENGINE/desktop-client/knirvchain/KNIRVCHAIN_Service.go:127.48,129.3 1 0
KNIRVENGINE/desktop-client/knirvchain/KNIRVCHAIN_Service.go:132.2,133.109 2 0
KNIRVENGINE/desktop-client/knirvchain/KNIRVCHAIN_Service.go:133.109,135.3 1 0
KNIRVENGINE/desktop-client/knirvchain/KNIRVCHAIN_Service.go:138.2,139.89 2 0
KNIRVENGINE/desktop-client/knirvchain/KNIRVCHAIN_Service.go:139.89,141.3 1 0
KNIRVENGINE/desktop-client/knirvchain/KNIRVCHAIN_Service.go:142.2,142.29 1 0
KNIRVENGINE/desktop-client/knirvchain/KNIRVCHAIN_Service.go:142.29,145.3 1 0
KNIRVENGINE/desktop-client/knirvchain/KNIRVCHAIN_Service.go:147.2,150.16 2 0
KNIRVENGINE/desktop-client/knirvchain/KNIRVCHAIN_Service.go:150.16,152.3 1 0
KNIRVENGINE/desktop-client/knirvchain/KNIRVCHAIN_Service.go:157.2,169.70 2 0
KNIRVENGINE/desktop-client/knirvchain/KNIRVCHAIN_Service.go:169.70,175.3 1 0
KNIRVENGINE/desktop-client/knirvchain/KNIRVCHAIN_Service.go:178.2,179.63 2 0
KNIRVENGINE/desktop-client/knirvchain/KNIRVCHAIN_Service.go:179.63,181.3 1 0
KNIRVENGINE/desktop-client/knirvchain/KNIRVCHAIN_Service.go:183.2,194.16 4 0
KNIRVENGINE/desktop-client/knirvchain/KNIRVCHAIN_Service.go:194.16,196.3 1 0
KNIRVENGINE/desktop-client/knirvchain/KNIRVCHAIN_Service.go:198.2,199.16 2 0
KNIRVENGINE/desktop-client/knirvchain/KNIRVCHAIN_Service.go:199.16,201.3 1 0
KNIRVENGINE/desktop-client/knirvchain/KNIRVCHAIN_Service.go:202.2,205.16 3 0
KNIRVENGINE/desktop-client/knirvchain/KNIRVCHAIN_Service.go:205.16,207.3 1 0
KNIRVENGINE/desktop-client/knirvchain/KNIRVCHAIN_Service.go:208.2,210.95 2 0
KNIRVENGINE/desktop-client/knirvchain/KNIRVCHAIN_Service.go:210.95,213.3 2 0
KNIRVENGINE/desktop-client/knirvchain/KNIRVCHAIN_Service.go:215.2,216.82 2 0
KNIRVENGINE/desktop-client/knirvchain/KNIRVCHAIN_Service.go:216.82,218.3 1 0
KNIRVENGINE/desktop-client/knirvchain/KNIRVCHAIN_Service.go:220.2,220.28 1 0
KNIRVENGINE/desktop-client/knirvchain/KNIRVCHAIN_Service.go:253.38,256.24 2 0
KNIRVENGINE/desktop-client/knirvchain/KNIRVCHAIN_Service.go:256.24,259.3 2 0
KNIRVENGINE/desktop-client/knirvchain/KNIRVCHAIN_Service.go:260.2,260.25 1 0
KNIRVENGINE/desktop-client/knirvchain/KNIRVCHAIN_Service.go:260.25,263.3 2 0
KNIRVENGINE/desktop-client/knirvchain/KNIRVCHAIN_Service.go:265.2,278.16 4 0
KNIRVENGINE/desktop-client/knirvchain/KNIRVCHAIN_Service.go:278.16,280.3 1 0
KNIRVENGINE/desktop-client/knirvchain/KNIRVCHAIN_Service.go:282.2,283.16 2 0
KNIRVENGINE/desktop-client/knirvchain/KNIRVCHAIN_Service.go:283.16,285.3 1 0
KNIRVENGINE/desktop-client/knirvchain/KNIRVCHAIN_Service.go:286.2,289.16 3 0
KNIRVENGINE/desktop-client/knirvchain/KNIRVCHAIN_Service.go:289.16,291.3 1 0
KNIRVENGINE/desktop-client/knirvchain/KNIRVCHAIN_Service.go:292.2,294.79 2 0
KNIRVENGINE/desktop-client/knirvchain/KNIRVCHAIN_Service.go:294.79,297.3 2 0
KNIRVENGINE/desktop-client/knirvchain/KNIRVCHAIN_Service.go:299.2,300.75 2 0
KNIRVENGINE/desktop-client/knirvchain/KNIRVCHAIN_Service.go:300.75,302.3 1 0
KNIRVENGINE/desktop-client/knirvchain/KNIRVCHAIN_Service.go:304.2,304.29 1 0
KNIRVENGINE/desktop-client/knirvchain/KNIRVCHAIN_Service.go:321.120,325.23 3 0
KNIRVENGINE/desktop-client/knirvchain/KNIRVCHAIN_Service.go:325.23,327.3 1 0
KNIRVENGINE/desktop-client/knirvchain/KNIRVCHAIN_Service.go:328.2,328.31 1 0
KNIRVENGINE/desktop-client/knirvchain/KNIRVCHAIN_Service.go:328.31,330.3 1 0
KNIRVENGINE/desktop-client/knirvchain/KNIRVCHAIN_Service.go:331.2,331.24 1 0
KNIRVENGINE/desktop-client/knirvchain/KNIRVCHAIN_Service.go:331.24,333.3 1 0
KNIRVENGINE/desktop-client/knirvchain/KNIRVCHAIN_Service.go:334.2,334.23 1 0
KNIRVENGINE/desktop-client/knirvchain/KNIRVCHAIN_Service.go:334.23,336.3 1 0
KNIRVENGINE/desktop-client/knirvchain/KNIRVCHAIN_Service.go:337.2,337.22 1 0
KNIRVENGINE/desktop-client/knirvchain/KNIRVCHAIN_Service.go:337.22,339.3 1 0
KNIRVENGINE/desktop-client/knirvchain/KNIRVCHAIN_Service.go:341.2,341.21 1 0
KNIRVENGINE/desktop-client/knirvchain/KNIRVCHAIN_Service.go:341.21,343.3 1 0
KNIRVENGINE/desktop-client/knirvchain/KNIRVCHAIN_Service.go:345.2,346.16 2 0
KNIRVENGINE/desktop-client/knirvchain/KNIRVCHAIN_Service.go:346.16,348.3 1 0
KNIRVENGINE/desktop-client/knirvchain/KNIRVCHAIN_Service.go:350.2,351.16 2 0
KNIRVENGINE/desktop-client/knirvchain/KNIRVCHAIN_Service.go:351.16,353.3 1 0
KNIRVENGINE/desktop-client/knirvchain/KNIRVCHAIN_Service.go:354.2,356.38 2 0
KNIRVENGINE/desktop-client/knirvchain/KNIRVCHAIN_Service.go:356.38,359.3 2 0
KNIRVENGINE/desktop-client/knirvchain/KNIRVCHAIN_Service.go:361.2,364.69 2 0
KNIRVENGINE/desktop-client/knirvchain/KNIRVCHAIN_Service.go:364.69,366.3 1 0
KNIRVENGINE/desktop-client/knirvchain/KNIRVCHAIN_Service.go:367.2,367.35 1 0
KNIRVENGINE/desktop-client/knirvchain/KNIRVCHAIN_Service.go:372.115,376.16 3 0
KNIRVENGINE/desktop-client/knirvchain/KNIRVCHAIN_Service.go:376.16,378.3 1 0
KNIRVENGINE/desktop-client/knirvchain/KNIRVCHAIN_Service.go:380.2,381.16 2 0
KNIRVENGINE/desktop-client/knirvchain/KNIRVCHAIN_Service.go:381.16,383.3 1 0
KNIRVENGINE/desktop-client/knirvchain/KNIRVCHAIN_Service.go:384.2,386.38 2 0
KNIRVENGINE/desktop-client/knirvchain/KNIRVCHAIN_Service.go:386.38,388.45 2 0
KNIRVENGINE/desktop-client/knirvchain/KNIRVCHAIN_Service.go:388.45,390.4 1 0
KNIRVENGINE/desktop-client/knirvchain/KNIRVCHAIN_Service.go:391.3,391.116 1 0
KNIRVENGINE/desktop-client/knirvchain/KNIRVCHAIN_Service.go:394.2,395.16 2 0
KNIRVENGINE/desktop-client/knirvchain/KNIRVCHAIN_Service.go:395.16,397.3 1 0
KNIRVENGINE/desktop-client/knirvchain/KNIRVCHAIN_Service.go:398.2,398.23 1 0
KNIRVENGINE/desktop-client/knirvchain/KNIRVCHAIN_Service.go:404.112,408.16 3 0
KNIRVENGINE/desktop-client/knirvchain/KNIRVCHAIN_Service.go:408.16,410.3 1 0
KNIRVENGINE/desktop-client/knirvchain/KNIRVCHAIN_Service.go:412.2,413.16 2 0
KNIRVENGINE/desktop-client/knirvchain/KNIRVCHAIN_Service.go:413.16,415.3 1 0
KNIRVENGINE/desktop-client/knirvchain/KNIRVCHAIN_Service.go:416.2,418.38 2 0
KNIRVENGINE/desktop-client/knirvchain/KNIRVCHAIN_Service.go:418.38,420.45 2 0
KNIRVENGINE/desktop-client/knirvchain/KNIRVCHAIN_Service.go:420.45,422.4 1 0
KNIRVENGINE/desktop-client/knirvchain/KNIRVCHAIN_Service.go:423.3,423.109 1 0
KNIRVENGINE/desktop-client/knirvchain/KNIRVCHAIN_Service.go:426.2,427.74 2 0
KNIRVENGINE/desktop-client/knirvchain/KNIRVCHAIN_Service.go:427.74,429.3 1 0
KNIRVENGINE/desktop-client/knirvchain/KNIRVCHAIN_Service.go:430.2,430.28 1 0
KNIRVENGINE/desktop-client/knirvchain/KNIRVCHAIN_Service.go:434.124,438.16 3 0
KNIRVENGINE/desktop-client/knirvchain/KNIRVCHAIN_Service.go:438.16,440.3 1 0
KNIRVENGINE/desktop-client/knirvchain/KNIRVCHAIN_Service.go:442.2,443.16 2 0
KNIRVENGINE/desktop-client/knirvchain/KNIRVCHAIN_Service.go:443.16,445.3 1 0
KNIRVENGINE/desktop-client/knirvchain/KNIRVCHAIN_Service.go:446.2,448.38 2 0
KNIRVENGINE/desktop-client/knirvchain/KNIRVCHAIN_Service.go:448.38,451.3 2 0
KNIRVENGINE/desktop-client/knirvchain/KNIRVCHAIN_Service.go:453.2,456.69 2 0
KNIRVENGINE/desktop-client/knirvchain/KNIRVCHAIN_Service.go:456.69,458.3 1 0
KNIRVENGINE/desktop-client/knirvchain/KNIRVCHAIN_Service.go:459.2,459.37 1 0
KNIRVENGINE/desktop-client/knirvchain/KNIRVCHAIN_Service.go:466.122,467.59 1 0
KNIRVENGINE/desktop-client/knirvchain/KNIRVCHAIN_Service.go:467.59,469.3 1 0
KNIRVENGINE/desktop-client/knirvchain/KNIRVCHAIN_Service.go:470.2,470.47 1 0
KNIRVENGINE/desktop-client/knirvchain/KNIRVCHAIN_Service.go:470.47,472.3 1 0
KNIRVENGINE/desktop-client/knirvchain/KNIRVCHAIN_Service.go:474.2,475.55 2 0
KNIRVENGINE/desktop-client/knirvchain/KNIRVCHAIN_Service.go:475.55,477.83 1 0
KNIRVENGINE/desktop-client/knirvchain/KNIRVCHAIN_Service.go:477.83,481.12 3 0
KNIRVENGINE/desktop-client/knirvchain/KNIRVCHAIN_Service.go:484.3,485.17 2 0
KNIRVENGINE/desktop-client/knirvchain/KNIRVCHAIN_Service.go:485.17,487.12 2 0
KNIRVENGINE/desktop-client/knirvchain/KNIRVCHAIN_Service.go:490.3,491.17 2 0
KNIRVENGINE/desktop-client/knirvchain/KNIRVCHAIN_Service.go:491.17,493.12 2 0
KNIRVENGINE/desktop-client/knirvchain/KNIRVCHAIN_Service.go:496.3,496.39 1 0
KNIRVENGINE/desktop-client/knirvchain/KNIRVCHAIN_Service.go:496.39,499.12 3 0
KNIRVENGINE/desktop-client/knirvchain/KNIRVCHAIN_Service.go:502.3,504.17 3 0
KNIRVENGINE/desktop-client/knirvchain/KNIRVCHAIN_Service.go:504.17,506.12 2 0
KNIRVENGINE/desktop-client/knirvchain/KNIRVCHAIN_Service.go:510.3,511.60 2 0
KNIRVENGINE/desktop-client/knirvchain/KNIRVCHAIN_Service.go:511.60,513.12 2 0
KNIRVENGINE/desktop-client/knirvchain/KNIRVCHAIN_Service.go:516.3,516.27 1 0
KNIRVENGINE/desktop-client/knirvchain/KNIRVCHAIN_Service.go:519.2,519.20 1 0
KNIRVENGINE/desktop-client/knirvchain/KNIRVCHAIN_Service.go:519.20,521.3 1 0
KNIRVENGINE/desktop-client/knirvchain/KNIRVCHAIN_Service.go:522.2,522.103 1 0
KNIRVENGINE/desktop-client/inference/monitor-cerebras/main.go:26.48,53.2 14 0
KNIRVENGINE/desktop-client/inference/monitor-cerebras/main.go:56.42,66.16 5 0
KNIRVENGINE/desktop-client/inference/monitor-cerebras/main.go:66.16,68.3 1 0
KNIRVENGINE/desktop-client/inference/monitor-cerebras/main.go:70.2,75.16 5 0
KNIRVENGINE/desktop-client/inference/monitor-cerebras/main.go:75.16,78.3 2 0
KNIRVENGINE/desktop-client/inference/monitor-cerebras/main.go:79.2,81.28 2 0
KNIRVENGINE/desktop-client/inference/monitor-cerebras/main.go:81.28,83.3 1 0
KNIRVENGINE/desktop-client/inference/monitor-cerebras/main.go:83.8,83.35 1 0
KNIRVENGINE/desktop-client/inference/monitor-cerebras/main.go:83.35,85.3 1 0
KNIRVENGINE/desktop-client/inference/monitor-cerebras/main.go:85.8,85.35 1 0
KNIRVENGINE/desktop-client/inference/monitor-cerebras/main.go:85.35,87.3 1 0
KNIRVENGINE/desktop-client/inference/monitor-cerebras/main.go:87.8,90.3 2 0
KNIRVENGINE/desktop-client/inference/monitor-cerebras/main.go:92.2,92.12 1 0
KNIRVENGINE/desktop-client/inference/monitor-cerebras/main.go:96.32,112.38 3 0
KNIRVENGINE/desktop-client/inference/monitor-cerebras/main.go:112.38,114.3 1 0
KNIRVENGINE/desktop-client/inference/monitor-cerebras/main.go:117.13,120.18 2 0
KNIRVENGINE/desktop-client/inference/monitor-cerebras/main.go:120.18,122.3 1 0
KNIRVENGINE/desktop-client/inference/monitor-cerebras/main.go:124.2,124.48 1 0
KNIRVENGINE/desktop-client/inference/monitor-cerebras/main.go:124.48,135.3 10 0
KNIRVENGINE/desktop-client/inference/monitor-cerebras/main.go:138.2,138.53 1 0
KNIRVENGINE/desktop-client/inference/monitor-cerebras/main.go:138.53,141.3 2 0
KNIRVENGINE/desktop-client/inference/monitor-cerebras/main.go:144.2,144.56 1 0
KNIRVENGINE/desktop-client/inference/monitor-cerebras/main.go:144.56,145.48 1 0
KNIRVENGINE/desktop-client/inference/monitor-cerebras/main.go:145.48,147.4 1 0
KNIRVENGINE/desktop-client/inference/monitor-cerebras/main.go:151.2,157.80 6 0
KNIRVENGINE/desktop-client/services/knirvoracleService.go:111.74,113.18 2 0
KNIRVENGINE/desktop-client/services/knirvoracleService.go:113.18,115.3 1 0
KNIRVENGINE/desktop-client/services/knirvoracleService.go:117.2,123.3 1 0
KNIRVENGINE/desktop-client/services/knirvoracleService.go:127.130,129.17 2 0
KNIRVENGINE/desktop-client/services/knirvoracleService.go:129.17,131.17 2 0
KNIRVENGINE/desktop-client/services/knirvoracleService.go:131.17,133.4 1 0
KNIRVENGINE/desktop-client/services/knirvoracleService.go:134.3,134.38 1 0
KNIRVENGINE/desktop-client/services/knirvoracleService.go:137.2,139.16 3 0
KNIRVENGINE/desktop-client/services/knirvoracleService.go:139.16,141.3 1 0
KNIRVENGINE/desktop-client/services/knirvoracleService.go:143.2,145.20 3 0
KNIRVENGINE/desktop-client/services/knirvoracleService.go:145.20,147.3 1 0
KNIRVENGINE/desktop-client/services/knirvoracleService.go:149.2,150.16 2 0
KNIRVENGINE/desktop-client/services/knirvoracleService.go:150.16,152.3 1 0
KNIRVENGINE/desktop-client/services/knirvoracleService.go:154.2,154.18 1 0
KNIRVENGINE/desktop-client/services/knirvoracleService.go:158.111,160.16 2 0
KNIRVENGINE/desktop-client/services/knirvoracleService.go:160.16,162.3 1 0
KNIRVENGINE/desktop-client/services/knirvoracleService.go:163.2,166.67 3 0
KNIRVENGINE/desktop-client/services/knirvoracleService.go:166.67,168.3 1 0
KNIRVENGINE/desktop-client/services/knirvoracleService.go:170.2,170.38 1 0
KNIRVENGINE/desktop-client/services/knirvoracleService.go:170.38,172.3 1 0
KNIRVENGINE/desktop-client/services/knirvoracleService.go:174.2,174.21 1 0
KNIRVENGINE/desktop-client/services/knirvoracleService.go:178.146,180.16 2 0
KNIRVENGINE/desktop-client/services/knirvoracleService.go:180.16,182.3 1 0
KNIRVENGINE/desktop-client/services/knirvoracleService.go:183.2,186.67 3 0
KNIRVENGINE/desktop-client/services/knirvoracleService.go:186.67,188.3 1 0
KNIRVENGINE/desktop-client/services/knirvoracleService.go:190.2,190.38 1 0
KNIRVENGINE/desktop-client/services/knirvoracleService.go:190.38,192.3 1 0
KNIRVENGINE/desktop-client/services/knirvoracleService.go:194.2,194.21 1 0
KNIRVENGINE/desktop-client/services/knirvoracleService.go:198.109,200.16 2 0
KNIRVENGINE/desktop-client/services/knirvoracleService.go:200.16,202.3 1 0
KNIRVENGINE/desktop-client/services/knirvoracleService.go:203.2,206.67 3 0
KNIRVENGINE/desktop-client/services/knirvoracleService.go:206.67,208.3 1 0
KNIRVENGINE/desktop-client/services/knirvoracleService.go:210.2,210.38 1 0
KNIRVENGINE/desktop-client/services/knirvoracleService.go:210.38,212.3 1 0
KNIRVENGINE/desktop-client/services/knirvoracleService.go:214.2,214.21 1 0
KNIRVENGINE/desktop-client/services/knirvoracleService.go:218.116,221.16 3 0
KNIRVENGINE/desktop-client/services/knirvoracleService.go:221.16,223.3 1 0
KNIRVENGINE/desktop-client/services/knirvoracleService.go:224.2,227.67 3 0
KNIRVENGINE/desktop-client/services/knirvoracleService.go:227.67,229.3 1 0
KNIRVENGINE/desktop-client/services/knirvoracleService.go:231.2,231.38 1 0
KNIRVENGINE/desktop-client/services/knirvoracleService.go:231.38,233.3 1 0
KNIRVENGINE/desktop-client/services/knirvoracleService.go:235.2,235.21 1 0
KNIRVENGINE/desktop-client/services/knirvoracleService.go:239.121,241.16 2 0
KNIRVENGINE/desktop-client/services/knirvoracleService.go:241.16,243.3 1 0
KNIRVENGINE/desktop-client/services/knirvoracleService.go:244.2,247.67 3 0
KNIRVENGINE/desktop-client/services/knirvoracleService.go:247.67,249.3 1 0
KNIRVENGINE/desktop-client/services/knirvoracleService.go:251.2,251.38 1 0
KNIRVENGINE/desktop-client/services/knirvoracleService.go:251.38,253.3 1 0
KNIRVENGINE/desktop-client/services/knirvoracleService.go:255.2,255.21 1 0
KNIRVENGINE/desktop-client/services/knirvoracleService.go:259.122,262.16 3 0
KNIRVENGINE/desktop-client/services/knirvoracleService.go:262.16,264.3 1 0
KNIRVENGINE/desktop-client/services/knirvoracleService.go:265.2,273.67 3 0
KNIRVENGINE/desktop-client/services/knirvoracleService.go:273.67,275.3 1 0
KNIRVENGINE/desktop-client/services/knirvoracleService.go:277.2,277.38 1 0
KNIRVENGINE/desktop-client/services/knirvoracleService.go:277.38,279.3 1 0
KNIRVENGINE/desktop-client/services/knirvoracleService.go:281.2,281.33 1 0
KNIRVENGINE/desktop-client/services/knirvoracleService.go:285.155,294.16 3 0
KNIRVENGINE/desktop-client/services/knirvoracleService.go:294.16,296.3 1 0
KNIRVENGINE/desktop-client/services/knirvoracleService.go:297.2,300.67 3 0
KNIRVENGINE/desktop-client/services/knirvoracleService.go:300.67,302.3 1 0
KNIRVENGINE/desktop-client/services/knirvoracleService.go:304.2,304.38 1 0
KNIRVENGINE/desktop-client/services/knirvoracleService.go:304.38,306.3 1 0
KNIRVENGINE/desktop-client/services/knirvoracleService.go:308.2,308.20 1 0
KNIRVENGINE/desktop-client/services/knirvoracleService.go:312.101,314.16 2 0
KNIRVENGINE/desktop-client/services/knirvoracleService.go:314.16,316.3 1 0
KNIRVENGINE/desktop-client/services/knirvoracleService.go:317.2,320.67 3 0
KNIRVENGINE/desktop-client/services/knirvoracleService.go:320.67,322.3 1 0
KNIRVENGINE/desktop-client/services/knirvoracleService.go:324.2,324.20 1 0
KNIRVENGINE/desktop-client/services/knirvoracleService.go:328.69,330.16 2 0
KNIRVENGINE/desktop-client/services/knirvoracleService.go:330.16,332.3 1 0
KNIRVENGINE/desktop-client/services/knirvoracleService.go:333.2,335.38 2 0
KNIRVENGINE/desktop-client/services/knirvoracleService.go:335.38,337.3 1 0
KNIRVENGINE/desktop-client/services/knirvoracleService.go:339.2,339.12 1 0
KNIRVENGINE/desktop-client/utils/appdata.go:18.38,19.22 1 1
KNIRVENGINE/desktop-client/utils/appdata.go:20.17,23.20 2 0
KNIRVENGINE/desktop-client/utils/appdata.go:23.20,25.4 1 0
KNIRVENGINE/desktop-client/utils/appdata.go:26.3,26.46 1 0
KNIRVENGINE/desktop-client/utils/appdata.go:27.16,30.17 2 0
KNIRVENGINE/desktop-client/utils/appdata.go:30.17,32.4 1 0
KNIRVENGINE/desktop-client/utils/appdata.go:33.3,33.80 1 0
KNIRVENGINE/desktop-client/utils/appdata.go:34.10,37.17 2 1
KNIRVENGINE/desktop-client/utils/appdata.go:37.17,39.4 1 0
KNIRVENGINE/desktop-client/utils/appdata.go:40.3,40.48 1 1
KNIRVENGINE/desktop-client/utils/appdata.go:45.39,47.16 2 1
KNIRVENGINE/desktop-client/utils/appdata.go:47.16,49.3 1 0
KNIRVENGINE/desktop-client/utils/appdata.go:50.2,50.47 1 1
KNIRVENGINE/desktop-client/utils/appdata.go:54.37,56.16 2 1
KNIRVENGINE/desktop-client/utils/appdata.go:56.16,58.3 1 0
KNIRVENGINE/desktop-client/utils/appdata.go:59.2,59.49 1 1
KNIRVENGINE/desktop-client/utils/appdata.go:63.40,65.16 2 1
KNIRVENGINE/desktop-client/utils/appdata.go:65.16,67.3 1 0
KNIRVENGINE/desktop-client/utils/appdata.go:68.2,68.47 1 1
KNIRVENGINE/desktop-client/utils/appdata.go:72.34,74.16 2 1
KNIRVENGINE/desktop-client/utils/appdata.go:74.16,76.3 1 0
KNIRVENGINE/desktop-client/utils/appdata.go:77.2,77.46 1 1
KNIRVENGINE/desktop-client/utils/appdata.go:81.40,83.16 2 1
KNIRVENGINE/desktop-client/utils/appdata.go:83.16,85.3 1 0
KNIRVENGINE/desktop-client/utils/appdata.go:86.2,86.45 1 1
KNIRVENGINE/desktop-client/utils/appdata.go:90.41,92.16 2 1
KNIRVENGINE/desktop-client/utils/appdata.go:92.16,94.3 1 0
KNIRVENGINE/desktop-client/utils/appdata.go:95.2,95.46 1 1
KNIRVENGINE/desktop-client/utils/appdata.go:99.38,101.16 2 1
KNIRVENGINE/desktop-client/utils/appdata.go:101.16,103.3 1 0
KNIRVENGINE/desktop-client/utils/appdata.go:104.2,104.50 1 1
KNIRVENGINE/desktop-client/utils/appdata.go:111.36,112.22 1 1
KNIRVENGINE/desktop-client/utils/appdata.go:113.17,116.25 2 0
KNIRVENGINE/desktop-client/utils/appdata.go:116.25,119.21 2 0
KNIRVENGINE/desktop-client/utils/appdata.go:119.21,121.5 1 0
KNIRVENGINE/desktop-client/utils/appdata.go:122.4,122.56 1 0
KNIRVENGINE/desktop-client/utils/appdata.go:124.3,124.51 1 0
KNIRVENGINE/desktop-client/utils/appdata.go:125.16,128.17 2 0
KNIRVENGINE/desktop-client/utils/appdata.go:128.17,130.4 1 0
KNIRVENGINE/desktop-client/utils/appdata.go:131.3,131.67 1 0
KNIRVENGINE/desktop-client/utils/appdata.go:132.10,135.17 2 1
KNIRVENGINE/desktop-client/utils/appdata.go:135.17,137.4 1 0
KNIRVENGINE/desktop-client/utils/appdata.go:138.3,138.47 1 1
KNIRVENGINE/desktop-client/utils/appdata.go:143.44,145.16 2 1
KNIRVENGINE/desktop-client/utils/appdata.go:145.16,147.3 1 0
KNIRVENGINE/desktop-client/utils/appdata.go:148.2,148.50 1 1
KNIRVENGINE/desktop-client/utils/appdata.go:152.35,154.16 2 1
KNIRVENGINE/desktop-client/utils/appdata.go:154.16,156.3 1 0
KNIRVENGINE/desktop-client/utils/appdata.go:157.2,157.47 1 1
KNIRVENGINE/desktop-client/utils/appdata.go:161.41,163.16 2 1
KNIRVENGINE/desktop-client/utils/appdata.go:163.16,165.3 1 0
KNIRVENGINE/desktop-client/utils/appdata.go:166.2,166.47 1 1
KNIRVENGINE/desktop-client/utils/appdata.go:170.38,172.16 2 1
KNIRVENGINE/desktop-client/utils/appdata.go:172.16,174.3 1 0
KNIRVENGINE/desktop-client/utils/appdata.go:175.2,175.43 1 1
KNIRVENGINE/desktop-client/utils/appdata.go:179.38,181.16 2 1
KNIRVENGINE/desktop-client/utils/appdata.go:181.16,183.3 1 0
KNIRVENGINE/desktop-client/utils/appdata.go:184.2,184.43 1 1
KNIRVENGINE/desktop-client/utils/appdata.go:188.44,190.16 2 1
KNIRVENGINE/desktop-client/utils/appdata.go:190.16,192.3 1 0
KNIRVENGINE/desktop-client/utils/appdata.go:193.2,193.49 1 1
KNIRVENGINE/desktop-client/utils/appdata.go:197.41,199.16 2 1
KNIRVENGINE/desktop-client/utils/appdata.go:199.16,201.3 1 0
KNIRVENGINE/desktop-client/utils/appdata.go:202.2,202.53 1 1
KNIRVENGINE/desktop-client/utils/appdata.go:206.37,208.16 2 1
KNIRVENGINE/desktop-client/utils/appdata.go:208.16,210.3 1 0
KNIRVENGINE/desktop-client/utils/appdata.go:211.2,211.50 1 1
KNIRVENGINE/desktop-client/utils/appdata.go:215.39,217.16 2 1
KNIRVENGINE/desktop-client/utils/appdata.go:217.16,219.3 1 0
KNIRVENGINE/desktop-client/utils/appdata.go:220.2,220.51 1 1
KNIRVENGINE/desktop-client/utils/appdata.go:224.34,225.47 1 1
KNIRVENGINE/desktop-client/utils/appdata.go:225.47,227.3 1 0
KNIRVENGINE/desktop-client/utils/appdata.go:228.2,228.12 1 1
KNIRVENGINE/desktop-client/utils/appdata.go:232.32,253.34 2 1
KNIRVENGINE/desktop-client/utils/appdata.go:253.34,255.17 2 1
KNIRVENGINE/desktop-client/utils/appdata.go:255.17,257.4 1 0
KNIRVENGINE/desktop-client/utils/appdata.go:258.3,258.40 1 1
KNIRVENGINE/desktop-client/utils/appdata.go:258.40,260.4 1 0
KNIRVENGINE/desktop-client/utils/appdata.go:263.2,263.12 1 1
KNIRVENGINE/desktop-client/utils/appdata.go:274.39,275.18 1 1
KNIRVENGINE/desktop-client/utils/appdata.go:275.18,277.3 1 1
KNIRVENGINE/desktop-client/utils/appdata.go:278.2,278.16 1 1
KNIRVENGINE/desktop-client/utils/appdata.go:278.16,280.3 1 1
KNIRVENGINE/desktop-client/utils/appdata.go:281.2,281.41 1 1
KNIRVENGINE/desktop-client/utils/embedded_env.go:16.30,19.16 2 1
KNIRVENGINE/desktop-client/utils/embedded_env.go:19.16,21.3 1 0
KNIRVENGINE/desktop-client/utils/embedded_env.go:24.2,25.16 2 1
KNIRVENGINE/desktop-client/utils/embedded_env.go:25.16,27.3 1 0
KNIRVENGINE/desktop-client/utils/embedded_env.go:30.2,30.33 1 1
KNIRVENGINE/desktop-client/utils/embedded_env.go:30.33,31.31 1 1
KNIRVENGINE/desktop-client/utils/embedded_env.go:31.31,33.58 1 1
KNIRVENGINE/desktop-client/utils/embedded_env.go:33.58,36.5 2 1
KNIRVENGINE/desktop-client/utils/embedded_env.go:40.2,40.12 1 1
KNIRVENGINE/desktop-client/utils/log_relay.go:25.59,31.2 1 1
KNIRVENGINE/desktop-client/utils/log_relay.go:34.29,36.15 2 1
KNIRVENGINE/desktop-client/utils/log_relay.go:36.15,40.3 3 1
KNIRVENGINE/desktop-client/utils/log_relay.go:41.2,49.61 8 1
KNIRVENGINE/desktop-client/utils/log_relay.go:53.28,55.16 2 1
KNIRVENGINE/desktop-client/utils/log_relay.go:55.16,58.3 2 1
KNIRVENGINE/desktop-client/utils/log_relay.go:59.2,62.33 2 1
KNIRVENGINE/desktop-client/utils/log_relay.go:62.33,65.3 2 1
KNIRVENGINE/desktop-client/utils/log_relay.go:65.8,67.3 1 0
KNIRVENGINE/desktop-client/utils/log_relay.go:68.2,71.14 3 1
KNIRVENGINE/desktop-client/utils/log_relay.go:75.56,83.27 5 1
KNIRVENGINE/desktop-client/utils/log_relay.go:83.27,85.3 1 1
KNIRVENGINE/desktop-client/utils/log_relay.go:87.2,87.14 1 1
KNIRVENGINE/desktop-client/utils/log_relay.go:87.14,90.10 1 1
KNIRVENGINE/desktop-client/utils/log_relay.go:91.42,91.42 0 1
KNIRVENGINE/desktop-client/utils/log_relay.go:92.11,92.11 0 0
KNIRVENGINE/desktop-client/utils/log_relay.go:96.2,96.20 1 1
KNIRVENGINE/desktop-client/utils/log_relay.go:100.42,102.44 2 1
KNIRVENGINE/desktop-client/utils/log_relay.go:102.44,106.30 3 1
KNIRVENGINE/desktop-client/utils/log_relay.go:106.30,108.25 2 1
KNIRVENGINE/desktop-client/utils/log_relay.go:108.25,109.13 1 0
KNIRVENGINE/desktop-client/utils/log_relay.go:111.4,111.49 1 1
KNIRVENGINE/desktop-client/utils/log_relay.go:111.49,113.5 1 1
KNIRVENGINE/desktop-client/utils/log_relay.go:114.4,114.52 1 1
KNIRVENGINE/desktop-client/utils/log_relay.go:116.3,119.33 3 1
KNIRVENGINE/desktop-client/utils/log_relay.go:119.33,121.4 1 1
KNIRVENGINE/desktop-client/utils/system_utils.go:46.57,47.22 1 1
KNIRVENGINE/desktop-client/utils/system_utils.go:48.17,49.46 1 0
KNIRVENGINE/desktop-client/utils/system_utils.go:50.16,51.44 1 0
KNIRVENGINE/desktop-client/utils/system_utils.go:52.15,53.44 1 1
KNIRVENGINE/desktop-client/utils/system_utils.go:54.10,55.69 1 0
KNIRVENGINE/desktop-client/utils/system_utils.go:60.64,63.16 3 0
KNIRVENGINE/desktop-client/utils/system_utils.go:63.16,65.3 1 0
KNIRVENGINE/desktop-client/utils/system_utils.go:67.2,70.29 3 0
KNIRVENGINE/desktop-client/utils/system_utils.go:70.29,71.34 1 0
KNIRVENGINE/desktop-client/utils/system_utils.go:71.34,73.22 2 0
KNIRVENGINE/desktop-client/utils/system_utils.go:73.22,78.57 3 0
KNIRVENGINE/desktop-client/utils/system_utils.go:78.57,80.6 1 0
KNIRVENGINE/desktop-client/utils/system_utils.go:84.2,84.19 1 0
KNIRVENGINE/desktop-client/utils/system_utils.go:88.62,92.59 3 0
KNIRVENGINE/desktop-client/utils/system_utils.go:92.59,94.3 1 0
KNIRVENGINE/desktop-client/utils/system_utils.go:97.2,99.16 3 0
KNIRVENGINE/desktop-client/utils/system_utils.go:99.16,101.3 1 0
KNIRVENGINE/desktop-client/utils/system_utils.go:103.2,106.33 3 0
KNIRVENGINE/desktop-client/utils/system_utils.go:106.33,109.57 2 0
KNIRVENGINE/desktop-client/utils/system_utils.go:109.57,111.4 1 0
KNIRVENGINE/desktop-client/utils/system_utils.go:113.2,113.19 1 0
KNIRVENGINE/desktop-client/utils/system_utils.go:117.62,120.59 3 1
KNIRVENGINE/desktop-client/utils/system_utils.go:120.59,122.3 1 0
KNIRVENGINE/desktop-client/utils/system_utils.go:125.2,127.16 3 1
KNIRVENGINE/desktop-client/utils/system_utils.go:127.16,129.3 1 0
KNIRVENGINE/desktop-client/utils/system_utils.go:131.2,134.33 3 1
KNIRVENGINE/desktop-client/utils/system_utils.go:134.33,136.52 2 1
KNIRVENGINE/desktop-client/utils/system_utils.go:136.52,138.4 1 0
KNIRVENGINE/desktop-client/utils/system_utils.go:140.2,140.19 1 1
KNIRVENGINE/desktop-client/utils/system_utils.go:144.59,145.22 1 1
KNIRVENGINE/desktop-client/utils/system_utils.go:146.17,147.48 1 0
KNIRVENGINE/desktop-client/utils/system_utils.go:148.16,149.46 1 0
KNIRVENGINE/desktop-client/utils/system_utils.go:150.15,151.46 1 1
KNIRVENGINE/desktop-client/utils/system_utils.go:152.10,153.69 1 0
KNIRVENGINE/desktop-client/utils/system_utils.go:158.66,166.39 2 0
KNIRVENGINE/desktop-client/utils/system_utils.go:166.39,167.21 1 0
KNIRVENGINE/desktop-client/utils/system_utils.go:167.21,168.12 1 0
KNIRVENGINE/desktop-client/utils/system_utils.go:170.3,171.45 2 0
KNIRVENGINE/desktop-client/utils/system_utils.go:171.45,173.4 1 0
KNIRVENGINE/desktop-client/utils/system_utils.go:177.2,179.24 3 0
KNIRVENGINE/desktop-client/utils/system_utils.go:183.64,186.44 2 0
KNIRVENGINE/desktop-client/utils/system_utils.go:186.44,188.3 1 0
KNIRVENGINE/desktop-client/utils/system_utils.go:191.2,192.16 2 0
KNIRVENGINE/desktop-client/utils/system_utils.go:192.16,194.49 2 0
KNIRVENGINE/desktop-client/utils/system_utils.go:194.49,196.4 1 0
KNIRVENGINE/desktop-client/utils/system_utils.go:200.2,202.24 3 0
KNIRVENGINE/desktop-client/utils/system_utils.go:206.64,210.16 3 1
KNIRVENGINE/desktop-client/utils/system_utils.go:210.16,212.3 1 1
KNIRVENGINE/desktop-client/utils/system_utils.go:215.2,222.39 2 1
KNIRVENGINE/desktop-client/utils/system_utils.go:222.39,224.45 2 1
KNIRVENGINE/desktop-client/utils/system_utils.go:224.45,226.4 1 0
KNIRVENGINE/desktop-client/utils/system_utils.go:229.2,229.19 1 1
KNIRVENGINE/desktop-client/utils/system_utils.go:233.35,240.2 1 1
KNIRVENGINE/desktop-client/utils/system_utils.go:243.57,244.22 1 1
KNIRVENGINE/desktop-client/utils/system_utils.go:245.17,248.17 3 0
KNIRVENGINE/desktop-client/utils/system_utils.go:248.17,250.4 1 0
KNIRVENGINE/desktop-client/utils/system_utils.go:251.3,251.58 1 0
KNIRVENGINE/desktop-client/utils/system_utils.go:252.16,255.25 3 0
KNIRVENGINE/desktop-client/utils/system_utils.go:256.15,259.17 3 1
KNIRVENGINE/desktop-client/utils/system_utils.go:259.17,261.4 1 1
KNIRVENGINE/desktop-client/utils/system_utils.go:262.3,262.60 1 1
KNIRVENGINE/desktop-client/utils/system_utils.go:263.10,264.69 1 0
KNIRVENGINE/desktop-client/utils/system_utils.go:269.53,270.33 1 1
KNIRVENGINE/desktop-client/utils/system_utils.go:271.15,272.35 1 1
KNIRVENGINE/desktop-client/utils/system_utils.go:273.32,274.40 1 1
KNIRVENGINE/desktop-client/utils/system_utils.go:275.26,276.37 1 1
KNIRVENGINE/desktop-client/utils/system_utils.go:277.15,278.35 1 1
KNIRVENGINE/desktop-client/utils/system_utils.go:279.10,280.68 1 1
KNIRVENGINE/desktop-client/utils/utils.go:16.61,17.27 1 1
KNIRVENGINE/desktop-client/utils/utils.go:17.27,18.32 1 1
KNIRVENGINE/desktop-client/utils/utils.go:18.32,20.4 1 1
KNIRVENGINE/desktop-client/utils/utils.go:22.2,22.11 1 1
KNIRVENGINE/desktop-client/utils/utils.go:26.55,27.27 1 1
KNIRVENGINE/desktop-client/utils/utils.go:27.27,28.26 1 1
KNIRVENGINE/desktop-client/utils/utils.go:29.12,30.12 1 1
KNIRVENGINE/desktop-client/utils/utils.go:31.16,32.17 1 1
KNIRVENGINE/desktop-client/utils/utils.go:35.2,35.10 1 1
KNIRVENGINE/desktop-client/utils/utils.go:39.65,40.27 1 1
KNIRVENGINE/desktop-client/utils/utils.go:40.27,41.33 1 1
KNIRVENGINE/desktop-client/utils/utils.go:41.33,43.4 1 1
KNIRVENGINE/desktop-client/utils/utils.go:44.3,44.29 1 1
KNIRVENGINE/desktop-client/utils/utils.go:44.29,47.4 2 1
KNIRVENGINE/desktop-client/utils/utils.go:49.2,49.12 1 1
KNIRVENGINE/desktop-client/utils/utils.go:53.63,54.27 1 1
KNIRVENGINE/desktop-client/utils/utils.go:54.27,55.26 1 1
KNIRVENGINE/desktop-client/utils/utils.go:56.12,58.15 2 1
KNIRVENGINE/desktop-client/utils/utils.go:59.14,60.13 1 1
KNIRVENGINE/desktop-client/utils/utils.go:61.16,63.15 2 1
KNIRVENGINE/desktop-client/utils/utils.go:66.2,66.12 1 1
KNIRVENGINE/desktop-client/utils/utils.go:76.61,84.16 3 1
KNIRVENGINE/desktop-client/utils/utils.go:84.16,86.25 1 1
KNIRVENGINE/desktop-client/utils/utils.go:86.25,88.4 1 1
KNIRVENGINE/desktop-client/utils/utils.go:89.3,89.70 1 0
KNIRVENGINE/desktop-client/utils/utils.go:91.2,94.21 3 1
KNIRVENGINE/desktop-client/utils/utils.go:94.21,98.49 2 1
KNIRVENGINE/desktop-client/utils/utils.go:98.49,99.12 1 1
KNIRVENGINE/desktop-client/utils/utils.go:103.3,104.22 2 1
KNIRVENGINE/desktop-client/utils/utils.go:104.22,105.12 1 1
KNIRVENGINE/desktop-client/utils/utils.go:108.3,111.14 3 1
KNIRVENGINE/desktop-client/utils/utils.go:112.19,113.52 1 1
KNIRVENGINE/desktop-client/utils/utils.go:113.52,115.5 1 1
KNIRVENGINE/desktop-client/utils/utils.go:116.19,117.52 1 1
KNIRVENGINE/desktop-client/utils/utils.go:117.52,119.5 1 1
KNIRVENGINE/desktop-client/utils/utils.go:123.2,123.38 1 1
KNIRVENGINE/desktop-client/utils/utils.go:123.38,125.3 1 0
KNIRVENGINE/desktop-client/utils/utils.go:127.2,127.20 1 1
KNIRVENGINE/desktop-client/services/knirvoracleService.go:111.74,113.18 2 1
KNIRVENGINE/desktop-client/services/knirvoracleService.go:113.18,115.3 1 0
KNIRVENGINE/desktop-client/services/knirvoracleService.go:117.2,123.3 1 1
KNIRVENGINE/desktop-client/services/knirvoracleService.go:127.130,129.17 2 1
KNIRVENGINE/desktop-client/services/knirvoracleService.go:129.17,131.17 2 1
KNIRVENGINE/desktop-client/services/knirvoracleService.go:131.17,133.4 1 0
KNIRVENGINE/desktop-client/services/knirvoracleService.go:134.3,134.38 1 1
KNIRVENGINE/desktop-client/services/knirvoracleService.go:137.2,139.16 3 1
KNIRVENGINE/desktop-client/services/knirvoracleService.go:139.16,141.3 1 0
KNIRVENGINE/desktop-client/services/knirvoracleService.go:143.2,145.20 3 1
KNIRVENGINE/desktop-client/services/knirvoracleService.go:145.20,147.3 1 0
KNIRVENGINE/desktop-client/services/knirvoracleService.go:149.2,150.16 2 1
KNIRVENGINE/desktop-client/services/knirvoracleService.go:150.16,152.3 1 1
KNIRVENGINE/desktop-client/services/knirvoracleService.go:154.2,154.18 1 0
KNIRVENGINE/desktop-client/services/knirvoracleService.go:158.111,160.16 2 1
KNIRVENGINE/desktop-client/services/knirvoracleService.go:160.16,162.3 1 1
KNIRVENGINE/desktop-client/services/knirvoracleService.go:163.2,166.67 3 0
KNIRVENGINE/desktop-client/services/knirvoracleService.go:166.67,168.3 1 0
KNIRVENGINE/desktop-client/services/knirvoracleService.go:170.2,170.38 1 0
KNIRVENGINE/desktop-client/services/knirvoracleService.go:170.38,172.3 1 0
KNIRVENGINE/desktop-client/services/knirvoracleService.go:174.2,174.21 1 0
KNIRVENGINE/desktop-client/services/knirvoracleService.go:178.146,180.16 2 0
KNIRVENGINE/desktop-client/services/knirvoracleService.go:180.16,182.3 1 0
KNIRVENGINE/desktop-client/services/knirvoracleService.go:183.2,186.67 3 0
KNIRVENGINE/desktop-client/services/knirvoracleService.go:186.67,188.3 1 0
KNIRVENGINE/desktop-client/services/knirvoracleService.go:190.2,190.38 1 0
KNIRVENGINE/desktop-client/services/knirvoracleService.go:190.38,192.3 1 0
KNIRVENGINE/desktop-client/services/knirvoracleService.go:194.2,194.21 1 0
KNIRVENGINE/desktop-client/services/knirvoracleService.go:198.109,200.16 2 0
KNIRVENGINE/desktop-client/services/knirvoracleService.go:200.16,202.3 1 0
KNIRVENGINE/desktop-client/services/knirvoracleService.go:203.2,206.67 3 0
KNIRVENGINE/desktop-client/services/knirvoracleService.go:206.67,208.3 1 0
KNIRVENGINE/desktop-client/services/knirvoracleService.go:210.2,210.38 1 0
KNIRVENGINE/desktop-client/services/knirvoracleService.go:210.38,212.3 1 0
KNIRVENGINE/desktop-client/services/knirvoracleService.go:214.2,214.21 1 0
KNIRVENGINE/desktop-client/services/knirvoracleService.go:218.116,221.16 3 0
KNIRVENGINE/desktop-client/services/knirvoracleService.go:221.16,223.3 1 0
KNIRVENGINE/desktop-client/services/knirvoracleService.go:224.2,227.67 3 0
KNIRVENGINE/desktop-client/services/knirvoracleService.go:227.67,229.3 1 0
KNIRVENGINE/desktop-client/services/knirvoracleService.go:231.2,231.38 1 0
KNIRVENGINE/desktop-client/services/knirvoracleService.go:231.38,233.3 1 0
KNIRVENGINE/desktop-client/services/knirvoracleService.go:235.2,235.21 1 0
KNIRVENGINE/desktop-client/services/knirvoracleService.go:239.121,241.16 2 0
KNIRVENGINE/desktop-client/services/knirvoracleService.go:241.16,243.3 1 0
KNIRVENGINE/desktop-client/services/knirvoracleService.go:244.2,247.67 3 0
KNIRVENGINE/desktop-client/services/knirvoracleService.go:247.67,249.3 1 0
KNIRVENGINE/desktop-client/services/knirvoracleService.go:251.2,251.38 1 0
KNIRVENGINE/desktop-client/services/knirvoracleService.go:251.38,253.3 1 0
KNIRVENGINE/desktop-client/services/knirvoracleService.go:255.2,255.21 1 0
KNIRVENGINE/desktop-client/services/knirvoracleService.go:259.122,262.16 3 0
KNIRVENGINE/desktop-client/services/knirvoracleService.go:262.16,264.3 1 0
KNIRVENGINE/desktop-client/services/knirvoracleService.go:265.2,273.67 3 0
KNIRVENGINE/desktop-client/services/knirvoracleService.go:273.67,275.3 1 0
KNIRVENGINE/desktop-client/services/knirvoracleService.go:277.2,277.38 1 0
KNIRVENGINE/desktop-client/services/knirvoracleService.go:277.38,279.3 1 0
KNIRVENGINE/desktop-client/services/knirvoracleService.go:281.2,281.33 1 0
KNIRVENGINE/desktop-client/services/knirvoracleService.go:285.155,294.16 3 0
KNIRVENGINE/desktop-client/services/knirvoracleService.go:294.16,296.3 1 0
KNIRVENGINE/desktop-client/services/knirvoracleService.go:297.2,300.67 3 0
KNIRVENGINE/desktop-client/services/knirvoracleService.go:300.67,302.3 1 0
KNIRVENGINE/desktop-client/services/knirvoracleService.go:304.2,304.38 1 0
KNIRVENGINE/desktop-client/services/knirvoracleService.go:304.38,306.3 1 0
KNIRVENGINE/desktop-client/services/knirvoracleService.go:308.2,308.20 1 0
KNIRVENGINE/desktop-client/services/knirvoracleService.go:312.101,314.16 2 0
KNIRVENGINE/desktop-client/services/knirvoracleService.go:314.16,316.3 1 0
KNIRVENGINE/desktop-client/services/knirvoracleService.go:317.2,320.67 3 0
KNIRVENGINE/desktop-client/services/knirvoracleService.go:320.67,322.3 1 0
KNIRVENGINE/desktop-client/services/knirvoracleService.go:324.2,324.20 1 0
KNIRVENGINE/desktop-client/services/knirvoracleService.go:328.69,330.16 2 1
KNIRVENGINE/desktop-client/services/knirvoracleService.go:330.16,332.3 1 1
KNIRVENGINE/desktop-client/services/knirvoracleService.go:333.2,335.38 2 0
KNIRVENGINE/desktop-client/services/knirvoracleService.go:335.38,337.3 1 0
KNIRVENGINE/desktop-client/services/knirvoracleService.go:339.2,339.12 1 0
KNIRVENGINE/desktop-client/inference/cerebras_provider.go:182.13,187.2 3 1
KNIRVENGINE/desktop-client/inference/cerebras_provider.go:193.99,206.26 3 0
KNIRVENGINE/desktop-client/inference/cerebras_provider.go:206.26,209.21 2 0
KNIRVENGINE/desktop-client/inference/cerebras_provider.go:209.21,212.4 2 0
KNIRVENGINE/desktop-client/inference/cerebras_provider.go:212.9,216.4 2 0
KNIRVENGINE/desktop-client/inference/cerebras_provider.go:219.2,219.33 1 0
KNIRVENGINE/desktop-client/inference/cerebras_provider.go:219.33,221.3 1 0
KNIRVENGINE/desktop-client/inference/cerebras_provider.go:222.2,223.17 2 0
KNIRVENGINE/desktop-client/inference/cerebras_provider.go:227.42,229.2 1 0
KNIRVENGINE/desktop-client/inference/cerebras_provider.go:232.46,234.64 1 0
KNIRVENGINE/desktop-client/inference/cerebras_provider.go:234.64,237.3 2 0
KNIRVENGINE/desktop-client/inference/cerebras_provider.go:239.2,239.54 1 0
KNIRVENGINE/desktop-client/inference/cerebras_provider.go:243.56,252.20 4 0
KNIRVENGINE/desktop-client/inference/cerebras_provider.go:252.20,254.3 1 0
KNIRVENGINE/desktop-client/inference/cerebras_provider.go:254.8,257.3 1 0
KNIRVENGINE/desktop-client/inference/cerebras_provider.go:258.2,258.35 1 0
KNIRVENGINE/desktop-client/inference/cerebras_provider.go:258.35,260.3 1 0
KNIRVENGINE/desktop-client/inference/cerebras_provider.go:261.2,261.16 1 0
KNIRVENGINE/desktop-client/inference/cerebras_provider.go:266.88,268.31 2 0
KNIRVENGINE/desktop-client/inference/cerebras_provider.go:268.31,270.36 2 0
KNIRVENGINE/desktop-client/inference/cerebras_provider.go:271.38,272.36 1 0
KNIRVENGINE/desktop-client/inference/cerebras_provider.go:273.13,274.22 1 0
KNIRVENGINE/desktop-client/inference/cerebras_provider.go:279.3,284.44 2 0
KNIRVENGINE/desktop-client/inference/cerebras_provider.go:286.2,286.20 1 0
KNIRVENGINE/desktop-client/inference/cerebras_provider.go:290.78,291.26 1 0
KNIRVENGINE/desktop-client/inference/cerebras_provider.go:291.26,293.3 1 0
KNIRVENGINE/desktop-client/inference/cerebras_provider.go:294.2,295.34 2 0
KNIRVENGINE/desktop-client/inference/cerebras_provider.go:295.34,296.30 1 0
KNIRVENGINE/desktop-client/inference/cerebras_provider.go:296.30,298.12 2 0
KNIRVENGINE/desktop-client/inference/cerebras_provider.go:302.3,308.38 2 0
KNIRVENGINE/desktop-client/inference/cerebras_provider.go:308.38,310.76 2 0
KNIRVENGINE/desktop-client/inference/cerebras_provider.go:310.76,312.5 1 0
KNIRVENGINE/desktop-client/inference/cerebras_provider.go:312.10,314.5 1 0
KNIRVENGINE/desktop-client/inference/cerebras_provider.go:317.3,329.39 2 0
KNIRVENGINE/desktop-client/inference/cerebras_provider.go:331.2,331.22 1 0
KNIRVENGINE/desktop-client/inference/cerebras_provider.go:336.65,337.24 1 0
KNIRVENGINE/desktop-client/inference/cerebras_provider.go:337.24,339.3 1 0
KNIRVENGINE/desktop-client/inference/cerebras_provider.go:340.2,340.47 1 0
KNIRVENGINE/desktop-client/inference/cerebras_provider.go:340.47,342.82 2 0
KNIRVENGINE/desktop-client/inference/cerebras_provider.go:342.82,344.4 1 0
KNIRVENGINE/desktop-client/inference/cerebras_provider.go:346.3,352.4 2 0
KNIRVENGINE/desktop-client/inference/cerebras_provider.go:355.2,355.63 1 0
KNIRVENGINE/desktop-client/inference/cerebras_provider.go:355.63,356.77 1 0
KNIRVENGINE/desktop-client/inference/cerebras_provider.go:356.77,357.73 1 0
KNIRVENGINE/desktop-client/inference/cerebras_provider.go:357.73,358.46 1 0
KNIRVENGINE/desktop-client/inference/cerebras_provider.go:358.46,360.6 1 0
KNIRVENGINE/desktop-client/inference/cerebras_provider.go:364.2,365.15 2 0
KNIRVENGINE/desktop-client/inference/cerebras_provider.go:369.106,391.55 10 0
KNIRVENGINE/desktop-client/inference/cerebras_provider.go:391.55,393.3 1 0
KNIRVENGINE/desktop-client/inference/cerebras_provider.go:394.2,394.44 1 0
KNIRVENGINE/desktop-client/inference/cerebras_provider.go:394.44,395.29 1 0
KNIRVENGINE/desktop-client/inference/cerebras_provider.go:396.12,397.14 1 0
KNIRVENGINE/desktop-client/inference/cerebras_provider.go:397.14,399.5 1 0
KNIRVENGINE/desktop-client/inference/cerebras_provider.go:400.16,401.14 1 0
KNIRVENGINE/desktop-client/inference/cerebras_provider.go:401.14,403.5 1 0
KNIRVENGINE/desktop-client/inference/cerebras_provider.go:406.2,406.54 1 0
KNIRVENGINE/desktop-client/inference/cerebras_provider.go:406.54,408.3 1 0
KNIRVENGINE/desktop-client/inference/cerebras_provider.go:409.2,409.48 1 0
KNIRVENGINE/desktop-client/inference/cerebras_provider.go:409.48,411.3 1 0
KNIRVENGINE/desktop-client/inference/cerebras_provider.go:412.2,412.37 1 0
KNIRVENGINE/desktop-client/inference/cerebras_provider.go:412.37,413.27 1 0
KNIRVENGINE/desktop-client/inference/cerebras_provider.go:414.12,416.22 2 0
KNIRVENGINE/desktop-client/inference/cerebras_provider.go:417.14,418.17 1 0
KNIRVENGINE/desktop-client/inference/cerebras_provider.go:419.16,421.22 2 0
KNIRVENGINE/desktop-client/inference/cerebras_provider.go:424.2,424.51 1 0
KNIRVENGINE/desktop-client/inference/cerebras_provider.go:424.51,426.3 1 0
KNIRVENGINE/desktop-client/inference/cerebras_provider.go:429.2,429.57 1 0
KNIRVENGINE/desktop-client/inference/cerebras_provider.go:429.57,431.17 2 0
KNIRVENGINE/desktop-client/inference/cerebras_provider.go:431.17,433.4 1 0
KNIRVENGINE/desktop-client/inference/cerebras_provider.go:434.3,434.23 1 0
KNIRVENGINE/desktop-client/inference/cerebras_provider.go:436.2,436.53 1 0
KNIRVENGINE/desktop-client/inference/cerebras_provider.go:436.53,440.43 2 0
KNIRVENGINE/desktop-client/inference/cerebras_provider.go:440.43,442.4 1 0
KNIRVENGINE/desktop-client/inference/cerebras_provider.go:442.9,442.58 1 0
KNIRVENGINE/desktop-client/inference/cerebras_provider.go:442.58,450.4 2 0
KNIRVENGINE/desktop-client/inference/cerebras_provider.go:450.9,453.4 1 0
KNIRVENGINE/desktop-client/inference/cerebras_provider.go:457.2,457.58 1 0
KNIRVENGINE/desktop-client/inference/cerebras_provider.go:457.58,459.3 1 0
KNIRVENGINE/desktop-client/inference/cerebras_provider.go:462.2,462.54 1 0
KNIRVENGINE/desktop-client/inference/cerebras_provider.go:462.54,463.58 1 0
KNIRVENGINE/desktop-client/inference/cerebras_provider.go:463.58,482.4 1 0
KNIRVENGINE/desktop-client/inference/cerebras_provider.go:482.9,484.4 1 0
KNIRVENGINE/desktop-client/inference/cerebras_provider.go:487.2,488.18 2 0
KNIRVENGINE/desktop-client/inference/cerebras_provider.go:488.18,490.3 1 0
KNIRVENGINE/desktop-client/inference/cerebras_provider.go:492.2,492.26 1 0
KNIRVENGINE/desktop-client/inference/cerebras_provider.go:496.136,497.29 1 0
KNIRVENGINE/desktop-client/inference/cerebras_provider.go:497.29,499.3 1 0
KNIRVENGINE/desktop-client/inference/cerebras_provider.go:501.2,502.46 2 0
KNIRVENGINE/desktop-client/inference/cerebras_provider.go:502.46,504.3 1 0
KNIRVENGINE/desktop-client/inference/cerebras_provider.go:504.8,507.23 3 0
KNIRVENGINE/desktop-client/inference/cerebras_provider.go:507.23,509.4 1 0
KNIRVENGINE/desktop-client/inference/cerebras_provider.go:512.2,512.20 1 0
KNIRVENGINE/desktop-client/inference/cerebras_provider.go:512.20,514.3 1 0
KNIRVENGINE/desktop-client/inference/cerebras_provider.go:515.2,517.42 2 0
KNIRVENGINE/desktop-client/inference/cerebras_provider.go:522.141,542.55 10 0
KNIRVENGINE/desktop-client/inference/cerebras_provider.go:542.55,544.3 1 0
KNIRVENGINE/desktop-client/inference/cerebras_provider.go:545.2,545.44 1 0
KNIRVENGINE/desktop-client/inference/cerebras_provider.go:545.44,546.29 1 0
KNIRVENGINE/desktop-client/inference/cerebras_provider.go:547.12,548.14 1 0
KNIRVENGINE/desktop-client/inference/cerebras_provider.go:548.14,550.5 1 0
KNIRVENGINE/desktop-client/inference/cerebras_provider.go:551.16,552.14 1 0
KNIRVENGINE/desktop-client/inference/cerebras_provider.go:552.14,554.5 1 0
KNIRVENGINE/desktop-client/inference/cerebras_provider.go:557.2,557.54 1 0
KNIRVENGINE/desktop-client/inference/cerebras_provider.go:557.54,559.3 1 0
KNIRVENGINE/desktop-client/inference/cerebras_provider.go:560.2,560.48 1 0
KNIRVENGINE/desktop-client/inference/cerebras_provider.go:560.48,562.3 1 0
KNIRVENGINE/desktop-client/inference/cerebras_provider.go:563.2,563.37 1 0
KNIRVENGINE/desktop-client/inference/cerebras_provider.go:563.37,564.27 1 0
KNIRVENGINE/desktop-client/inference/cerebras_provider.go:565.12,567.22 2 0
KNIRVENGINE/desktop-client/inference/cerebras_provider.go:568.14,569.17 1 0
KNIRVENGINE/desktop-client/inference/cerebras_provider.go:570.16,572.22 2 0
KNIRVENGINE/desktop-client/inference/cerebras_provider.go:575.2,575.51 1 0
KNIRVENGINE/desktop-client/inference/cerebras_provider.go:575.51,577.3 1 0
KNIRVENGINE/desktop-client/inference/cerebras_provider.go:580.2,580.57 1 0
KNIRVENGINE/desktop-client/inference/cerebras_provider.go:580.57,582.17 2 0
KNIRVENGINE/desktop-client/inference/cerebras_provider.go:582.17,584.4 1 0
KNIRVENGINE/desktop-client/inference/cerebras_provider.go:585.3,585.23 1 0
KNIRVENGINE/desktop-client/inference/cerebras_provider.go:587.2,587.53 1 0
KNIRVENGINE/desktop-client/inference/cerebras_provider.go:587.53,589.43 2 0
KNIRVENGINE/desktop-client/inference/cerebras_provider.go:589.43,591.4 1 0
KNIRVENGINE/desktop-client/inference/cerebras_provider.go:591.9,595.4 2 0
KNIRVENGINE/desktop-client/inference/cerebras_provider.go:599.2,599.58 1 0
KNIRVENGINE/desktop-client/inference/cerebras_provider.go:599.58,601.3 1 0
KNIRVENGINE/desktop-client/inference/cerebras_provider.go:604.2,604.54 1 0
KNIRVENGINE/desktop-client/inference/cerebras_provider.go:604.54,605.58 1 0
KNIRVENGINE/desktop-client/inference/cerebras_provider.go:605.58,624.4 1 0
KNIRVENGINE/desktop-client/inference/cerebras_provider.go:624.9,626.4 1 0
KNIRVENGINE/desktop-client/inference/cerebras_provider.go:629.2,630.18 2 0
KNIRVENGINE/desktop-client/inference/cerebras_provider.go:630.18,632.3 1 0
KNIRVENGINE/desktop-client/inference/cerebras_provider.go:634.2,634.26 1 0
KNIRVENGINE/desktop-client/inference/cerebras_provider.go:638.71,640.56 2 0
KNIRVENGINE/desktop-client/inference/cerebras_provider.go:640.56,643.3 2 0
KNIRVENGINE/desktop-client/inference/cerebras_provider.go:645.2,645.32 1 0
KNIRVENGINE/desktop-client/inference/cerebras_provider.go:645.32,648.56 3 0
KNIRVENGINE/desktop-client/inference/cerebras_provider.go:648.56,649.42 1 0
KNIRVENGINE/desktop-client/inference/cerebras_provider.go:649.42,651.5 1 0
KNIRVENGINE/desktop-client/inference/cerebras_provider.go:653.3,653.70 1 0
KNIRVENGINE/desktop-client/inference/cerebras_provider.go:656.2,658.41 2 0
KNIRVENGINE/desktop-client/inference/cerebras_provider.go:658.41,661.3 2 0
KNIRVENGINE/desktop-client/inference/cerebras_provider.go:663.2,663.36 1 0
KNIRVENGINE/desktop-client/inference/cerebras_provider.go:667.76,670.27 3 0
KNIRVENGINE/desktop-client/inference/cerebras_provider.go:670.27,672.3 1 0
KNIRVENGINE/desktop-client/inference/cerebras_provider.go:673.2,673.33 1 0
KNIRVENGINE/desktop-client/inference/cerebras_provider.go:673.33,675.3 1 0
KNIRVENGINE/desktop-client/inference/cerebras_provider.go:676.2,676.64 1 0
KNIRVENGINE/desktop-client/inference/cerebras_provider.go:680.77,682.56 2 0
KNIRVENGINE/desktop-client/inference/cerebras_provider.go:682.56,684.3 1 0
KNIRVENGINE/desktop-client/inference/cerebras_provider.go:686.2,686.83 1 0
KNIRVENGINE/desktop-client/inference/cerebras_provider.go:686.83,688.25 2 0
KNIRVENGINE/desktop-client/inference/cerebras_provider.go:688.25,693.33 3 0
KNIRVENGINE/desktop-client/inference/cerebras_provider.go:693.33,702.5 1 0
KNIRVENGINE/desktop-client/inference/cerebras_provider.go:704.4,705.18 2 0
KNIRVENGINE/desktop-client/inference/cerebras_provider.go:705.18,708.5 2 0
KNIRVENGINE/desktop-client/inference/cerebras_provider.go:710.4,710.29 1 0
KNIRVENGINE/desktop-client/inference/cerebras_provider.go:714.2,714.18 1 0
KNIRVENGINE/desktop-client/inference/cerebras_provider.go:718.54,720.2 1 0
KNIRVENGINE/desktop-client/inference/cerebras_provider.go:723.66,734.16 9 0
KNIRVENGINE/desktop-client/inference/cerebras_provider.go:734.16,736.3 1 0
KNIRVENGINE/desktop-client/inference/cerebras_provider.go:738.2,738.24 1 0
KNIRVENGINE/desktop-client/inference/cerebras_provider.go:738.24,739.46 1 0
KNIRVENGINE/desktop-client/inference/cerebras_provider.go:739.46,741.4 1 0
KNIRVENGINE/desktop-client/inference/cerebras_provider.go:745.2,745.91 1 0
KNIRVENGINE/desktop-client/inference/cerebras_provider.go:745.91,747.3 1 0
KNIRVENGINE/desktop-client/inference/cerebras_provider.go:748.2,748.44 1 0
KNIRVENGINE/desktop-client/inference/cerebras_provider.go:748.44,750.3 1 0
KNIRVENGINE/desktop-client/inference/cerebras_provider.go:751.2,751.72 1 0
KNIRVENGINE/desktop-client/inference/cerebras_provider.go:751.72,753.3 1 0
KNIRVENGINE/desktop-client/inference/cerebras_provider.go:754.2,754.26 1 0
KNIRVENGINE/desktop-client/inference/cerebras_provider.go:754.26,756.3 1 0
KNIRVENGINE/desktop-client/inference/cerebras_provider.go:757.2,757.19 1 0
KNIRVENGINE/desktop-client/inference/cerebras_provider.go:757.19,759.3 1 0
KNIRVENGINE/desktop-client/inference/cerebras_provider.go:760.2,760.19 1 0
KNIRVENGINE/desktop-client/inference/cerebras_provider.go:760.19,762.3 1 0
KNIRVENGINE/desktop-client/inference/cerebras_provider.go:765.2,765.87 1 0
KNIRVENGINE/desktop-client/inference/cerebras_provider.go:765.87,767.3 1 0
KNIRVENGINE/desktop-client/inference/cerebras_provider.go:768.2,768.68 1 0
KNIRVENGINE/desktop-client/inference/cerebras_provider.go:768.68,770.3 1 0
KNIRVENGINE/desktop-client/inference/cerebras_provider.go:773.2,773.49 1 0
KNIRVENGINE/desktop-client/inference/cerebras_provider.go:773.49,775.3 1 0
KNIRVENGINE/desktop-client/inference/cerebras_provider.go:776.2,776.38 1 0
KNIRVENGINE/desktop-client/inference/cerebras_provider.go:776.38,778.3 1 0
KNIRVENGINE/desktop-client/inference/cerebras_provider.go:780.2,780.86 1 0
KNIRVENGINE/desktop-client/inference/cerebras_provider.go:784.77,785.13 1 0
KNIRVENGINE/desktop-client/inference/cerebras_provider.go:786.17,787.34 1 0
KNIRVENGINE/desktop-client/inference/cerebras_provider.go:787.34,789.4 1 0
KNIRVENGINE/desktop-client/inference/cerebras_provider.go:790.15,791.34 1 0
KNIRVENGINE/desktop-client/inference/cerebras_provider.go:791.34,793.4 1 0
KNIRVENGINE/desktop-client/inference/cerebras_provider.go:794.20,795.28 1 0
KNIRVENGINE/desktop-client/inference/cerebras_provider.go:796.12,797.13 1 0
KNIRVENGINE/desktop-client/inference/cerebras_provider.go:797.13,799.5 1 0
KNIRVENGINE/desktop-client/inference/cerebras_provider.go:800.16,801.13 1 0
KNIRVENGINE/desktop-client/inference/cerebras_provider.go:801.13,803.5 1 0
KNIRVENGINE/desktop-client/inference/cerebras_provider.go:805.21,806.35 1 0
KNIRVENGINE/desktop-client/inference/cerebras_provider.go:806.35,808.4 1 0
KNIRVENGINE/desktop-client/inference/cerebras_provider.go:809.15,810.35 1 0
KNIRVENGINE/desktop-client/inference/cerebras_provider.go:810.35,812.4 1 0
KNIRVENGINE/desktop-client/inference/cerebras_provider.go:813.14,814.28 1 0
KNIRVENGINE/desktop-client/inference/cerebras_provider.go:815.12,817.21 2 0
KNIRVENGINE/desktop-client/inference/cerebras_provider.go:818.14,819.15 1 0
KNIRVENGINE/desktop-client/inference/cerebras_provider.go:820.16,822.21 2 0
KNIRVENGINE/desktop-client/inference/cerebras_provider.go:824.10,825.84 1 0
KNIRVENGINE/desktop-client/inference/cerebras_provider.go:830.69,835.2 4 0
KNIRVENGINE/desktop-client/inference/cerebras_provider.go:838.59,841.19 3 0
KNIRVENGINE/desktop-client/inference/cerebras_provider.go:841.19,844.3 2 0
KNIRVENGINE/desktop-client/inference/cerebras_provider.go:848.53,850.2 1 0
KNIRVENGINE/desktop-client/inference/cerebras_provider.go:853.112,854.20 1 0
KNIRVENGINE/desktop-client/inference/cerebras_provider.go:854.20,856.3 1 0
KNIRVENGINE/desktop-client/inference/cerebras_provider.go:857.2,860.42 2 0
KNIRVENGINE/desktop-client/inference/cerebras_provider.go:864.78,866.30 2 0
KNIRVENGINE/desktop-client/inference/cerebras_provider.go:866.30,868.3 1 0
KNIRVENGINE/desktop-client/inference/cerebras_provider.go:869.2,869.24 1 0
KNIRVENGINE/desktop-client/inference/cerebras_provider.go:869.24,871.3 1 0
KNIRVENGINE/desktop-client/inference/cerebras_provider.go:873.2,874.73 2 0
KNIRVENGINE/desktop-client/inference/cerebras_provider.go:874.73,877.81 2 0
KNIRVENGINE/desktop-client/inference/cerebras_provider.go:877.81,878.43 1 0
KNIRVENGINE/desktop-client/inference/cerebras_provider.go:878.43,880.58 2 0
KNIRVENGINE/desktop-client/inference/cerebras_provider.go:880.58,881.51 1 0
KNIRVENGINE/desktop-client/inference/cerebras_provider.go:881.51,883.7 1 0
KNIRVENGINE/desktop-client/inference/cerebras_provider.go:885.5,885.86 1 0
KNIRVENGINE/desktop-client/inference/cerebras_provider.go:888.3,889.69 2 0
KNIRVENGINE/desktop-client/inference/cerebras_provider.go:892.2,892.33 1 0
KNIRVENGINE/desktop-client/inference/cerebras_provider.go:892.33,894.3 1 0
KNIRVENGINE/desktop-client/inference/cerebras_provider.go:896.2,899.37 2 0
KNIRVENGINE/desktop-client/inference/cerebras_provider.go:899.37,907.3 2 0
KNIRVENGINE/desktop-client/inference/cerebras_provider.go:909.2,909.32 1 0
KNIRVENGINE/desktop-client/inference/cerebras_provider.go:909.32,912.3 2 0
KNIRVENGINE/desktop-client/inference/cerebras_provider.go:914.2,914.34 1 0
KNIRVENGINE/desktop-client/inference/cerebras_provider.go:938.42,943.2 1 0
KNIRVENGINE/desktop-client/inference/cerebras_provider.go:946.70,948.31 2 0
KNIRVENGINE/desktop-client/inference/cerebras_provider.go:948.31,953.3 1 0
KNIRVENGINE/desktop-client/inference/cerebras_provider.go:954.2,954.25 1 0
KNIRVENGINE/desktop-client/inference/cerebras_provider.go:959.146,960.18 1 0
KNIRVENGINE/desktop-client/inference/cerebras_provider.go:960.18,962.3 1 0
KNIRVENGINE/desktop-client/inference/cerebras_provider.go:963.2,963.17 1 0
KNIRVENGINE/desktop-client/inference/cerebras_provider.go:963.17,965.3 1 0
KNIRVENGINE/desktop-client/inference/cerebras_provider.go:966.2,966.24 1 0
KNIRVENGINE/desktop-client/inference/cerebras_provider.go:966.24,968.3 1 0
KNIRVENGINE/desktop-client/inference/cerebras_provider.go:971.2,983.16 4 0
KNIRVENGINE/desktop-client/inference/cerebras_provider.go:983.16,985.3 1 0
KNIRVENGINE/desktop-client/inference/cerebras_provider.go:988.2,989.16 2 0
KNIRVENGINE/desktop-client/inference/cerebras_provider.go:989.16,991.3 1 0
KNIRVENGINE/desktop-client/inference/cerebras_provider.go:994.2,1000.16 5 0
KNIRVENGINE/desktop-client/inference/cerebras_provider.go:1000.16,1002.39 1 0
KNIRVENGINE/desktop-client/inference/cerebras_provider.go:1002.39,1005.4 2 0
KNIRVENGINE/desktop-client/inference/cerebras_provider.go:1006.3,1006.47 1 0
KNIRVENGINE/desktop-client/inference/cerebras_provider.go:1006.47,1009.4 2 0
KNIRVENGINE/desktop-client/inference/cerebras_provider.go:1010.3,1010.75 1 0
KNIRVENGINE/desktop-client/inference/cerebras_provider.go:1012.2,1016.16 3 0
KNIRVENGINE/desktop-client/inference/cerebras_provider.go:1016.16,1018.3 1 0
KNIRVENGINE/desktop-client/inference/cerebras_provider.go:1021.2,1021.38 1 0
KNIRVENGINE/desktop-client/inference/cerebras_provider.go:1021.38,1024.3 2 0
KNIRVENGINE/desktop-client/inference/cerebras_provider.go:1027.2,1028.56 2 0
KNIRVENGINE/desktop-client/inference/cerebras_provider.go:1028.56,1030.3 1 0
KNIRVENGINE/desktop-client/inference/cerebras_provider.go:1033.2,1033.77 1 0
KNIRVENGINE/desktop-client/inference/cerebras_provider.go:1033.77,1036.3 2 0
KNIRVENGINE/desktop-client/inference/cerebras_provider.go:1039.2,1039.49 1 0
KNIRVENGINE/desktop-client/inference/context_manager.go:51.67,52.34 1 1
KNIRVENGINE/desktop-client/inference/context_manager.go:52.34,54.3 1 1
KNIRVENGINE/desktop-client/inference/context_manager.go:58.54,59.34 1 1
KNIRVENGINE/desktop-client/inference/context_manager.go:59.34,61.3 1 1
KNIRVENGINE/desktop-client/inference/context_manager.go:65.57,66.34 1 1
KNIRVENGINE/desktop-client/inference/context_manager.go:66.34,68.3 1 1
KNIRVENGINE/desktop-client/inference/context_manager.go:72.59,73.34 1 1
KNIRVENGINE/desktop-client/inference/context_manager.go:73.34,75.3 1 1
KNIRVENGINE/desktop-client/inference/context_manager.go:79.62,80.34 1 0
KNIRVENGINE/desktop-client/inference/context_manager.go:80.34,82.3 1 0
KNIRVENGINE/desktop-client/inference/context_manager.go:94.97,107.27 2 1
KNIRVENGINE/desktop-client/inference/context_manager.go:107.27,109.3 1 1
KNIRVENGINE/desktop-client/inference/context_manager.go:111.2,111.11 1 1
KNIRVENGINE/desktop-client/inference/context_manager.go:115.65,116.21 1 1
KNIRVENGINE/desktop-client/inference/context_manager.go:117.24,121.32 3 1
KNIRVENGINE/desktop-client/inference/context_manager.go:121.32,123.21 2 1
KNIRVENGINE/desktop-client/inference/context_manager.go:123.21,125.5 1 1
KNIRVENGINE/desktop-client/inference/context_manager.go:127.3,127.24 1 1
KNIRVENGINE/desktop-client/inference/context_manager.go:129.23,136.38 4 1
KNIRVENGINE/desktop-client/inference/context_manager.go:136.38,138.21 2 1
KNIRVENGINE/desktop-client/inference/context_manager.go:138.21,140.53 1 1
KNIRVENGINE/desktop-client/inference/context_manager.go:140.53,142.71 2 1
KNIRVENGINE/desktop-client/inference/context_manager.go:142.71,144.73 2 1
KNIRVENGINE/desktop-client/inference/context_manager.go:144.73,146.8 1 1
KNIRVENGINE/desktop-client/inference/context_manager.go:149.5,149.59 1 1
KNIRVENGINE/desktop-client/inference/context_manager.go:154.3,154.56 1 1
KNIRVENGINE/desktop-client/inference/context_manager.go:156.25,158.36 1 1
KNIRVENGINE/desktop-client/inference/context_manager.go:160.10,164.34 3 0
KNIRVENGINE/desktop-client/inference/context_manager.go:169.81,170.25 1 1
KNIRVENGINE/desktop-client/inference/context_manager.go:170.25,172.3 1 0
KNIRVENGINE/desktop-client/inference/context_manager.go:174.2,178.37 4 1
KNIRVENGINE/desktop-client/inference/context_manager.go:178.37,182.74 2 1
KNIRVENGINE/desktop-client/inference/context_manager.go:182.74,186.4 3 0
KNIRVENGINE/desktop-client/inference/context_manager.go:189.3,189.24 1 1
KNIRVENGINE/desktop-client/inference/context_manager.go:189.24,191.4 1 1
KNIRVENGINE/desktop-client/inference/context_manager.go:192.3,193.34 2 1
KNIRVENGINE/desktop-client/inference/context_manager.go:197.2,197.28 1 1
KNIRVENGINE/desktop-client/inference/context_manager.go:197.28,199.3 1 1
KNIRVENGINE/desktop-client/inference/context_manager.go:201.2,201.15 1 1
KNIRVENGINE/desktop-client/inference/context_manager.go:205.67,213.39 5 1
KNIRVENGINE/desktop-client/inference/context_manager.go:213.39,215.20 2 1
KNIRVENGINE/desktop-client/inference/context_manager.go:215.20,216.12 1 0
KNIRVENGINE/desktop-client/inference/context_manager.go:219.3,222.40 2 1
KNIRVENGINE/desktop-client/inference/context_manager.go:222.40,224.30 1 1
KNIRVENGINE/desktop-client/inference/context_manager.go:224.30,228.5 3 0
KNIRVENGINE/desktop-client/inference/context_manager.go:231.4,232.45 2 1
KNIRVENGINE/desktop-client/inference/context_manager.go:232.45,237.13 5 1
KNIRVENGINE/desktop-client/inference/context_manager.go:242.4,246.39 4 0
KNIRVENGINE/desktop-client/inference/context_manager.go:246.39,248.30 2 0
KNIRVENGINE/desktop-client/inference/context_manager.go:248.30,249.14 1 0
KNIRVENGINE/desktop-client/inference/context_manager.go:252.5,252.72 1 0
KNIRVENGINE/desktop-client/inference/context_manager.go:252.72,254.82 2 0
KNIRVENGINE/desktop-client/inference/context_manager.go:254.82,256.73 2 0
KNIRVENGINE/desktop-client/inference/context_manager.go:256.73,258.8 1 0
KNIRVENGINE/desktop-client/inference/context_manager.go:262.5,265.92 2 0
KNIRVENGINE/desktop-client/inference/context_manager.go:265.92,269.6 3 0
KNIRVENGINE/desktop-client/inference/context_manager.go:272.5,272.34 1 0
KNIRVENGINE/desktop-client/inference/context_manager.go:272.34,274.6 1 0
KNIRVENGINE/desktop-client/inference/context_manager.go:275.5,276.44 2 0
KNIRVENGINE/desktop-client/inference/context_manager.go:280.4,280.38 1 0
KNIRVENGINE/desktop-client/inference/context_manager.go:280.38,282.5 1 0
KNIRVENGINE/desktop-client/inference/context_manager.go:283.9,283.61 1 1
KNIRVENGINE/desktop-client/inference/context_manager.go:283.61,289.4 4 0
KNIRVENGINE/desktop-client/inference/context_manager.go:289.9,291.25 1 1
KNIRVENGINE/desktop-client/inference/context_manager.go:291.25,293.5 1 0
KNIRVENGINE/desktop-client/inference/context_manager.go:294.4,295.36 2 1
KNIRVENGINE/desktop-client/inference/context_manager.go:300.2,300.28 1 1
KNIRVENGINE/desktop-client/inference/context_manager.go:300.28,302.3 1 1
KNIRVENGINE/desktop-client/inference/context_manager.go:308.2,308.15 1 1
KNIRVENGINE/desktop-client/inference/context_manager.go:314.150,315.16 1 1
KNIRVENGINE/desktop-client/inference/context_manager.go:315.16,317.3 1 0
KNIRVENGINE/desktop-client/inference/context_manager.go:319.2,320.22 2 1
KNIRVENGINE/desktop-client/inference/context_manager.go:320.22,322.3 1 0
KNIRVENGINE/desktop-client/inference/context_manager.go:324.2,326.17 1 1
KNIRVENGINE/desktop-client/inference/context_manager.go:326.17,327.47 1 1
KNIRVENGINE/desktop-client/inference/context_manager.go:327.47,329.5 1 1
KNIRVENGINE/desktop-client/inference/context_manager.go:330.4,330.23 1 1
KNIRVENGINE/desktop-client/inference/context_manager.go:334.2,334.47 1 1
KNIRVENGINE/desktop-client/inference/context_manager.go:334.47,336.3 1 1
KNIRVENGINE/desktop-client/inference/context_manager.go:339.2,339.68 1 1
KNIRVENGINE/desktop-client/inference/context_manager.go:344.144,350.31 5 1
KNIRVENGINE/desktop-client/inference/context_manager.go:350.31,352.40 2 1
KNIRVENGINE/desktop-client/inference/context_manager.go:352.40,360.18 5 1
KNIRVENGINE/desktop-client/inference/context_manager.go:360.18,367.5 6 1
KNIRVENGINE/desktop-client/inference/context_manager.go:368.4,369.62 2 1
KNIRVENGINE/desktop-client/inference/context_manager.go:373.2,379.31 4 1
KNIRVENGINE/desktop-client/inference/context_manager.go:387.146,391.40 3 1
KNIRVENGINE/desktop-client/inference/context_manager.go:391.40,397.34 4 1
KNIRVENGINE/desktop-client/inference/context_manager.go:397.34,400.4 2 1
KNIRVENGINE/desktop-client/inference/context_manager.go:401.3,409.17 7 1
KNIRVENGINE/desktop-client/inference/context_manager.go:409.17,415.4 3 1
KNIRVENGINE/desktop-client/inference/context_manager.go:417.3,425.43 5 1
KNIRVENGINE/desktop-client/inference/context_manager.go:425.43,427.34 1 0
KNIRVENGINE/desktop-client/inference/context_manager.go:427.34,430.5 2 0
KNIRVENGINE/desktop-client/inference/context_manager.go:435.2,435.50 1 1
KNIRVENGINE/desktop-client/inference/context_manager.go:442.79,443.17 1 1
KNIRVENGINE/desktop-client/inference/context_manager.go:443.17,445.3 1 0
KNIRVENGINE/desktop-client/inference/context_manager.go:446.2,457.41 7 1
KNIRVENGINE/desktop-client/inference/context_manager.go:457.41,459.21 2 1
KNIRVENGINE/desktop-client/inference/context_manager.go:459.21,460.12 1 1
KNIRVENGINE/desktop-client/inference/context_manager.go:463.3,464.69 2 1
KNIRVENGINE/desktop-client/inference/context_manager.go:464.69,466.70 2 1
KNIRVENGINE/desktop-client/inference/context_manager.go:466.70,468.5 1 1
KNIRVENGINE/desktop-client/inference/context_manager.go:471.3,473.45 2 1
KNIRVENGINE/desktop-client/inference/context_manager.go:473.45,476.4 2 1
KNIRVENGINE/desktop-client/inference/context_manager.go:476.9,478.9 1 0
KNIRVENGINE/desktop-client/inference/context_manager.go:483.2,483.65 1 1
KNIRVENGINE/desktop-client/inference/context_manager.go:483.65,485.3 1 0
KNIRVENGINE/desktop-client/inference/context_manager.go:488.2,488.32 1 1
KNIRVENGINE/desktop-client/inference/context_manager.go:488.32,490.3 1 0
KNIRVENGINE/desktop-client/inference/context_manager.go:491.2,491.44 1 1
KNIRVENGINE/desktop-client/inference/context_manager.go:496.73,497.52 1 1
KNIRVENGINE/desktop-client/inference/context_manager.go:497.52,499.3 1 0
KNIRVENGINE/desktop-client/inference/context_manager.go:501.2,506.33 3 1
KNIRVENGINE/desktop-client/inference/context_manager.go:506.33,508.15 1 1
KNIRVENGINE/desktop-client/inference/context_manager.go:508.15,510.4 1 1
KNIRVENGINE/desktop-client/inference/context_manager.go:512.3,512.34 1 1
KNIRVENGINE/desktop-client/inference/context_manager.go:512.34,514.21 1 1
KNIRVENGINE/desktop-client/inference/context_manager.go:514.21,516.5 1 1
KNIRVENGINE/desktop-client/inference/context_manager.go:519.4,519.40 1 1
KNIRVENGINE/desktop-client/inference/context_manager.go:523.3,523.52 1 1
KNIRVENGINE/desktop-client/inference/context_manager.go:523.52,525.4 1 0
KNIRVENGINE/desktop-client/inference/context_manager.go:525.9,525.85 1 1
KNIRVENGINE/desktop-client/inference/context_manager.go:525.85,527.66 1 1
KNIRVENGINE/desktop-client/inference/context_manager.go:527.66,529.5 1 1
KNIRVENGINE/desktop-client/inference/context_manager.go:534.2,534.18 1 0
KNIRVENGINE/desktop-client/inference/context_manager.go:545.19,549.15 3 1
KNIRVENGINE/desktop-client/inference/context_manager.go:549.15,549.49 1 1
KNIRVENGINE/desktop-client/inference/context_manager.go:552.2,554.20 2 1
KNIRVENGINE/desktop-client/inference/context_manager.go:565.19,569.15 3 1
KNIRVENGINE/desktop-client/inference/context_manager.go:569.15,569.51 1 1
KNIRVENGINE/desktop-client/inference/context_manager.go:572.2,574.20 2 1
KNIRVENGINE/desktop-client/inference/context_manager.go:578.66,580.2 1 0
KNIRVENGINE/desktop-client/inference/context_manager.go:583.74,586.2 2 1
KNIRVENGINE/desktop-client/inference/context_manager.go:589.62,591.2 1 0
KNIRVENGINE/desktop-client/inference/context_manager.go:594.66,597.2 2 1
KNIRVENGINE/desktop-client/inference/context_manager.go:600.53,603.2 2 0
KNIRVENGINE/desktop-client/inference/context_manager.go:606.56,609.2 2 0
KNIRVENGINE/desktop-client/inference/context_manager.go:618.24,619.11 1 1
KNIRVENGINE/desktop-client/inference/context_manager.go:619.11,621.3 1 1
KNIRVENGINE/desktop-client/inference/context_manager.go:622.2,622.10 1 0
KNIRVENGINE/desktop-client/inference/context_manager.go:626.24,627.11 1 1
KNIRVENGINE/desktop-client/inference/context_manager.go:627.11,629.3 1 0
KNIRVENGINE/desktop-client/inference/context_manager.go:630.2,630.10 1 1
KNIRVENGINE/desktop-client/inference/conversation_memory.go:32.73,37.2 1 1
KNIRVENGINE/desktop-client/inference/conversation_memory.go:40.76,45.2 4 1
KNIRVENGINE/desktop-client/inference/conversation_memory.go:49.113,57.21 6 1
KNIRVENGINE/desktop-client/inference/conversation_memory.go:57.21,59.3 1 1
KNIRVENGINE/desktop-client/inference/conversation_memory.go:61.2,61.44 1 1
KNIRVENGINE/desktop-client/inference/conversation_memory.go:61.44,65.43 3 1
KNIRVENGINE/desktop-client/inference/conversation_memory.go:65.43,69.4 2 1
KNIRVENGINE/desktop-client/inference/conversation_memory.go:69.9,72.9 2 1
KNIRVENGINE/desktop-client/inference/conversation_memory.go:75.2,75.24 1 1
KNIRVENGINE/desktop-client/inference/conversation_memory.go:79.38,84.2 4 1
KNIRVENGINE/desktop-client/inference/conversation_memory.go:87.71,94.2 5 1
KNIRVENGINE/desktop-client/inference/deepseek_provider.go:71.13,75.2 3 1
KNIRVENGINE/desktop-client/inference/deepseek_provider.go:78.99,90.26 3 0
KNIRVENGINE/desktop-client/inference/deepseek_provider.go:90.26,93.21 2 0
KNIRVENGINE/desktop-client/inference/deepseek_provider.go:93.21,96.4 2 0
KNIRVENGINE/desktop-client/inference/deepseek_provider.go:96.9,100.4 2 0
KNIRVENGINE/desktop-client/inference/deepseek_provider.go:103.2,103.33 1 0
KNIRVENGINE/desktop-client/inference/deepseek_provider.go:103.33,105.3 1 0
KNIRVENGINE/desktop-client/inference/deepseek_provider.go:106.2,107.17 2 0
KNIRVENGINE/desktop-client/inference/deepseek_provider.go:111.42,113.2 1 0
KNIRVENGINE/desktop-client/inference/deepseek_provider.go:116.46,118.64 1 0
KNIRVENGINE/desktop-client/inference/deepseek_provider.go:118.64,121.3 2 0
KNIRVENGINE/desktop-client/inference/deepseek_provider.go:123.2,123.55 1 0
KNIRVENGINE/desktop-client/inference/deepseek_provider.go:127.56,136.20 4 0
KNIRVENGINE/desktop-client/inference/deepseek_provider.go:136.20,138.3 1 0
KNIRVENGINE/desktop-client/inference/deepseek_provider.go:138.8,140.3 1 0
KNIRVENGINE/desktop-client/inference/deepseek_provider.go:141.2,141.35 1 0
KNIRVENGINE/desktop-client/inference/deepseek_provider.go:141.35,143.3 1 0
KNIRVENGINE/desktop-client/inference/deepseek_provider.go:144.2,144.16 1 0
KNIRVENGINE/desktop-client/inference/deepseek_provider.go:148.88,151.2 1 0
KNIRVENGINE/desktop-client/inference/deepseek_provider.go:154.78,157.2 1 0
KNIRVENGINE/desktop-client/inference/deepseek_provider.go:160.65,163.2 1 0
KNIRVENGINE/desktop-client/inference/deepseek_provider.go:166.106,188.55 10 0
KNIRVENGINE/desktop-client/inference/deepseek_provider.go:188.55,190.3 1 0
KNIRVENGINE/desktop-client/inference/deepseek_provider.go:191.2,191.44 1 0
KNIRVENGINE/desktop-client/inference/deepseek_provider.go:191.44,192.29 1 0
KNIRVENGINE/desktop-client/inference/deepseek_provider.go:193.12,194.14 1 0
KNIRVENGINE/desktop-client/inference/deepseek_provider.go:194.14,196.5 1 0
KNIRVENGINE/desktop-client/inference/deepseek_provider.go:197.16,198.14 1 0
KNIRVENGINE/desktop-client/inference/deepseek_provider.go:198.14,200.5 1 0
KNIRVENGINE/desktop-client/inference/deepseek_provider.go:203.2,203.54 1 0
KNIRVENGINE/desktop-client/inference/deepseek_provider.go:203.54,205.3 1 0
KNIRVENGINE/desktop-client/inference/deepseek_provider.go:206.2,206.48 1 0
KNIRVENGINE/desktop-client/inference/deepseek_provider.go:206.48,208.3 1 0
KNIRVENGINE/desktop-client/inference/deepseek_provider.go:209.2,209.37 1 0
KNIRVENGINE/desktop-client/inference/deepseek_provider.go:209.37,210.27 1 0
KNIRVENGINE/desktop-client/inference/deepseek_provider.go:211.12,213.22 2 0
KNIRVENGINE/desktop-client/inference/deepseek_provider.go:214.14,215.17 1 0
KNIRVENGINE/desktop-client/inference/deepseek_provider.go:216.16,218.22 2 0
KNIRVENGINE/desktop-client/inference/deepseek_provider.go:221.2,221.51 1 0
KNIRVENGINE/desktop-client/inference/deepseek_provider.go:221.51,223.3 1 0
KNIRVENGINE/desktop-client/inference/deepseek_provider.go:226.2,226.57 1 0
KNIRVENGINE/desktop-client/inference/deepseek_provider.go:226.57,228.17 2 0
KNIRVENGINE/desktop-client/inference/deepseek_provider.go:228.17,230.4 1 0
KNIRVENGINE/desktop-client/inference/deepseek_provider.go:231.3,231.23 1 0
KNIRVENGINE/desktop-client/inference/deepseek_provider.go:233.2,233.53 1 0
KNIRVENGINE/desktop-client/inference/deepseek_provider.go:233.53,235.43 2 0
KNIRVENGINE/desktop-client/inference/deepseek_provider.go:235.43,237.4 1 0
KNIRVENGINE/desktop-client/inference/deepseek_provider.go:237.9,240.4 2 0
KNIRVENGINE/desktop-client/inference/deepseek_provider.go:244.2,244.58 1 0
KNIRVENGINE/desktop-client/inference/deepseek_provider.go:244.58,246.3 1 0
KNIRVENGINE/desktop-client/inference/deepseek_provider.go:249.2,249.75 1 0
KNIRVENGINE/desktop-client/inference/deepseek_provider.go:249.75,270.3 1 0
KNIRVENGINE/desktop-client/inference/deepseek_provider.go:270.8,270.53 1 0
KNIRVENGINE/desktop-client/inference/deepseek_provider.go:270.53,272.3 1 0
KNIRVENGINE/desktop-client/inference/deepseek_provider.go:274.2,275.18 2 0
KNIRVENGINE/desktop-client/inference/deepseek_provider.go:275.18,277.3 1 0
KNIRVENGINE/desktop-client/inference/deepseek_provider.go:279.2,279.26 1 0
KNIRVENGINE/desktop-client/inference/deepseek_provider.go:283.136,284.29 1 0
KNIRVENGINE/desktop-client/inference/deepseek_provider.go:284.29,286.3 1 0
KNIRVENGINE/desktop-client/inference/deepseek_provider.go:288.2,289.46 2 0
KNIRVENGINE/desktop-client/inference/deepseek_provider.go:289.46,291.3 1 0
KNIRVENGINE/desktop-client/inference/deepseek_provider.go:291.8,294.23 3 0
KNIRVENGINE/desktop-client/inference/deepseek_provider.go:294.23,296.4 1 0
KNIRVENGINE/desktop-client/inference/deepseek_provider.go:299.2,299.20 1 0
KNIRVENGINE/desktop-client/inference/deepseek_provider.go:299.20,301.3 1 0
KNIRVENGINE/desktop-client/inference/deepseek_provider.go:302.2,304.42 2 0
KNIRVENGINE/desktop-client/inference/deepseek_provider.go:308.141,329.55 10 0
KNIRVENGINE/desktop-client/inference/deepseek_provider.go:329.55,331.3 1 0
KNIRVENGINE/desktop-client/inference/deepseek_provider.go:332.2,332.44 1 0
KNIRVENGINE/desktop-client/inference/deepseek_provider.go:332.44,333.29 1 0
KNIRVENGINE/desktop-client/inference/deepseek_provider.go:334.12,335.14 1 0
KNIRVENGINE/desktop-client/inference/deepseek_provider.go:335.14,337.5 1 0
KNIRVENGINE/desktop-client/inference/deepseek_provider.go:338.16,339.14 1 0
KNIRVENGINE/desktop-client/inference/deepseek_provider.go:339.14,341.5 1 0
KNIRVENGINE/desktop-client/inference/deepseek_provider.go:344.2,344.54 1 0
KNIRVENGINE/desktop-client/inference/deepseek_provider.go:344.54,346.3 1 0
KNIRVENGINE/desktop-client/inference/deepseek_provider.go:347.2,347.48 1 0
KNIRVENGINE/desktop-client/inference/deepseek_provider.go:347.48,349.3 1 0
KNIRVENGINE/desktop-client/inference/deepseek_provider.go:350.2,350.37 1 0
KNIRVENGINE/desktop-client/inference/deepseek_provider.go:350.37,351.27 1 0
KNIRVENGINE/desktop-client/inference/deepseek_provider.go:352.12,354.22 2 0
KNIRVENGINE/desktop-client/inference/deepseek_provider.go:355.14,356.17 1 0
KNIRVENGINE/desktop-client/inference/deepseek_provider.go:357.16,359.22 2 0
KNIRVENGINE/desktop-client/inference/deepseek_provider.go:362.2,362.51 1 0
KNIRVENGINE/desktop-client/inference/deepseek_provider.go:362.51,364.3 1 0
KNIRVENGINE/desktop-client/inference/deepseek_provider.go:365.2,365.57 1 0
KNIRVENGINE/desktop-client/inference/deepseek_provider.go:365.57,367.17 2 0
KNIRVENGINE/desktop-client/inference/deepseek_provider.go:367.17,369.4 1 0
KNIRVENGINE/desktop-client/inference/deepseek_provider.go:371.2,371.53 1 0
KNIRVENGINE/desktop-client/inference/deepseek_provider.go:371.53,373.43 2 0
KNIRVENGINE/desktop-client/inference/deepseek_provider.go:373.43,375.4 1 0
KNIRVENGINE/desktop-client/inference/deepseek_provider.go:375.9,377.4 1 0
KNIRVENGINE/desktop-client/inference/deepseek_provider.go:379.2,379.58 1 0
KNIRVENGINE/desktop-client/inference/deepseek_provider.go:379.58,381.3 1 0
KNIRVENGINE/desktop-client/inference/deepseek_provider.go:382.2,382.75 1 0
KNIRVENGINE/desktop-client/inference/deepseek_provider.go:382.75,401.3 1 0
KNIRVENGINE/desktop-client/inference/deepseek_provider.go:401.8,401.53 1 0
KNIRVENGINE/desktop-client/inference/deepseek_provider.go:401.53,403.3 1 0
KNIRVENGINE/desktop-client/inference/deepseek_provider.go:405.2,406.18 2 0
KNIRVENGINE/desktop-client/inference/deepseek_provider.go:406.18,408.3 1 0
KNIRVENGINE/desktop-client/inference/deepseek_provider.go:410.2,410.26 1 0
KNIRVENGINE/desktop-client/inference/deepseek_provider.go:414.71,417.2 1 0
KNIRVENGINE/desktop-client/inference/deepseek_provider.go:420.76,423.27 3 0
KNIRVENGINE/desktop-client/inference/deepseek_provider.go:423.27,425.3 1 0
KNIRVENGINE/desktop-client/inference/deepseek_provider.go:426.2,426.33 1 0
KNIRVENGINE/desktop-client/inference/deepseek_provider.go:426.33,428.3 1 0
KNIRVENGINE/desktop-client/inference/deepseek_provider.go:429.2,429.73 1 0
KNIRVENGINE/desktop-client/inference/deepseek_provider.go:433.77,436.2 1 0
KNIRVENGINE/desktop-client/inference/deepseek_provider.go:439.54,441.2 1 0
KNIRVENGINE/desktop-client/inference/deepseek_provider.go:444.66,448.16 3 0
KNIRVENGINE/desktop-client/inference/deepseek_provider.go:448.16,450.3 1 0
KNIRVENGINE/desktop-client/inference/deepseek_provider.go:453.2,454.24 2 0
KNIRVENGINE/desktop-client/inference/deepseek_provider.go:454.24,455.46 1 0
KNIRVENGINE/desktop-client/inference/deepseek_provider.go:455.46,457.4 1 0
KNIRVENGINE/desktop-client/inference/deepseek_provider.go:461.2,461.44 1 0
KNIRVENGINE/desktop-client/inference/deepseek_provider.go:461.44,463.3 1 0
KNIRVENGINE/desktop-client/inference/deepseek_provider.go:466.2,466.70 1 0
KNIRVENGINE/desktop-client/inference/deepseek_provider.go:466.70,468.3 1 0
KNIRVENGINE/desktop-client/inference/deepseek_provider.go:469.2,469.68 1 0
KNIRVENGINE/desktop-client/inference/deepseek_provider.go:469.68,471.3 1 0
KNIRVENGINE/desktop-client/inference/deepseek_provider.go:472.2,472.49 1 0
KNIRVENGINE/desktop-client/inference/deepseek_provider.go:472.49,474.3 1 0
KNIRVENGINE/desktop-client/inference/deepseek_provider.go:475.2,475.35 1 0
KNIRVENGINE/desktop-client/inference/deepseek_provider.go:475.35,477.3 1 0
KNIRVENGINE/desktop-client/inference/deepseek_provider.go:478.2,478.38 1 0
KNIRVENGINE/desktop-client/inference/deepseek_provider.go:478.38,480.3 1 0
KNIRVENGINE/desktop-client/inference/deepseek_provider.go:482.2,482.95 1 0
KNIRVENGINE/desktop-client/inference/deepseek_provider.go:486.77,488.13 1 0
KNIRVENGINE/desktop-client/inference/deepseek_provider.go:489.17,490.34 1 0
KNIRVENGINE/desktop-client/inference/deepseek_provider.go:490.34,492.4 1 0
KNIRVENGINE/desktop-client/inference/deepseek_provider.go:493.15,494.34 1 0
KNIRVENGINE/desktop-client/inference/deepseek_provider.go:494.34,496.4 1 0
KNIRVENGINE/desktop-client/inference/deepseek_provider.go:497.20,498.28 1 0
KNIRVENGINE/desktop-client/inference/deepseek_provider.go:499.12,500.13 1 0
KNIRVENGINE/desktop-client/inference/deepseek_provider.go:500.13,502.5 1 0
KNIRVENGINE/desktop-client/inference/deepseek_provider.go:503.16,504.13 1 0
KNIRVENGINE/desktop-client/inference/deepseek_provider.go:504.13,506.5 1 0
KNIRVENGINE/desktop-client/inference/deepseek_provider.go:508.21,509.35 1 0
KNIRVENGINE/desktop-client/inference/deepseek_provider.go:509.35,511.4 1 0
KNIRVENGINE/desktop-client/inference/deepseek_provider.go:512.15,513.35 1 0
KNIRVENGINE/desktop-client/inference/deepseek_provider.go:513.35,515.4 1 0
KNIRVENGINE/desktop-client/inference/deepseek_provider.go:516.14,517.28 1 0
KNIRVENGINE/desktop-client/inference/deepseek_provider.go:518.12,520.21 2 0
KNIRVENGINE/desktop-client/inference/deepseek_provider.go:521.14,522.15 1 0
KNIRVENGINE/desktop-client/inference/deepseek_provider.go:523.16,525.21 2 0
KNIRVENGINE/desktop-client/inference/deepseek_provider.go:527.10,528.84 1 0
KNIRVENGINE/desktop-client/inference/deepseek_provider.go:533.69,538.2 4 0
KNIRVENGINE/desktop-client/inference/deepseek_provider.go:541.59,544.19 3 0
KNIRVENGINE/desktop-client/inference/deepseek_provider.go:544.19,547.3 2 0
KNIRVENGINE/desktop-client/inference/deepseek_provider.go:551.53,553.2 1 0
KNIRVENGINE/desktop-client/inference/deepseek_provider.go:556.112,557.20 1 0
KNIRVENGINE/desktop-client/inference/deepseek_provider.go:557.20,559.3 1 0
KNIRVENGINE/desktop-client/inference/deepseek_provider.go:560.2,561.42 2 0
KNIRVENGINE/desktop-client/inference/deepseek_provider.go:565.78,568.2 1 0
KNIRVENGINE/desktop-client/inference/delegator_service.go:36.192,37.61 1 1
KNIRVENGINE/desktop-client/inference/delegator_service.go:37.61,40.3 2 1
KNIRVENGINE/desktop-client/inference/delegator_service.go:41.2,41.24 1 1
KNIRVENGINE/desktop-client/inference/delegator_service.go:41.24,43.3 1 1
KNIRVENGINE/desktop-client/inference/delegator_service.go:44.2,44.23 1 1
KNIRVENGINE/desktop-client/inference/delegator_service.go:44.23,46.3 1 1
KNIRVENGINE/desktop-client/inference/delegator_service.go:47.2,55.3 1 1
KNIRVENGINE/desktop-client/inference/delegator_service.go:61.68,62.9 1 1
KNIRVENGINE/desktop-client/inference/delegator_service.go:63.76,64.42 1 1
KNIRVENGINE/desktop-client/inference/delegator_service.go:65.43,67.44 1 1
KNIRVENGINE/desktop-client/inference/delegator_service.go:68.41,70.44 1 1
KNIRVENGINE/desktop-client/inference/delegator_service.go:71.10,74.17 2 1
KNIRVENGINE/desktop-client/inference/delegator_service.go:74.17,77.4 2 1
KNIRVENGINE/desktop-client/inference/delegator_service.go:78.3,78.92 1 0
KNIRVENGINE/desktop-client/inference/delegator_service.go:83.55,86.16 2 1
KNIRVENGINE/desktop-client/inference/delegator_service.go:86.16,89.3 2 1
KNIRVENGINE/desktop-client/inference/delegator_service.go:92.2,93.31 2 0
KNIRVENGINE/desktop-client/inference/delegator_service.go:97.82,99.31 2 0
KNIRVENGINE/desktop-client/inference/delegator_service.go:99.31,101.3 1 0
KNIRVENGINE/desktop-client/inference/delegator_service.go:103.2,103.36 1 0
KNIRVENGINE/desktop-client/inference/delegator_service.go:108.74,110.31 2 0
KNIRVENGINE/desktop-client/inference/delegator_service.go:110.31,115.3 1 0
KNIRVENGINE/desktop-client/inference/delegator_service.go:117.2,117.51 1 0
KNIRVENGINE/desktop-client/inference/delegator_service.go:122.66,123.16 1 0
KNIRVENGINE/desktop-client/inference/delegator_service.go:123.16,125.3 1 0
KNIRVENGINE/desktop-client/inference/delegator_service.go:126.2,130.100 3 0
KNIRVENGINE/desktop-client/inference/delegator_service.go:130.100,133.3 2 0
KNIRVENGINE/desktop-client/inference/delegator_service.go:142.2,142.136 1 0
KNIRVENGINE/desktop-client/inference/delegator_service.go:142.136,145.3 2 0
KNIRVENGINE/desktop-client/inference/delegator_service.go:151.2,152.13 2 0
KNIRVENGINE/desktop-client/inference/delegator_service.go:156.194,157.65 1 0
KNIRVENGINE/desktop-client/inference/delegator_service.go:157.65,159.3 1 0
KNIRVENGINE/desktop-client/inference/delegator_service.go:160.2,160.24 1 0
KNIRVENGINE/desktop-client/inference/delegator_service.go:160.24,162.3 1 0
KNIRVENGINE/desktop-client/inference/delegator_service.go:165.2,170.72 3 0
KNIRVENGINE/desktop-client/inference/delegator_service.go:170.72,183.22 9 0
KNIRVENGINE/desktop-client/inference/delegator_service.go:183.22,187.4 3 0
KNIRVENGINE/desktop-client/inference/delegator_service.go:188.3,188.202 1 0
KNIRVENGINE/desktop-client/inference/delegator_service.go:193.2,196.28 3 0
KNIRVENGINE/desktop-client/inference/delegator_service.go:196.28,199.76 3 0
KNIRVENGINE/desktop-client/inference/delegator_service.go:199.76,200.45 1 0
KNIRVENGINE/desktop-client/inference/delegator_service.go:200.45,203.10 3 0
KNIRVENGINE/desktop-client/inference/delegator_service.go:206.3,206.13 1 0
KNIRVENGINE/desktop-client/inference/delegator_service.go:206.13,208.4 1 0
KNIRVENGINE/desktop-client/inference/delegator_service.go:209.8,211.3 1 0
KNIRVENGINE/desktop-client/inference/delegator_service.go:214.2,220.43 5 0
KNIRVENGINE/desktop-client/inference/delegator_service.go:220.43,221.44 1 0
KNIRVENGINE/desktop-client/inference/delegator_service.go:221.44,222.9 1 0
KNIRVENGINE/desktop-client/inference/delegator_service.go:225.3,226.30 2 0
KNIRVENGINE/desktop-client/inference/delegator_service.go:226.30,227.20 1 0
KNIRVENGINE/desktop-client/inference/delegator_service.go:227.20,230.5 2 0
KNIRVENGINE/desktop-client/inference/delegator_service.go:230.10,230.85 1 0
KNIRVENGINE/desktop-client/inference/delegator_service.go:230.85,234.5 3 0
KNIRVENGINE/desktop-client/inference/delegator_service.go:234.10,234.47 1 0
KNIRVENGINE/desktop-client/inference/delegator_service.go:234.47,236.10 2 0
KNIRVENGINE/desktop-client/inference/delegator_service.go:238.9,238.26 1 0
KNIRVENGINE/desktop-client/inference/delegator_service.go:238.26,239.9 1 0
KNIRVENGINE/desktop-client/inference/delegator_service.go:242.3,242.46 1 0
KNIRVENGINE/desktop-client/inference/delegator_service.go:242.46,248.29 4 0
KNIRVENGINE/desktop-client/inference/delegator_service.go:248.29,250.5 1 0
KNIRVENGINE/desktop-client/inference/delegator_service.go:251.4,254.18 3 0
KNIRVENGINE/desktop-client/inference/delegator_service.go:254.18,258.5 3 0
KNIRVENGINE/desktop-client/inference/delegator_service.go:261.4,269.49 5 0
KNIRVENGINE/desktop-client/inference/delegator_service.go:269.49,274.27 3 0
KNIRVENGINE/desktop-client/inference/delegator_service.go:274.27,282.25 5 0
KNIRVENGINE/desktop-client/inference/delegator_service.go:282.25,286.7 3 0
KNIRVENGINE/desktop-client/inference/delegator_service.go:287.6,287.160 1 0
KNIRVENGINE/desktop-client/inference/delegator_service.go:293.4,293.105 1 0
KNIRVENGINE/desktop-client/inference/delegator_service.go:297.3,297.66 1 0
KNIRVENGINE/desktop-client/inference/delegator_service.go:297.66,299.12 1 0
KNIRVENGINE/desktop-client/inference/delegator_service.go:300.9,302.9 1 0
KNIRVENGINE/desktop-client/inference/delegator_service.go:307.2,308.22 2 0
KNIRVENGINE/desktop-client/inference/delegator_service.go:308.22,310.3 1 0
KNIRVENGINE/desktop-client/inference/delegator_service.go:316.2,319.47 3 0
KNIRVENGINE/desktop-client/inference/delegator_service.go:319.47,324.46 3 0
KNIRVENGINE/desktop-client/inference/delegator_service.go:324.46,326.31 1 0
KNIRVENGINE/desktop-client/inference/delegator_service.go:326.31,329.10 3 0
KNIRVENGINE/desktop-client/inference/delegator_service.go:334.3,334.25 1 0
KNIRVENGINE/desktop-client/inference/delegator_service.go:334.25,343.47 4 0
KNIRVENGINE/desktop-client/inference/delegator_service.go:343.47,344.40 1 0
KNIRVENGINE/desktop-client/inference/delegator_service.go:344.40,346.11 2 0
KNIRVENGINE/desktop-client/inference/delegator_service.go:350.4,350.33 1 0
KNIRVENGINE/desktop-client/inference/delegator_service.go:350.33,351.47 1 0
KNIRVENGINE/desktop-client/inference/delegator_service.go:351.47,352.41 1 0
KNIRVENGINE/desktop-client/inference/delegator_service.go:352.41,354.12 2 0
KNIRVENGINE/desktop-client/inference/delegator_service.go:358.4,360.23 3 0
KNIRVENGINE/desktop-client/inference/delegator_service.go:360.23,365.5 3 0
KNIRVENGINE/desktop-client/inference/delegator_service.go:366.4,368.159 2 0
KNIRVENGINE/desktop-client/inference/delegator_service.go:370.3,370.144 1 0
KNIRVENGINE/desktop-client/inference/delegator_service.go:375.2,375.97 1 0
KNIRVENGINE/desktop-client/inference/delegator_service.go:382.141,393.21 5 0
KNIRVENGINE/desktop-client/inference/delegator_service.go:393.21,395.3 1 0
KNIRVENGINE/desktop-client/inference/delegator_service.go:396.2,398.50 2 0
KNIRVENGINE/desktop-client/inference/delegator_service.go:398.50,402.3 2 0
KNIRVENGINE/desktop-client/inference/delegator_service.go:402.8,405.35 2 0
KNIRVENGINE/desktop-client/inference/delegator_service.go:405.35,410.4 2 0
KNIRVENGINE/desktop-client/inference/delegator_service.go:414.2,414.100 1 0
KNIRVENGINE/desktop-client/inference/delegator_service.go:419.100,429.18 3 0
KNIRVENGINE/desktop-client/inference/delegator_service.go:429.18,432.17 3 0
KNIRVENGINE/desktop-client/inference/delegator_service.go:432.17,438.4 2 0
KNIRVENGINE/desktop-client/inference/delegator_service.go:438.9,447.4 3 0
KNIRVENGINE/desktop-client/inference/delegator_service.go:451.2,466.16 4 0
KNIRVENGINE/desktop-client/inference/delegator_service.go:466.16,468.3 1 0
KNIRVENGINE/desktop-client/inference/delegator_service.go:471.2,471.26 1 0
KNIRVENGINE/desktop-client/inference/delegator_service.go:476.107,482.18 4 0
KNIRVENGINE/desktop-client/inference/delegator_service.go:482.18,489.17 4 0
KNIRVENGINE/desktop-client/inference/delegator_service.go:489.17,492.4 1 0
KNIRVENGINE/desktop-client/inference/delegator_service.go:496.2,496.27 1 0
KNIRVENGINE/desktop-client/inference/delegator_service.go:496.27,498.19 1 0
KNIRVENGINE/desktop-client/inference/delegator_service.go:498.19,500.4 1 0
KNIRVENGINE/desktop-client/inference/delegator_service.go:502.3,505.35 3 0
KNIRVENGINE/desktop-client/inference/delegator_service.go:505.35,507.4 1 0
KNIRVENGINE/desktop-client/inference/delegator_service.go:508.3,508.109 1 0
KNIRVENGINE/desktop-client/inference/delegator_service.go:512.2,512.16 1 0
KNIRVENGINE/desktop-client/inference/delegator_service.go:512.16,514.3 1 0
KNIRVENGINE/desktop-client/inference/delegator_service.go:514.8,514.50 1 0
KNIRVENGINE/desktop-client/inference/delegator_service.go:514.50,516.3 1 0
KNIRVENGINE/desktop-client/inference/delegator_service.go:517.2,525.18 5 0
KNIRVENGINE/desktop-client/inference/delegator_service.go:525.18,532.17 4 0
KNIRVENGINE/desktop-client/inference/delegator_service.go:532.17,535.4 1 0
KNIRVENGINE/desktop-client/inference/delegator_service.go:539.2,539.25 1 0
KNIRVENGINE/desktop-client/inference/delegator_service.go:539.25,541.19 1 0
KNIRVENGINE/desktop-client/inference/delegator_service.go:541.19,543.4 1 0
KNIRVENGINE/desktop-client/inference/delegator_service.go:545.3,548.35 3 0
KNIRVENGINE/desktop-client/inference/delegator_service.go:548.35,550.4 1 0
KNIRVENGINE/desktop-client/inference/delegator_service.go:551.3,551.107 1 0
KNIRVENGINE/desktop-client/inference/delegator_service.go:555.2,555.16 1 0
KNIRVENGINE/desktop-client/inference/delegator_service.go:555.16,557.3 1 0
KNIRVENGINE/desktop-client/inference/delegator_service.go:557.8,557.48 1 0
KNIRVENGINE/desktop-client/inference/delegator_service.go:557.48,559.3 1 0
KNIRVENGINE/desktop-client/inference/delegator_service.go:560.2,562.27 2 0
KNIRVENGINE/desktop-client/inference/delegator_service.go:567.121,583.18 6 0
KNIRVENGINE/desktop-client/inference/delegator_service.go:583.18,586.17 3 0
KNIRVENGINE/desktop-client/inference/delegator_service.go:586.17,589.4 1 0
KNIRVENGINE/desktop-client/inference/delegator_service.go:591.3,591.17 1 0
KNIRVENGINE/desktop-client/inference/delegator_service.go:591.17,593.4 1 0
KNIRVENGINE/desktop-client/inference/delegator_service.go:597.2,597.20 1 0
KNIRVENGINE/desktop-client/inference/delegator_service.go:597.20,601.35 3 0
KNIRVENGINE/desktop-client/inference/delegator_service.go:601.35,603.4 1 0
KNIRVENGINE/desktop-client/inference/delegator_service.go:604.3,604.100 1 0
KNIRVENGINE/desktop-client/inference/delegator_service.go:609.2,609.16 1 0
KNIRVENGINE/desktop-client/inference/delegator_service.go:609.16,613.3 1 0
KNIRVENGINE/desktop-client/inference/delegator_service.go:615.2,618.22 2 0
KNIRVENGINE/desktop-client/inference/delegator_service.go:622.62,625.24 1 1
KNIRVENGINE/desktop-client/inference/delegator_service.go:625.24,627.3 1 1
KNIRVENGINE/desktop-client/inference/delegator_service.go:628.2,629.65 2 1
KNIRVENGINE/desktop-client/inference/delegator_service.go:633.42,634.21 1 1
KNIRVENGINE/desktop-client/inference/delegator_service.go:634.21,636.3 1 1
KNIRVENGINE/desktop-client/inference/gemini_provider.go:62.13,65.2 2 1
KNIRVENGINE/desktop-client/inference/gemini_provider.go:92.97,109.26 3 0
KNIRVENGINE/desktop-client/inference/gemini_provider.go:109.26,112.21 2 0
KNIRVENGINE/desktop-client/inference/gemini_provider.go:112.21,115.4 2 0
KNIRVENGINE/desktop-client/inference/gemini_provider.go:115.9,119.4 2 0
KNIRVENGINE/desktop-client/inference/gemini_provider.go:123.2,123.33 1 0
KNIRVENGINE/desktop-client/inference/gemini_provider.go:123.33,125.3 1 0
KNIRVENGINE/desktop-client/inference/gemini_provider.go:128.2,129.23 2 0
KNIRVENGINE/desktop-client/inference/gemini_provider.go:129.23,133.3 2 0
KNIRVENGINE/desktop-client/inference/gemini_provider.go:133.8,135.3 1 0
KNIRVENGINE/desktop-client/inference/gemini_provider.go:136.2,139.17 3 0
KNIRVENGINE/desktop-client/inference/gemini_provider.go:145.40,147.2 1 0
KNIRVENGINE/desktop-client/inference/gemini_provider.go:150.44,159.35 6 0
KNIRVENGINE/desktop-client/inference/gemini_provider.go:159.35,161.3 1 0
KNIRVENGINE/desktop-client/inference/gemini_provider.go:163.2,163.18 1 0
KNIRVENGINE/desktop-client/inference/gemini_provider.go:163.18,165.3 1 0
KNIRVENGINE/desktop-client/inference/gemini_provider.go:166.2,166.79 1 0
KNIRVENGINE/desktop-client/inference/gemini_provider.go:170.54,182.35 4 0
KNIRVENGINE/desktop-client/inference/gemini_provider.go:182.35,184.3 1 0
KNIRVENGINE/desktop-client/inference/gemini_provider.go:186.2,186.16 1 0
KNIRVENGINE/desktop-client/inference/gemini_provider.go:190.104,219.2 6 0
KNIRVENGINE/desktop-client/inference/gemini_provider.go:222.134,225.2 1 0
KNIRVENGINE/desktop-client/inference/gemini_provider.go:228.133,236.31 5 0
KNIRVENGINE/desktop-client/inference/gemini_provider.go:236.31,238.124 2 0
KNIRVENGINE/desktop-client/inference/gemini_provider.go:238.124,240.4 1 0
KNIRVENGINE/desktop-client/inference/gemini_provider.go:241.3,244.5 1 0
KNIRVENGINE/desktop-client/inference/gemini_provider.go:247.2,252.23 3 0
KNIRVENGINE/desktop-client/inference/gemini_provider.go:256.69,261.52 2 0
KNIRVENGINE/desktop-client/inference/gemini_provider.go:261.52,264.103 2 0
KNIRVENGINE/desktop-client/inference/gemini_provider.go:264.103,266.4 1 0
KNIRVENGINE/desktop-client/inference/gemini_provider.go:267.3,267.72 1 0
KNIRVENGINE/desktop-client/inference/gemini_provider.go:270.2,270.112 1 0
KNIRVENGINE/desktop-client/inference/gemini_provider.go:270.112,273.3 1 0
KNIRVENGINE/desktop-client/inference/gemini_provider.go:277.2,278.68 2 0
KNIRVENGINE/desktop-client/inference/gemini_provider.go:282.74,288.33 4 0
KNIRVENGINE/desktop-client/inference/gemini_provider.go:288.33,290.3 1 0
KNIRVENGINE/desktop-client/inference/gemini_provider.go:294.75,297.2 1 0
KNIRVENGINE/desktop-client/inference/gemini_provider.go:300.52,303.2 1 0
KNIRVENGINE/desktop-client/inference/gemini_provider.go:306.64,311.16 3 0
KNIRVENGINE/desktop-client/inference/gemini_provider.go:311.16,314.3 2 0
KNIRVENGINE/desktop-client/inference/gemini_provider.go:317.2,318.24 2 0
KNIRVENGINE/desktop-client/inference/gemini_provider.go:318.24,319.46 1 0
KNIRVENGINE/desktop-client/inference/gemini_provider.go:319.46,322.4 2 0
KNIRVENGINE/desktop-client/inference/gemini_provider.go:329.2,339.44 2 0
KNIRVENGINE/desktop-client/inference/gemini_provider.go:339.44,343.3 2 0
KNIRVENGINE/desktop-client/inference/gemini_provider.go:343.8,343.27 1 0
KNIRVENGINE/desktop-client/inference/gemini_provider.go:343.27,345.3 1 0
KNIRVENGINE/desktop-client/inference/gemini_provider.go:348.2,348.84 1 0
KNIRVENGINE/desktop-client/inference/gemini_provider.go:348.84,351.3 2 0
KNIRVENGINE/desktop-client/inference/gemini_provider.go:351.8,351.87 1 0
KNIRVENGINE/desktop-client/inference/gemini_provider.go:351.87,354.3 2 0
KNIRVENGINE/desktop-client/inference/gemini_provider.go:357.2,357.68 1 0
KNIRVENGINE/desktop-client/inference/gemini_provider.go:357.68,360.3 2 0
KNIRVENGINE/desktop-client/inference/gemini_provider.go:363.2,363.49 1 0
KNIRVENGINE/desktop-client/inference/gemini_provider.go:363.49,367.3 3 0
KNIRVENGINE/desktop-client/inference/gemini_provider.go:370.2,370.35 1 0
KNIRVENGINE/desktop-client/inference/gemini_provider.go:370.35,374.3 3 0
KNIRVENGINE/desktop-client/inference/gemini_provider.go:383.2,383.121 1 0
KNIRVENGINE/desktop-client/inference/gemini_provider.go:387.67,391.13 3 0
KNIRVENGINE/desktop-client/inference/gemini_provider.go:392.15,393.41 1 0
KNIRVENGINE/desktop-client/inference/gemini_provider.go:393.41,395.4 1 0
KNIRVENGINE/desktop-client/inference/gemini_provider.go:396.20,397.39 1 0
KNIRVENGINE/desktop-client/inference/gemini_provider.go:397.39,399.4 1 0
KNIRVENGINE/desktop-client/inference/gemini_provider.go:400.21,401.38 1 0
KNIRVENGINE/desktop-client/inference/gemini_provider.go:401.38,404.4 2 0
KNIRVENGINE/desktop-client/inference/gemini_provider.go:404.9,404.45 1 0
KNIRVENGINE/desktop-client/inference/gemini_provider.go:404.45,406.4 1 0
KNIRVENGINE/desktop-client/inference/gemini_provider.go:407.15,408.38 1 0
KNIRVENGINE/desktop-client/inference/gemini_provider.go:408.38,411.4 2 0
KNIRVENGINE/desktop-client/inference/gemini_provider.go:411.9,411.45 1 0
KNIRVENGINE/desktop-client/inference/gemini_provider.go:411.45,413.4 1 0
KNIRVENGINE/desktop-client/inference/gemini_provider.go:414.15,415.34 1 0
KNIRVENGINE/desktop-client/inference/gemini_provider.go:415.34,418.4 2 0
KNIRVENGINE/desktop-client/inference/gemini_provider.go:418.9,418.43 1 0
KNIRVENGINE/desktop-client/inference/gemini_provider.go:418.43,420.4 1 0
KNIRVENGINE/desktop-client/inference/gemini_provider.go:425.57,429.2 3 0
KNIRVENGINE/desktop-client/inference/gemini_provider.go:432.51,434.2 1 0
KNIRVENGINE/desktop-client/inference/gemini_provider.go:437.110,440.2 1 0
KNIRVENGINE/desktop-client/inference/gemini_provider.go:443.76,447.2 1 0
KNIRVENGINE/desktop-client/inference/gemini_provider.go:452.94,460.16 3 0
KNIRVENGINE/desktop-client/inference/gemini_provider.go:460.16,462.3 1 0
KNIRVENGINE/desktop-client/inference/gemini_provider.go:464.2,471.18 7 0
KNIRVENGINE/desktop-client/inference/gemini_provider.go:471.18,473.3 1 0
KNIRVENGINE/desktop-client/inference/gemini_provider.go:474.2,474.23 1 0
KNIRVENGINE/desktop-client/inference/gemini_provider.go:474.23,476.3 1 0
KNIRVENGINE/desktop-client/inference/gemini_provider.go:480.2,480.43 1 0
KNIRVENGINE/desktop-client/inference/gemini_provider.go:480.43,482.3 1 0
KNIRVENGINE/desktop-client/inference/gemini_provider.go:483.2,519.23 3 0
KNIRVENGINE/desktop-client/inference/gemini_provider.go:519.23,521.3 1 0
KNIRVENGINE/desktop-client/inference/gemini_provider.go:521.8,523.3 1 0
KNIRVENGINE/desktop-client/inference/gemini_provider.go:527.2,527.103 1 0
KNIRVENGINE/desktop-client/inference/gemini_provider.go:533.123,537.16 3 0
KNIRVENGINE/desktop-client/inference/gemini_provider.go:537.16,539.3 1 0
KNIRVENGINE/desktop-client/inference/gemini_provider.go:541.2,548.18 7 0
KNIRVENGINE/desktop-client/inference/gemini_provider.go:548.18,550.3 1 0
KNIRVENGINE/desktop-client/inference/gemini_provider.go:551.2,551.23 1 0
KNIRVENGINE/desktop-client/inference/gemini_provider.go:551.23,553.3 1 0
KNIRVENGINE/desktop-client/inference/gemini_provider.go:556.2,556.43 1 0
KNIRVENGINE/desktop-client/inference/gemini_provider.go:556.43,558.3 1 0
KNIRVENGINE/desktop-client/inference/gemini_provider.go:559.2,595.31 4 0
KNIRVENGINE/desktop-client/inference/gemini_provider.go:595.31,597.26 2 0
KNIRVENGINE/desktop-client/inference/gemini_provider.go:597.26,599.4 1 0
KNIRVENGINE/desktop-client/inference/gemini_provider.go:601.3,601.40 1 0
KNIRVENGINE/desktop-client/inference/gemini_provider.go:601.40,603.12 2 0
KNIRVENGINE/desktop-client/inference/gemini_provider.go:606.3,611.126 3 0
KNIRVENGINE/desktop-client/inference/gemini_provider.go:615.2,615.115 1 0
KNIRVENGINE/desktop-client/inference/gemini_provider.go:620.102,624.12 3 0
KNIRVENGINE/desktop-client/inference/gemini_provider.go:624.12,648.3 3 0
KNIRVENGINE/desktop-client/inference/gemini_provider.go:650.2,650.26 1 0
KNIRVENGINE/desktop-client/inference/inference_service.go:57.82,68.2 1 1
KNIRVENGINE/desktop-client/inference/inference_service.go:71.42,77.24 4 0
KNIRVENGINE/desktop-client/inference/inference_service.go:77.24,80.3 2 0
KNIRVENGINE/desktop-client/inference/inference_service.go:84.2,99.45 6 0
KNIRVENGINE/desktop-client/inference/inference_service.go:99.45,102.19 3 0
KNIRVENGINE/desktop-client/inference/inference_service.go:102.19,104.12 2 0
KNIRVENGINE/desktop-client/inference/inference_service.go:107.3,116.17 3 0
KNIRVENGINE/desktop-client/inference/inference_service.go:116.17,118.12 2 0
KNIRVENGINE/desktop-client/inference/inference_service.go:121.3,121.54 1 0
KNIRVENGINE/desktop-client/inference/inference_service.go:121.54,127.29 2 0
KNIRVENGINE/desktop-client/inference/inference_service.go:127.29,130.5 2 0
KNIRVENGINE/desktop-client/inference/inference_service.go:130.10,133.5 2 0
KNIRVENGINE/desktop-client/inference/inference_service.go:134.4,134.110 1 0
KNIRVENGINE/desktop-client/inference/inference_service.go:135.9,137.4 1 0
KNIRVENGINE/desktop-client/inference/inference_service.go:141.2,141.33 1 0
KNIRVENGINE/desktop-client/inference/inference_service.go:141.33,143.3 1 0
KNIRVENGINE/desktop-client/inference/inference_service.go:144.2,144.34 1 0
KNIRVENGINE/desktop-client/inference/inference_service.go:144.34,146.3 1 0
KNIRVENGINE/desktop-client/inference/inference_service.go:150.2,156.51 5 0
KNIRVENGINE/desktop-client/inference/inference_service.go:156.51,158.3 1 0
KNIRVENGINE/desktop-client/inference/inference_service.go:164.2,168.24 4 0
KNIRVENGINE/desktop-client/inference/inference_service.go:168.24,174.3 4 0
KNIRVENGINE/desktop-client/inference/inference_service.go:175.2,179.12 4 0
KNIRVENGINE/desktop-client/inference/inference_service.go:183.41,186.18 3 0
KNIRVENGINE/desktop-client/inference/inference_service.go:186.18,188.3 1 0
KNIRVENGINE/desktop-client/inference/inference_service.go:189.2,198.12 9 0
KNIRVENGINE/desktop-client/inference/inference_service.go:202.118,204.40 2 0
KNIRVENGINE/desktop-client/inference/inference_service.go:204.40,207.3 2 0
KNIRVENGINE/desktop-client/inference/inference_service.go:208.2,218.16 6 0
KNIRVENGINE/desktop-client/inference/inference_service.go:218.16,220.3 1 0
KNIRVENGINE/desktop-client/inference/inference_service.go:221.2,222.22 2 0
KNIRVENGINE/desktop-client/inference/inference_service.go:227.109,229.18 2 0
KNIRVENGINE/desktop-client/inference/inference_service.go:229.18,232.3 2 0
KNIRVENGINE/desktop-client/inference/inference_service.go:234.2,235.24 2 0
KNIRVENGINE/desktop-client/inference/inference_service.go:235.24,238.3 2 0
KNIRVENGINE/desktop-client/inference/inference_service.go:239.2,247.42 5 0
KNIRVENGINE/desktop-client/inference/inference_service.go:252.107,254.18 2 0
KNIRVENGINE/desktop-client/inference/inference_service.go:254.18,257.3 2 0
KNIRVENGINE/desktop-client/inference/inference_service.go:258.2,258.18 1 0
KNIRVENGINE/desktop-client/inference/inference_service.go:258.18,261.3 2 0
KNIRVENGINE/desktop-client/inference/inference_service.go:262.2,269.27 6 0
KNIRVENGINE/desktop-client/inference/inference_service.go:269.27,271.3 1 0
KNIRVENGINE/desktop-client/inference/inference_service.go:274.2,275.16 2 0
KNIRVENGINE/desktop-client/inference/inference_service.go:275.16,278.3 2 0
KNIRVENGINE/desktop-client/inference/inference_service.go:279.2,280.22 2 0
KNIRVENGINE/desktop-client/inference/inference_service.go:285.131,287.45 2 0
KNIRVENGINE/desktop-client/inference/inference_service.go:287.45,290.3 2 0
KNIRVENGINE/desktop-client/inference/inference_service.go:292.2,293.24 2 0
KNIRVENGINE/desktop-client/inference/inference_service.go:293.24,296.3 2 0
KNIRVENGINE/desktop-client/inference/inference_service.go:297.2,305.76 6 0
KNIRVENGINE/desktop-client/inference/inference_service.go:310.83,312.40 2 0
KNIRVENGINE/desktop-client/inference/inference_service.go:312.40,315.3 2 0
KNIRVENGINE/desktop-client/inference/inference_service.go:316.2,320.59 5 0
KNIRVENGINE/desktop-client/inference/inference_service.go:323.90,325.40 2 0
KNIRVENGINE/desktop-client/inference/inference_service.go:325.40,328.3 2 0
KNIRVENGINE/desktop-client/inference/inference_service.go:329.2,333.66 5 0
KNIRVENGINE/desktop-client/inference/inference_service.go:336.100,338.40 2 0
KNIRVENGINE/desktop-client/inference/inference_service.go:338.40,341.3 2 0
KNIRVENGINE/desktop-client/inference/inference_service.go:342.2,346.73 5 0
KNIRVENGINE/desktop-client/inference/inference_service.go:352.71,356.18 3 0
KNIRVENGINE/desktop-client/inference/inference_service.go:356.18,358.3 1 0
KNIRVENGINE/desktop-client/inference/inference_service.go:361.2,362.44 2 0
KNIRVENGINE/desktop-client/inference/inference_service.go:362.44,363.44 1 0
KNIRVENGINE/desktop-client/inference/inference_service.go:363.44,365.9 2 0
KNIRVENGINE/desktop-client/inference/inference_service.go:369.2,369.22 1 0
KNIRVENGINE/desktop-client/inference/inference_service.go:369.22,371.3 1 0
KNIRVENGINE/desktop-client/inference/inference_service.go:373.2,378.51 4 0
KNIRVENGINE/desktop-client/inference/inference_service.go:378.51,381.3 2 0
KNIRVENGINE/desktop-client/inference/inference_service.go:383.2,384.12 2 0
KNIRVENGINE/desktop-client/inference/inference_service.go:389.72,393.18 3 0
KNIRVENGINE/desktop-client/inference/inference_service.go:393.18,395.3 1 0
KNIRVENGINE/desktop-client/inference/inference_service.go:398.2,399.45 2 0
KNIRVENGINE/desktop-client/inference/inference_service.go:399.45,400.44 1 0
KNIRVENGINE/desktop-client/inference/inference_service.go:400.44,402.9 2 0
KNIRVENGINE/desktop-client/inference/inference_service.go:406.2,406.22 1 0
KNIRVENGINE/desktop-client/inference/inference_service.go:406.22,408.3 1 0
KNIRVENGINE/desktop-client/inference/inference_service.go:410.2,415.51 4 0
KNIRVENGINE/desktop-client/inference/inference_service.go:415.51,418.3 2 0
KNIRVENGINE/desktop-client/inference/inference_service.go:420.2,421.12 2 0
KNIRVENGINE/desktop-client/inference/inference_service.go:425.56,429.44 4 1
KNIRVENGINE/desktop-client/inference/inference_service.go:429.44,431.3 1 1
KNIRVENGINE/desktop-client/inference/inference_service.go:432.2,432.15 1 1
KNIRVENGINE/desktop-client/inference/inference_service.go:436.57,440.45 4 1
KNIRVENGINE/desktop-client/inference/inference_service.go:440.45,442.3 1 1
KNIRVENGINE/desktop-client/inference/inference_service.go:443.2,443.15 1 1
KNIRVENGINE/desktop-client/inference/inference_service.go:448.51,452.2 3 1
KNIRVENGINE/desktop-client/inference/inference_service.go:456.50,460.2 3 1
KNIRVENGINE/desktop-client/inference/inference_service.go:463.45,467.2 3 1
KNIRVENGINE/desktop-client/inference/inference_service.go:470.45,472.2 1 1
KNIRVENGINE/desktop-client/inference/inference_service.go:475.61,479.40 3 1
KNIRVENGINE/desktop-client/inference/inference_service.go:479.40,481.3 1 1
KNIRVENGINE/desktop-client/inference/inference_service.go:483.2,484.12 2 0
KNIRVENGINE/desktop-client/inference/inference_service.go:489.59,493.57 2 0
KNIRVENGINE/desktop-client/inference/inference_service.go:493.57,496.3 2 0
KNIRVENGINE/desktop-client/inference/inference_service.go:500.2,504.29 1 0
KNIRVENGINE/desktop-client/inference/inference_service.go:504.29,505.42 1 0
KNIRVENGINE/desktop-client/inference/inference_service.go:505.42,507.6 1 0
KNIRVENGINE/desktop-client/inference/inference_service.go:510.29,511.43 1 0
KNIRVENGINE/desktop-client/inference/inference_service.go:511.43,513.6 1 0
KNIRVENGINE/desktop-client/inference/inference_service.go:520.2,522.19 3 0
KNIRVENGINE/desktop-client/inference/inference_service.go:522.19,526.3 3 0
KNIRVENGINE/desktop-client/inference/inference_service.go:528.2,532.24 3 0
KNIRVENGINE/desktop-client/inference/inference_service.go:532.24,534.3 1 0
KNIRVENGINE/desktop-client/inference/inference_service.go:535.2,535.12 1 0
KNIRVENGINE/desktop-client/inference/inference_service.go:541.73,542.44 1 0
KNIRVENGINE/desktop-client/inference/inference_service.go:542.44,543.50 1 0
KNIRVENGINE/desktop-client/inference/inference_service.go:543.50,545.4 1 0
KNIRVENGINE/desktop-client/inference/inference_service.go:547.2,547.45 1 0
KNIRVENGINE/desktop-client/inference/inference_service.go:547.45,548.50 1 0
KNIRVENGINE/desktop-client/inference/inference_service.go:548.50,550.4 1 0
KNIRVENGINE/desktop-client/inference/inference_service.go:552.2,552.12 1 0
KNIRVENGINE/desktop-client/inference/llm_adapter.go:16.66,20.2 2 0
KNIRVENGINE/desktop-client/inference/prompts.go:75.62,77.2 1 0
KNIRVENGINE/desktop-client/inference/prompts.go:79.62,81.2 1 0
KNIRVENGINE/desktop-client/inference/prompts.go:83.61,85.2 1 0
KNIRVENGINE/desktop-client/inference/prompts.go:88.62,90.2 1 0
KNIRVENGINE/desktop-client/inference/prompts.go:93.57,95.27 2 0
KNIRVENGINE/desktop-client/inference/prompts.go:95.27,98.32 1 0
KNIRVENGINE/desktop-client/inference/prompts.go:98.32,100.4 1 0
KNIRVENGINE/desktop-client/inference/prompts.go:102.2,102.15 1 0
KNIRVENGINE/desktop-client/inference/prompts.go:106.46,108.11 2 0
KNIRVENGINE/desktop-client/inference/prompts.go:108.11,110.3 1 0
KNIRVENGINE/desktop-client/inference/prompts.go:111.2,111.37 1 0
KNIRVENGINE/desktop-client/inference/prompts.go:115.36,116.43 1 0
KNIRVENGINE/desktop-client/inference/prompts.go:116.43,117.35 1 0
KNIRVENGINE/desktop-client/inference/prompts.go:117.35,119.4 1 0
KNIRVENGINE/desktop-client/inference/prompts.go:121.2,121.11 1 0
KNIRVENGINE/desktop-client/inference/prompts.go:125.120,127.30 1 0
KNIRVENGINE/desktop-client/inference/prompts.go:127.30,129.3 1 0
KNIRVENGINE/desktop-client/inference/prompts.go:130.2,130.32 1 0
KNIRVENGINE/desktop-client/inference/prompts.go:130.32,132.3 1 0
KNIRVENGINE/desktop-client/inference/prompts.go:133.2,133.119 1 0
