mode: atomic
nexus-backend/main.go:78.53,81.16 2 0
nexus-backend/main.go:81.16,83.3 1 0
nexus-backend/main.go:86.2,87.16 2 0
nexus-backend/main.go:87.16,89.3 1 0
nexus-backend/main.go:92.2,96.16 3 0
nexus-backend/main.go:96.16,98.3 1 0
nexus-backend/main.go:100.2,101.16 2 0
nexus-backend/main.go:101.16,103.3 1 0
nexus-backend/main.go:105.2,106.16 2 0
nexus-backend/main.go:106.16,108.3 1 0
nexus-backend/main.go:111.2,127.16 3 0
nexus-backend/main.go:127.16,129.3 1 0
nexus-backend/main.go:132.2,133.16 2 0
nexus-backend/main.go:133.16,135.3 1 0
nexus-backend/main.go:138.2,171.16 9 0
nexus-backend/main.go:171.16,173.3 1 0
nexus-backend/main.go:176.2,196.16 3 0
nexus-backend/main.go:196.16,200.3 2 0
nexus-backend/main.go:203.2,204.16 2 0
nexus-backend/main.go:204.16,206.3 1 0
nexus-backend/main.go:207.2,238.20 5 0
nexus-backend/main.go:242.32,252.16 5 0
nexus-backend/main.go:252.16,255.3 2 0
nexus-backend/main.go:258.2,258.27 1 0
nexus-backend/main.go:258.27,265.3 6 0
nexus-backend/main.go:268.2,268.25 1 0
nexus-backend/main.go:268.25,270.3 1 0
nexus-backend/main.go:273.2,273.25 1 0
nexus-backend/main.go:273.25,275.3 1 0
nexus-backend/main.go:278.2,278.29 1 0
nexus-backend/main.go:278.29,280.3 1 0
nexus-backend/main.go:283.2,283.26 1 0
nexus-backend/main.go:283.26,285.3 1 0
nexus-backend/main.go:288.2,288.25 1 0
nexus-backend/main.go:288.25,290.3 1 0
nexus-backend/main.go:293.2,293.25 1 0
nexus-backend/main.go:293.25,295.3 1 0
nexus-backend/main.go:298.2,298.31 1 0
nexus-backend/main.go:298.31,302.3 3 0
nexus-backend/main.go:305.2,305.31 1 0
nexus-backend/main.go:305.31,308.3 2 0
nexus-backend/main.go:311.2,311.25 1 0
nexus-backend/main.go:311.25,315.3 3 0
nexus-backend/main.go:318.2,318.29 1 0
nexus-backend/main.go:318.29,322.3 3 0
nexus-backend/main.go:325.2,325.33 1 0
nexus-backend/main.go:325.33,329.3 3 0
nexus-backend/main.go:332.2,332.34 1 0
nexus-backend/main.go:332.34,336.3 3 0
nexus-backend/main.go:339.2,339.37 1 0
nexus-backend/main.go:339.37,343.3 3 0
nexus-backend/main.go:346.2,346.43 1 0
nexus-backend/main.go:346.43,350.3 3 0
nexus-backend/main.go:353.2,353.31 1 0
nexus-backend/main.go:353.31,357.3 3 0
nexus-backend/main.go:359.2,359.51 1 0
nexus-backend/main.go:363.32,364.15 1 0
nexus-backend/main.go:364.15,366.3 1 0
nexus-backend/main.go:368.2,375.25 4 0
nexus-backend/main.go:375.25,376.51 1 0
nexus-backend/main.go:376.51,378.4 1 0
nexus-backend/main.go:379.3,379.37 1 0
nexus-backend/main.go:383.2,383.29 1 0
nexus-backend/main.go:383.29,384.55 1 0
nexus-backend/main.go:384.55,386.4 1 0
nexus-backend/main.go:387.3,387.41 1 0
nexus-backend/main.go:391.2,391.26 1 0
nexus-backend/main.go:391.26,392.47 1 0
nexus-backend/main.go:392.47,394.4 1 0
nexus-backend/main.go:395.3,395.38 1 0
nexus-backend/main.go:399.2,399.25 1 0
nexus-backend/main.go:399.25,400.46 1 0
nexus-backend/main.go:400.46,402.4 1 0
nexus-backend/main.go:403.3,403.37 1 0
nexus-backend/main.go:407.2,407.25 1 0
nexus-backend/main.go:407.26,409.3 0 0
nexus-backend/main.go:412.2,412.25 1 0
nexus-backend/main.go:412.25,413.46 1 0
nexus-backend/main.go:413.46,415.4 1 0
nexus-backend/main.go:416.3,416.37 1 0
nexus-backend/main.go:420.2,420.31 1 0
nexus-backend/main.go:420.31,421.52 1 0
nexus-backend/main.go:421.52,423.4 1 0
nexus-backend/main.go:424.3,424.43 1 0
nexus-backend/main.go:428.2,428.33 1 0
nexus-backend/main.go:428.33,429.54 1 0
nexus-backend/main.go:429.54,431.4 1 0
nexus-backend/main.go:432.3,432.46 1 0
nexus-backend/main.go:436.2,436.34 1 0
nexus-backend/main.go:436.34,437.55 1 0
nexus-backend/main.go:437.55,439.4 1 0
nexus-backend/main.go:440.3,440.47 1 0
nexus-backend/main.go:444.2,444.37 1 0
nexus-backend/main.go:444.37,445.58 1 0
nexus-backend/main.go:445.58,447.4 1 0
nexus-backend/main.go:448.3,448.50 1 0
nexus-backend/main.go:452.2,452.43 1 0
nexus-backend/main.go:452.43,453.64 1 0
nexus-backend/main.go:453.64,455.4 1 0
nexus-backend/main.go:456.3,456.56 1 0
nexus-backend/main.go:460.2,460.31 1 0
nexus-backend/main.go:460.31,461.52 1 0
nexus-backend/main.go:461.52,463.4 1 0
nexus-backend/main.go:464.3,464.44 1 0
nexus-backend/main.go:468.2,468.31 1 0
nexus-backend/main.go:468.31,469.52 1 0
nexus-backend/main.go:469.52,471.4 1 0
nexus-backend/main.go:472.3,472.43 1 0
nexus-backend/main.go:476.2,485.12 2 0
nexus-backend/main.go:485.12,487.86 2 0
nexus-backend/main.go:487.86,489.4 1 0
nexus-backend/main.go:492.2,494.12 3 0
nexus-backend/main.go:498.31,499.16 1 0
nexus-backend/main.go:499.16,501.3 1 0
nexus-backend/main.go:503.2,506.21 2 0
nexus-backend/main.go:506.21,508.3 1 0
nexus-backend/main.go:511.2,511.25 1 0
nexus-backend/main.go:511.25,514.52 3 0
nexus-backend/main.go:514.52,516.4 1 0
nexus-backend/main.go:520.2,520.31 1 0
nexus-backend/main.go:520.31,521.51 1 0
nexus-backend/main.go:521.51,523.4 1 0
nexus-backend/main.go:526.2,526.33 1 0
nexus-backend/main.go:526.33,527.53 1 0
nexus-backend/main.go:527.53,529.4 1 0
nexus-backend/main.go:532.2,532.34 1 0
nexus-backend/main.go:532.34,533.54 1 0
nexus-backend/main.go:533.54,535.4 1 0
nexus-backend/main.go:538.2,538.37 1 0
nexus-backend/main.go:538.37,539.57 1 0
nexus-backend/main.go:539.57,541.4 1 0
nexus-backend/main.go:544.2,544.43 1 0
nexus-backend/main.go:544.43,545.63 1 0
nexus-backend/main.go:545.63,547.4 1 0
nexus-backend/main.go:550.2,550.31 1 0
nexus-backend/main.go:550.31,551.51 1 0
nexus-backend/main.go:551.51,553.4 1 0
nexus-backend/main.go:556.2,556.25 1 0
nexus-backend/main.go:556.25,557.45 1 0
nexus-backend/main.go:557.45,559.4 1 0
nexus-backend/main.go:562.2,562.31 1 0
nexus-backend/main.go:562.31,563.51 1 0
nexus-backend/main.go:563.51,565.4 1 0
nexus-backend/main.go:568.2,568.25 1 0
nexus-backend/main.go:568.25,569.45 1 0
nexus-backend/main.go:569.45,571.4 1 0
nexus-backend/main.go:574.2,574.26 1 0
nexus-backend/main.go:574.26,575.46 1 0
nexus-backend/main.go:575.46,577.4 1 0
nexus-backend/main.go:581.2,584.29 3 0
nexus-backend/main.go:584.29,585.56 1 0
nexus-backend/main.go:585.56,587.4 1 0
nexus-backend/main.go:590.2,590.25 1 0
nexus-backend/main.go:590.25,591.52 1 0
nexus-backend/main.go:591.52,593.4 1 0
nexus-backend/main.go:596.2,596.25 1 0
nexus-backend/main.go:596.25,598.3 1 0
nexus-backend/main.go:601.2,601.17 1 0
nexus-backend/main.go:601.17,602.38 1 0
nexus-backend/main.go:602.38,604.4 1 0
nexus-backend/main.go:607.2,609.12 3 0
nexus-backend/main.go:613.71,636.2 4 0
nexus-backend/main.go:638.13,647.23 4 0
nexus-backend/main.go:647.23,649.3 1 0
nexus-backend/main.go:649.8,652.48 2 0
nexus-backend/main.go:652.48,654.4 1 0
nexus-backend/main.go:658.2,659.16 2 0
nexus-backend/main.go:659.16,661.3 1 0
nexus-backend/main.go:664.2,665.16 2 0
nexus-backend/main.go:665.16,667.3 1 0
nexus-backend/main.go:670.2,670.39 1 0
nexus-backend/main.go:670.39,672.3 1 0
nexus-backend/main.go:675.2,689.12 8 0
nexus-backend/main.go:689.12,691.3 1 0
nexus-backend/main.go:694.2,694.9 1 0
nexus-backend/main.go:695.33,696.17 1 0
nexus-backend/main.go:696.17,698.4 1 0
nexus-backend/main.go:698.9,700.4 1 0
nexus-backend/main.go:701.28,706.30 3 0
nexus-backend/internal/config/config.go:183.30,185.2 1 0
nexus-backend/internal/config/config.go:188.42,192.35 2 0
nexus-backend/internal/config/config.go:192.35,193.46 1 0
nexus-backend/internal/config/config.go:193.46,194.9 1 0
nexus-backend/internal/config/config.go:200.2,213.45 8 0
nexus-backend/internal/config/config.go:213.45,214.56 1 0
nexus-backend/internal/config/config.go:214.56,216.4 1 0
nexus-backend/internal/config/config.go:220.2,221.49 2 0
nexus-backend/internal/config/config.go:221.49,223.3 1 0
nexus-backend/internal/config/config.go:226.2,226.48 1 0
nexus-backend/internal/config/config.go:226.48,228.3 1 0
nexus-backend/internal/config/config.go:230.2,230.21 1 0
nexus-backend/internal/config/config.go:234.20,294.2 42 0
nexus-backend/internal/config/config.go:297.40,299.49 1 0
nexus-backend/internal/config/config.go:299.49,301.3 1 0
nexus-backend/internal/config/config.go:304.2,305.19 2 0
nexus-backend/internal/config/config.go:305.19,307.3 1 0
nexus-backend/internal/config/config.go:308.2,308.19 1 0
nexus-backend/internal/config/config.go:308.19,310.3 1 0
nexus-backend/internal/config/config.go:312.2,312.24 1 0
nexus-backend/internal/config/config.go:312.24,314.3 1 0
nexus-backend/internal/config/config.go:316.2,316.29 1 0
nexus-backend/internal/config/config.go:316.29,318.3 1 0
nexus-backend/internal/config/config.go:321.2,322.21 2 0
nexus-backend/internal/config/config.go:322.21,324.3 1 0
nexus-backend/internal/config/config.go:325.2,325.76 1 0
nexus-backend/internal/config/config.go:325.76,327.3 1 0
nexus-backend/internal/config/config.go:330.2,330.42 1 0
nexus-backend/internal/config/config.go:330.42,331.24 1 0
nexus-backend/internal/config/config.go:331.24,333.4 1 0
nexus-backend/internal/config/config.go:334.3,334.33 1 0
nexus-backend/internal/config/config.go:334.33,336.4 1 0
nexus-backend/internal/config/config.go:339.2,339.12 1 0
nexus-backend/internal/database/buntdb.go:39.53,41.51 1 0
nexus-backend/internal/database/buntdb.go:41.51,43.47 2 0
nexus-backend/internal/database/buntdb.go:43.47,45.4 1 0
nexus-backend/internal/database/buntdb.go:48.2,49.16 2 0
nexus-backend/internal/database/buntdb.go:49.16,51.3 1 0
nexus-backend/internal/database/buntdb.go:53.2,69.61 3 0
nexus-backend/internal/database/buntdb.go:69.61,72.3 2 0
nexus-backend/internal/database/buntdb.go:75.2,75.48 1 0
nexus-backend/internal/database/buntdb.go:75.48,79.3 3 0
nexus-backend/internal/database/buntdb.go:82.2,84.21 2 0
nexus-backend/internal/database/buntdb.go:88.48,89.48 1 0
nexus-backend/internal/database/buntdb.go:89.48,145.3 35 0
nexus-backend/internal/database/buntdb.go:149.45,151.2 1 0
nexus-backend/internal/database/buntdb.go:154.40,159.22 3 0
nexus-backend/internal/database/buntdb.go:159.22,161.3 1 0
nexus-backend/internal/database/buntdb.go:164.2,164.35 1 0
nexus-backend/internal/database/buntdb.go:164.35,165.50 1 0
nexus-backend/internal/database/buntdb.go:165.50,167.4 1 0
nexus-backend/internal/database/buntdb.go:171.2,171.18 1 0
nexus-backend/internal/database/buntdb.go:171.18,173.3 1 0
nexus-backend/internal/database/buntdb.go:175.2,175.12 1 0
nexus-backend/internal/database/buntdb.go:179.72,180.48 1 0
nexus-backend/internal/database/buntdb.go:180.48,182.17 2 0
nexus-backend/internal/database/buntdb.go:182.17,184.4 1 0
nexus-backend/internal/database/buntdb.go:185.3,186.13 2 0
nexus-backend/internal/database/buntdb.go:191.70,192.46 1 0
nexus-backend/internal/database/buntdb.go:192.46,194.17 2 0
nexus-backend/internal/database/buntdb.go:194.17,196.4 1 0
nexus-backend/internal/database/buntdb.go:197.3,197.45 1 0
nexus-backend/internal/database/buntdb.go:202.54,203.48 1 0
nexus-backend/internal/database/buntdb.go:203.48,206.3 2 0
nexus-backend/internal/database/buntdb.go:210.69,212.46 2 0
nexus-backend/internal/database/buntdb.go:212.46,213.58 1 0
nexus-backend/internal/database/buntdb.go:213.58,216.4 2 0
nexus-backend/internal/database/buntdb.go:218.2,218.18 1 0
nexus-backend/internal/database/buntdb.go:222.65,224.46 2 0
nexus-backend/internal/database/buntdb.go:224.46,225.58 1 0
nexus-backend/internal/database/buntdb.go:225.58,228.4 2 0
nexus-backend/internal/database/buntdb.go:230.2,230.19 1 0
nexus-backend/internal/database/buntdb.go:234.81,235.48 1 0
nexus-backend/internal/database/buntdb.go:235.48,239.3 3 0
nexus-backend/internal/database/buntdb.go:243.71,245.2 1 0
nexus-backend/internal/database/buntdb.go:248.75,250.2 1 0
nexus-backend/internal/database/buntdb.go:253.50,259.6 5 0
nexus-backend/internal/database/buntdb.go:259.6,260.10 1 0
nexus-backend/internal/database/buntdb.go:261.24,262.10 1 0
nexus-backend/internal/database/buntdb.go:263.25,264.27 1 0
nexus-backend/internal/database/buntdb.go:265.25,266.21 1 0
nexus-backend/internal/database/buntdb.go:266.21,267.51 1 0
nexus-backend/internal/database/buntdb.go:267.51,269.6 1 0
nexus-backend/internal/database/buntdb.go:276.47,281.46 3 0
nexus-backend/internal/database/buntdb.go:281.46,284.53 2 0
nexus-backend/internal/database/buntdb.go:284.53,287.4 2 0
nexus-backend/internal/database/buntdb.go:290.2,293.19 3 0
nexus-backend/internal/database/buntdb.go:293.19,295.3 1 0
nexus-backend/internal/database/buntdb.go:299.60,300.20 1 0
nexus-backend/internal/database/buntdb.go:300.20,302.3 1 0
nexus-backend/internal/database/buntdb.go:304.2,309.16 4 0
nexus-backend/internal/database/buntdb.go:309.16,311.3 1 0
nexus-backend/internal/database/buntdb.go:312.2,315.45 2 0
nexus-backend/internal/database/buntdb.go:315.45,318.17 2 0
nexus-backend/internal/database/buntdb.go:318.17,320.4 1 0
nexus-backend/internal/database/buntdb.go:321.3,324.53 2 0
nexus-backend/internal/database/buntdb.go:324.53,325.54 1 0
nexus-backend/internal/database/buntdb.go:325.54,328.5 2 0
nexus-backend/internal/database/buntdb.go:330.3,330.17 1 0
nexus-backend/internal/database/buntdb.go:330.17,332.4 1 0
nexus-backend/internal/database/buntdb.go:335.3,335.33 1 0
nexus-backend/internal/database/buntdb.go:338.2,338.16 1 0
nexus-backend/internal/database/buntdb.go:338.16,341.3 2 0
nexus-backend/internal/database/buntdb.go:343.2,348.12 3 0
nexus-backend/internal/database/buntdb.go:352.46,354.16 2 0
nexus-backend/internal/database/buntdb.go:354.16,357.3 2 0
nexus-backend/internal/database/buntdb.go:359.2,359.33 1 0
nexus-backend/internal/database/buntdb.go:359.33,361.3 1 0
nexus-backend/internal/database/buntdb.go:364.2,370.29 3 0
nexus-backend/internal/database/buntdb.go:370.29,371.45 1 0
nexus-backend/internal/database/buntdb.go:371.45,376.4 1 0
nexus-backend/internal/database/buntdb.go:380.2,380.40 1 0
nexus-backend/internal/database/buntdb.go:380.40,381.43 1 0
nexus-backend/internal/database/buntdb.go:381.43,382.56 1 0
nexus-backend/internal/database/buntdb.go:382.56,384.5 1 0
nexus-backend/internal/database/buntdb.go:389.2,390.32 2 0
nexus-backend/internal/database/buntdb.go:390.32,391.54 1 0
nexus-backend/internal/database/buntdb.go:391.54,393.4 1 0
nexus-backend/internal/database/buntdb.go:393.9,395.4 1 0
nexus-backend/internal/database/buntdb.go:400.46,402.49 1 0
nexus-backend/internal/database/buntdb.go:402.49,404.3 1 0
nexus-backend/internal/database/buntdb.go:407.2,408.16 2 0
nexus-backend/internal/database/buntdb.go:408.16,410.3 1 0
nexus-backend/internal/database/buntdb.go:411.2,415.16 3 0
nexus-backend/internal/database/buntdb.go:415.16,417.3 1 0
nexus-backend/internal/database/buntdb.go:419.2,419.42 1 0
nexus-backend/internal/database/buntdb.go:419.42,421.3 1 0
nexus-backend/internal/database/buntdb.go:424.2,425.16 2 0
nexus-backend/internal/database/buntdb.go:425.16,427.3 1 0
nexus-backend/internal/database/buntdb.go:428.2,430.12 2 0
nexus-backend/internal/database/buntdb.go:434.41,442.37 5 0
nexus-backend/internal/database/buntdb.go:442.37,445.64 2 0
nexus-backend/internal/database/buntdb.go:445.64,447.4 1 0
nexus-backend/internal/database/buntdb.go:448.3,448.13 1 0
nexus-backend/internal/database/buntdb.go:452.2,455.33 3 0
nexus-backend/internal/database/buntdb.go:455.33,456.47 1 0
nexus-backend/internal/database/buntdb.go:456.47,457.40 1 0
nexus-backend/internal/database/buntdb.go:457.40,460.5 2 0
nexus-backend/internal/database/buntdb.go:464.2,464.24 1 0
nexus-backend/internal/database/buntdb.go:464.24,466.3 1 0
nexus-backend/internal/database/buntdb.go:468.2,472.16 3 0
nexus-backend/internal/database/buntdb.go:472.16,474.3 1 0
nexus-backend/internal/database/buntdb.go:475.2,478.16 3 0
nexus-backend/internal/database/buntdb.go:478.16,480.3 1 0
nexus-backend/internal/database/buntdb.go:481.2,483.45 2 0
nexus-backend/internal/database/buntdb.go:483.45,485.3 1 0
nexus-backend/internal/database/buntdb.go:487.2,488.12 2 0
nexus-backend/cmd/nexus-server/main.go:59.53,62.16 2 0
nexus-backend/cmd/nexus-server/main.go:62.16,64.3 1 0
nexus-backend/cmd/nexus-server/main.go:67.2,68.16 2 0
nexus-backend/cmd/nexus-server/main.go:68.16,70.3 1 0
nexus-backend/cmd/nexus-server/main.go:73.2,77.16 3 0
nexus-backend/cmd/nexus-server/main.go:77.16,79.3 1 0
nexus-backend/cmd/nexus-server/main.go:81.2,82.16 2 0
nexus-backend/cmd/nexus-server/main.go:82.16,84.3 1 0
nexus-backend/cmd/nexus-server/main.go:88.2,89.16 2 0
nexus-backend/cmd/nexus-server/main.go:89.16,91.3 1 0
nexus-backend/cmd/nexus-server/main.go:94.2,108.16 3 0
nexus-backend/cmd/nexus-server/main.go:108.16,110.3 1 0
nexus-backend/cmd/nexus-server/main.go:112.2,129.20 3 0
nexus-backend/cmd/nexus-server/main.go:133.32,146.16 6 0
nexus-backend/cmd/nexus-server/main.go:146.16,149.3 1 0
nexus-backend/cmd/nexus-server/main.go:152.2,152.27 1 0
nexus-backend/cmd/nexus-server/main.go:152.27,159.3 6 0
nexus-backend/cmd/nexus-server/main.go:162.2,162.50 1 0
nexus-backend/cmd/nexus-server/main.go:162.50,164.3 1 0
nexus-backend/cmd/nexus-server/main.go:166.2,166.54 1 0
nexus-backend/cmd/nexus-server/main.go:166.54,168.3 1 0
nexus-backend/cmd/nexus-server/main.go:170.2,170.26 1 0
nexus-backend/cmd/nexus-server/main.go:170.26,172.3 1 0
nexus-backend/cmd/nexus-server/main.go:174.2,174.50 1 0
nexus-backend/cmd/nexus-server/main.go:174.50,176.3 1 0
nexus-backend/cmd/nexus-server/main.go:178.2,178.50 1 0
nexus-backend/cmd/nexus-server/main.go:178.50,180.3 1 0
nexus-backend/cmd/nexus-server/main.go:182.2,182.25 1 0
nexus-backend/cmd/nexus-server/main.go:182.25,184.3 1 0
nexus-backend/cmd/nexus-server/main.go:188.65,189.71 1 0
nexus-backend/cmd/nexus-server/main.go:189.71,194.28 4 0
nexus-backend/cmd/nexus-server/main.go:194.28,197.4 2 0
nexus-backend/cmd/nexus-server/main.go:199.3,199.23 1 0
nexus-backend/cmd/nexus-server/main.go:204.71,221.2 3 0
nexus-backend/cmd/nexus-server/main.go:224.72,232.2 3 0
nexus-backend/cmd/nexus-server/main.go:235.32,241.25 3 0
nexus-backend/cmd/nexus-server/main.go:241.25,242.49 1 0
nexus-backend/cmd/nexus-server/main.go:242.49,244.4 1 0
nexus-backend/cmd/nexus-server/main.go:245.3,245.37 1 0
nexus-backend/cmd/nexus-server/main.go:248.2,248.29 1 0
nexus-backend/cmd/nexus-server/main.go:248.29,249.53 1 0
nexus-backend/cmd/nexus-server/main.go:249.53,251.4 1 0
nexus-backend/cmd/nexus-server/main.go:252.3,252.41 1 0
nexus-backend/cmd/nexus-server/main.go:255.2,255.26 1 0
nexus-backend/cmd/nexus-server/main.go:255.26,256.47 1 0
nexus-backend/cmd/nexus-server/main.go:256.47,258.4 1 0
nexus-backend/cmd/nexus-server/main.go:259.3,259.38 1 0
nexus-backend/cmd/nexus-server/main.go:262.2,262.25 1 0
nexus-backend/cmd/nexus-server/main.go:262.26,264.3 0 0
nexus-backend/cmd/nexus-server/main.go:266.2,266.25 1 0
nexus-backend/cmd/nexus-server/main.go:266.26,268.3 0 0
nexus-backend/cmd/nexus-server/main.go:270.2,270.25 1 0
nexus-backend/cmd/nexus-server/main.go:270.25,271.46 1 0
nexus-backend/cmd/nexus-server/main.go:271.46,273.4 1 0
nexus-backend/cmd/nexus-server/main.go:274.3,274.37 1 0
nexus-backend/cmd/nexus-server/main.go:278.2,287.12 2 0
nexus-backend/cmd/nexus-server/main.go:287.12,289.86 2 0
nexus-backend/cmd/nexus-server/main.go:289.86,291.4 1 0
nexus-backend/cmd/nexus-server/main.go:294.2,296.12 3 0
nexus-backend/cmd/nexus-server/main.go:300.31,310.25 5 0
nexus-backend/cmd/nexus-server/main.go:310.25,311.52 1 0
nexus-backend/cmd/nexus-server/main.go:311.52,313.4 1 0
nexus-backend/cmd/nexus-server/main.go:317.2,317.26 1 0
nexus-backend/cmd/nexus-server/main.go:317.26,318.46 1 0
nexus-backend/cmd/nexus-server/main.go:318.46,320.4 1 0
nexus-backend/cmd/nexus-server/main.go:323.2,323.25 1 0
nexus-backend/cmd/nexus-server/main.go:323.26,325.3 0 0
nexus-backend/cmd/nexus-server/main.go:327.2,327.25 1 0
nexus-backend/cmd/nexus-server/main.go:327.26,329.3 0 0
nexus-backend/cmd/nexus-server/main.go:331.2,331.29 1 0
nexus-backend/cmd/nexus-server/main.go:331.29,332.52 1 0
nexus-backend/cmd/nexus-server/main.go:332.52,334.4 1 0
nexus-backend/cmd/nexus-server/main.go:337.2,337.25 1 0
nexus-backend/cmd/nexus-server/main.go:337.25,338.48 1 0
nexus-backend/cmd/nexus-server/main.go:338.48,340.4 1 0
nexus-backend/cmd/nexus-server/main.go:343.2,343.25 1 0
nexus-backend/cmd/nexus-server/main.go:343.25,344.45 1 0
nexus-backend/cmd/nexus-server/main.go:344.45,346.4 1 0
nexus-backend/cmd/nexus-server/main.go:350.2,350.17 1 0
nexus-backend/cmd/nexus-server/main.go:350.17,351.38 1 0
nexus-backend/cmd/nexus-server/main.go:351.38,353.4 1 0
nexus-backend/cmd/nexus-server/main.go:356.2,357.12 2 0
nexus-backend/cmd/nexus-server/main.go:360.13,369.23 4 0
nexus-backend/cmd/nexus-server/main.go:369.23,371.3 1 0
nexus-backend/cmd/nexus-server/main.go:374.2,375.16 2 0
nexus-backend/cmd/nexus-server/main.go:375.16,377.3 1 0
nexus-backend/cmd/nexus-server/main.go:380.2,381.16 2 0
nexus-backend/cmd/nexus-server/main.go:381.16,383.3 1 0
nexus-backend/cmd/nexus-server/main.go:386.2,386.39 1 0
nexus-backend/cmd/nexus-server/main.go:386.39,388.3 1 0
nexus-backend/cmd/nexus-server/main.go:391.2,396.38 5 0
nexus-backend/cmd/nexus-server/main.go:396.38,398.3 1 0
nexus-backend/cmd/nexus-server/main.go:399.2,399.31 1 0
nexus-backend/internal/inference/monitor-cerebras/main.go:26.48,53.2 14 0
nexus-backend/internal/inference/monitor-cerebras/main.go:56.42,66.16 5 0
nexus-backend/internal/inference/monitor-cerebras/main.go:66.16,68.3 1 0
nexus-backend/internal/inference/monitor-cerebras/main.go:70.2,75.16 5 0
nexus-backend/internal/inference/monitor-cerebras/main.go:75.16,78.3 2 0
nexus-backend/internal/inference/monitor-cerebras/main.go:79.2,81.28 2 0
nexus-backend/internal/inference/monitor-cerebras/main.go:81.28,83.3 1 0
nexus-backend/internal/inference/monitor-cerebras/main.go:83.8,83.35 1 0
nexus-backend/internal/inference/monitor-cerebras/main.go:83.35,85.3 1 0
nexus-backend/internal/inference/monitor-cerebras/main.go:85.8,85.35 1 0
nexus-backend/internal/inference/monitor-cerebras/main.go:85.35,87.3 1 0
nexus-backend/internal/inference/monitor-cerebras/main.go:87.8,90.3 2 0
nexus-backend/internal/inference/monitor-cerebras/main.go:92.2,92.12 1 0
nexus-backend/internal/inference/monitor-cerebras/main.go:96.32,112.38 3 0
nexus-backend/internal/inference/monitor-cerebras/main.go:112.38,114.3 1 0
nexus-backend/internal/inference/monitor-cerebras/main.go:117.13,120.18 2 0
nexus-backend/internal/inference/monitor-cerebras/main.go:120.18,122.3 1 0
nexus-backend/internal/inference/monitor-cerebras/main.go:124.2,124.48 1 0
nexus-backend/internal/inference/monitor-cerebras/main.go:124.48,135.3 10 0
nexus-backend/internal/inference/monitor-cerebras/main.go:138.2,138.53 1 0
nexus-backend/internal/inference/monitor-cerebras/main.go:138.53,141.3 2 0
nexus-backend/internal/inference/monitor-cerebras/main.go:144.2,144.56 1 0
nexus-backend/internal/inference/monitor-cerebras/main.go:144.56,145.48 1 0
nexus-backend/internal/inference/monitor-cerebras/main.go:145.48,147.4 1 0
nexus-backend/internal/inference/monitor-cerebras/main.go:151.2,157.80 6 0
nexus-backend/internal/services/agent-server/agent_service.go:66.94,74.55 5 0
nexus-backend/internal/services/agent-server/agent_service.go:74.55,76.3 1 0
nexus-backend/internal/services/agent-server/agent_service.go:78.2,98.21 3 0
nexus-backend/internal/services/agent-server/agent_service.go:102.38,106.22 2 0
nexus-backend/internal/services/agent-server/agent_service.go:106.22,110.17 4 0
nexus-backend/internal/services/agent-server/agent_service.go:110.17,112.4 1 0
nexus-backend/internal/services/agent-server/agent_service.go:114.3,114.51 1 0
nexus-backend/internal/services/agent-server/agent_service.go:114.51,116.4 1 0
nexus-backend/internal/services/agent-server/agent_service.go:118.3,118.73 1 0
nexus-backend/internal/services/agent-server/agent_service.go:121.2,123.12 3 0
nexus-backend/internal/services/agent-server/agent_service.go:127.37,133.30 3 0
nexus-backend/internal/services/agent-server/agent_service.go:133.30,134.50 1 0
nexus-backend/internal/services/agent-server/agent_service.go:134.50,136.4 1 0
nexus-backend/internal/services/agent-server/agent_service.go:139.2,140.12 2 0
nexus-backend/internal/services/agent-server/agent_service.go:144.41,146.2 1 0
nexus-backend/internal/services/agent-server/agent_service.go:149.52,151.2 1 0
nexus-backend/internal/services/agent-server/agent_service.go:154.60,156.2 1 0
nexus-backend/internal/services/agent-server/agent_service.go:159.50,161.2 1 0
nexus-backend/internal/services/agent-server/handlers.go:15.81,18.2 2 0
nexus-backend/internal/services/agent-server/handlers.go:21.81,24.16 2 0
nexus-backend/internal/services/agent-server/handlers.go:24.16,27.3 2 0
nexus-backend/internal/services/agent-server/handlers.go:30.2,31.29 2 0
nexus-backend/internal/services/agent-server/handlers.go:31.29,32.106 1 0
nexus-backend/internal/services/agent-server/handlers.go:32.106,34.18 2 0
nexus-backend/internal/services/agent-server/handlers.go:34.18,36.13 2 0
nexus-backend/internal/services/agent-server/handlers.go:39.4,43.6 1 0
nexus-backend/internal/services/agent-server/handlers.go:48.2,54.37 3 0
nexus-backend/internal/services/agent-server/handlers.go:58.84,61.21 2 0
nexus-backend/internal/services/agent-server/handlers.go:61.21,64.3 2 0
nexus-backend/internal/services/agent-server/handlers.go:67.2,74.24 4 0
nexus-backend/internal/services/agent-server/handlers.go:74.24,77.3 2 0
nexus-backend/internal/services/agent-server/handlers.go:78.2,78.16 1 0
nexus-backend/internal/services/agent-server/handlers.go:78.16,81.3 2 0
nexus-backend/internal/services/agent-server/handlers.go:84.2,84.34 1 0
nexus-backend/internal/services/agent-server/handlers.go:84.34,87.3 2 0
nexus-backend/internal/services/agent-server/handlers.go:90.2,91.16 2 0
nexus-backend/internal/services/agent-server/handlers.go:91.16,94.3 2 0
nexus-backend/internal/services/agent-server/handlers.go:95.2,103.44 5 0
nexus-backend/internal/services/agent-server/handlers.go:103.44,106.3 2 0
nexus-backend/internal/services/agent-server/handlers.go:109.2,109.90 1 0
nexus-backend/internal/services/agent-server/handlers.go:113.82,114.33 1 0
nexus-backend/internal/services/agent-server/handlers.go:114.33,117.3 2 0
nexus-backend/internal/services/agent-server/handlers.go:120.2,120.56 1 0
nexus-backend/internal/services/agent-server/handlers.go:120.56,123.3 2 0
nexus-backend/internal/services/agent-server/handlers.go:126.2,127.16 2 0
nexus-backend/internal/services/agent-server/handlers.go:127.16,130.3 2 0
nexus-backend/internal/services/agent-server/handlers.go:131.2,135.59 3 0
nexus-backend/internal/services/agent-server/handlers.go:135.59,138.3 2 0
nexus-backend/internal/services/agent-server/handlers.go:141.2,143.16 3 0
nexus-backend/internal/services/agent-server/handlers.go:143.16,146.3 2 0
nexus-backend/internal/services/agent-server/handlers.go:147.2,151.16 3 0
nexus-backend/internal/services/agent-server/handlers.go:151.16,154.3 2 0
nexus-backend/internal/services/agent-server/handlers.go:157.2,168.87 4 0
nexus-backend/internal/services/agent-server/handlers.go:172.82,173.35 1 0
nexus-backend/internal/services/agent-server/handlers.go:173.35,176.3 2 0
nexus-backend/internal/services/agent-server/handlers.go:179.2,180.21 2 0
nexus-backend/internal/services/agent-server/handlers.go:180.21,183.3 2 0
nexus-backend/internal/services/agent-server/handlers.go:186.2,192.54 3 0
nexus-backend/internal/services/agent-server/handlers.go:192.54,195.3 2 0
nexus-backend/internal/services/agent-server/handlers.go:198.2,198.45 1 0
nexus-backend/internal/services/agent-server/handlers.go:198.45,201.3 2 0
nexus-backend/internal/services/agent-server/handlers.go:204.2,208.65 3 0
nexus-backend/internal/services/agent-server/process_manager.go:9.63,16.16 3 0
nexus-backend/internal/services/agent-server/process_manager.go:16.16,20.3 2 0
nexus-backend/internal/services/agent-server/process_manager.go:21.2,23.17 2 0
nexus-backend/internal/services/agent-server/process_manager.go:27.48,32.31 3 0
nexus-backend/internal/services/agent-server/process_manager.go:32.31,33.56 1 0
nexus-backend/internal/services/agent-server/process_manager.go:33.56,36.4 2 0
nexus-backend/internal/services/agent-server/process_manager.go:39.2,39.12 1 0
nexus-backend/internal/services/agent-server/process_manager.go:43.47,48.46 3 0
nexus-backend/internal/services/agent-server/process_manager.go:48.46,52.64 2 0
nexus-backend/internal/services/agent-server/process_manager.go:52.64,54.4 1 0
nexus-backend/internal/services/agent-server/process_manager.go:58.2,60.12 2 0
nexus-backend/internal/services/agent-server/process_manager.go:64.82,71.31 4 0
nexus-backend/internal/services/agent-server/process_manager.go:71.31,73.68 2 0
nexus-backend/internal/services/agent-server/process_manager.go:73.68,75.4 1 0
nexus-backend/internal/services/agent-server/process_manager.go:75.9,79.92 2 0
nexus-backend/internal/services/agent-server/process_manager.go:79.92,81.5 1 0
nexus-backend/internal/services/agent-server/process_manager.go:85.2,85.12 1 0
nexus-backend/internal/services/agent-server/process_manager.go:89.67,94.13 4 0
nexus-backend/internal/services/agent-server/process_manager.go:94.13,96.3 1 0
nexus-backend/internal/services/agent-server/process_manager.go:99.2,99.63 1 0
nexus-backend/internal/services/agent-server/process_manager.go:99.63,100.80 1 0
nexus-backend/internal/services/agent-server/process_manager.go:100.80,102.4 1 0
nexus-backend/internal/services/agent-server/process_manager.go:105.2,106.12 2 0
nexus-backend/internal/services/agent-server/process_manager.go:110.80,115.13 4 0
nexus-backend/internal/services/agent-server/process_manager.go:115.13,117.3 1 0
nexus-backend/internal/services/agent-server/process_manager.go:120.2,121.19 2 0
nexus-backend/internal/services/agent-server/process_manager.go:125.67,130.44 4 0
nexus-backend/internal/services/agent-server/process_manager.go:130.44,134.3 2 0
nexus-backend/internal/services/agent-server/process_manager.go:136.2,136.18 1 0
nexus-backend/internal/services/agent-server/process_manager.go:140.85,145.44 4 0
nexus-backend/internal/services/agent-server/process_manager.go:145.44,146.37 1 0
nexus-backend/internal/services/agent-server/process_manager.go:146.37,150.4 2 0
nexus-backend/internal/services/agent-server/process_manager.go:153.2,153.18 1 0
nexus-backend/internal/services/agent-server/process_manager.go:157.95,162.13 4 0
nexus-backend/internal/services/agent-server/process_manager.go:162.13,164.3 1 0
nexus-backend/internal/services/agent-server/process_manager.go:166.2,166.32 1 0
nexus-backend/internal/services/agent-server/process_manager.go:166.32,168.3 1 0
nexus-backend/internal/services/agent-server/process_manager.go:170.2,170.34 1 0
nexus-backend/internal/services/agent-server/process_manager.go:170.34,172.3 1 0
nexus-backend/internal/services/agent-server/process_manager.go:175.2,175.25 1 0
nexus-backend/internal/services/agent-server/process_manager.go:175.25,176.96 1 0
nexus-backend/internal/services/agent-server/process_manager.go:176.96,178.4 1 0
nexus-backend/internal/services/agent-server/process_manager.go:182.2,182.28 1 0
nexus-backend/internal/services/agent-server/process_manager.go:182.28,183.102 1 0
nexus-backend/internal/services/agent-server/process_manager.go:183.102,185.4 1 0
nexus-backend/internal/services/agent-server/process_manager.go:188.2,188.12 1 0
nexus-backend/internal/services/agent-server/process_manager.go:192.91,197.13 4 0
nexus-backend/internal/services/agent-server/process_manager.go:197.13,199.3 1 0
nexus-backend/internal/services/agent-server/process_manager.go:201.2,210.63 2 0
nexus-backend/internal/services/agent-server/process_manager.go:210.63,212.17 2 0
nexus-backend/internal/services/agent-server/process_manager.go:212.17,214.4 1 0
nexus-backend/internal/services/agent-server/process_manager.go:217.2,217.19 1 0
nexus-backend/internal/services/agent-server/process_manager.go:221.49,228.59 2 0
nexus-backend/internal/services/agent-server/process_manager.go:228.59,230.3 1 0
nexus-backend/internal/services/agent-server/process_manager.go:233.2,233.72 1 0
nexus-backend/internal/services/agent-server/process_manager.go:233.72,235.3 1 0
nexus-backend/internal/services/agent-server/process_manager.go:235.8,237.3 1 0
nexus-backend/internal/services/agent-server/process_manager.go:239.2,240.17 2 0
nexus-backend/internal/services/agent-server/process_manager.go:244.46,245.18 1 0
nexus-backend/internal/services/agent-server/process_manager.go:245.18,247.3 1 0
nexus-backend/internal/services/agent-server/process_manager.go:250.2,251.51 2 0
nexus-backend/internal/services/agent-server/process_manager.go:251.51,253.3 1 0
nexus-backend/internal/services/agent-server/process_manager.go:255.2,255.12 1 0
nexus-backend/internal/services/agent-server/process_manager.go:259.59,260.18 1 0
nexus-backend/internal/services/agent-server/process_manager.go:260.18,262.3 1 0
nexus-backend/internal/services/agent-server/process_manager.go:264.2,265.52 2 0
nexus-backend/internal/services/agent-server/process_manager.go:265.52,267.3 1 0
nexus-backend/internal/services/agent-server/process_manager.go:269.2,269.12 1 0
nexus-backend/internal/services/agent-server/process_manager.go:273.59,274.18 1 0
nexus-backend/internal/services/agent-server/process_manager.go:274.18,276.3 1 0
nexus-backend/internal/services/agent-server/process_manager.go:278.2,279.47 2 0
nexus-backend/internal/services/agent-server/process_manager.go:279.47,281.3 1 0
nexus-backend/internal/services/agent-server/process_manager.go:283.2,283.12 1 0
nexus-backend/internal/services/agent-server/process_manager.go:287.74,288.18 1 0
nexus-backend/internal/services/agent-server/process_manager.go:288.18,290.3 1 0
nexus-backend/internal/services/agent-server/process_manager.go:292.2,293.28 2 0
nexus-backend/internal/services/agent-server/process_manager.go:293.28,295.3 1 0
nexus-backend/internal/services/agent-server/process_manager.go:295.8,297.3 1 0
nexus-backend/internal/services/agent-server/process_manager.go:299.2,300.16 2 0
nexus-backend/internal/services/agent-server/process_manager.go:300.16,302.3 1 0
nexus-backend/internal/services/agent-server/process_manager.go:303.2,305.56 2 0
nexus-backend/internal/services/agent-server/process_manager.go:305.56,307.3 1 0
nexus-backend/internal/services/agent-server/process_manager.go:309.2,309.12 1 0
nexus-backend/internal/services/agent-server/process_manager.go:313.73,314.18 1 0
nexus-backend/internal/services/agent-server/process_manager.go:314.18,316.3 1 0
nexus-backend/internal/services/agent-server/process_manager.go:320.2,320.12 1 0
nexus-backend/internal/services/agent-server/process_manager.go:324.75,325.18 1 0
nexus-backend/internal/services/agent-server/process_manager.go:325.18,327.3 1 0
nexus-backend/internal/services/agent-server/process_manager.go:331.2,331.12 1 0
nexus-backend/internal/services/agent-server/process_manager.go:335.87,336.18 1 0
nexus-backend/internal/services/agent-server/process_manager.go:336.18,338.3 1 0
nexus-backend/internal/services/agent-server/process_manager.go:342.2,345.8 1 0
nexus-backend/internal/services/agent-server/resource_pool.go:13.47,17.55 2 0
nexus-backend/internal/services/agent-server/resource_pool.go:17.55,19.3 1 0
nexus-backend/internal/services/agent-server/resource_pool.go:21.2,21.16 1 0
nexus-backend/internal/services/agent-server/resource_pool.go:25.59,32.16 4 0
nexus-backend/internal/services/agent-server/resource_pool.go:32.16,34.3 1 0
nexus-backend/internal/services/agent-server/resource_pool.go:35.2,40.16 4 0
nexus-backend/internal/services/agent-server/resource_pool.go:40.16,42.3 1 0
nexus-backend/internal/services/agent-server/resource_pool.go:43.2,46.12 3 0
nexus-backend/internal/services/agent-server/resource_pool.go:50.57,52.16 2 0
nexus-backend/internal/services/agent-server/resource_pool.go:52.16,54.3 1 0
nexus-backend/internal/services/agent-server/resource_pool.go:56.2,57.29 2 0
nexus-backend/internal/services/agent-server/resource_pool.go:57.29,58.43 1 0
nexus-backend/internal/services/agent-server/resource_pool.go:58.43,60.24 2 0
nexus-backend/internal/services/agent-server/resource_pool.go:60.24,62.19 2 0
nexus-backend/internal/services/agent-server/resource_pool.go:62.19,64.6 1 0
nexus-backend/internal/services/agent-server/resource_pool.go:65.5,65.29 1 0
nexus-backend/internal/services/agent-server/resource_pool.go:70.2,70.66 1 0
nexus-backend/internal/services/agent-server/resource_pool.go:74.66,76.52 2 0
nexus-backend/internal/services/agent-server/resource_pool.go:76.52,78.3 1 0
nexus-backend/internal/services/agent-server/resource_pool.go:81.2,82.24 2 0
nexus-backend/internal/services/agent-server/resource_pool.go:86.103,91.42 3 0
nexus-backend/internal/services/agent-server/resource_pool.go:91.42,94.3 1 0
nexus-backend/internal/services/agent-server/resource_pool.go:96.2,96.48 1 0
nexus-backend/internal/services/agent-server/resource_pool.go:96.48,99.3 1 0
nexus-backend/internal/services/agent-server/resource_pool.go:101.2,101.44 1 0
nexus-backend/internal/services/agent-server/resource_pool.go:101.44,104.3 1 0
nexus-backend/internal/services/agent-server/resource_pool.go:107.2,128.24 8 0
nexus-backend/internal/services/agent-server/resource_pool.go:132.74,147.25 9 0
nexus-backend/internal/services/agent-server/resource_pool.go:147.25,149.3 1 0
nexus-backend/internal/services/agent-server/resource_pool.go:152.2,152.35 1 0
nexus-backend/internal/services/agent-server/resource_pool.go:152.35,154.3 1 0
nexus-backend/internal/services/agent-server/resource_pool.go:155.2,155.41 1 0
nexus-backend/internal/services/agent-server/resource_pool.go:155.41,157.3 1 0
nexus-backend/internal/services/agent-server/resource_pool.go:158.2,158.37 1 0
nexus-backend/internal/services/agent-server/resource_pool.go:158.37,160.3 1 0
nexus-backend/internal/services/agent-server/resource_pool.go:164.52,170.16 4 0
nexus-backend/internal/services/agent-server/resource_pool.go:170.16,175.3 2 0
nexus-backend/internal/services/agent-server/resource_pool.go:182.65,184.16 2 0
nexus-backend/internal/services/agent-server/resource_pool.go:184.16,186.3 1 0
nexus-backend/internal/services/agent-server/resource_pool.go:188.2,191.29 3 0
nexus-backend/internal/services/agent-server/resource_pool.go:191.29,192.47 1 0
nexus-backend/internal/services/agent-server/resource_pool.go:192.47,194.24 2 0
nexus-backend/internal/services/agent-server/resource_pool.go:194.24,196.19 2 0
nexus-backend/internal/services/agent-server/resource_pool.go:196.19,198.6 1 0
nexus-backend/internal/services/agent-server/resource_pool.go:199.5,200.10 2 0
nexus-backend/internal/services/agent-server/resource_pool.go:205.2,205.26 1 0
nexus-backend/internal/services/agent-server/resource_pool.go:209.67,233.2 3 0
nexus-backend/internal/services/agent-server/resource_pool.go:236.73,243.2 3 0
nexus-backend/internal/services/agent-server/resource_pool.go:246.69,255.2 3 0
nexus-backend/internal/services/agent-server/resource_pool.go:258.65,267.2 3 0
nexus-backend/internal/services/agent-server/routes.go:10.54,15.19 2 0
nexus-backend/internal/services/agent-server/routes.go:15.19,17.3 1 0
nexus-backend/internal/services/agent-server/routes.go:20.2,29.50 6 0
nexus-backend/internal/services/agent-server/routes.go:29.50,37.3 6 0
nexus-backend/internal/services/agent-server/routes.go:40.2,40.19 1 0
nexus-backend/internal/services/agent-server/routes.go:40.19,41.91 1 0
nexus-backend/internal/services/agent-server/routes.go:41.91,43.4 1 0
nexus-backend/internal/services/agent-server/routes.go:48.71,49.71 1 0
nexus-backend/internal/services/agent-server/routes.go:49.71,50.20 1 0
nexus-backend/internal/services/agent-server/routes.go:50.20,54.4 3 0
nexus-backend/internal/services/agent-server/routes.go:56.3,56.28 1 0
nexus-backend/internal/services/agent-server/routes.go:56.28,59.4 2 0
nexus-backend/internal/services/agent-server/routes.go:61.3,61.23 1 0
nexus-backend/internal/services/agent-server/runtime_handlers.go:13.81,14.33 1 0
nexus-backend/internal/services/agent-server/runtime_handlers.go:14.33,17.3 2 0
nexus-backend/internal/services/agent-server/runtime_handlers.go:19.2,19.30 1 0
nexus-backend/internal/services/agent-server/runtime_handlers.go:19.30,22.3 2 0
nexus-backend/internal/services/agent-server/runtime_handlers.go:24.2,30.65 2 0
nexus-backend/internal/services/agent-server/runtime_handlers.go:30.65,33.3 2 0
nexus-backend/internal/services/agent-server/runtime_handlers.go:35.2,35.48 1 0
nexus-backend/internal/services/agent-server/runtime_handlers.go:35.48,38.3 2 0
nexus-backend/internal/services/agent-server/runtime_handlers.go:40.2,41.16 2 0
nexus-backend/internal/services/agent-server/runtime_handlers.go:41.16,44.3 2 0
nexus-backend/internal/services/agent-server/runtime_handlers.go:46.2,49.89 3 0
nexus-backend/internal/services/agent-server/runtime_handlers.go:53.80,54.33 1 0
nexus-backend/internal/services/agent-server/runtime_handlers.go:54.33,57.3 2 0
nexus-backend/internal/services/agent-server/runtime_handlers.go:59.2,59.30 1 0
nexus-backend/internal/services/agent-server/runtime_handlers.go:59.30,62.3 2 0
nexus-backend/internal/services/agent-server/runtime_handlers.go:64.2,65.19 2 0
nexus-backend/internal/services/agent-server/runtime_handlers.go:65.19,68.3 2 0
nexus-backend/internal/services/agent-server/runtime_handlers.go:70.2,70.61 1 0
nexus-backend/internal/services/agent-server/runtime_handlers.go:70.61,73.3 2 0
nexus-backend/internal/services/agent-server/runtime_handlers.go:75.2,78.63 3 0
nexus-backend/internal/services/agent-server/runtime_handlers.go:82.88,83.30 1 0
nexus-backend/internal/services/agent-server/runtime_handlers.go:83.30,86.3 2 0
nexus-backend/internal/services/agent-server/runtime_handlers.go:88.2,98.31 3 0
nexus-backend/internal/services/agent-server/runtime_handlers.go:98.31,100.3 1 0
nexus-backend/internal/services/agent-server/runtime_handlers.go:102.2,103.37 2 0
nexus-backend/internal/services/agent-server/runtime_handlers.go:107.79,108.30 1 0
nexus-backend/internal/services/agent-server/runtime_handlers.go:108.30,111.3 2 0
nexus-backend/internal/services/agent-server/runtime_handlers.go:113.2,114.19 2 0
nexus-backend/internal/services/agent-server/runtime_handlers.go:114.19,117.3 2 0
nexus-backend/internal/services/agent-server/runtime_handlers.go:119.2,120.16 2 0
nexus-backend/internal/services/agent-server/runtime_handlers.go:120.16,123.3 2 0
nexus-backend/internal/services/agent-server/runtime_handlers.go:125.2,126.34 2 0
nexus-backend/internal/services/agent-server/runtime_handlers.go:130.84,131.30 1 0
nexus-backend/internal/services/agent-server/runtime_handlers.go:131.30,134.3 2 0
nexus-backend/internal/services/agent-server/runtime_handlers.go:136.2,146.43 3 0
nexus-backend/internal/services/agent-server/runtime_handlers.go:146.43,148.3 1 0
nexus-backend/internal/services/agent-server/runtime_handlers.go:151.2,151.40 1 0
nexus-backend/internal/services/agent-server/runtime_handlers.go:151.40,153.3 1 0
nexus-backend/internal/services/agent-server/runtime_handlers.go:155.2,156.35 2 0
nexus-backend/internal/services/agent-server/runtime_manager.go:218.102,241.16 5 0
nexus-backend/internal/services/agent-server/runtime_manager.go:241.16,244.3 2 0
nexus-backend/internal/services/agent-server/runtime_manager.go:246.2,247.16 2 0
nexus-backend/internal/services/agent-server/runtime_manager.go:247.16,250.3 2 0
nexus-backend/internal/services/agent-server/runtime_manager.go:252.2,253.16 2 0
nexus-backend/internal/services/agent-server/runtime_manager.go:253.16,256.3 2 0
nexus-backend/internal/services/agent-server/runtime_manager.go:258.2,258.16 1 0
nexus-backend/internal/services/agent-server/runtime_manager.go:262.41,266.16 3 0
nexus-backend/internal/services/agent-server/runtime_manager.go:266.16,268.3 1 0
nexus-backend/internal/services/agent-server/runtime_manager.go:270.2,273.45 2 0
nexus-backend/internal/services/agent-server/runtime_manager.go:273.45,275.3 1 0
nexus-backend/internal/services/agent-server/runtime_manager.go:278.2,278.46 1 0
nexus-backend/internal/services/agent-server/runtime_manager.go:278.46,280.3 1 0
nexus-backend/internal/services/agent-server/runtime_manager.go:283.2,288.12 3 0
nexus-backend/internal/services/agent-server/runtime_manager.go:292.40,296.17 3 0
nexus-backend/internal/services/agent-server/runtime_manager.go:296.17,298.3 1 0
nexus-backend/internal/services/agent-server/runtime_manager.go:300.2,303.40 2 0
nexus-backend/internal/services/agent-server/runtime_manager.go:303.40,304.53 1 0
nexus-backend/internal/services/agent-server/runtime_manager.go:304.53,306.4 1 0
nexus-backend/internal/services/agent-server/runtime_manager.go:310.2,316.12 4 0
nexus-backend/internal/services/agent-server/runtime_manager.go:320.114,324.17 3 0
nexus-backend/internal/services/agent-server/runtime_manager.go:324.17,326.3 1 0
nexus-backend/internal/services/agent-server/runtime_manager.go:329.2,329.40 1 0
nexus-backend/internal/services/agent-server/runtime_manager.go:329.40,330.25 1 0
nexus-backend/internal/services/agent-server/runtime_manager.go:330.25,332.4 1 0
nexus-backend/internal/services/agent-server/runtime_manager.go:336.2,336.42 1 0
nexus-backend/internal/services/agent-server/runtime_manager.go:336.42,338.3 1 0
nexus-backend/internal/services/agent-server/runtime_manager.go:341.2,342.55 2 0
nexus-backend/internal/services/agent-server/runtime_manager.go:342.55,344.3 1 0
nexus-backend/internal/services/agent-server/runtime_manager.go:347.2,367.16 3 0
nexus-backend/internal/services/agent-server/runtime_manager.go:367.16,369.3 1 0
nexus-backend/internal/services/agent-server/runtime_manager.go:370.2,383.52 3 0
nexus-backend/internal/services/agent-server/runtime_manager.go:383.52,386.3 2 0
nexus-backend/internal/services/agent-server/runtime_manager.go:389.2,391.19 2 0
nexus-backend/internal/services/agent-server/runtime_manager.go:395.59,400.13 4 0
nexus-backend/internal/services/agent-server/runtime_manager.go:400.13,402.3 1 0
nexus-backend/internal/services/agent-server/runtime_manager.go:404.2,404.36 1 0
nexus-backend/internal/services/agent-server/runtime_manager.go:408.59,413.40 4 0
nexus-backend/internal/services/agent-server/runtime_manager.go:413.40,417.3 2 0
nexus-backend/internal/services/agent-server/runtime_manager.go:419.2,419.15 1 0
nexus-backend/internal/services/agent-server/runtime_manager.go:423.76,428.13 4 0
nexus-backend/internal/services/agent-server/runtime_manager.go:428.13,430.3 1 0
nexus-backend/internal/services/agent-server/runtime_manager.go:433.2,434.24 2 0
nexus-backend/internal/services/agent-server/runtime_manager.go:438.73,446.44 4 0
nexus-backend/internal/services/agent-server/runtime_manager.go:446.44,448.3 1 0
nexus-backend/internal/services/agent-server/runtime_manager.go:451.2,454.41 2 0
nexus-backend/internal/services/agent-server/runtime_manager.go:454.41,455.58 1 0
nexus-backend/internal/services/agent-server/runtime_manager.go:455.58,457.4 1 0
nexus-backend/internal/services/agent-server/runtime_manager.go:461.2,461.36 1 0
nexus-backend/internal/services/agent-server/runtime_manager.go:461.36,463.3 1 0
nexus-backend/internal/services/agent-server/runtime_manager.go:465.2,487.12 11 0
nexus-backend/internal/services/agent-server/runtime_manager.go:491.73,494.26 2 0
nexus-backend/internal/services/agent-server/runtime_manager.go:494.26,496.63 1 0
nexus-backend/internal/services/agent-server/runtime_manager.go:496.63,498.4 1 0
nexus-backend/internal/services/agent-server/runtime_manager.go:501.3,502.13 2 0
nexus-backend/internal/services/agent-server/runtime_manager.go:502.13,505.4 2 0
nexus-backend/internal/services/agent-server/runtime_manager.go:507.3,507.10 1 0
nexus-backend/internal/services/agent-server/runtime_manager.go:508.15,508.15 0 0
nexus-backend/internal/services/agent-server/runtime_manager.go:510.39,512.47 1 0
nexus-backend/internal/services/agent-server/runtime_manager.go:512.47,514.5 1 0
nexus-backend/internal/services/agent-server/runtime_manager.go:519.2,519.28 1 0
nexus-backend/internal/services/agent-server/runtime_manager.go:519.28,521.3 1 0
nexus-backend/internal/services/agent-server/runtime_manager.go:524.2,524.72 1 0
nexus-backend/internal/services/agent-server/runtime_manager.go:524.72,526.3 1 0
nexus-backend/internal/services/agent-server/runtime_manager.go:529.2,529.19 1 0
nexus-backend/internal/services/agent-server/runtime_manager.go:529.19,533.3 3 0
nexus-backend/internal/services/agent-server/runtime_manager.go:536.2,540.12 3 0
nexus-backend/internal/services/agent-server/runtime_manager.go:544.78,554.2 4 0
nexus-backend/internal/services/agent-server/runtime_manager.go:557.69,561.6 3 0
nexus-backend/internal/services/agent-server/runtime_manager.go:561.6,562.10 1 0
nexus-backend/internal/services/agent-server/runtime_manager.go:563.24,564.10 1 0
nexus-backend/internal/services/agent-server/runtime_manager.go:565.19,567.28 1 0
nexus-backend/internal/services/agent-server/runtime_manager.go:567.28,568.67 1 0
nexus-backend/internal/services/agent-server/runtime_manager.go:568.67,574.87 2 0
nexus-backend/internal/services/agent-server/runtime_manager.go:574.87,576.7 1 0
nexus-backend/internal/services/agent-server/runtime_manager.go:577.6,577.12 1 0
nexus-backend/internal/services/agent-server/runtime_manager.go:582.4,582.32 1 0
nexus-backend/internal/services/agent-server/runtime_manager.go:588.62,596.52 4 0
nexus-backend/internal/services/agent-server/runtime_manager.go:596.52,599.3 2 0
nexus-backend/internal/services/agent-server/runtime_manager.go:603.68,604.26 1 0
nexus-backend/internal/services/agent-server/runtime_manager.go:604.26,606.3 1 0
nexus-backend/internal/services/agent-server/runtime_manager.go:610.2,611.34 2 0
nexus-backend/internal/services/agent-server/runtime_manager.go:615.41,619.6 3 0
nexus-backend/internal/services/agent-server/runtime_manager.go:619.6,620.10 1 0
nexus-backend/internal/services/agent-server/runtime_manager.go:621.24,622.10 1 0
nexus-backend/internal/services/agent-server/runtime_manager.go:623.19,628.16 4 0
nexus-backend/internal/services/agent-server/runtime_manager.go:628.16,630.5 1 0
nexus-backend/internal/services/agent-server/runtime_manager.go:633.4,638.30 3 0
nexus-backend/internal/services/agent-server/runtime_manager.go:644.45,648.6 3 0
nexus-backend/internal/services/agent-server/runtime_manager.go:648.6,649.10 1 0
nexus-backend/internal/services/agent-server/runtime_manager.go:650.24,651.10 1 0
nexus-backend/internal/services/agent-server/runtime_manager.go:652.19,655.42 3 0
nexus-backend/internal/services/agent-server/runtime_manager.go:655.42,657.5 1 0
nexus-backend/internal/services/agent-server/runtime_manager.go:658.4,661.33 2 0
nexus-backend/internal/services/agent-server/runtime_manager.go:661.33,663.5 1 0
nexus-backend/internal/services/agent-server/runtime_manager.go:669.68,670.40 1 0
nexus-backend/internal/services/agent-server/runtime_manager.go:670.40,672.3 1 0
nexus-backend/internal/services/agent-server/runtime_manager.go:676.2,676.26 1 0
nexus-backend/internal/services/agent-server/runtime_manager.go:676.26,677.65 1 0
nexus-backend/internal/services/agent-server/runtime_manager.go:677.65,679.28 2 0
nexus-backend/internal/services/agent-server/runtime_manager.go:679.28,681.5 1 0
nexus-backend/internal/services/agent-server/runtime_manager.go:682.9,683.28 1 0
nexus-backend/internal/services/agent-server/runtime_manager.go:683.28,686.5 2 0
nexus-backend/internal/services/agent-server/scheduler.go:10.51,16.2 1 0
nexus-backend/internal/services/agent-server/scheduler.go:19.41,23.16 3 0
nexus-backend/internal/services/agent-server/scheduler.go:23.16,25.3 1 0
nexus-backend/internal/services/agent-server/scheduler.go:27.2,28.12 2 0
nexus-backend/internal/services/agent-server/scheduler.go:32.40,38.2 4 0
nexus-backend/internal/services/agent-server/scheduler.go:41.78,45.17 3 0
nexus-backend/internal/services/agent-server/scheduler.go:45.17,47.3 1 0
nexus-backend/internal/services/agent-server/scheduler.go:50.2,55.12 3 0
nexus-backend/internal/services/agent-server/scheduler.go:59.42,63.39 3 0
nexus-backend/internal/services/agent-server/scheduler.go:63.39,65.3 1 0
nexus-backend/internal/services/agent-server/scheduler.go:68.2,68.29 1 0
nexus-backend/internal/services/agent-server/scheduler.go:69.21,70.25 1 0
nexus-backend/internal/services/agent-server/scheduler.go:71.24,72.28 1 0
nexus-backend/internal/services/agent-server/scheduler.go:73.18,74.23 1 0
nexus-backend/internal/services/agent-server/scheduler.go:75.10,76.28 1 0
nexus-backend/internal/services/agent-server/scheduler.go:81.39,82.29 1 0
nexus-backend/internal/services/agent-server/scheduler.go:83.18,85.44 1 0
nexus-backend/internal/services/agent-server/scheduler.go:85.44,87.4 1 0
nexus-backend/internal/services/agent-server/scheduler.go:88.24,90.44 1 0
nexus-backend/internal/services/agent-server/scheduler.go:90.44,94.4 3 0
nexus-backend/internal/services/agent-server/scheduler.go:95.21,97.44 1 0
nexus-backend/internal/services/agent-server/scheduler.go:97.44,99.4 1 0
nexus-backend/internal/services/agent-server/scheduler.go:104.89,105.22 1 0
nexus-backend/internal/services/agent-server/scheduler.go:105.22,107.3 1 0
nexus-backend/internal/services/agent-server/scheduler.go:111.2,115.40 4 0
nexus-backend/internal/services/agent-server/scheduler.go:119.47,122.23 1 0
nexus-backend/internal/services/agent-server/scheduler.go:122.23,125.3 1 0
nexus-backend/internal/services/agent-server/scheduler.go:129.50,133.35 1 0
nexus-backend/internal/services/agent-server/scheduler.go:133.35,135.30 1 0
nexus-backend/internal/services/agent-server/scheduler.go:135.30,138.9 2 0
nexus-backend/internal/services/agent-server/scheduler.go:144.45,146.23 1 0
nexus-backend/internal/services/agent-server/scheduler.go:146.23,149.3 1 0
nexus-backend/internal/services/agent-server/scheduler.go:153.75,159.2 1 0
nexus-backend/internal/services/agent-server/scheduler.go:162.67,167.35 4 0
nexus-backend/internal/services/agent-server/scheduler.go:167.35,179.3 1 0
nexus-backend/internal/services/agent-server/scheduler.go:181.2,186.3 1 0
nexus-backend/internal/services/agent-server/scheduler.go:190.68,195.44 4 0
nexus-backend/internal/services/agent-server/scheduler.go:195.44,196.28 1 0
nexus-backend/internal/services/agent-server/scheduler.go:196.28,200.4 3 0
nexus-backend/internal/services/agent-server/scheduler.go:203.2,203.60 1 0
nexus-backend/internal/services/agent-server/scheduler.go:207.56,211.2 3 0
nexus-backend/internal/services/agent-server/scheduler.go:214.40,218.2 3 0
nexus-backend/internal/services/agent-server/scheduler.go:221.66,225.35 3 0
nexus-backend/internal/services/agent-server/scheduler.go:225.35,226.37 1 0
nexus-backend/internal/services/agent-server/scheduler.go:226.37,229.4 2 0
nexus-backend/internal/services/agent-server/scheduler.go:232.2,232.14 1 0
nexus-backend/internal/services/agent-server/scheduler.go:236.46,240.2 3 0
nexus-backend/internal/services/agent-server/scheduler.go:243.44,247.2 3 0
nexus-backend/internal/services/agent-server/scheduler.go:250.154,259.2 1 0
nexus-backend/internal/services/agent-server/scheduler.go:262.116,271.2 3 0
nexus-backend/internal/services/agent-server/scheduler.go:274.161,277.2 2 0
nexus-backend/internal/services/dvemanager/api_server.go:21.74,26.2 1 0
nexus-backend/internal/services/dvemanager/api_server.go:29.54,59.12 12 0
nexus-backend/internal/services/dvemanager/api_server.go:59.12,60.82 1 0
nexus-backend/internal/services/dvemanager/api_server.go:60.82,62.4 1 0
nexus-backend/internal/services/dvemanager/api_server.go:65.2,66.12 2 0
nexus-backend/internal/services/dvemanager/api_server.go:70.53,71.21 1 0
nexus-backend/internal/services/dvemanager/api_server.go:71.21,73.3 1 0
nexus-backend/internal/services/dvemanager/api_server.go:74.2,74.31 1 0
nexus-backend/internal/services/dvemanager/api_server.go:78.68,79.71 1 0
nexus-backend/internal/services/dvemanager/api_server.go:79.71,84.28 4 0
nexus-backend/internal/services/dvemanager/api_server.go:84.28,87.4 2 0
nexus-backend/internal/services/dvemanager/api_server.go:89.3,89.23 1 0
nexus-backend/internal/services/dvemanager/api_server.go:94.74,105.2 4 0
nexus-backend/internal/services/dvemanager/api_server.go:108.76,109.18 1 0
nexus-backend/internal/services/dvemanager/api_server.go:110.13,118.5 4 0
nexus-backend/internal/services/dvemanager/api_server.go:120.10,121.67 1 0
nexus-backend/internal/services/dvemanager/api_server.go:126.82,129.18 2 0
nexus-backend/internal/services/dvemanager/api_server.go:129.18,132.3 2 0
nexus-backend/internal/services/dvemanager/api_server.go:134.2,134.18 1 0
nexus-backend/internal/services/dvemanager/api_server.go:135.13,137.17 2 0
nexus-backend/internal/services/dvemanager/api_server.go:137.17,140.4 2 0
nexus-backend/internal/services/dvemanager/api_server.go:142.3,144.34 3 0
nexus-backend/internal/services/dvemanager/api_server.go:146.10,147.67 1 0
nexus-backend/internal/services/dvemanager/api_server.go:152.73,153.18 1 0
nexus-backend/internal/services/dvemanager/api_server.go:154.13,170.5 4 0
nexus-backend/internal/services/dvemanager/api_server.go:172.10,173.67 1 0
nexus-backend/internal/services/dvemanager/api_server.go:178.79,180.18 2 0
nexus-backend/internal/services/dvemanager/api_server.go:180.18,183.3 2 0
nexus-backend/internal/services/dvemanager/api_server.go:186.2,195.33 4 0
nexus-backend/internal/services/dvemanager/api_server.go:199.80,211.2 4 0
nexus-backend/internal/services/dvemanager/api_server.go:214.81,225.2 4 0
nexus-backend/internal/services/dvemanager/dve_manager.go:45.107,69.2 5 0
nexus-backend/internal/services/dvemanager/dve_manager.go:72.56,83.45 5 0
nexus-backend/internal/services/dvemanager/dve_manager.go:83.45,85.3 1 0
nexus-backend/internal/services/dvemanager/dve_manager.go:87.2,88.12 2 0
nexus-backend/internal/services/dvemanager/dve_manager.go:92.55,100.2 4 0
nexus-backend/internal/services/dvemanager/dve_manager.go:103.88,104.18 1 0
nexus-backend/internal/services/dvemanager/dve_manager.go:105.39,106.40 1 0
nexus-backend/internal/services/dvemanager/dve_manager.go:107.36,108.37 1 0
nexus-backend/internal/services/dvemanager/dve_manager.go:109.10,110.62 1 0
nexus-backend/internal/services/dvemanager/dve_manager.go:115.87,138.43 4 0
nexus-backend/internal/services/dvemanager/dve_manager.go:138.43,140.3 1 0
nexus-backend/internal/services/dvemanager/dve_manager.go:143.2,146.57 2 0
nexus-backend/internal/services/dvemanager/dve_manager.go:146.57,148.3 1 0
nexus-backend/internal/services/dvemanager/dve_manager.go:150.2,151.18 2 0
nexus-backend/internal/services/dvemanager/dve_manager.go:155.79,161.46 4 0
nexus-backend/internal/services/dvemanager/dve_manager.go:161.46,162.64 1 0
nexus-backend/internal/services/dvemanager/dve_manager.go:162.64,164.63 2 0
nexus-backend/internal/services/dvemanager/dve_manager.go:164.63,167.5 2 0
nexus-backend/internal/services/dvemanager/dve_manager.go:170.4,170.47 1 0
nexus-backend/internal/services/dvemanager/dve_manager.go:170.47,172.5 1 0
nexus-backend/internal/services/dvemanager/dve_manager.go:174.4,175.15 2 0
nexus-backend/internal/services/dvemanager/dve_manager.go:179.2,179.19 1 0
nexus-backend/internal/services/dvemanager/dve_manager.go:183.90,189.16 4 0
nexus-backend/internal/services/dvemanager/dve_manager.go:189.16,191.3 1 0
nexus-backend/internal/services/dvemanager/dve_manager.go:194.2,199.43 4 0
nexus-backend/internal/services/dvemanager/dve_manager.go:199.43,201.3 1 0
nexus-backend/internal/services/dvemanager/dve_manager.go:203.2,204.18 2 0
nexus-backend/internal/services/dvemanager/dve_manager.go:208.69,213.16 4 0
nexus-backend/internal/services/dvemanager/dve_manager.go:213.16,215.3 1 0
nexus-backend/internal/services/dvemanager/dve_manager.go:217.2,220.43 3 0
nexus-backend/internal/services/dvemanager/dve_manager.go:220.43,222.3 1 0
nexus-backend/internal/services/dvemanager/dve_manager.go:224.2,226.12 3 0
nexus-backend/internal/services/dvemanager/dve_manager.go:230.71,239.16 6 0
nexus-backend/internal/services/dvemanager/dve_manager.go:239.16,241.3 1 0
nexus-backend/internal/services/dvemanager/dve_manager.go:243.2,257.20 2 0
nexus-backend/internal/services/dvemanager/dve_manager.go:285.58,286.49 1 0
nexus-backend/internal/services/dvemanager/dve_manager.go:286.49,288.3 1 0
nexus-backend/internal/services/dvemanager/dve_manager.go:289.2,289.52 1 0
nexus-backend/internal/services/dvemanager/dve_manager.go:289.52,291.3 1 0
nexus-backend/internal/services/dvemanager/dve_manager.go:292.2,292.55 1 0
nexus-backend/internal/services/dvemanager/dve_manager.go:292.55,294.3 1 0
nexus-backend/internal/services/dvemanager/dve_manager.go:295.2,295.55 1 0
nexus-backend/internal/services/dvemanager/dve_manager.go:295.55,297.3 1 0
nexus-backend/internal/services/dvemanager/dve_manager.go:298.2,298.69 1 0
nexus-backend/internal/services/dvemanager/dve_manager.go:298.69,300.3 1 0
nexus-backend/internal/services/dvemanager/dve_manager.go:302.2,302.30 1 0
nexus-backend/internal/services/dvemanager/dve_manager.go:302.30,304.41 2 0
nexus-backend/internal/services/dvemanager/dve_manager.go:304.41,306.4 1 0
nexus-backend/internal/services/dvemanager/dve_manager.go:307.3,307.42 1 0
nexus-backend/internal/services/dvemanager/dve_manager.go:307.42,308.27 1 0
nexus-backend/internal/services/dvemanager/dve_manager.go:308.27,310.5 1 0
nexus-backend/internal/services/dvemanager/dve_manager.go:313.2,313.13 1 0
nexus-backend/internal/services/dvemanager/dve_manager.go:319.61,320.48 1 0
nexus-backend/internal/services/dvemanager/dve_manager.go:320.48,322.17 2 0
nexus-backend/internal/services/dvemanager/dve_manager.go:322.17,324.4 1 0
nexus-backend/internal/services/dvemanager/dve_manager.go:325.3,326.13 2 0
nexus-backend/internal/services/dvemanager/dve_manager.go:331.77,333.46 2 0
nexus-backend/internal/services/dvemanager/dve_manager.go:333.46,335.17 2 0
nexus-backend/internal/services/dvemanager/dve_manager.go:335.17,337.4 1 0
nexus-backend/internal/services/dvemanager/dve_manager.go:338.3,338.46 1 0
nexus-backend/internal/services/dvemanager/dve_manager.go:340.2,340.19 1 0
nexus-backend/internal/services/dvemanager/dve_manager.go:344.68,345.48 1 0
nexus-backend/internal/services/dvemanager/dve_manager.go:345.48,347.17 2 0
nexus-backend/internal/services/dvemanager/dve_manager.go:347.17,349.4 1 0
nexus-backend/internal/services/dvemanager/dve_manager.go:350.3,351.13 2 0
nexus-backend/internal/services/dvemanager/dve_manager.go:356.47,357.46 1 0
nexus-backend/internal/services/dvemanager/dve_manager.go:357.46,358.64 1 0
nexus-backend/internal/services/dvemanager/dve_manager.go:358.64,360.63 2 0
nexus-backend/internal/services/dvemanager/dve_manager.go:360.63,363.5 2 0
nexus-backend/internal/services/dvemanager/dve_manager.go:364.4,365.15 2 0
nexus-backend/internal/services/dvemanager/dve_manager.go:371.76,374.9 2 0
nexus-backend/internal/services/dvemanager/dve_manager.go:374.9,376.3 1 0
nexus-backend/internal/services/dvemanager/dve_manager.go:379.2,380.16 2 0
nexus-backend/internal/services/dvemanager/dve_manager.go:380.16,382.3 1 0
nexus-backend/internal/services/dvemanager/dve_manager.go:384.2,385.56 2 0
nexus-backend/internal/services/dvemanager/dve_manager.go:385.56,387.3 1 0
nexus-backend/internal/services/dvemanager/dve_manager.go:390.2,393.12 3 0
nexus-backend/internal/services/dvemanager/dve_manager.go:397.73,399.9 2 0
nexus-backend/internal/services/dvemanager/dve_manager.go:399.9,401.3 1 0
nexus-backend/internal/services/dvemanager/dve_manager.go:404.2,405.12 2 0
nexus-backend/internal/services/dvemanager/dve_manager.go:409.38,413.6 3 0
nexus-backend/internal/services/dvemanager/dve_manager.go:413.6,414.10 1 0
nexus-backend/internal/services/dvemanager/dve_manager.go:415.24,416.10 1 0
nexus-backend/internal/services/dvemanager/dve_manager.go:417.19,418.24 1 0
nexus-backend/internal/services/dvemanager/dve_manager.go:424.41,426.29 2 0
nexus-backend/internal/services/dvemanager/dve_manager.go:426.29,428.53 1 0
nexus-backend/internal/services/dvemanager/dve_manager.go:428.53,429.32 1 0
nexus-backend/internal/services/dvemanager/dve_manager.go:429.32,435.5 5 0
nexus-backend/internal/services/dvemanager/dve_manager.go:441.45,445.6 3 0
nexus-backend/internal/services/dvemanager/dve_manager.go:445.6,446.10 1 0
nexus-backend/internal/services/dvemanager/dve_manager.go:447.24,448.10 1 0
nexus-backend/internal/services/dvemanager/dve_manager.go:449.19,451.27 1 0
nexus-backend/internal/services/dvemanager/dve_manager.go:457.44,459.29 2 0
nexus-backend/internal/services/dvemanager/dve_manager.go:459.29,460.76 1 0
nexus-backend/internal/services/dvemanager/dve_manager.go:460.76,463.4 2 0
nexus-backend/internal/services/dvemanager/dve_manager.go:468.39,472.6 3 0
nexus-backend/internal/services/dvemanager/dve_manager.go:472.6,473.10 1 0
nexus-backend/internal/services/dvemanager/dve_manager.go:474.24,475.10 1 0
nexus-backend/internal/services/dvemanager/dve_manager.go:476.19,477.31 1 0
nexus-backend/internal/services/dvemanager/dve_manager.go:483.48,485.9 1 0
nexus-backend/internal/services/dvemanager/dve_manager.go:486.23,487.9 1 0
nexus-backend/internal/services/dvemanager/dve_manager.go:488.10,488.10 0 0
nexus-backend/internal/services/dvemanager/dve_manager.go:491.2,492.16 2 0
nexus-backend/internal/services/dvemanager/dve_manager.go:492.16,494.10 1 0
nexus-backend/internal/services/dvemanager/dve_manager.go:495.24,496.10 1 0
nexus-backend/internal/services/dvemanager/dve_manager.go:497.11,498.57 1 0
nexus-backend/internal/services/dvemanager/dve_manager.go:500.3,500.9 1 0
nexus-backend/internal/services/dvemanager/dve_manager.go:504.2,520.58 2 0
nexus-backend/internal/services/dvemanager/dve_manager.go:520.58,522.3 1 0
nexus-backend/internal/services/dvemanager/dve_manager.go:526.84,527.48 1 0
nexus-backend/internal/services/dvemanager/dve_manager.go:527.48,529.17 2 0
nexus-backend/internal/services/dvemanager/dve_manager.go:529.17,531.4 1 0
nexus-backend/internal/services/dvemanager/dve_manager.go:532.3,534.13 3 0
nexus-backend/internal/services/dvemanager/dve_manager.go:539.82,541.45 1 0
nexus-backend/internal/services/dvemanager/dve_manager.go:541.45,543.53 1 0
nexus-backend/internal/services/dvemanager/dve_manager.go:543.53,545.78 1 0
nexus-backend/internal/services/dvemanager/dve_manager.go:545.78,547.5 1 0
nexus-backend/internal/services/dvemanager/dve_manager.go:549.4,550.63 2 0
nexus-backend/internal/services/dvemanager/dve_manager.go:550.63,552.5 1 0
nexus-backend/internal/services/dvemanager/dve_manager.go:554.4,554.23 1 0
nexus-backend/internal/services/dvemanager/dve_manager.go:555.42,556.14 1 0
nexus-backend/internal/services/dvemanager/dve_manager.go:557.21,558.16 1 0
nexus-backend/internal/services/dvemanager/dve_manager.go:559.18,560.13 1 0
nexus-backend/internal/services/dvemanager/dve_manager.go:562.4,562.15 1 0
nexus-backend/internal/services/dvemanager/dve_manager.go:567.2,567.46 1 0
nexus-backend/internal/services/dvemanager/dve_manager.go:567.46,570.3 1 0
nexus-backend/internal/services/dvemanager/dve_manager.go:572.2,572.8 1 0
nexus-backend/internal/services/dvemanager/dve_manager.go:575.82,576.21 1 0
nexus-backend/internal/services/dvemanager/dve_manager.go:576.21,578.3 1 0
nexus-backend/internal/services/dvemanager/dve_manager.go:579.2,580.18 2 0
nexus-backend/internal/services/dvemanager/dve_manager.go:580.18,582.3 1 0
nexus-backend/internal/services/dvemanager/dve_manager.go:582.8,582.25 1 0
nexus-backend/internal/services/dvemanager/dve_manager.go:582.25,584.3 1 0
nexus-backend/internal/services/dvemanager/dve_manager.go:585.2,585.19 1 0
nexus-backend/internal/services/dvemanager/dve_manager.go:588.62,591.2 1 0
nexus-backend/internal/services/dvemanager/dve_manager.go:593.57,596.2 1 0
nexus-backend/internal/services/dvemanager/dve_manager.go:598.57,601.2 1 0
nexus-backend/internal/services/dvemanager/dve_manager.go:604.55,608.27 3 0
nexus-backend/internal/services/dvemanager/dve_manager.go:608.27,610.3 1 0
nexus-backend/internal/services/dvemanager/dve_manager.go:612.2,616.44 4 0
nexus-backend/internal/services/dvemanager/dve_manager.go:616.44,618.3 1 0
nexus-backend/internal/services/dvemanager/dve_manager.go:619.2,619.14 1 0
nexus-backend/internal/services/dvemanager/dve_manager.go:623.71,627.27 3 0
nexus-backend/internal/services/dvemanager/dve_manager.go:627.27,629.3 1 0
nexus-backend/internal/services/dvemanager/dve_manager.go:631.2,632.13 2 0
nexus-backend/internal/services/dvemanager/dve_manager.go:632.13,634.3 1 0
nexus-backend/internal/services/dvemanager/dve_manager.go:636.2,636.18 1 0
nexus-backend/internal/services/dvemanager/dve_manager.go:640.106,646.16 4 0
nexus-backend/internal/services/dvemanager/dve_manager.go:646.16,648.3 1 0
nexus-backend/internal/services/dvemanager/dve_manager.go:651.2,651.60 1 0
nexus-backend/internal/services/dvemanager/dve_manager.go:651.60,653.3 1 0
nexus-backend/internal/services/dvemanager/dve_manager.go:654.2,654.66 1 0
nexus-backend/internal/services/dvemanager/dve_manager.go:654.66,656.3 1 0
nexus-backend/internal/services/dvemanager/dve_manager.go:657.2,657.54 1 0
nexus-backend/internal/services/dvemanager/dve_manager.go:657.54,659.3 1 0
nexus-backend/internal/services/dvemanager/dve_manager.go:660.2,660.57 1 0
nexus-backend/internal/services/dvemanager/dve_manager.go:660.57,662.3 1 0
nexus-backend/internal/services/dvemanager/dve_manager.go:663.2,663.62 1 0
nexus-backend/internal/services/dvemanager/dve_manager.go:663.62,665.3 1 0
nexus-backend/internal/services/dvemanager/dve_manager.go:666.2,666.69 1 0
nexus-backend/internal/services/dvemanager/dve_manager.go:666.69,668.36 2 0
nexus-backend/internal/services/dvemanager/dve_manager.go:668.36,669.38 1 0
nexus-backend/internal/services/dvemanager/dve_manager.go:669.38,671.5 1 0
nexus-backend/internal/services/dvemanager/dve_manager.go:675.2,678.43 2 0
nexus-backend/internal/services/dvemanager/dve_manager.go:678.43,680.3 1 0
nexus-backend/internal/services/dvemanager/dve_manager.go:683.2,686.18 3 0
nexus-backend/internal/services/dvemanager/dve_manager.go:690.55,696.16 4 0
nexus-backend/internal/services/dvemanager/dve_manager.go:696.16,698.3 1 0
nexus-backend/internal/services/dvemanager/dve_manager.go:701.2,701.47 1 0
nexus-backend/internal/services/dvemanager/dve_manager.go:701.47,704.3 2 0
nexus-backend/internal/services/dvemanager/dve_manager.go:705.2,705.16 1 0
nexus-backend/internal/services/dvemanager/dve_manager.go:705.16,707.3 1 0
nexus-backend/internal/services/dvemanager/dve_manager.go:710.2,713.12 3 0
nexus-backend/internal/services/dvemanager/handlers.go:15.82,17.61 2 0
nexus-backend/internal/services/dvemanager/handlers.go:17.61,20.3 2 0
nexus-backend/internal/services/dvemanager/handlers.go:22.2,22.20 1 0
nexus-backend/internal/services/dvemanager/handlers.go:22.20,25.3 2 0
nexus-backend/internal/services/dvemanager/handlers.go:27.2,27.23 1 0
nexus-backend/internal/services/dvemanager/handlers.go:27.23,30.3 2 0
nexus-backend/internal/services/dvemanager/handlers.go:32.2,33.16 2 0
nexus-backend/internal/services/dvemanager/handlers.go:33.16,36.3 2 0
nexus-backend/internal/services/dvemanager/handlers.go:38.2,38.40 1 0
nexus-backend/internal/services/dvemanager/handlers.go:42.79,51.16 3 0
nexus-backend/internal/services/dvemanager/handlers.go:51.16,54.3 2 0
nexus-backend/internal/services/dvemanager/handlers.go:56.2,56.36 1 0
nexus-backend/internal/services/dvemanager/handlers.go:60.77,65.16 4 0
nexus-backend/internal/services/dvemanager/handlers.go:65.16,68.3 2 0
nexus-backend/internal/services/dvemanager/handlers.go:70.2,70.35 1 0
nexus-backend/internal/services/dvemanager/handlers.go:74.86,82.61 4 0
nexus-backend/internal/services/dvemanager/handlers.go:82.61,85.3 2 0
nexus-backend/internal/services/dvemanager/handlers.go:87.2,87.22 1 0
nexus-backend/internal/services/dvemanager/handlers.go:87.22,90.3 2 0
nexus-backend/internal/services/dvemanager/handlers.go:92.2,92.64 1 0
nexus-backend/internal/services/dvemanager/handlers.go:92.64,95.3 2 0
nexus-backend/internal/services/dvemanager/handlers.go:97.2,97.95 1 0
nexus-backend/internal/services/dvemanager/handlers.go:103.82,105.62 2 0
nexus-backend/internal/services/dvemanager/handlers.go:105.62,108.3 2 0
nexus-backend/internal/services/dvemanager/handlers.go:110.2,111.16 2 0
nexus-backend/internal/services/dvemanager/handlers.go:111.16,114.3 2 0
nexus-backend/internal/services/dvemanager/handlers.go:116.2,122.39 2 0
nexus-backend/internal/services/dvemanager/handlers.go:128.85,130.16 2 0
nexus-backend/internal/services/dvemanager/handlers.go:130.16,133.3 2 0
nexus-backend/internal/services/dvemanager/handlers.go:135.2,135.37 1 0
nexus-backend/internal/services/dvemanager/handlers.go:139.85,142.32 3 0
nexus-backend/internal/services/dvemanager/handlers.go:142.32,143.30 1 0
nexus-backend/internal/services/dvemanager/handlers.go:143.30,145.4 1 0
nexus-backend/internal/services/dvemanager/handlers.go:148.2,155.37 2 0
nexus-backend/internal/services/dvemanager/handlers.go:161.80,172.2 2 0
nexus-backend/internal/services/dvemanager/handlers.go:177.73,181.2 3 0
nexus-backend/internal/services/dvemanager/handlers.go:184.72,188.2 3 0
nexus-backend/internal/services/dvemanager/load_balancer.go:14.124,18.30 3 0
nexus-backend/internal/services/dvemanager/load_balancer.go:18.30,20.3 1 0
nexus-backend/internal/services/dvemanager/load_balancer.go:23.2,24.29 2 0
nexus-backend/internal/services/dvemanager/load_balancer.go:24.29,26.3 1 0
nexus-backend/internal/services/dvemanager/load_balancer.go:29.2,29.22 1 0
nexus-backend/internal/services/dvemanager/load_balancer.go:30.21,31.49 1 0
nexus-backend/internal/services/dvemanager/load_balancer.go:32.26,33.51 1 0
nexus-backend/internal/services/dvemanager/load_balancer.go:34.24,35.50 1 0
nexus-backend/internal/services/dvemanager/load_balancer.go:36.20,37.56 1 0
nexus-backend/internal/services/dvemanager/load_balancer.go:38.16,39.51 1 0
nexus-backend/internal/services/dvemanager/load_balancer.go:40.10,41.51 1 0
nexus-backend/internal/services/dvemanager/load_balancer.go:46.117,49.29 2 0
nexus-backend/internal/services/dvemanager/load_balancer.go:49.29,50.36 1 0
nexus-backend/internal/services/dvemanager/load_balancer.go:50.36,52.4 1 0
nexus-backend/internal/services/dvemanager/load_balancer.go:55.2,55.17 1 0
nexus-backend/internal/services/dvemanager/load_balancer.go:59.96,61.29 1 0
nexus-backend/internal/services/dvemanager/load_balancer.go:61.29,63.3 1 0
nexus-backend/internal/services/dvemanager/load_balancer.go:66.2,66.72 1 0
nexus-backend/internal/services/dvemanager/load_balancer.go:66.72,68.3 1 0
nexus-backend/internal/services/dvemanager/load_balancer.go:71.2,71.53 1 0
nexus-backend/internal/services/dvemanager/load_balancer.go:71.53,73.3 1 0
nexus-backend/internal/services/dvemanager/load_balancer.go:76.2,76.30 1 0
nexus-backend/internal/services/dvemanager/load_balancer.go:76.30,77.82 1 0
nexus-backend/internal/services/dvemanager/load_balancer.go:77.82,79.42 2 0
nexus-backend/internal/services/dvemanager/load_balancer.go:79.42,81.5 1 0
nexus-backend/internal/services/dvemanager/load_balancer.go:82.4,82.40 1 0
nexus-backend/internal/services/dvemanager/load_balancer.go:82.40,83.28 1 0
nexus-backend/internal/services/dvemanager/load_balancer.go:83.28,85.6 1 0
nexus-backend/internal/services/dvemanager/load_balancer.go:91.2,91.49 1 0
nexus-backend/internal/services/dvemanager/load_balancer.go:91.49,93.3 1 0
nexus-backend/internal/services/dvemanager/load_balancer.go:95.2,95.13 1 0
nexus-backend/internal/services/dvemanager/load_balancer.go:99.83,103.2 2 0
nexus-backend/internal/services/dvemanager/load_balancer.go:106.85,107.21 1 0
nexus-backend/internal/services/dvemanager/load_balancer.go:107.21,109.3 1 0
nexus-backend/internal/services/dvemanager/load_balancer.go:112.2,112.40 1 0
nexus-backend/internal/services/dvemanager/load_balancer.go:112.40,114.3 1 0
nexus-backend/internal/services/dvemanager/load_balancer.go:117.2,120.29 3 0
nexus-backend/internal/services/dvemanager/load_balancer.go:124.84,125.21 1 0
nexus-backend/internal/services/dvemanager/load_balancer.go:125.21,127.3 1 0
nexus-backend/internal/services/dvemanager/load_balancer.go:130.2,136.29 3 0
nexus-backend/internal/services/dvemanager/load_balancer.go:136.29,148.3 4 0
nexus-backend/internal/services/dvemanager/load_balancer.go:151.2,151.41 1 0
nexus-backend/internal/services/dvemanager/load_balancer.go:151.41,153.3 1 0
nexus-backend/internal/services/dvemanager/load_balancer.go:155.2,155.23 1 0
nexus-backend/internal/services/dvemanager/load_balancer.go:159.113,160.21 1 0
nexus-backend/internal/services/dvemanager/load_balancer.go:160.21,162.3 1 0
nexus-backend/internal/services/dvemanager/load_balancer.go:165.2,165.81 1 0
nexus-backend/internal/services/dvemanager/load_balancer.go:165.81,166.30 1 0
nexus-backend/internal/services/dvemanager/load_balancer.go:166.30,167.42 1 0
nexus-backend/internal/services/dvemanager/load_balancer.go:167.42,169.5 1 0
nexus-backend/internal/services/dvemanager/load_balancer.go:174.2,174.70 1 0
nexus-backend/internal/services/dvemanager/load_balancer.go:174.70,175.72 1 0
nexus-backend/internal/services/dvemanager/load_balancer.go:175.72,177.4 1 0
nexus-backend/internal/services/dvemanager/load_balancer.go:181.2,181.37 1 0
nexus-backend/internal/services/dvemanager/load_balancer.go:185.108,189.29 3 0
nexus-backend/internal/services/dvemanager/load_balancer.go:189.29,190.48 1 0
nexus-backend/internal/services/dvemanager/load_balancer.go:190.48,192.30 2 0
nexus-backend/internal/services/dvemanager/load_balancer.go:192.30,195.5 2 0
nexus-backend/internal/services/dvemanager/load_balancer.go:199.2,199.24 1 0
nexus-backend/internal/services/dvemanager/load_balancer.go:199.24,201.3 1 0
nexus-backend/internal/services/dvemanager/load_balancer.go:204.2,204.17 1 0
nexus-backend/internal/services/dvemanager/load_balancer.go:208.83,223.2 7 0
nexus-backend/internal/services/dvemanager/load_balancer.go:226.108,227.21 1 0
nexus-backend/internal/services/dvemanager/load_balancer.go:227.21,229.3 1 0
nexus-backend/internal/services/dvemanager/load_balancer.go:231.2,237.29 3 0
nexus-backend/internal/services/dvemanager/load_balancer.go:237.29,243.3 2 0
nexus-backend/internal/services/dvemanager/load_balancer.go:246.2,246.41 1 0
nexus-backend/internal/services/dvemanager/load_balancer.go:246.41,248.3 1 0
nexus-backend/internal/services/dvemanager/load_balancer.go:250.2,250.23 1 0
nexus-backend/internal/services/dvemanager/load_balancer.go:254.105,288.2 10 0
nexus-backend/internal/services/dvemanager/load_balancer.go:291.56,295.2 3 0
nexus-backend/internal/services/dvemanager/load_balancer.go:298.47,302.2 3 0
nexus-backend/internal/services/dvemanager/load_balancer.go:305.95,318.21 4 0
nexus-backend/internal/services/dvemanager/load_balancer.go:318.21,320.3 1 0
nexus-backend/internal/services/dvemanager/load_balancer.go:322.2,325.29 3 0
nexus-backend/internal/services/dvemanager/load_balancer.go:325.29,326.30 1 0
nexus-backend/internal/services/dvemanager/load_balancer.go:326.30,331.4 4 0
nexus-backend/internal/services/dvemanager/load_balancer.go:334.2,334.23 1 0
nexus-backend/internal/services/dvemanager/load_balancer.go:334.23,339.3 4 0
nexus-backend/internal/services/dvemanager/load_balancer.go:341.2,341.14 1 0
nexus-backend/internal/services/dvemanager/node_tracker.go:10.54,14.2 3 0
nexus-backend/internal/services/dvemanager/node_tracker.go:17.57,21.2 3 0
nexus-backend/internal/services/dvemanager/node_tracker.go:24.50,28.2 3 0
nexus-backend/internal/services/dvemanager/node_tracker.go:31.71,36.2 4 0
nexus-backend/internal/services/dvemanager/node_tracker.go:39.56,44.32 4 0
nexus-backend/internal/services/dvemanager/node_tracker.go:44.32,46.3 1 0
nexus-backend/internal/services/dvemanager/node_tracker.go:47.2,47.14 1 0
nexus-backend/internal/services/dvemanager/node_tracker.go:51.59,56.32 4 0
nexus-backend/internal/services/dvemanager/node_tracker.go:56.32,57.30 1 0
nexus-backend/internal/services/dvemanager/node_tracker.go:57.30,59.4 1 0
nexus-backend/internal/services/dvemanager/node_tracker.go:61.2,61.20 1 0
nexus-backend/internal/services/dvemanager/node_tracker.go:65.44,69.2 3 0
nexus-backend/internal/services/dvemanager/node_tracker.go:72.55,76.46 3 0
nexus-backend/internal/services/dvemanager/node_tracker.go:76.46,80.3 3 0
nexus-backend/internal/services/dvemanager/node_tracker.go:84.76,89.32 4 0
nexus-backend/internal/services/dvemanager/node_tracker.go:89.32,90.57 1 0
nexus-backend/internal/services/dvemanager/node_tracker.go:90.57,92.4 1 0
nexus-backend/internal/services/dvemanager/node_tracker.go:94.2,94.22 1 0
nexus-backend/internal/services/dvemanager/node_tracker.go:98.78,103.32 4 0
nexus-backend/internal/services/dvemanager/node_tracker.go:103.32,104.59 1 0
nexus-backend/internal/services/dvemanager/node_tracker.go:104.59,106.4 1 0
nexus-backend/internal/services/dvemanager/node_tracker.go:108.2,108.22 1 0
nexus-backend/internal/services/dvemanager/node_tracker.go:112.75,117.32 4 0
nexus-backend/internal/services/dvemanager/node_tracker.go:117.32,118.30 1 0
nexus-backend/internal/services/dvemanager/node_tracker.go:118.30,120.4 1 0
nexus-backend/internal/services/dvemanager/node_tracker.go:124.2,124.42 1 0
nexus-backend/internal/services/dvemanager/node_tracker.go:124.42,125.45 1 0
nexus-backend/internal/services/dvemanager/node_tracker.go:125.45,126.71 1 0
nexus-backend/internal/services/dvemanager/node_tracker.go:126.71,128.5 1 0
nexus-backend/internal/services/dvemanager/node_tracker.go:132.2,132.43 1 0
nexus-backend/internal/services/dvemanager/node_tracker.go:132.43,134.3 1 0
nexus-backend/internal/services/dvemanager/node_tracker.go:135.2,135.20 1 0
nexus-backend/internal/services/dvemanager/node_tracker.go:139.54,151.32 4 0
nexus-backend/internal/services/dvemanager/node_tracker.go:151.32,154.3 2 0
nexus-backend/internal/services/dvemanager/node_tracker.go:156.2,156.14 1 0
nexus-backend/internal/services/dvemanager/node_tracker.go:160.64,165.32 4 0
nexus-backend/internal/services/dvemanager/node_tracker.go:165.32,166.30 1 0
nexus-backend/internal/services/dvemanager/node_tracker.go:166.30,168.4 1 0
nexus-backend/internal/services/dvemanager/node_tracker.go:171.2,171.21 1 0
nexus-backend/internal/services/dvemanager/node_tracker.go:175.65,180.32 4 0
nexus-backend/internal/services/dvemanager/node_tracker.go:180.32,181.30 1 0
nexus-backend/internal/services/dvemanager/node_tracker.go:181.30,183.4 1 0
nexus-backend/internal/services/dvemanager/node_tracker.go:186.2,186.21 1 0
nexus-backend/internal/services/dvemanager/node_tracker.go:190.55,197.32 5 0
nexus-backend/internal/services/dvemanager/node_tracker.go:197.32,198.30 1 0
nexus-backend/internal/services/dvemanager/node_tracker.go:198.30,201.4 2 0
nexus-backend/internal/services/dvemanager/node_tracker.go:204.2,204.22 1 0
nexus-backend/internal/services/dvemanager/node_tracker.go:204.22,206.3 1 0
nexus-backend/internal/services/dvemanager/node_tracker.go:208.2,208.56 1 0
nexus-backend/internal/services/dvemanager/node_tracker.go:212.46,217.32 4 0
nexus-backend/internal/services/dvemanager/node_tracker.go:217.32,218.30 1 0
nexus-backend/internal/services/dvemanager/node_tracker.go:218.30,220.4 1 0
nexus-backend/internal/services/dvemanager/node_tracker.go:223.2,223.19 1 0
nexus-backend/internal/services/dvemanager/node_tracker.go:227.58,232.13 4 0
nexus-backend/internal/services/dvemanager/node_tracker.go:232.13,234.3 1 0
nexus-backend/internal/services/dvemanager/node_tracker.go:237.2,237.82 1 0
nexus-backend/internal/services/dvemanager/node_tracker.go:241.62,246.32 4 0
nexus-backend/internal/services/dvemanager/node_tracker.go:246.32,247.38 1 0
nexus-backend/internal/services/dvemanager/node_tracker.go:247.38,249.4 1 0
nexus-backend/internal/services/dvemanager/node_tracker.go:252.2,252.23 1 0
nexus-backend/internal/services/dvemanager/node_tracker.go:256.73,258.2 1 0
nexus-backend/internal/services/dvemanager/routes.go:12.96,41.88 16 0
nexus-backend/internal/services/dvemanager/routes.go:41.88,43.3 1 0
nexus-backend/internal/services/controllerintegration/controller_integration_service.go:44.83,68.2 5 0
nexus-backend/internal/services/controllerintegration/controller_integration_service.go:71.56,75.17 3 0
nexus-backend/internal/services/controllerintegration/controller_integration_service.go:75.17,77.3 1 0
nexus-backend/internal/services/controllerintegration/controller_integration_service.go:79.2,89.12 7 0
nexus-backend/internal/services/controllerintegration/controller_integration_service.go:93.55,97.18 3 0
nexus-backend/internal/services/controllerintegration/controller_integration_service.go:97.18,99.3 1 0
nexus-backend/internal/services/controllerintegration/controller_integration_service.go:101.2,104.12 3 0
nexus-backend/internal/services/controllerintegration/controller_integration_service.go:108.59,112.2 3 0
nexus-backend/internal/services/controllerintegration/controller_integration_service.go:115.131,121.42 4 0
nexus-backend/internal/services/controllerintegration/controller_integration_service.go:121.42,123.3 1 0
nexus-backend/internal/services/controllerintegration/controller_integration_service.go:126.2,127.16 2 0
nexus-backend/internal/services/controllerintegration/controller_integration_service.go:127.16,129.3 1 0
nexus-backend/internal/services/controllerintegration/controller_integration_service.go:132.2,133.16 2 0
nexus-backend/internal/services/controllerintegration/controller_integration_service.go:133.16,135.3 1 0
nexus-backend/internal/services/controllerintegration/controller_integration_service.go:138.2,166.16 3 0
nexus-backend/internal/services/controllerintegration/controller_integration_service.go:166.16,168.3 1 0
nexus-backend/internal/services/controllerintegration/controller_integration_service.go:169.2,176.20 5 0
nexus-backend/internal/services/controllerintegration/controller_integration_service.go:180.123,186.68 4 0
nexus-backend/internal/services/controllerintegration/controller_integration_service.go:186.68,188.3 1 0
nexus-backend/internal/services/controllerintegration/controller_integration_service.go:191.2,191.45 1 0
nexus-backend/internal/services/controllerintegration/controller_integration_service.go:191.45,193.3 1 0
nexus-backend/internal/services/controllerintegration/controller_integration_service.go:196.2,196.46 1 0
nexus-backend/internal/services/controllerintegration/controller_integration_service.go:196.46,198.3 1 0
nexus-backend/internal/services/controllerintegration/controller_integration_service.go:201.2,202.33 2 0
nexus-backend/internal/services/controllerintegration/controller_integration_service.go:202.33,203.83 1 0
nexus-backend/internal/services/controllerintegration/controller_integration_service.go:203.83,205.9 2 0
nexus-backend/internal/services/controllerintegration/controller_integration_service.go:209.2,209.19 1 0
nexus-backend/internal/services/controllerintegration/controller_integration_service.go:209.19,211.3 1 0
nexus-backend/internal/services/controllerintegration/controller_integration_service.go:214.2,214.41 1 0
nexus-backend/internal/services/controllerintegration/controller_integration_service.go:214.41,216.3 1 0
nexus-backend/internal/services/controllerintegration/controller_integration_service.go:219.2,248.28 8 0
nexus-backend/internal/services/controllerintegration/controller_integration_service.go:252.133,257.13 4 0
nexus-backend/internal/services/controllerintegration/controller_integration_service.go:257.13,259.3 1 0
nexus-backend/internal/services/controllerintegration/controller_integration_service.go:262.2,262.48 1 0
nexus-backend/internal/services/controllerintegration/controller_integration_service.go:262.48,264.3 1 0
nexus-backend/internal/services/controllerintegration/controller_integration_service.go:266.2,266.16 1 0
nexus-backend/internal/services/controllerintegration/controller_integration_service.go:266.16,273.3 5 0
nexus-backend/internal/services/controllerintegration/controller_integration_service.go:276.2,277.48 2 0
nexus-backend/internal/services/controllerintegration/controller_integration_service.go:277.48,279.3 1 0
nexus-backend/internal/services/controllerintegration/controller_integration_service.go:282.2,316.68 9 0
nexus-backend/internal/services/controllerintegration/controller_integration_service.go:316.68,321.3 4 0
nexus-backend/internal/services/controllerintegration/controller_integration_service.go:323.2,324.21 2 0
nexus-backend/internal/services/controllerintegration/controller_integration_service.go:328.112,333.13 4 0
nexus-backend/internal/services/controllerintegration/controller_integration_service.go:333.13,335.3 1 0
nexus-backend/internal/services/controllerintegration/controller_integration_service.go:338.2,338.41 1 0
nexus-backend/internal/services/controllerintegration/controller_integration_service.go:338.41,340.3 1 0
nexus-backend/internal/services/controllerintegration/controller_integration_service.go:342.2,342.21 1 0
nexus-backend/internal/services/controllerintegration/controller_integration_service.go:346.110,351.45 4 0
nexus-backend/internal/services/controllerintegration/controller_integration_service.go:351.45,352.61 1 0
nexus-backend/internal/services/controllerintegration/controller_integration_service.go:352.61,354.4 1 0
nexus-backend/internal/services/controllerintegration/controller_integration_service.go:357.2,357.22 1 0
nexus-backend/internal/services/controllerintegration/controller_integration_service.go:361.113,366.13 4 0
nexus-backend/internal/services/controllerintegration/controller_integration_service.go:366.13,368.3 1 0
nexus-backend/internal/services/controllerintegration/controller_integration_service.go:371.2,371.32 1 0
nexus-backend/internal/services/controllerintegration/controller_integration_service.go:371.32,373.3 1 0
nexus-backend/internal/services/controllerintegration/controller_integration_service.go:376.2,380.40 3 0
nexus-backend/internal/services/controllerintegration/controller_integration_service.go:380.40,382.3 1 0
nexus-backend/internal/services/controllerintegration/controller_integration_service.go:383.2,386.44 2 0
nexus-backend/internal/services/controllerintegration/controller_integration_service.go:386.44,388.3 1 0
nexus-backend/internal/services/controllerintegration/controller_integration_service.go:390.2,391.12 2 0
nexus-backend/internal/services/controllerintegration/controller_integration_service.go:395.98,400.13 4 0
nexus-backend/internal/services/controllerintegration/controller_integration_service.go:400.13,402.3 1 0
nexus-backend/internal/services/controllerintegration/controller_integration_service.go:405.2,420.12 9 0
nexus-backend/internal/services/controllerintegration/controller_integration_service.go:424.65,432.2 4 0
nexus-backend/internal/services/controllerintegration/controller_integration_service.go:434.77,436.44 2 0
nexus-backend/internal/services/controllerintegration/controller_integration_service.go:436.44,438.3 1 0
nexus-backend/internal/services/controllerintegration/controller_integration_service.go:439.2,439.54 1 0
nexus-backend/internal/services/controllerintegration/controller_integration_service.go:442.98,447.2 3 0
nexus-backend/internal/services/controllerintegration/controller_integration_service.go:449.94,451.16 2 0
nexus-backend/internal/services/controllerintegration/controller_integration_service.go:451.16,453.3 1 0
nexus-backend/internal/services/controllerintegration/controller_integration_service.go:454.2,454.44 1 0
nexus-backend/internal/services/controllerintegration/controller_integration_service.go:457.78,459.33 2 0
nexus-backend/internal/services/controllerintegration/controller_integration_service.go:459.33,460.51 1 0
nexus-backend/internal/services/controllerintegration/controller_integration_service.go:460.51,462.4 1 0
nexus-backend/internal/services/controllerintegration/controller_integration_service.go:464.2,464.14 1 0
nexus-backend/internal/services/controllerintegration/controller_integration_service.go:467.79,469.45 2 0
nexus-backend/internal/services/controllerintegration/controller_integration_service.go:469.45,470.61 1 0
nexus-backend/internal/services/controllerintegration/controller_integration_service.go:470.61,472.4 1 0
nexus-backend/internal/services/controllerintegration/controller_integration_service.go:474.2,474.14 1 0
nexus-backend/internal/services/controllerintegration/controller_integration_service.go:477.63,478.42 1 0
nexus-backend/internal/services/controllerintegration/controller_integration_service.go:478.42,483.3 4 0
nexus-backend/internal/services/controllerintegration/controller_integration_service.go:486.63,488.40 1 0
nexus-backend/internal/services/controllerintegration/controller_integration_service.go:488.40,489.65 1 0
nexus-backend/internal/services/controllerintegration/controller_integration_service.go:489.65,491.54 2 0
nexus-backend/internal/services/controllerintegration/controller_integration_service.go:491.54,493.5 1 0
nexus-backend/internal/services/controllerintegration/controller_integration_service.go:494.4,494.15 1 0
nexus-backend/internal/services/controllerintegration/controller_integration_service.go:496.3,496.13 1 0
nexus-backend/internal/services/controllerintegration/controller_integration_service.go:500.2,500.40 1 0
nexus-backend/internal/services/controllerintegration/controller_integration_service.go:500.40,501.64 1 0
nexus-backend/internal/services/controllerintegration/controller_integration_service.go:501.64,503.53 2 0
nexus-backend/internal/services/controllerintegration/controller_integration_service.go:503.53,505.5 1 0
nexus-backend/internal/services/controllerintegration/controller_integration_service.go:506.4,506.15 1 0
nexus-backend/internal/services/controllerintegration/controller_integration_service.go:508.3,508.13 1 0
nexus-backend/internal/services/controllerintegration/controller_integration_service.go:512.2,512.40 1 0
nexus-backend/internal/services/controllerintegration/controller_integration_service.go:512.40,513.65 1 0
nexus-backend/internal/services/controllerintegration/controller_integration_service.go:513.65,515.61 2 0
nexus-backend/internal/services/controllerintegration/controller_integration_service.go:515.61,517.5 1 0
nexus-backend/internal/services/controllerintegration/controller_integration_service.go:518.4,518.15 1 0
nexus-backend/internal/services/controllerintegration/controller_integration_service.go:520.3,520.13 1 0
nexus-backend/internal/services/controllerintegration/controller_integration_service.go:524.90,525.52 1 0
nexus-backend/internal/services/controllerintegration/controller_integration_service.go:525.52,526.43 1 0
nexus-backend/internal/services/controllerintegration/controller_integration_service.go:526.43,529.4 2 0
nexus-backend/internal/services/controllerintegration/controller_integration_service.go:533.77,534.51 1 0
nexus-backend/internal/services/controllerintegration/controller_integration_service.go:534.51,535.43 1 0
nexus-backend/internal/services/controllerintegration/controller_integration_service.go:535.43,538.4 2 0
nexus-backend/internal/services/controllerintegration/controller_integration_service.go:542.101,543.59 1 0
nexus-backend/internal/services/controllerintegration/controller_integration_service.go:543.59,544.43 1 0
nexus-backend/internal/services/controllerintegration/controller_integration_service.go:544.43,547.4 2 0
nexus-backend/internal/services/controllerintegration/controller_integration_service.go:551.63,555.6 3 0
nexus-backend/internal/services/controllerintegration/controller_integration_service.go:555.6,556.10 1 0
nexus-backend/internal/services/controllerintegration/controller_integration_service.go:557.19,558.20 1 0
nexus-backend/internal/services/controllerintegration/controller_integration_service.go:558.20,560.5 1 0
nexus-backend/internal/services/controllerintegration/controller_integration_service.go:562.4,562.32 1 0
nexus-backend/internal/services/controllerintegration/controller_integration_service.go:567.62,571.6 3 0
nexus-backend/internal/services/controllerintegration/controller_integration_service.go:571.6,572.10 1 0
nexus-backend/internal/services/controllerintegration/controller_integration_service.go:573.19,574.20 1 0
nexus-backend/internal/services/controllerintegration/controller_integration_service.go:574.20,576.5 1 0
nexus-backend/internal/services/controllerintegration/controller_integration_service.go:578.4,578.31 1 0
nexus-backend/internal/services/controllerintegration/controller_integration_service.go:583.66,587.6 3 0
nexus-backend/internal/services/controllerintegration/controller_integration_service.go:587.6,588.10 1 0
nexus-backend/internal/services/controllerintegration/controller_integration_service.go:589.19,590.20 1 0
nexus-backend/internal/services/controllerintegration/controller_integration_service.go:590.20,592.5 1 0
nexus-backend/internal/services/controllerintegration/controller_integration_service.go:594.4,594.31 1 0
nexus-backend/internal/services/controllerintegration/controller_integration_service.go:599.67,604.53 4 0
nexus-backend/internal/services/controllerintegration/controller_integration_service.go:604.53,605.35 1 0
nexus-backend/internal/services/controllerintegration/controller_integration_service.go:605.35,615.4 7 0
nexus-backend/internal/services/controllerintegration/controller_integration_service.go:619.66,624.40 4 0
nexus-backend/internal/services/controllerintegration/controller_integration_service.go:624.40,625.63 1 0
nexus-backend/internal/services/controllerintegration/controller_integration_service.go:625.63,630.4 3 0
nexus-backend/internal/services/controllerintegration/controller_integration_service.go:634.66,639.44 3 0
nexus-backend/internal/services/controllerintegration/controller_integration_service.go:639.44,640.24 1 0
nexus-backend/internal/services/controllerintegration/controller_integration_service.go:640.24,642.37 1 0
nexus-backend/internal/services/controllerintegration/controller_integration_service.go:642.37,644.5 1 0
nexus-backend/internal/services/cde/cde_service.go:237.137,254.16 5 0
nexus-backend/internal/services/cde/cde_service.go:254.16,257.3 2 0
nexus-backend/internal/services/cde/cde_service.go:260.2,260.65 1 0
nexus-backend/internal/services/cde/cde_service.go:260.65,263.3 2 0
nexus-backend/internal/services/cde/cde_service.go:265.2,265.21 1 0
nexus-backend/internal/services/cde/cde_service.go:269.38,273.19 3 0
nexus-backend/internal/services/cde/cde_service.go:273.19,275.3 1 0
nexus-backend/internal/services/cde/cde_service.go:278.2,286.12 7 0
nexus-backend/internal/services/cde/cde_service.go:290.37,294.20 3 0
nexus-backend/internal/services/cde/cde_service.go:294.20,296.3 1 0
nexus-backend/internal/services/cde/cde_service.go:299.2,299.39 1 0
nexus-backend/internal/services/cde/cde_service.go:299.39,300.37 1 0
nexus-backend/internal/services/cde/cde_service.go:300.37,302.4 1 0
nexus-backend/internal/services/cde/cde_service.go:306.2,306.39 1 0
nexus-backend/internal/services/cde/cde_service.go:306.39,307.44 1 0
nexus-backend/internal/services/cde/cde_service.go:307.44,309.4 1 0
nexus-backend/internal/services/cde/cde_service.go:313.2,318.12 4 0
nexus-backend/internal/services/cde/cde_service.go:322.144,326.20 3 0
nexus-backend/internal/services/cde/cde_service.go:326.20,328.3 1 0
nexus-backend/internal/services/cde/cde_service.go:331.2,332.48 2 0
nexus-backend/internal/services/cde/cde_service.go:332.48,334.3 1 0
nexus-backend/internal/services/cde/cde_service.go:337.2,346.46 2 0
nexus-backend/internal/services/cde/cde_service.go:346.46,348.3 1 0
nexus-backend/internal/services/cde/cde_service.go:351.2,378.17 6 0
nexus-backend/internal/services/cde/cde_service.go:382.68,384.61 1 0
nexus-backend/internal/services/cde/cde_service.go:384.61,388.3 3 0
nexus-backend/internal/services/cde/cde_service.go:391.2,401.27 8 0
nexus-backend/internal/services/cde/cde_service.go:401.27,413.3 1 0
nexus-backend/internal/services/cde/cde_service.go:415.2,415.65 1 0
nexus-backend/internal/services/cde/cde_service.go:419.60,424.13 4 0
nexus-backend/internal/services/cde/cde_service.go:424.13,426.3 1 0
nexus-backend/internal/services/cde/cde_service.go:428.2,428.41 1 0
nexus-backend/internal/services/cde/cde_service.go:432.75,433.36 1 0
nexus-backend/internal/services/cde/cde_service.go:433.36,435.3 1 0
nexus-backend/internal/services/cde/cde_service.go:437.2,443.39 3 0
nexus-backend/internal/services/cde/cde_service.go:443.39,444.79 1 0
nexus-backend/internal/services/cde/cde_service.go:444.79,446.4 1 0
nexus-backend/internal/services/cde/cde_service.go:449.2,451.12 2 0
nexus-backend/internal/services/cde/cde_service.go:455.104,459.20 3 0
nexus-backend/internal/services/cde/cde_service.go:459.20,461.3 1 0
nexus-backend/internal/services/cde/cde_service.go:464.2,465.13 2 0
nexus-backend/internal/services/cde/cde_service.go:465.13,467.3 1 0
nexus-backend/internal/services/cde/cde_service.go:469.2,469.36 1 0
nexus-backend/internal/services/cde/cde_service.go:469.36,471.3 1 0
nexus-backend/internal/services/cde/cde_service.go:474.2,474.26 1 0
nexus-backend/internal/services/cde/cde_service.go:474.26,476.3 1 0
nexus-backend/internal/services/cde/cde_service.go:479.2,480.55 2 0
nexus-backend/internal/services/cde/cde_service.go:480.55,482.3 1 0
nexus-backend/internal/services/cde/cde_service.go:485.2,501.24 2 0
nexus-backend/internal/services/cde/cde_service.go:502.13,505.51 3 0
nexus-backend/internal/services/cde/cde_service.go:506.19,507.86 1 0
nexus-backend/internal/services/cde/cde_service.go:508.13,510.42 2 0
nexus-backend/internal/services/cde/cde_service.go:514.2,521.21 4 0
nexus-backend/internal/services/cde/cde_service.go:525.135,529.20 3 0
nexus-backend/internal/services/cde/cde_service.go:529.20,531.3 1 0
nexus-backend/internal/services/cde/cde_service.go:534.2,535.55 2 0
nexus-backend/internal/services/cde/cde_service.go:535.55,537.3 1 0
nexus-backend/internal/services/cde/cde_service.go:540.2,558.63 2 0
nexus-backend/internal/services/cde/cde_service.go:558.63,560.3 1 0
nexus-backend/internal/services/cde/cde_service.go:563.2,567.21 3 0
nexus-backend/internal/services/cde/cde_service.go:571.78,576.13 4 0
nexus-backend/internal/services/cde/cde_service.go:576.13,578.3 1 0
nexus-backend/internal/services/cde/cde_service.go:581.2,582.22 2 0
nexus-backend/internal/services/cde/cde_service.go:586.78,591.39 4 0
nexus-backend/internal/services/cde/cde_service.go:591.39,592.27 1 0
nexus-backend/internal/services/cde/cde_service.go:592.27,595.4 2 0
nexus-backend/internal/services/cde/cde_service.go:598.2,598.17 1 0
nexus-backend/internal/services/cde/cde_service.go:602.70,607.39 4 0
nexus-backend/internal/services/cde/cde_service.go:607.39,608.31 1 0
nexus-backend/internal/services/cde/cde_service.go:608.31,611.4 2 0
nexus-backend/internal/services/cde/cde_service.go:614.2,614.21 1 0
nexus-backend/internal/services/cde/cde_service.go:618.70,623.39 4 0
nexus-backend/internal/services/cde/cde_service.go:623.39,624.31 1 0
nexus-backend/internal/services/cde/cde_service.go:624.31,627.4 2 0
nexus-backend/internal/services/cde/cde_service.go:630.2,630.21 1 0
nexus-backend/internal/services/cde/cde_service.go:636.65,638.39 2 0
nexus-backend/internal/services/cde/cde_service.go:638.39,639.64 1 0
nexus-backend/internal/services/cde/cde_service.go:639.64,641.4 1 0
nexus-backend/internal/services/cde/cde_service.go:643.2,643.14 1 0
nexus-backend/internal/services/cde/cde_service.go:647.61,649.39 2 0
nexus-backend/internal/services/cde/cde_service.go:649.39,650.72 1 0
nexus-backend/internal/services/cde/cde_service.go:650.72,652.4 1 0
nexus-backend/internal/services/cde/cde_service.go:654.2,654.14 1 0
nexus-backend/internal/services/cde/cde_service.go:658.61,660.39 2 0
nexus-backend/internal/services/cde/cde_service.go:660.39,661.31 1 0
nexus-backend/internal/services/cde/cde_service.go:661.31,663.4 1 0
nexus-backend/internal/services/cde/cde_service.go:665.2,665.14 1 0
nexus-backend/internal/services/cde/cde_service.go:669.76,670.17 1 0
nexus-backend/internal/services/cde/cde_service.go:671.21,672.28 1 0
nexus-backend/internal/services/cde/cde_service.go:673.21,674.26 1 0
nexus-backend/internal/services/cde/cde_service.go:675.17,676.30 1 0
nexus-backend/internal/services/cde/cde_service.go:677.19,678.26 1 0
nexus-backend/internal/services/cde/cde_service.go:679.19,680.31 1 0
nexus-backend/internal/services/cde/cde_service.go:681.10,682.24 1 0
nexus-backend/internal/services/cde/cde_service.go:687.76,688.18 1 0
nexus-backend/internal/services/cde/cde_service.go:689.16,690.23 1 0
nexus-backend/internal/services/cde/cde_service.go:691.34,692.23 1 0
nexus-backend/internal/services/cde/cde_service.go:693.12,694.19 1 0
nexus-backend/internal/services/cde/cde_service.go:695.14,696.21 1 0
nexus-backend/internal/services/cde/cde_service.go:697.33,698.21 1 0
nexus-backend/internal/services/cde/cde_service.go:699.10,700.24 1 0
nexus-backend/internal/services/cde/cde_service.go:705.63,712.27 2 0
nexus-backend/internal/services/cde/cde_service.go:712.27,713.48 1 0
nexus-backend/internal/services/cde/cde_service.go:713.48,715.4 1 0
nexus-backend/internal/services/cde/cde_service.go:718.2,718.12 1 0
nexus-backend/internal/services/cde/cde_service.go:724.52,728.6 3 0
nexus-backend/internal/services/cde/cde_service.go:728.6,729.10 1 0
nexus-backend/internal/services/cde/cde_service.go:730.25,731.10 1 0
nexus-backend/internal/services/cde/cde_service.go:732.19,733.29 1 0
nexus-backend/internal/services/cde/cde_service.go:739.46,742.39 3 0
nexus-backend/internal/services/cde/cde_service.go:742.39,744.3 1 0
nexus-backend/internal/services/cde/cde_service.go:745.2,747.35 2 0
nexus-backend/internal/services/cde/cde_service.go:747.35,748.37 1 0
nexus-backend/internal/services/cde/cde_service.go:748.37,753.29 2 0
nexus-backend/internal/services/cde/cde_service.go:753.29,777.5 2 0
nexus-backend/internal/services/cde/cde_service.go:783.70,789.2 3 0
nexus-backend/internal/services/cde/cde_service.go:792.48,796.6 3 0
nexus-backend/internal/services/cde/cde_service.go:796.6,797.10 1 0
nexus-backend/internal/services/cde/cde_service.go:798.25,799.10 1 0
nexus-backend/internal/services/cde/cde_service.go:800.19,801.24 1 0
nexus-backend/internal/services/cde/cde_service.go:807.41,813.39 4 0
nexus-backend/internal/services/cde/cde_service.go:813.39,814.44 1 0
nexus-backend/internal/services/cde/cde_service.go:814.44,816.36 1 0
nexus-backend/internal/services/cde/cde_service.go:816.36,821.30 3 0
nexus-backend/internal/services/cde/cde_service.go:821.30,833.6 1 0
nexus-backend/internal/services/cde/cde_service.go:834.10,834.61 1 0
nexus-backend/internal/services/cde/cde_service.go:834.61,837.5 1 0
nexus-backend/internal/services/cde/cde_service.go:843.49,847.6 3 0
nexus-backend/internal/services/cde/cde_service.go:847.6,848.10 1 0
nexus-backend/internal/services/cde/cde_service.go:849.25,850.10 1 0
nexus-backend/internal/services/cde/cde_service.go:851.19,852.26 1 0
nexus-backend/internal/services/cde/cde_service.go:858.43,866.27 3 0
nexus-backend/internal/services/cde/cde_service.go:866.27,867.63 1 0
nexus-backend/internal/services/cde/cde_service.go:867.63,868.66 1 0
nexus-backend/internal/services/cde/cde_service.go:868.66,878.5 1 0
nexus-backend/internal/services/cde/cde_service.go:881.3,881.66 1 0
nexus-backend/internal/services/cde/cde_service.go:881.66,882.66 1 0
nexus-backend/internal/services/cde/cde_service.go:882.66,892.5 1 0
nexus-backend/internal/services/cde/cde_service.go:897.2,897.32 1 0
nexus-backend/internal/services/cde/cde_service.go:901.74,902.27 1 0
nexus-backend/internal/services/cde/cde_service.go:902.27,904.3 1 0
nexus-backend/internal/services/cde/cde_service.go:907.2,907.62 1 0
nexus-backend/internal/services/cde/cde_service.go:907.62,908.86 1 0
nexus-backend/internal/services/cde/cde_service.go:908.86,919.4 1 0
nexus-backend/internal/services/cde/cde_service.go:923.2,923.65 1 0
nexus-backend/internal/services/cde/cde_service.go:923.65,924.86 1 0
nexus-backend/internal/services/cde/cde_service.go:924.86,935.4 1 0
nexus-backend/internal/services/cde/cde_service.go:940.38,944.6 3 0
nexus-backend/internal/services/cde/cde_service.go:944.6,945.10 1 0
nexus-backend/internal/services/cde/cde_service.go:946.25,947.10 1 0
nexus-backend/internal/services/cde/cde_service.go:948.19,949.24 1 0
nexus-backend/internal/services/cde/cde_service.go:955.41,962.43 4 0
nexus-backend/internal/services/cde/cde_service.go:962.43,963.84 1 0
nexus-backend/internal/services/cde/cde_service.go:963.84,966.4 2 0
nexus-backend/internal/services/cde/cde_service.go:970.2,970.47 1 0
nexus-backend/internal/services/cde/cde_service.go:970.47,971.96 1 0
nexus-backend/internal/services/cde/cde_service.go:971.96,974.4 2 0
nexus-backend/internal/services/cde/cde_service.go:979.59,990.39 5 0
nexus-backend/internal/services/cde/cde_service.go:990.39,992.3 1 0
nexus-backend/internal/services/cde/cde_service.go:993.2,997.39 3 0
nexus-backend/internal/services/cde/cde_service.go:997.39,999.3 1 0
nexus-backend/internal/services/cde/cde_service.go:1000.2,1003.29 2 0
nexus-backend/internal/services/cde/cde_service.go:1003.29,1005.3 1 0
nexus-backend/internal/services/cde/cde_service.go:1008.2,1010.15 2 0
nexus-backend/internal/services/cde/cde_service.go:1014.41,1018.2 3 0
nexus-backend/internal/services/cde/handlers.go:21.85,23.20 2 0
nexus-backend/internal/services/cde/handlers.go:23.20,26.3 2 0
nexus-backend/internal/services/cde/handlers.go:28.2,29.43 2 0
nexus-backend/internal/services/cde/handlers.go:33.86,35.20 2 0
nexus-backend/internal/services/cde/handlers.go:35.20,38.3 2 0
nexus-backend/internal/services/cde/handlers.go:40.2,41.61 2 0
nexus-backend/internal/services/cde/handlers.go:41.61,44.3 2 0
nexus-backend/internal/services/cde/handlers.go:46.2,46.20 1 0
nexus-backend/internal/services/cde/handlers.go:46.20,49.3 2 0
nexus-backend/internal/services/cde/handlers.go:51.2,52.16 2 0
nexus-backend/internal/services/cde/handlers.go:52.16,55.3 2 0
nexus-backend/internal/services/cde/handlers.go:57.2,57.47 1 0
nexus-backend/internal/services/cde/handlers.go:61.83,63.20 2 0
nexus-backend/internal/services/cde/handlers.go:63.20,66.3 2 0
nexus-backend/internal/services/cde/handlers.go:68.2,72.16 4 0
nexus-backend/internal/services/cde/handlers.go:72.16,75.3 2 0
nexus-backend/internal/services/cde/handlers.go:78.2,78.42 1 0
nexus-backend/internal/services/cde/handlers.go:78.42,81.3 2 0
nexus-backend/internal/services/cde/handlers.go:83.2,83.42 1 0
nexus-backend/internal/services/cde/handlers.go:87.86,89.20 2 0
nexus-backend/internal/services/cde/handlers.go:89.20,92.3 2 0
nexus-backend/internal/services/cde/handlers.go:94.2,98.16 4 0
nexus-backend/internal/services/cde/handlers.go:98.16,101.3 2 0
nexus-backend/internal/services/cde/handlers.go:104.2,104.42 1 0
nexus-backend/internal/services/cde/handlers.go:104.42,107.3 2 0
nexus-backend/internal/services/cde/handlers.go:109.2,109.49 1 0
nexus-backend/internal/services/cde/handlers.go:109.49,112.3 2 0
nexus-backend/internal/services/cde/handlers.go:114.2,114.95 1 0
nexus-backend/internal/services/cde/handlers.go:118.85,120.20 2 0
nexus-backend/internal/services/cde/handlers.go:120.20,123.3 2 0
nexus-backend/internal/services/cde/handlers.go:125.2,129.16 4 0
nexus-backend/internal/services/cde/handlers.go:129.16,132.3 2 0
nexus-backend/internal/services/cde/handlers.go:135.2,135.42 1 0
nexus-backend/internal/services/cde/handlers.go:135.42,138.3 2 0
nexus-backend/internal/services/cde/handlers.go:142.2,142.90 1 0
nexus-backend/internal/services/cde/handlers.go:146.84,148.20 2 0
nexus-backend/internal/services/cde/handlers.go:148.20,151.3 2 0
nexus-backend/internal/services/cde/handlers.go:153.2,157.16 4 0
nexus-backend/internal/services/cde/handlers.go:157.16,160.3 2 0
nexus-backend/internal/services/cde/handlers.go:163.2,163.42 1 0
nexus-backend/internal/services/cde/handlers.go:163.42,166.3 2 0
nexus-backend/internal/services/cde/handlers.go:168.2,168.49 1 0
nexus-backend/internal/services/cde/handlers.go:168.49,171.3 2 0
nexus-backend/internal/services/cde/handlers.go:173.2,173.95 1 0
nexus-backend/internal/services/cde/handlers.go:184.81,186.20 2 0
nexus-backend/internal/services/cde/handlers.go:186.20,189.3 2 0
nexus-backend/internal/services/cde/handlers.go:191.2,192.39 2 0
nexus-backend/internal/services/cde/handlers.go:196.82,198.20 2 0
nexus-backend/internal/services/cde/handlers.go:198.20,201.3 2 0
nexus-backend/internal/services/cde/handlers.go:203.2,204.61 2 0
nexus-backend/internal/services/cde/handlers.go:204.61,207.3 2 0
nexus-backend/internal/services/cde/handlers.go:209.2,209.29 1 0
nexus-backend/internal/services/cde/handlers.go:209.29,212.3 2 0
nexus-backend/internal/services/cde/handlers.go:214.2,214.30 1 0
nexus-backend/internal/services/cde/handlers.go:214.30,216.3 1 0
nexus-backend/internal/services/cde/handlers.go:218.2,219.16 2 0
nexus-backend/internal/services/cde/handlers.go:219.16,222.3 2 0
nexus-backend/internal/services/cde/handlers.go:224.2,224.43 1 0
nexus-backend/internal/services/cde/handlers.go:237.81,239.20 2 0
nexus-backend/internal/services/cde/handlers.go:239.20,242.3 2 0
nexus-backend/internal/services/cde/handlers.go:244.2,245.39 2 0
nexus-backend/internal/services/cde/handlers.go:249.82,251.20 2 0
nexus-backend/internal/services/cde/handlers.go:251.20,254.3 2 0
nexus-backend/internal/services/cde/handlers.go:256.2,257.61 2 0
nexus-backend/internal/services/cde/handlers.go:257.61,260.3 2 0
nexus-backend/internal/services/cde/handlers.go:262.2,262.20 1 0
nexus-backend/internal/services/cde/handlers.go:262.20,265.3 2 0
nexus-backend/internal/services/cde/handlers.go:267.2,268.16 2 0
nexus-backend/internal/services/cde/handlers.go:268.16,271.3 2 0
nexus-backend/internal/services/cde/handlers.go:273.2,273.43 1 0
nexus-backend/internal/services/cde/handlers.go:279.73,283.2 3 0
nexus-backend/internal/services/cde/handlers.go:286.72,290.2 3 0
nexus-backend/internal/services/cde/resource_pool.go:13.53,17.57 2 0
nexus-backend/internal/services/cde/resource_pool.go:17.57,19.3 1 0
nexus-backend/internal/services/cde/resource_pool.go:21.2,21.18 1 0
nexus-backend/internal/services/cde/resource_pool.go:25.62,32.16 4 0
nexus-backend/internal/services/cde/resource_pool.go:32.16,34.3 1 0
nexus-backend/internal/services/cde/resource_pool.go:35.2,40.16 4 0
nexus-backend/internal/services/cde/resource_pool.go:40.16,42.3 1 0
nexus-backend/internal/services/cde/resource_pool.go:43.2,46.12 3 0
nexus-backend/internal/services/cde/resource_pool.go:50.60,52.16 2 0
nexus-backend/internal/services/cde/resource_pool.go:52.16,54.3 1 0
nexus-backend/internal/services/cde/resource_pool.go:56.2,57.29 2 0
nexus-backend/internal/services/cde/resource_pool.go:57.29,58.43 1 0
nexus-backend/internal/services/cde/resource_pool.go:58.43,60.24 2 0
nexus-backend/internal/services/cde/resource_pool.go:60.24,62.19 2 0
nexus-backend/internal/services/cde/resource_pool.go:62.19,64.6 1 0
nexus-backend/internal/services/cde/resource_pool.go:65.5,65.29 1 0
nexus-backend/internal/services/cde/resource_pool.go:70.2,70.66 1 0
nexus-backend/internal/services/cde/resource_pool.go:74.69,76.52 2 0
nexus-backend/internal/services/cde/resource_pool.go:76.52,78.3 1 0
nexus-backend/internal/services/cde/resource_pool.go:81.2,82.24 2 0
nexus-backend/internal/services/cde/resource_pool.go:86.79,93.2 3 0
nexus-backend/internal/services/cde/resource_pool.go:96.86,101.42 3 0
nexus-backend/internal/services/cde/resource_pool.go:101.42,104.3 1 0
nexus-backend/internal/services/cde/resource_pool.go:106.2,106.48 1 0
nexus-backend/internal/services/cde/resource_pool.go:106.48,109.3 1 0
nexus-backend/internal/services/cde/resource_pool.go:111.2,111.44 1 0
nexus-backend/internal/services/cde/resource_pool.go:111.44,114.3 1 0
nexus-backend/internal/services/cde/resource_pool.go:117.2,126.12 7 0
nexus-backend/internal/services/cde/resource_pool.go:130.80,145.25 9 0
nexus-backend/internal/services/cde/resource_pool.go:145.25,147.3 1 0
nexus-backend/internal/services/cde/resource_pool.go:148.2,148.28 1 0
nexus-backend/internal/services/cde/resource_pool.go:148.28,150.3 1 0
nexus-backend/internal/services/cde/resource_pool.go:151.2,151.26 1 0
nexus-backend/internal/services/cde/resource_pool.go:151.26,153.3 1 0
nexus-backend/internal/services/cde/resource_pool.go:156.2,156.35 1 0
nexus-backend/internal/services/cde/resource_pool.go:156.35,158.3 1 0
nexus-backend/internal/services/cde/resource_pool.go:159.2,159.41 1 0
nexus-backend/internal/services/cde/resource_pool.go:159.41,161.3 1 0
nexus-backend/internal/services/cde/resource_pool.go:162.2,162.37 1 0
nexus-backend/internal/services/cde/resource_pool.go:162.37,164.3 1 0
nexus-backend/internal/services/cde/resource_pool.go:168.55,174.16 4 0
nexus-backend/internal/services/cde/resource_pool.go:174.16,178.29 3 0
nexus-backend/internal/services/cde/resource_pool.go:178.29,180.4 1 0
nexus-backend/internal/services/cde/resource_pool.go:188.68,190.16 2 0
nexus-backend/internal/services/cde/resource_pool.go:190.16,192.3 1 0
nexus-backend/internal/services/cde/resource_pool.go:194.2,197.29 3 0
nexus-backend/internal/services/cde/resource_pool.go:197.29,198.47 1 0
nexus-backend/internal/services/cde/resource_pool.go:198.47,200.24 2 0
nexus-backend/internal/services/cde/resource_pool.go:200.24,202.19 2 0
nexus-backend/internal/services/cde/resource_pool.go:202.19,204.6 1 0
nexus-backend/internal/services/cde/resource_pool.go:205.5,206.10 2 0
nexus-backend/internal/services/cde/resource_pool.go:211.2,211.26 1 0
nexus-backend/internal/services/cde/resource_pool.go:215.70,239.2 3 0
nexus-backend/internal/services/cde/resource_pool.go:242.75,251.2 3 0
nexus-backend/internal/services/cde/resource_pool.go:254.71,263.2 3 0
nexus-backend/internal/services/cde/routes.go:12.95,39.88 16 0
nexus-backend/internal/services/cde/routes.go:39.88,41.3 1 0
nexus-backend/internal/services/teesecurity/tee_security_service.go:42.63,71.2 4 0
nexus-backend/internal/services/teesecurity/tee_security_service.go:74.46,78.17 3 0
nexus-backend/internal/services/teesecurity/tee_security_service.go:78.17,80.3 1 0
nexus-backend/internal/services/teesecurity/tee_security_service.go:82.2,93.12 8 0
nexus-backend/internal/services/teesecurity/tee_security_service.go:97.45,101.18 3 0
nexus-backend/internal/services/teesecurity/tee_security_service.go:101.18,103.3 1 0
nexus-backend/internal/services/teesecurity/tee_security_service.go:105.2,109.12 4 0
nexus-backend/internal/services/teesecurity/tee_security_service.go:113.49,117.2 3 0
nexus-backend/internal/services/teesecurity/tee_security_service.go:120.78,137.2 3 0
nexus-backend/internal/services/teesecurity/tee_security_service.go:140.59,161.13 7 0
nexus-backend/internal/services/teesecurity/tee_security_service.go:161.13,165.3 2 0
nexus-backend/internal/services/teesecurity/tee_security_service.go:165.8,181.3 5 0
nexus-backend/internal/services/teesecurity/tee_security_service.go:183.2,202.33 6 0
nexus-backend/internal/services/teesecurity/tee_security_service.go:202.33,204.3 1 0
nexus-backend/internal/services/teesecurity/tee_security_service.go:207.2,210.12 3 0
nexus-backend/internal/services/teesecurity/tee_security_service.go:214.56,231.31 5 0
nexus-backend/internal/services/teesecurity/tee_security_service.go:231.31,245.3 4 0
nexus-backend/internal/services/teesecurity/tee_security_service.go:245.8,248.32 2 0
nexus-backend/internal/services/teesecurity/tee_security_service.go:248.32,250.4 1 0
nexus-backend/internal/services/teesecurity/tee_security_service.go:254.2,267.12 5 0
nexus-backend/internal/services/teesecurity/tee_security_service.go:271.77,281.28 4 0
nexus-backend/internal/services/teesecurity/tee_security_service.go:281.28,283.3 1 0
nexus-backend/internal/services/teesecurity/tee_security_service.go:285.2,301.12 6 0
nexus-backend/internal/services/teesecurity/tee_security_service.go:305.69,309.43 3 0
nexus-backend/internal/services/teesecurity/tee_security_service.go:309.43,310.28 1 0
nexus-backend/internal/services/teesecurity/tee_security_service.go:310.28,331.4 7 0
nexus-backend/internal/services/teesecurity/tee_security_service.go:334.2,334.53 1 0
nexus-backend/internal/services/teesecurity/tee_security_service.go:338.53,339.42 1 0
nexus-backend/internal/services/teesecurity/tee_security_service.go:339.42,344.3 4 0
nexus-backend/internal/services/teesecurity/tee_security_service.go:347.51,349.40 1 0
nexus-backend/internal/services/teesecurity/tee_security_service.go:349.40,350.62 1 0
nexus-backend/internal/services/teesecurity/tee_security_service.go:350.62,352.53 2 0
nexus-backend/internal/services/teesecurity/tee_security_service.go:352.53,358.41 6 0
nexus-backend/internal/services/teesecurity/tee_security_service.go:358.41,360.6 1 0
nexus-backend/internal/services/teesecurity/tee_security_service.go:363.3,363.13 1 0
nexus-backend/internal/services/teesecurity/tee_security_service.go:367.52,369.51 2 0
nexus-backend/internal/services/teesecurity/tee_security_service.go:369.51,370.43 1 0
nexus-backend/internal/services/teesecurity/tee_security_service.go:370.43,373.4 2 0
nexus-backend/internal/services/teesecurity/tee_security_service.go:377.49,381.6 3 0
nexus-backend/internal/services/teesecurity/tee_security_service.go:381.6,382.10 1 0
nexus-backend/internal/services/teesecurity/tee_security_service.go:383.19,384.46 1 0
nexus-backend/internal/services/teesecurity/tee_security_service.go:384.46,386.5 1 0
nexus-backend/internal/services/teesecurity/tee_security_service.go:389.4,392.56 2 0
nexus-backend/internal/services/teesecurity/tee_security_service.go:392.56,394.5 1 0
nexus-backend/internal/services/teesecurity/tee_security_service.go:399.50,403.6 3 0
nexus-backend/internal/services/teesecurity/tee_security_service.go:403.6,404.10 1 0
nexus-backend/internal/services/teesecurity/tee_security_service.go:405.19,406.20 1 0
nexus-backend/internal/services/teesecurity/tee_security_service.go:406.20,408.5 1 0
nexus-backend/internal/services/teesecurity/tee_security_service.go:410.4,410.28 1 0
nexus-backend/internal/services/teesecurity/tee_security_service.go:415.60,419.6 3 0
nexus-backend/internal/services/teesecurity/tee_security_service.go:419.6,420.10 1 0
nexus-backend/internal/services/teesecurity/tee_security_service.go:421.19,422.20 1 0
nexus-backend/internal/services/teesecurity/tee_security_service.go:422.20,424.5 1 0
nexus-backend/internal/services/teesecurity/tee_security_service.go:426.4,426.34 1 0
nexus-backend/internal/services/teesecurity/tee_security_service.go:431.59,440.2 6 0
nexus-backend/internal/services/validation/api_server.go:21.82,26.2 1 0
nexus-backend/internal/services/validation/api_server.go:29.54,52.31 11 0
nexus-backend/internal/services/validation/api_server.go:52.31,54.3 1 0
nexus-backend/internal/services/validation/api_server.go:56.2,65.12 3 0
nexus-backend/internal/services/validation/api_server.go:65.12,66.82 1 0
nexus-backend/internal/services/validation/api_server.go:66.82,68.4 1 0
nexus-backend/internal/services/validation/api_server.go:71.2,72.12 2 0
nexus-backend/internal/services/validation/api_server.go:76.53,77.21 1 0
nexus-backend/internal/services/validation/api_server.go:77.21,79.3 1 0
nexus-backend/internal/services/validation/api_server.go:80.2,80.31 1 0
nexus-backend/internal/services/validation/api_server.go:84.68,85.71 1 0
nexus-backend/internal/services/validation/api_server.go:85.71,90.28 4 0
nexus-backend/internal/services/validation/api_server.go:90.28,93.4 2 0
nexus-backend/internal/services/validation/api_server.go:95.3,95.23 1 0
nexus-backend/internal/services/validation/api_server.go:100.74,111.2 4 0
nexus-backend/internal/services/validation/api_server.go:114.83,115.18 1 0
nexus-backend/internal/services/validation/api_server.go:116.13,140.5 4 0
nexus-backend/internal/services/validation/api_server.go:142.14,145.70 2 0
nexus-backend/internal/services/validation/api_server.go:145.70,148.4 2 0
nexus-backend/internal/services/validation/api_server.go:151.3,161.34 4 0
nexus-backend/internal/services/validation/api_server.go:163.10,164.67 1 0
nexus-backend/internal/services/validation/api_server.go:169.89,171.18 2 0
nexus-backend/internal/services/validation/api_server.go:171.18,174.3 2 0
nexus-backend/internal/services/validation/api_server.go:176.2,176.18 1 0
nexus-backend/internal/services/validation/api_server.go:177.13,194.34 4 0
nexus-backend/internal/services/validation/api_server.go:196.10,197.67 1 0
nexus-backend/internal/services/validation/api_server.go:202.85,203.18 1 0
nexus-backend/internal/services/validation/api_server.go:204.13,222.5 4 0
nexus-backend/internal/services/validation/api_server.go:224.10,225.67 1 0
nexus-backend/internal/services/validation/api_server.go:230.91,232.20 2 0
nexus-backend/internal/services/validation/api_server.go:232.20,235.3 2 0
nexus-backend/internal/services/validation/api_server.go:238.2,253.35 4 0
nexus-backend/internal/services/validation/api_server.go:257.80,269.2 4 0
nexus-backend/internal/services/validation/api_server.go:272.81,283.2 4 0
nexus-backend/internal/services/validation/handlers.go:15.84,17.20 2 0
nexus-backend/internal/services/validation/handlers.go:17.20,20.3 2 0
nexus-backend/internal/services/validation/handlers.go:22.2,23.61 2 0
nexus-backend/internal/services/validation/handlers.go:23.61,26.3 2 0
nexus-backend/internal/services/validation/handlers.go:28.2,28.20 1 0
nexus-backend/internal/services/validation/handlers.go:28.20,31.3 2 0
nexus-backend/internal/services/validation/handlers.go:33.2,34.16 2 0
nexus-backend/internal/services/validation/handlers.go:34.16,37.3 2 0
nexus-backend/internal/services/validation/handlers.go:39.2,39.40 1 0
nexus-backend/internal/services/validation/handlers.go:43.83,45.20 2 0
nexus-backend/internal/services/validation/handlers.go:45.20,48.3 2 0
nexus-backend/internal/services/validation/handlers.go:51.2,57.69 2 0
nexus-backend/internal/services/validation/handlers.go:57.69,59.28 1 0
nexus-backend/internal/services/validation/handlers.go:59.28,61.4 1 0
nexus-backend/internal/services/validation/handlers.go:61.9,61.37 1 0
nexus-backend/internal/services/validation/handlers.go:61.37,63.4 1 0
nexus-backend/internal/services/validation/handlers.go:63.9,63.34 1 0
nexus-backend/internal/services/validation/handlers.go:63.34,65.4 1 0
nexus-backend/internal/services/validation/handlers.go:68.2,69.16 2 0
nexus-backend/internal/services/validation/handlers.go:69.16,72.3 2 0
nexus-backend/internal/services/validation/handlers.go:74.2,74.36 1 0
nexus-backend/internal/services/validation/handlers.go:78.81,80.20 2 0
nexus-backend/internal/services/validation/handlers.go:80.20,83.3 2 0
nexus-backend/internal/services/validation/handlers.go:85.2,89.16 4 0
nexus-backend/internal/services/validation/handlers.go:89.16,92.3 2 0
nexus-backend/internal/services/validation/handlers.go:94.2,94.35 1 0
nexus-backend/internal/services/validation/handlers.go:98.85,100.20 2 0
nexus-backend/internal/services/validation/handlers.go:100.20,103.3 2 0
nexus-backend/internal/services/validation/handlers.go:105.2,110.16 4 0
nexus-backend/internal/services/validation/handlers.go:110.16,113.3 2 0
nexus-backend/internal/services/validation/handlers.go:116.2,117.16 2 0
nexus-backend/internal/services/validation/handlers.go:117.16,120.3 2 0
nexus-backend/internal/services/validation/handlers.go:123.2,130.45 2 0
nexus-backend/internal/services/validation/handlers.go:136.88,138.20 2 0
nexus-backend/internal/services/validation/handlers.go:138.20,141.3 2 0
nexus-backend/internal/services/validation/handlers.go:143.2,149.82 4 0
nexus-backend/internal/services/validation/handlers.go:155.93,167.2 2 0
nexus-backend/internal/services/validation/handlers.go:170.94,172.20 2 0
nexus-backend/internal/services/validation/handlers.go:172.20,175.3 2 0
nexus-backend/internal/services/validation/handlers.go:178.2,185.38 2 0
nexus-backend/internal/services/validation/handlers.go:191.86,193.20 2 0
nexus-backend/internal/services/validation/handlers.go:193.20,196.3 2 0
nexus-backend/internal/services/validation/handlers.go:199.2,206.42 2 0
nexus-backend/internal/services/validation/handlers.go:212.73,216.2 3 0
nexus-backend/internal/services/validation/handlers.go:219.72,223.2 3 0
nexus-backend/internal/services/validation/routes.go:12.100,41.95 16 0
nexus-backend/internal/services/validation/routes.go:41.95,43.3 1 0
nexus-backend/internal/services/validation/task_queue.go:10.59,14.2 3 0
nexus-backend/internal/services/validation/task_queue.go:17.48,21.2 3 0
nexus-backend/internal/services/validation/task_queue.go:24.76,29.2 4 0
nexus-backend/internal/services/validation/task_queue.go:32.65,37.32 4 0
nexus-backend/internal/services/validation/task_queue.go:37.32,38.31 1 0
nexus-backend/internal/services/validation/task_queue.go:38.31,40.4 1 0
nexus-backend/internal/services/validation/task_queue.go:44.2,44.47 1 0
nexus-backend/internal/services/validation/task_queue.go:44.47,46.3 1 0
nexus-backend/internal/services/validation/task_queue.go:48.2,48.21 1 0
nexus-backend/internal/services/validation/task_queue.go:52.61,57.32 4 0
nexus-backend/internal/services/validation/task_queue.go:57.32,59.3 1 0
nexus-backend/internal/services/validation/task_queue.go:60.2,60.14 1 0
nexus-backend/internal/services/validation/task_queue.go:64.79,69.32 4 0
nexus-backend/internal/services/validation/task_queue.go:69.32,70.28 1 0
nexus-backend/internal/services/validation/task_queue.go:70.28,72.4 1 0
nexus-backend/internal/services/validation/task_queue.go:74.2,74.22 1 0
nexus-backend/internal/services/validation/task_queue.go:78.79,83.32 4 0
nexus-backend/internal/services/validation/task_queue.go:83.32,84.28 1 0
nexus-backend/internal/services/validation/task_queue.go:84.28,86.4 1 0
nexus-backend/internal/services/validation/task_queue.go:88.2,88.22 1 0
nexus-backend/internal/services/validation/task_queue.go:92.83,97.32 4 0
nexus-backend/internal/services/validation/task_queue.go:97.32,98.35 1 0
nexus-backend/internal/services/validation/task_queue.go:98.35,100.4 1 0
nexus-backend/internal/services/validation/task_queue.go:104.2,104.48 1 0
nexus-backend/internal/services/validation/task_queue.go:104.48,106.3 1 0
nexus-backend/internal/services/validation/task_queue.go:108.2,108.22 1 0
nexus-backend/internal/services/validation/task_queue.go:112.67,116.46 3 0
nexus-backend/internal/services/validation/task_queue.go:116.46,119.3 2 0
nexus-backend/internal/services/validation/task_queue.go:120.2,120.14 1 0
nexus-backend/internal/services/validation/task_queue.go:124.53,137.32 4 0
nexus-backend/internal/services/validation/task_queue.go:137.32,140.3 2 0
nexus-backend/internal/services/validation/task_queue.go:142.2,142.14 1 0
nexus-backend/internal/services/validation/task_queue.go:146.63,151.32 4 0
nexus-backend/internal/services/validation/task_queue.go:151.32,153.3 1 0
nexus-backend/internal/services/validation/task_queue.go:155.2,155.21 1 0
nexus-backend/internal/services/validation/task_queue.go:159.60,164.32 4 0
nexus-backend/internal/services/validation/task_queue.go:164.32,166.3 1 0
nexus-backend/internal/services/validation/task_queue.go:168.2,168.21 1 0
nexus-backend/internal/services/validation/task_queue.go:172.59,174.27 2 0
nexus-backend/internal/services/validation/task_queue.go:174.27,176.3 1 0
nexus-backend/internal/services/validation/task_queue.go:177.2,177.12 1 0
nexus-backend/internal/services/validation/task_queue.go:181.41,185.2 3 0
nexus-backend/internal/services/validation/task_queue.go:188.48,193.32 4 0
nexus-backend/internal/services/validation/task_queue.go:193.32,194.31 1 0
nexus-backend/internal/services/validation/task_queue.go:194.31,196.4 1 0
nexus-backend/internal/services/validation/task_queue.go:198.2,198.14 1 0
nexus-backend/internal/services/validation/task_queue.go:202.48,207.32 4 0
nexus-backend/internal/services/validation/task_queue.go:207.32,208.31 1 0
nexus-backend/internal/services/validation/task_queue.go:208.31,210.4 1 0
nexus-backend/internal/services/validation/task_queue.go:212.2,212.14 1 0
nexus-backend/internal/services/validation/task_queue.go:216.30,220.2 3 0
nexus-backend/internal/services/validation/task_queue.go:223.50,228.2 4 0
nexus-backend/internal/services/validation/task_queue.go:231.84,236.32 4 0
nexus-backend/internal/services/validation/task_queue.go:236.32,237.38 1 0
nexus-backend/internal/services/validation/task_queue.go:237.38,239.4 1 0
nexus-backend/internal/services/validation/task_queue.go:241.2,241.22 1 0
nexus-backend/internal/services/validation/task_queue.go:245.85,250.32 4 0
nexus-backend/internal/services/validation/task_queue.go:250.32,251.36 1 0
nexus-backend/internal/services/validation/task_queue.go:251.36,253.4 1 0
nexus-backend/internal/services/validation/task_queue.go:255.2,255.22 1 0
nexus-backend/internal/services/validation/validation_core.go:52.115,77.2 5 0
nexus-backend/internal/services/validation/validation_core.go:80.60,91.46 5 0
nexus-backend/internal/services/validation/validation_core.go:91.46,93.3 1 0
nexus-backend/internal/services/validation/validation_core.go:95.2,96.12 2 0
nexus-backend/internal/services/validation/validation_core.go:100.59,112.2 5 0
nexus-backend/internal/services/validation/validation_core.go:115.92,116.18 1 0
nexus-backend/internal/services/validation/validation_core.go:117.40,118.41 1 0
nexus-backend/internal/services/validation/validation_core.go:119.37,120.38 1 0
nexus-backend/internal/services/validation/validation_core.go:121.10,122.62 1 0
nexus-backend/internal/services/validation/validation_core.go:127.104,148.43 4 0
nexus-backend/internal/services/validation/validation_core.go:148.43,150.3 1 0
nexus-backend/internal/services/validation/validation_core.go:153.2,156.71 2 0
nexus-backend/internal/services/validation/validation_core.go:156.71,158.3 1 0
nexus-backend/internal/services/validation/validation_core.go:160.2,161.18 2 0
nexus-backend/internal/services/validation/validation_core.go:165.100,171.46 4 0
nexus-backend/internal/services/validation/validation_core.go:171.46,172.71 1 0
nexus-backend/internal/services/validation/validation_core.go:172.71,174.63 2 0
nexus-backend/internal/services/validation/validation_core.go:174.63,177.5 2 0
nexus-backend/internal/services/validation/validation_core.go:180.4,180.47 1 0
nexus-backend/internal/services/validation/validation_core.go:180.47,182.5 1 0
nexus-backend/internal/services/validation/validation_core.go:184.4,185.15 2 0
nexus-backend/internal/services/validation/validation_core.go:189.2,189.19 1 0
nexus-backend/internal/services/validation/validation_core.go:193.92,200.46 5 0
nexus-backend/internal/services/validation/validation_core.go:200.46,202.17 2 0
nexus-backend/internal/services/validation/validation_core.go:202.17,204.4 1 0
nexus-backend/internal/services/validation/validation_core.go:206.3,206.62 1 0
nexus-backend/internal/services/validation/validation_core.go:206.62,208.4 1 0
nexus-backend/internal/services/validation/validation_core.go:210.3,211.13 2 0
nexus-backend/internal/services/validation/validation_core.go:214.2,214.16 1 0
nexus-backend/internal/services/validation/validation_core.go:214.16,216.3 1 0
nexus-backend/internal/services/validation/validation_core.go:218.2,218.12 1 0
nexus-backend/internal/services/validation/validation_core.go:218.12,220.3 1 0
nexus-backend/internal/services/validation/validation_core.go:222.2,222.19 1 0
nexus-backend/internal/services/validation/validation_core.go:226.108,231.36 3 0
nexus-backend/internal/services/validation/validation_core.go:231.36,233.3 1 0
nexus-backend/internal/services/validation/validation_core.go:236.2,236.64 1 0
nexus-backend/internal/services/validation/validation_core.go:236.64,238.3 1 0
nexus-backend/internal/services/validation/validation_core.go:241.2,245.43 4 0
nexus-backend/internal/services/validation/validation_core.go:245.43,247.3 1 0
nexus-backend/internal/services/validation/validation_core.go:250.2,260.12 4 0
nexus-backend/internal/services/validation/validation_core.go:260.12,261.16 1 0
nexus-backend/internal/services/validation/validation_core.go:261.16,264.4 2 0
nexus-backend/internal/services/validation/validation_core.go:266.3,267.17 2 0
nexus-backend/internal/services/validation/validation_core.go:267.17,271.4 3 0
nexus-backend/internal/services/validation/validation_core.go:274.3,274.58 1 0
nexus-backend/internal/services/validation/validation_core.go:274.58,276.4 1 0
nexus-backend/internal/services/validation/validation_core.go:278.3,281.73 2 0
nexus-backend/internal/services/validation/validation_core.go:281.73,283.4 1 0
nexus-backend/internal/services/validation/validation_core.go:286.2,286.17 1 0
nexus-backend/internal/services/validation/validation_core.go:290.129,301.19 3 0
nexus-backend/internal/services/validation/validation_core.go:302.19,303.49 1 0
nexus-backend/internal/services/validation/validation_core.go:304.18,305.47 1 0
nexus-backend/internal/services/validation/validation_core.go:306.16,307.46 1 0
nexus-backend/internal/services/validation/validation_core.go:308.10,312.21 4 0
nexus-backend/internal/services/validation/validation_core.go:317.162,327.42 5 0
nexus-backend/internal/services/validation/validation_core.go:327.42,331.3 3 0
nexus-backend/internal/services/validation/validation_core.go:334.2,335.42 2 0
nexus-backend/internal/services/validation/validation_core.go:335.42,337.3 1 0
nexus-backend/internal/services/validation/validation_core.go:339.2,354.20 8 0
nexus-backend/internal/services/validation/validation_core.go:358.160,376.2 8 0
nexus-backend/internal/services/validation/validation_core.go:379.159,395.2 8 0
nexus-backend/internal/services/validation/validation_core.go:398.126,404.13 4 0
nexus-backend/internal/services/validation/validation_core.go:404.13,406.3 1 0
nexus-backend/internal/services/validation/validation_core.go:408.2,409.13 2 0
nexus-backend/internal/services/validation/validation_core.go:409.13,411.3 1 0
nexus-backend/internal/services/validation/validation_core.go:413.2,419.3 1 0
nexus-backend/internal/services/validation/validation_core.go:446.65,447.49 1 0
nexus-backend/internal/services/validation/validation_core.go:447.49,449.3 1 0
nexus-backend/internal/services/validation/validation_core.go:450.2,450.43 1 0
nexus-backend/internal/services/validation/validation_core.go:450.43,452.3 1 0
nexus-backend/internal/services/validation/validation_core.go:453.2,453.53 1 0
nexus-backend/internal/services/validation/validation_core.go:453.53,455.3 1 0
nexus-backend/internal/services/validation/validation_core.go:456.2,456.64 1 0
nexus-backend/internal/services/validation/validation_core.go:456.64,458.3 1 0
nexus-backend/internal/services/validation/validation_core.go:459.2,459.71 1 0
nexus-backend/internal/services/validation/validation_core.go:459.71,461.3 1 0
nexus-backend/internal/services/validation/validation_core.go:462.2,462.72 1 0
nexus-backend/internal/services/validation/validation_core.go:462.72,464.3 1 0
nexus-backend/internal/services/validation/validation_core.go:465.2,465.13 1 0
nexus-backend/internal/services/validation/validation_core.go:471.72,472.48 1 0
nexus-backend/internal/services/validation/validation_core.go:472.48,474.17 2 0
nexus-backend/internal/services/validation/validation_core.go:474.17,476.4 1 0
nexus-backend/internal/services/validation/validation_core.go:477.3,478.13 2 0
nexus-backend/internal/services/validation/validation_core.go:483.88,484.48 1 0
nexus-backend/internal/services/validation/validation_core.go:484.48,486.17 2 0
nexus-backend/internal/services/validation/validation_core.go:486.17,488.4 1 0
nexus-backend/internal/services/validation/validation_core.go:489.3,490.13 2 0
nexus-backend/internal/services/validation/validation_core.go:495.52,496.46 1 0
nexus-backend/internal/services/validation/validation_core.go:496.46,497.71 1 0
nexus-backend/internal/services/validation/validation_core.go:497.71,499.63 2 0
nexus-backend/internal/services/validation/validation_core.go:499.63,502.5 2 0
nexus-backend/internal/services/validation/validation_core.go:505.4,505.61 1 0
nexus-backend/internal/services/validation/validation_core.go:505.61,507.5 1 0
nexus-backend/internal/services/validation/validation_core.go:508.4,508.15 1 0
nexus-backend/internal/services/validation/validation_core.go:514.81,516.9 2 0
nexus-backend/internal/services/validation/validation_core.go:516.9,518.3 1 0
nexus-backend/internal/services/validation/validation_core.go:520.2,521.16 2 0
nexus-backend/internal/services/validation/validation_core.go:521.16,523.3 1 0
nexus-backend/internal/services/validation/validation_core.go:525.2,526.56 2 0
nexus-backend/internal/services/validation/validation_core.go:526.56,528.3 1 0
nexus-backend/internal/services/validation/validation_core.go:531.2,533.12 3 0
nexus-backend/internal/services/validation/validation_core.go:537.78,539.9 2 0
nexus-backend/internal/services/validation/validation_core.go:539.9,541.3 1 0
nexus-backend/internal/services/validation/validation_core.go:543.2,544.9 2 0
nexus-backend/internal/services/validation/validation_core.go:544.9,546.3 1 0
nexus-backend/internal/services/validation/validation_core.go:549.2,550.12 2 0
nexus-backend/internal/services/validation/validation_core.go:554.107,559.43 4 0
nexus-backend/internal/services/validation/validation_core.go:559.43,561.3 1 0
nexus-backend/internal/services/validation/validation_core.go:563.2,564.72 2 0
nexus-backend/internal/services/validation/validation_core.go:568.88,572.43 3 0
nexus-backend/internal/services/validation/validation_core.go:572.43,574.3 1 0
nexus-backend/internal/services/validation/validation_core.go:576.2,577.53 2 0
nexus-backend/internal/services/validation/validation_core.go:581.46,585.6 3 0
nexus-backend/internal/services/validation/validation_core.go:585.6,586.10 1 0
nexus-backend/internal/services/validation/validation_core.go:587.24,588.10 1 0
nexus-backend/internal/services/validation/validation_core.go:589.19,590.28 1 0
nexus-backend/internal/services/validation/validation_core.go:596.49,599.29 2 0
nexus-backend/internal/services/validation/validation_core.go:599.29,601.65 1 0
nexus-backend/internal/services/validation/validation_core.go:601.65,602.9 1 0
nexus-backend/internal/services/validation/validation_core.go:606.3,606.55 1 0
nexus-backend/internal/services/validation/validation_core.go:606.55,608.4 1 0
nexus-backend/internal/services/validation/validation_core.go:613.47,617.6 3 0
nexus-backend/internal/services/validation/validation_core.go:617.6,618.10 1 0
nexus-backend/internal/services/validation/validation_core.go:619.24,620.10 1 0
nexus-backend/internal/services/validation/validation_core.go:621.19,622.31 1 0
nexus-backend/internal/services/validation/validation_core.go:628.52,631.39 2 0
nexus-backend/internal/services/validation/validation_core.go:631.39,632.69 1 0
nexus-backend/internal/services/validation/validation_core.go:632.69,636.4 3 0
nexus-backend/internal/services/validation/validation_core.go:641.51,645.6 3 0
nexus-backend/internal/services/validation/validation_core.go:645.6,646.10 1 0
nexus-backend/internal/services/validation/validation_core.go:647.24,648.10 1 0
nexus-backend/internal/services/validation/validation_core.go:649.19,650.23 1 0
nexus-backend/internal/services/validation/validation_core.go:656.44,659.41 2 0
nexus-backend/internal/services/validation/validation_core.go:659.41,662.64 2 0
nexus-backend/internal/services/validation/validation_core.go:662.64,664.63 2 0
nexus-backend/internal/services/validation/validation_core.go:664.63,666.5 1 0
nexus-backend/internal/services/validation/validation_core.go:668.4,668.61 1 0
nexus-backend/internal/services/validation/validation_core.go:668.61,669.38 1 0
nexus-backend/internal/services/validation/validation_core.go:669.38,671.6 1 0
nexus-backend/internal/services/validation/validation_core.go:673.4,673.15 1 0
nexus-backend/internal/services/validation/validation_core.go:676.3,676.36 1 0
nexus-backend/internal/services/validation/validation_core.go:676.36,678.4 1 0
nexus-backend/internal/services/validation/validation_core.go:680.3,680.13 1 0
nexus-backend/internal/services/validation/validation_core.go:685.120,688.2 1 0
nexus-backend/internal/services/validation/validation_core.go:691.81,693.37 2 0
nexus-backend/internal/services/validation/validation_core.go:693.37,694.32 1 0
nexus-backend/internal/services/validation/validation_core.go:694.32,696.4 1 0
nexus-backend/internal/services/validation/validation_core.go:698.2,698.14 1 0
nexus-backend/internal/services/validation/validation_executor.go:6.91,10.2 3 0
nexus-backend/internal/services/validation/validation_executor.go:13.62,17.2 3 0
nexus-backend/internal/services/validation/validation_executor.go:20.88,25.2 4 0
nexus-backend/internal/services/validation/validation_executor.go:28.61,33.2 4 0
nexus-backend/internal/services/validation/validation_executor.go:36.53,40.2 3 0
nexus-backend/internal/services/validation/validation_executor.go:43.77,48.39 4 0
nexus-backend/internal/services/validation/validation_executor.go:48.39,50.3 1 0
nexus-backend/internal/services/validation/validation_executor.go:51.2,51.19 1 0
nexus-backend/internal/services/validation/validation_executor.go:55.60,60.33 4 0
nexus-backend/internal/services/validation/validation_executor.go:60.33,62.3 1 0
nexus-backend/internal/services/validation/validation_executor.go:63.2,63.16 1 0
nexus-backend/internal/services/validation/validation_executor.go:67.53,71.2 3 0
nexus-backend/internal/services/validation/validation_executor.go:74.55,78.19 4 0
nexus-backend/internal/services/validation/validation_executor.go:78.19,80.3 1 0
nexus-backend/internal/services/validation/validation_executor.go:81.2,81.18 1 0
nexus-backend/internal/services/validation/validation_executor.go:85.67,89.53 3 0
nexus-backend/internal/services/validation/validation_executor.go:89.53,93.3 3 0
nexus-backend/internal/services/validation/validation_executor.go:94.2,94.14 1 0
nexus-backend/internal/services/validation/validation_executor.go:98.43,102.44 3 0
nexus-backend/internal/services/validation/validation_executor.go:102.44,105.3 2 0
nexus-backend/internal/services/validation/validation_executor.go:109.57,113.2 3 0
nexus-backend/internal/services/validation/validation_executor.go:116.54,120.2 3 0
nexus-backend/internal/services/validation/validation_executor.go:123.73,133.2 3 0
nexus-backend/internal/services/validation/validation_executor.go:136.87,141.39 4 0
nexus-backend/internal/services/validation/validation_executor.go:141.39,144.3 2 0
nexus-backend/internal/services/validation/validation_executor.go:145.2,145.15 1 0
nexus-backend/internal/services/validation/validation_executor.go:149.88,154.39 4 0
nexus-backend/internal/services/validation/validation_executor.go:154.39,157.3 2 0
nexus-backend/internal/services/validation/validation_executor.go:158.2,158.19 1 0
nexus-backend/internal/services/validation/validation_executor.go:162.81,167.39 4 0
nexus-backend/internal/services/validation/validation_executor.go:167.39,168.70 1 0
nexus-backend/internal/services/validation/validation_executor.go:168.70,170.4 1 0
nexus-backend/internal/services/validation/validation_executor.go:172.2,172.16 1 0
nexus-backend/internal/services/validation/validation_executor.go:176.93,183.39 5 0
nexus-backend/internal/services/validation/validation_executor.go:183.39,184.42 1 0
nexus-backend/internal/services/validation/validation_executor.go:184.42,186.4 1 0
nexus-backend/internal/services/validation/validation_executor.go:188.2,188.22 1 0
nexus-backend/internal/services/validation/validation_executor.go:192.54,194.2 1 0
nexus-backend/internal/services/validation/validation_executor.go:197.73,202.40 3 0
nexus-backend/internal/services/validation/validation_executor.go:202.40,204.3 1 0
nexus-backend/internal/services/validation/validation_executor.go:207.2,207.39 1 0
nexus-backend/internal/services/validation/validation_executor.go:207.39,208.41 1 0
nexus-backend/internal/services/validation/validation_executor.go:208.41,210.4 1 0
nexus-backend/internal/services/validation/validation_executor.go:213.2,213.14 1 0
nexus-backend/internal/services/validation/validation_executor.go:217.94,224.44 5 0
nexus-backend/internal/services/validation/validation_executor.go:224.44,225.44 1 0
nexus-backend/internal/services/validation/validation_executor.go:225.44,226.105 1 0
nexus-backend/internal/services/validation/validation_executor.go:226.105,229.5 2 0
nexus-backend/internal/services/validation/validation_executor.go:233.2,233.36 1 0
nexus-backend/internal/services/validation/validation_executor.go:233.36,237.3 3 0
nexus-backend/internal/services/validation/validation_executor.go:239.2,239.12 1 0
nexus-backend/internal/services/validation/validation_executor.go:243.72,250.44 5 0
nexus-backend/internal/services/validation/validation_executor.go:250.44,253.3 2 0
nexus-backend/internal/services/validation/validation_executor.go:255.2,255.18 1 0
nexus-backend/internal/services/validation/validation_executor.go:259.51,263.2 3 0
nexus-backend/internal/models/agent.go:193.32,195.2 1 5
nexus-backend/internal/models/agent.go:197.34,199.2 1 4
nexus-backend/internal/models/agent.go:201.34,203.2 1 5
nexus-backend/internal/models/agent.go:205.33,207.2 1 5
nexus-backend/internal/models/agent.go:209.32,211.2 1 5
nexus-backend/internal/models/agent.go:213.47,215.2 1 4
nexus-backend/internal/models/agent.go:217.80,218.19 1 5
nexus-backend/internal/models/agent.go:218.19,220.3 1 1
nexus-backend/internal/models/agent.go:222.2,224.56 1 4
nexus-backend/internal/models/tee_security.go:135.40,137.2 1 4
nexus-backend/internal/models/tee_security.go:139.42,141.2 1 8
nexus-backend/internal/models/tee_security.go:143.42,145.2 1 4
nexus-backend/internal/models/tee_security.go:147.42,149.2 1 4
nexus-backend/internal/models/tee_security.go:151.48,155.2 1 4
nexus-backend/internal/models/tee_security.go:157.57,158.43 1 3
nexus-backend/internal/models/tee_security.go:158.43,159.26 1 4
nexus-backend/internal/models/tee_security.go:159.26,161.4 1 1
nexus-backend/internal/models/tee_security.go:163.2,163.14 1 2
nexus-backend/internal/models/tee_security.go:166.55,170.2 1 4
nexus-backend/internal/models/tee_security.go:172.40,174.2 1 7
nexus-backend/internal/models/tee_security.go:176.40,178.2 1 4
nexus-backend/internal/models/user.go:63.59,64.14 1 5
nexus-backend/internal/models/user.go:65.17,77.4 1 1
nexus-backend/internal/models/user.go:78.20,90.4 1 1
nexus-backend/internal/models/user.go:91.21,103.4 1 1
nexus-backend/internal/models/user.go:104.18,116.4 1 1
nexus-backend/internal/models/user.go:117.10,118.27 1 1
nexus-backend/internal/web/middleware/auth.go:49.95,50.21 1 0
nexus-backend/internal/web/middleware/auth.go:50.21,52.3 1 0
nexus-backend/internal/web/middleware/auth.go:54.2,57.8 1 0
nexus-backend/internal/web/middleware/auth.go:61.112,77.2 3 0
nexus-backend/internal/web/middleware/auth.go:80.82,81.108 1 0
nexus-backend/internal/web/middleware/auth.go:81.108,82.58 1 0
nexus-backend/internal/web/middleware/auth.go:82.58,84.4 1 0
nexus-backend/internal/web/middleware/auth.go:85.3,85.27 1 0
nexus-backend/internal/web/middleware/auth.go:88.2,88.16 1 0
nexus-backend/internal/web/middleware/auth.go:88.16,90.3 1 0
nexus-backend/internal/web/middleware/auth.go:92.2,92.65 1 0
nexus-backend/internal/web/middleware/auth.go:92.65,94.37 1 0
nexus-backend/internal/web/middleware/auth.go:94.37,96.4 1 0
nexus-backend/internal/web/middleware/auth.go:97.3,97.21 1 0
nexus-backend/internal/web/middleware/auth.go:100.2,100.41 1 0
nexus-backend/internal/web/middleware/auth.go:104.65,111.53 3 0
nexus-backend/internal/web/middleware/auth.go:111.53,123.3 5 0
nexus-backend/internal/web/middleware/auth.go:127.67,132.50 4 0
nexus-backend/internal/web/middleware/auth.go:132.50,136.3 3 0
nexus-backend/internal/web/middleware/auth.go:138.2,138.18 1 0
nexus-backend/internal/web/middleware/auth.go:142.71,143.71 1 0
nexus-backend/internal/web/middleware/auth.go:143.71,146.23 2 0
nexus-backend/internal/web/middleware/auth.go:146.23,149.4 2 0
nexus-backend/internal/web/middleware/auth.go:152.3,153.46 2 0
nexus-backend/internal/web/middleware/auth.go:153.46,156.4 2 0
nexus-backend/internal/web/middleware/auth.go:158.3,162.17 3 0
nexus-backend/internal/web/middleware/auth.go:162.17,165.4 2 0
nexus-backend/internal/web/middleware/auth.go:168.3,177.40 3 0
nexus-backend/internal/web/middleware/auth.go:182.84,183.46 1 0
nexus-backend/internal/web/middleware/auth.go:183.46,184.72 1 0
nexus-backend/internal/web/middleware/auth.go:184.72,186.22 2 0
nexus-backend/internal/web/middleware/auth.go:186.22,189.5 2 0
nexus-backend/internal/web/middleware/auth.go:191.4,191.55 1 0
nexus-backend/internal/web/middleware/auth.go:191.55,194.5 2 0
nexus-backend/internal/web/middleware/auth.go:196.4,196.24 1 0
nexus-backend/internal/web/middleware/auth.go:202.72,203.71 1 0
nexus-backend/internal/web/middleware/auth.go:203.71,206.23 2 0
nexus-backend/internal/web/middleware/auth.go:206.23,209.47 2 0
nexus-backend/internal/web/middleware/auth.go:209.47,213.65 2 0
nexus-backend/internal/web/middleware/auth.go:213.65,225.6 3 0
nexus-backend/internal/web/middleware/auth.go:229.3,229.23 1 0
nexus-backend/internal/web/middleware/auth.go:234.51,235.66 1 0
nexus-backend/internal/web/middleware/auth.go:235.66,236.44 1 0
nexus-backend/internal/web/middleware/auth.go:236.44,238.4 1 0
nexus-backend/internal/web/middleware/auth.go:240.2,240.12 1 0
nexus-backend/internal/web/middleware/middleware.go:17.56,18.71 1 0
nexus-backend/internal/web/middleware/middleware.go:18.71,38.3 5 0
nexus-backend/internal/web/middleware/middleware.go:42.58,43.71 1 0
nexus-backend/internal/web/middleware/middleware.go:43.71,53.3 4 0
nexus-backend/internal/web/middleware/middleware.go:57.57,58.71 1 0
nexus-backend/internal/web/middleware/middleware.go:58.71,59.16 1 0
nexus-backend/internal/web/middleware/middleware.go:59.16,60.36 1 0
nexus-backend/internal/web/middleware/middleware.go:60.36,64.5 2 0
nexus-backend/internal/web/middleware/middleware.go:67.3,67.23 1 0
nexus-backend/internal/web/middleware/middleware.go:72.81,77.46 2 0
nexus-backend/internal/web/middleware/middleware.go:77.46,78.72 1 0
nexus-backend/internal/web/middleware/middleware.go:78.72,83.53 3 0
nexus-backend/internal/web/middleware/middleware.go:83.53,85.38 2 0
nexus-backend/internal/web/middleware/middleware.go:85.38,86.40 1 0
nexus-backend/internal/web/middleware/middleware.go:86.40,88.7 1 0
nexus-backend/internal/web/middleware/middleware.go:90.5,90.38 1 0
nexus-backend/internal/web/middleware/middleware.go:94.4,94.51 1 0
nexus-backend/internal/web/middleware/middleware.go:94.51,97.5 2 0
nexus-backend/internal/web/middleware/middleware.go:100.4,102.24 2 0
nexus-backend/internal/web/middleware/middleware.go:108.53,109.71 1 0
nexus-backend/internal/web/middleware/middleware.go:109.71,120.48 3 0
nexus-backend/internal/web/middleware/middleware.go:120.48,121.31 1 0
nexus-backend/internal/web/middleware/middleware.go:121.31,123.10 2 0
nexus-backend/internal/web/middleware/middleware.go:128.3,128.58 1 0
nexus-backend/internal/web/middleware/middleware.go:128.58,130.4 1 0
nexus-backend/internal/web/middleware/middleware.go:132.3,137.28 5 0
nexus-backend/internal/web/middleware/middleware.go:137.28,140.4 2 0
nexus-backend/internal/web/middleware/middleware.go:142.3,142.23 1 0
nexus-backend/internal/web/middleware/middleware.go:147.79,148.46 1 0
nexus-backend/internal/web/middleware/middleware.go:148.46,149.72 1 0
nexus-backend/internal/web/middleware/middleware.go:149.72,155.4 4 0
nexus-backend/internal/web/middleware/middleware.go:160.64,161.71 1 0
nexus-backend/internal/web/middleware/middleware.go:161.71,169.3 6 0
nexus-backend/internal/web/middleware/middleware.go:173.61,174.71 1 0
nexus-backend/internal/web/middleware/middleware.go:174.71,175.69 1 0
nexus-backend/internal/web/middleware/middleware.go:175.69,177.41 2 0
nexus-backend/internal/web/middleware/middleware.go:177.41,180.5 2 0
nexus-backend/internal/web/middleware/middleware.go:183.3,183.23 1 0
nexus-backend/internal/web/middleware/middleware.go:195.49,198.2 2 0
nexus-backend/internal/web/middleware/middleware.go:201.42,203.55 1 0
nexus-backend/internal/web/middleware/middleware.go:203.55,205.3 1 0
nexus-backend/internal/web/middleware/middleware.go:208.2,208.49 1 0
nexus-backend/internal/web/middleware/middleware.go:208.49,210.3 1 0
nexus-backend/internal/web/middleware/middleware.go:213.2,213.21 1 0
nexus-backend/internal/web/middleware/middleware.go:217.43,218.68 1 0
nexus-backend/internal/web/middleware/middleware.go:218.68,219.39 1 0
nexus-backend/internal/web/middleware/middleware.go:219.39,221.4 1 0
nexus-backend/internal/web/middleware/middleware.go:223.2,223.11 1 0
nexus-backend/internal/web/middleware/middleware.go:227.72,231.2 3 0
nexus-backend/internal/web/agent_management_handlers.go:20.122,22.2 1 0
nexus-backend/internal/web/agent_management_handlers.go:33.85,37.57 2 0
nexus-backend/internal/web/agent_management_handlers.go:37.57,39.3 1 0
nexus-backend/internal/web/agent_management_handlers.go:40.2,40.61 1 0
nexus-backend/internal/web/agent_management_handlers.go:40.61,42.3 1 0
nexus-backend/internal/web/agent_management_handlers.go:43.2,43.57 1 0
nexus-backend/internal/web/agent_management_handlers.go:43.57,45.3 1 0
nexus-backend/internal/web/agent_management_handlers.go:46.2,46.57 1 0
nexus-backend/internal/web/agent_management_handlers.go:46.57,48.3 1 0
nexus-backend/internal/web/agent_management_handlers.go:49.2,49.60 1 0
nexus-backend/internal/web/agent_management_handlers.go:49.60,50.55 1 0
nexus-backend/internal/web/agent_management_handlers.go:50.55,52.4 1 0
nexus-backend/internal/web/agent_management_handlers.go:54.2,54.63 1 0
nexus-backend/internal/web/agent_management_handlers.go:54.63,55.57 1 0
nexus-backend/internal/web/agent_management_handlers.go:55.57,57.4 1 0
nexus-backend/internal/web/agent_management_handlers.go:60.2,61.16 2 0
nexus-backend/internal/web/agent_management_handlers.go:61.16,71.3 5 0
nexus-backend/internal/web/agent_management_handlers.go:73.2,80.37 3 0
nexus-backend/internal/web/agent_management_handlers.go:84.84,88.19 3 0
nexus-backend/internal/web/agent_management_handlers.go:88.19,98.3 5 0
nexus-backend/internal/web/agent_management_handlers.go:100.2,101.16 2 0
nexus-backend/internal/web/agent_management_handlers.go:101.16,111.3 5 0
nexus-backend/internal/web/agent_management_handlers.go:113.2,120.37 3 0
nexus-backend/internal/web/agent_management_handlers.go:124.85,126.63 2 0
nexus-backend/internal/web/agent_management_handlers.go:126.63,136.3 5 0
nexus-backend/internal/web/agent_management_handlers.go:138.2,138.69 1 0
nexus-backend/internal/web/agent_management_handlers.go:138.69,148.3 5 0
nexus-backend/internal/web/agent_management_handlers.go:150.2,159.37 4 0
nexus-backend/internal/web/agent_management_handlers.go:163.84,167.19 3 0
nexus-backend/internal/web/agent_management_handlers.go:167.19,177.3 5 0
nexus-backend/internal/web/agent_management_handlers.go:179.2,180.65 2 0
nexus-backend/internal/web/agent_management_handlers.go:180.65,190.3 5 0
nexus-backend/internal/web/agent_management_handlers.go:192.2,192.80 1 0
nexus-backend/internal/web/agent_management_handlers.go:192.80,202.3 5 0
nexus-backend/internal/web/agent_management_handlers.go:204.2,211.37 3 0
nexus-backend/internal/web/agent_management_handlers.go:215.87,219.19 3 0
nexus-backend/internal/web/agent_management_handlers.go:219.19,229.3 5 0
nexus-backend/internal/web/agent_management_handlers.go:231.2,231.70 1 0
nexus-backend/internal/web/agent_management_handlers.go:231.70,241.3 5 0
nexus-backend/internal/web/agent_management_handlers.go:243.2,250.37 3 0
nexus-backend/internal/web/agent_management_handlers.go:254.91,258.19 3 0
nexus-backend/internal/web/agent_management_handlers.go:258.19,268.3 5 0
nexus-backend/internal/web/agent_management_handlers.go:270.2,271.64 2 0
nexus-backend/internal/web/agent_management_handlers.go:271.64,281.3 5 0
nexus-backend/internal/web/agent_management_handlers.go:283.2,283.86 1 0
nexus-backend/internal/web/agent_management_handlers.go:283.86,293.3 5 0
nexus-backend/internal/web/agent_management_handlers.go:295.2,302.37 3 0
nexus-backend/internal/web/agent_management_handlers.go:306.91,317.2 4 0
nexus-backend/internal/web/agent_management_handlers.go:320.91,324.19 3 0
nexus-backend/internal/web/agent_management_handlers.go:324.19,334.3 5 0
nexus-backend/internal/web/agent_management_handlers.go:336.2,337.60 2 0
nexus-backend/internal/web/agent_management_handlers.go:337.60,338.51 1 0
nexus-backend/internal/web/agent_management_handlers.go:338.51,340.4 1 0
nexus-backend/internal/web/agent_management_handlers.go:343.2,344.16 2 0
nexus-backend/internal/web/agent_management_handlers.go:344.16,354.3 5 0
nexus-backend/internal/web/agent_management_handlers.go:356.2,363.37 3 0
nexus-backend/internal/web/agent_management_handlers.go:367.88,371.19 3 0
nexus-backend/internal/web/agent_management_handlers.go:371.19,381.3 5 0
nexus-backend/internal/web/agent_management_handlers.go:383.2,384.60 2 0
nexus-backend/internal/web/agent_management_handlers.go:384.60,385.51 1 0
nexus-backend/internal/web/agent_management_handlers.go:385.51,387.4 1 0
nexus-backend/internal/web/agent_management_handlers.go:390.2,391.16 2 0
nexus-backend/internal/web/agent_management_handlers.go:391.16,401.3 5 0
nexus-backend/internal/web/agent_management_handlers.go:403.2,410.37 3 0
nexus-backend/internal/web/agent_management_handlers.go:414.90,419.60 4 0
nexus-backend/internal/web/agent_management_handlers.go:419.60,420.51 1 0
nexus-backend/internal/web/agent_management_handlers.go:420.51,422.4 1 0
nexus-backend/internal/web/agent_management_handlers.go:425.2,426.16 2 0
nexus-backend/internal/web/agent_management_handlers.go:426.16,436.3 5 0
nexus-backend/internal/web/agent_management_handlers.go:438.2,445.37 3 0
nexus-backend/internal/web/agent_management_handlers.go:449.93,451.16 2 0
nexus-backend/internal/web/agent_management_handlers.go:451.16,461.3 5 0
nexus-backend/internal/web/agent_management_handlers.go:463.2,470.37 3 0
nexus-backend/internal/web/agent_management_handlers.go:474.93,476.66 2 0
nexus-backend/internal/web/agent_management_handlers.go:476.66,486.3 5 0
nexus-backend/internal/web/agent_management_handlers.go:488.2,488.80 1 0
nexus-backend/internal/web/agent_management_handlers.go:488.80,498.3 5 0
nexus-backend/internal/web/agent_management_handlers.go:500.2,509.37 4 0
nexus-backend/internal/web/agent_management_handlers.go:513.108,547.90 14 0
nexus-backend/internal/web/agent_management_handlers.go:547.90,549.3 1 0
nexus-backend/internal/web/auth_handlers.go:17.97,19.2 1 0
nexus-backend/internal/web/auth_handlers.go:52.70,54.61 2 0
nexus-backend/internal/web/auth_handlers.go:54.61,57.3 2 0
nexus-backend/internal/web/auth_handlers.go:61.2,61.46 1 0
nexus-backend/internal/web/auth_handlers.go:61.46,64.3 2 0
nexus-backend/internal/web/auth_handlers.go:67.2,68.29 2 0
nexus-backend/internal/web/auth_handlers.go:68.29,70.3 1 0
nexus-backend/internal/web/auth_handlers.go:73.2,75.16 3 0
nexus-backend/internal/web/auth_handlers.go:75.16,78.3 2 0
nexus-backend/internal/web/auth_handlers.go:80.2,87.37 3 0
nexus-backend/internal/web/auth_handlers.go:90.72,92.61 2 0
nexus-backend/internal/web/auth_handlers.go:92.61,95.3 2 0
nexus-backend/internal/web/auth_handlers.go:98.2,99.16 2 0
nexus-backend/internal/web/auth_handlers.go:99.16,102.3 2 0
nexus-backend/internal/web/auth_handlers.go:105.2,107.16 3 0
nexus-backend/internal/web/auth_handlers.go:107.16,110.3 2 0
nexus-backend/internal/web/auth_handlers.go:112.2,118.37 3 0
nexus-backend/internal/web/auth_handlers.go:121.71,123.61 2 0
nexus-backend/internal/web/auth_handlers.go:123.61,126.3 2 0
nexus-backend/internal/web/auth_handlers.go:129.2,129.54 1 0
nexus-backend/internal/web/auth_handlers.go:129.54,132.3 2 0
nexus-backend/internal/web/auth_handlers.go:134.2,135.73 2 0
nexus-backend/internal/web/auth_handlers.go:138.67,141.20 2 0
nexus-backend/internal/web/auth_handlers.go:141.20,144.3 2 0
nexus-backend/internal/web/auth_handlers.go:147.2,148.16 2 0
nexus-backend/internal/web/auth_handlers.go:148.16,151.3 2 0
nexus-backend/internal/web/auth_handlers.go:153.2,161.37 3 0
nexus-backend/internal/web/controller_integration_handlers.go:19.152,21.2 1 0
nexus-backend/internal/web/controller_integration_handlers.go:32.100,39.65 2 0
nexus-backend/internal/web/controller_integration_handlers.go:39.65,49.3 5 0
nexus-backend/internal/web/controller_integration_handlers.go:51.2,51.26 1 0
nexus-backend/internal/web/controller_integration_handlers.go:51.26,61.3 5 0
nexus-backend/internal/web/controller_integration_handlers.go:63.2,64.16 2 0
nexus-backend/internal/web/controller_integration_handlers.go:64.16,74.3 5 0
nexus-backend/internal/web/controller_integration_handlers.go:76.2,84.37 3 0
nexus-backend/internal/web/controller_integration_handlers.go:88.96,94.65 2 0
nexus-backend/internal/web/controller_integration_handlers.go:94.65,104.3 5 0
nexus-backend/internal/web/controller_integration_handlers.go:106.2,106.58 1 0
nexus-backend/internal/web/controller_integration_handlers.go:106.58,116.3 5 0
nexus-backend/internal/web/controller_integration_handlers.go:118.2,119.16 2 0
nexus-backend/internal/web/controller_integration_handlers.go:119.16,129.3 5 0
nexus-backend/internal/web/controller_integration_handlers.go:131.2,139.37 3 0
nexus-backend/internal/web/controller_integration_handlers.go:143.100,147.28 3 0
nexus-backend/internal/web/controller_integration_handlers.go:147.28,157.3 5 0
nexus-backend/internal/web/controller_integration_handlers.go:159.2,163.65 2 0
nexus-backend/internal/web/controller_integration_handlers.go:163.65,173.3 5 0
nexus-backend/internal/web/controller_integration_handlers.go:175.2,176.16 2 0
nexus-backend/internal/web/controller_integration_handlers.go:176.16,186.3 5 0
nexus-backend/internal/web/controller_integration_handlers.go:188.2,191.20 3 0
nexus-backend/internal/web/controller_integration_handlers.go:191.20,194.3 2 0
nexus-backend/internal/web/controller_integration_handlers.go:194.8,196.3 1 0
nexus-backend/internal/web/controller_integration_handlers.go:198.2,206.37 3 0
nexus-backend/internal/web/controller_integration_handlers.go:210.92,214.21 3 0
nexus-backend/internal/web/controller_integration_handlers.go:214.21,224.3 5 0
nexus-backend/internal/web/controller_integration_handlers.go:226.2,227.16 2 0
nexus-backend/internal/web/controller_integration_handlers.go:227.16,237.3 5 0
nexus-backend/internal/web/controller_integration_handlers.go:239.2,246.37 3 0
nexus-backend/internal/web/controller_integration_handlers.go:250.97,254.18 3 0
nexus-backend/internal/web/controller_integration_handlers.go:254.18,264.3 5 0
nexus-backend/internal/web/controller_integration_handlers.go:266.2,267.16 2 0
nexus-backend/internal/web/controller_integration_handlers.go:267.16,277.3 5 0
nexus-backend/internal/web/controller_integration_handlers.go:279.2,286.37 3 0
nexus-backend/internal/web/controller_integration_handlers.go:290.97,294.21 3 0
nexus-backend/internal/web/controller_integration_handlers.go:294.21,304.3 5 0
nexus-backend/internal/web/controller_integration_handlers.go:306.2,307.65 2 0
nexus-backend/internal/web/controller_integration_handlers.go:307.65,317.3 5 0
nexus-backend/internal/web/controller_integration_handlers.go:320.2,325.88 5 0
nexus-backend/internal/web/controller_integration_handlers.go:325.88,335.3 5 0
nexus-backend/internal/web/controller_integration_handlers.go:337.2,345.37 3 0
nexus-backend/internal/web/controller_integration_handlers.go:349.95,353.21 3 0
nexus-backend/internal/web/controller_integration_handlers.go:353.21,363.3 5 0
nexus-backend/internal/web/controller_integration_handlers.go:365.2,373.18 4 0
nexus-backend/internal/web/controller_integration_handlers.go:373.18,375.3 1 0
nexus-backend/internal/web/controller_integration_handlers.go:377.2,377.91 1 0
nexus-backend/internal/web/controller_integration_handlers.go:377.91,387.3 5 0
nexus-backend/internal/web/controller_integration_handlers.go:389.2,396.37 3 0
nexus-backend/internal/web/controller_integration_handlers.go:400.114,408.27 3 0
nexus-backend/internal/web/controller_integration_handlers.go:408.27,425.3 8 0
nexus-backend/internal/web/controller_integration_handlers.go:425.8,433.3 6 0
nexus-backend/internal/web/controller_integration_handlers.go:436.2,436.95 1 0
nexus-backend/internal/web/controller_integration_handlers.go:436.95,438.3 1 0
nexus-backend/internal/web/dve_handlers.go:20.69,22.2 1 0
nexus-backend/internal/web/dve_handlers.go:25.35,27.2 1 0
nexus-backend/internal/web/dve_handlers.go:39.75,49.20 3 0
nexus-backend/internal/web/dve_handlers.go:49.20,50.68 1 0
nexus-backend/internal/web/dve_handlers.go:50.68,52.4 1 0
nexus-backend/internal/web/dve_handlers.go:55.2,56.16 2 0
nexus-backend/internal/web/dve_handlers.go:56.16,58.49 1 0
nexus-backend/internal/web/dve_handlers.go:58.49,68.4 4 0
nexus-backend/internal/web/dve_handlers.go:71.3,79.9 5 0
nexus-backend/internal/web/dve_handlers.go:82.2,90.37 3 0
nexus-backend/internal/web/dve_handlers.go:94.76,96.61 2 0
nexus-backend/internal/web/dve_handlers.go:96.61,106.3 5 0
nexus-backend/internal/web/dve_handlers.go:109.2,109.20 1 0
nexus-backend/internal/web/dve_handlers.go:109.20,119.3 5 0
nexus-backend/internal/web/dve_handlers.go:121.2,121.23 1 0
nexus-backend/internal/web/dve_handlers.go:121.23,131.3 5 0
nexus-backend/internal/web/dve_handlers.go:133.2,134.16 2 0
nexus-backend/internal/web/dve_handlers.go:134.16,144.3 5 0
nexus-backend/internal/web/dve_handlers.go:146.2,155.37 4 0
nexus-backend/internal/web/dve_handlers.go:159.74,163.18 3 0
nexus-backend/internal/web/dve_handlers.go:163.18,173.3 5 0
nexus-backend/internal/web/dve_handlers.go:175.2,176.16 2 0
nexus-backend/internal/web/dve_handlers.go:176.16,186.3 5 0
nexus-backend/internal/web/dve_handlers.go:188.2,188.17 1 0
nexus-backend/internal/web/dve_handlers.go:188.17,198.3 5 0
nexus-backend/internal/web/dve_handlers.go:200.2,207.37 3 0
nexus-backend/internal/web/dve_handlers.go:211.77,215.18 3 0
nexus-backend/internal/web/dve_handlers.go:215.18,225.3 5 0
nexus-backend/internal/web/dve_handlers.go:227.2,228.67 2 0
nexus-backend/internal/web/dve_handlers.go:228.67,238.3 5 0
nexus-backend/internal/web/dve_handlers.go:240.2,241.16 2 0
nexus-backend/internal/web/dve_handlers.go:241.16,251.3 5 0
nexus-backend/internal/web/dve_handlers.go:253.2,261.37 3 0
nexus-backend/internal/web/dve_handlers.go:265.77,269.18 3 0
nexus-backend/internal/web/dve_handlers.go:269.18,279.3 5 0
nexus-backend/internal/web/dve_handlers.go:281.2,282.16 2 0
nexus-backend/internal/web/dve_handlers.go:282.16,292.3 5 0
nexus-backend/internal/web/dve_handlers.go:294.2,301.37 3 0
nexus-backend/internal/web/dve_handlers.go:305.96,314.27 4 0
nexus-backend/internal/web/dve_handlers.go:314.27,320.3 5 0
nexus-backend/internal/web/dve_handlers.go:320.8,325.3 3 0
nexus-backend/internal/web/dve_handlers.go:328.2,328.88 1 0
nexus-backend/internal/web/dve_handlers.go:328.88,330.3 1 0
nexus-backend/internal/web/dve_rental_handlers.go:21.92,23.2 1 0
nexus-backend/internal/web/dve_rental_handlers.go:35.84,37.16 2 0
nexus-backend/internal/web/dve_rental_handlers.go:37.16,47.3 5 0
nexus-backend/internal/web/dve_rental_handlers.go:49.2,57.37 3 0
nexus-backend/internal/web/dve_rental_handlers.go:61.82,63.61 2 0
nexus-backend/internal/web/dve_rental_handlers.go:63.61,73.3 5 0
nexus-backend/internal/web/dve_rental_handlers.go:77.2,77.22 1 0
nexus-backend/internal/web/dve_rental_handlers.go:77.22,79.3 1 0
nexus-backend/internal/web/dve_rental_handlers.go:81.2,82.16 2 0
nexus-backend/internal/web/dve_rental_handlers.go:82.16,92.3 5 0
nexus-backend/internal/web/dve_rental_handlers.go:94.2,94.29 1 0
nexus-backend/internal/web/dve_rental_handlers.go:94.29,104.3 5 0
nexus-backend/internal/web/dve_rental_handlers.go:106.2,115.37 4 0
nexus-backend/internal/web/dve_rental_handlers.go:119.84,122.18 2 0
nexus-backend/internal/web/dve_rental_handlers.go:122.18,124.3 1 0
nexus-backend/internal/web/dve_rental_handlers.go:126.2,127.16 2 0
nexus-backend/internal/web/dve_rental_handlers.go:127.16,137.3 5 0
nexus-backend/internal/web/dve_rental_handlers.go:139.2,147.37 3 0
nexus-backend/internal/web/dve_rental_handlers.go:151.84,153.16 2 0
nexus-backend/internal/web/dve_rental_handlers.go:153.16,163.3 5 0
nexus-backend/internal/web/dve_rental_handlers.go:165.2,173.37 3 0
nexus-backend/internal/web/dve_rental_handlers.go:177.82,186.61 4 0
nexus-backend/internal/web/dve_rental_handlers.go:186.61,196.3 5 0
nexus-backend/internal/web/dve_rental_handlers.go:198.2,199.16 2 0
nexus-backend/internal/web/dve_rental_handlers.go:199.16,209.3 5 0
nexus-backend/internal/web/dve_rental_handlers.go:211.2,218.37 3 0
nexus-backend/internal/web/dve_rental_handlers.go:222.82,228.18 4 0
nexus-backend/internal/web/dve_rental_handlers.go:228.18,230.3 1 0
nexus-backend/internal/web/dve_rental_handlers.go:232.2,233.16 2 0
nexus-backend/internal/web/dve_rental_handlers.go:233.16,243.3 5 0
nexus-backend/internal/web/dve_rental_handlers.go:245.2,252.37 3 0
nexus-backend/internal/web/dve_rental_handlers.go:256.102,265.27 4 0
nexus-backend/internal/web/dve_rental_handlers.go:265.27,272.3 6 0
nexus-backend/internal/web/dve_rental_handlers.go:272.8,278.3 4 0
nexus-backend/internal/web/inference_handlers.go:18.92,20.2 1 0
nexus-backend/internal/web/inference_handlers.go:82.88,84.66 1 0
nexus-backend/internal/web/inference_handlers.go:84.66,86.3 1 0
nexus-backend/internal/web/inference_handlers.go:86.8,93.29 3 0
nexus-backend/internal/web/inference_handlers.go:93.29,95.4 1 0
nexus-backend/internal/web/inference_handlers.go:98.3,101.32 4 0
nexus-backend/internal/web/inference_handlers.go:104.2,111.37 3 0
nexus-backend/internal/web/inference_handlers.go:115.89,117.64 2 0
nexus-backend/internal/web/inference_handlers.go:117.64,127.3 5 0
nexus-backend/internal/web/inference_handlers.go:129.2,129.25 1 0
nexus-backend/internal/web/inference_handlers.go:129.25,139.3 5 0
nexus-backend/internal/web/inference_handlers.go:141.2,144.23 3 0
nexus-backend/internal/web/inference_handlers.go:145.24,148.60 3 0
nexus-backend/internal/web/inference_handlers.go:150.23,152.47 2 0
nexus-backend/internal/web/inference_handlers.go:154.22,155.74 1 0
nexus-backend/internal/web/inference_handlers.go:155.74,158.4 2 0
nexus-backend/internal/web/inference_handlers.go:158.9,168.4 5 0
nexus-backend/internal/web/inference_handlers.go:170.23,173.49 3 0
nexus-backend/internal/web/inference_handlers.go:175.36,176.32 1 0
nexus-backend/internal/web/inference_handlers.go:176.32,178.18 2 0
nexus-backend/internal/web/inference_handlers.go:178.18,180.5 1 0
nexus-backend/internal/web/inference_handlers.go:180.10,182.5 1 0
nexus-backend/internal/web/inference_handlers.go:183.9,185.4 1 0
nexus-backend/internal/web/inference_handlers.go:187.10,196.9 5 0
nexus-backend/internal/web/inference_handlers.go:199.2,206.16 2 0
nexus-backend/internal/web/inference_handlers.go:206.16,208.3 1 0
nexus-backend/internal/web/inference_handlers.go:210.2,211.37 2 0
nexus-backend/internal/web/inference_handlers.go:215.102,226.27 4 0
nexus-backend/internal/web/inference_handlers.go:226.27,230.3 3 0
nexus-backend/internal/web/inference_handlers.go:230.8,233.3 1 0
nexus-backend/internal/web/inference_handlers.go:236.2,236.94 1 0
nexus-backend/internal/web/inference_handlers.go:236.94,238.3 1 0
nexus-backend/internal/web/inference_handlers.go:242.28,244.2 1 0
nexus-backend/internal/web/inference_handlers.go:246.29,248.2 1 0
nexus-backend/internal/web/inference_handlers.go:250.32,251.11 1 0
nexus-backend/internal/web/inference_handlers.go:251.11,253.3 1 0
nexus-backend/internal/web/inference_handlers.go:254.2,254.10 1 0
nexus-backend/internal/web/inference_handlers.go:257.32,258.11 1 0
nexus-backend/internal/web/inference_handlers.go:258.11,260.3 1 0
nexus-backend/internal/web/inference_handlers.go:261.2,261.10 1 0
nexus-backend/internal/web/system_health_handlers.go:20.107,22.2 1 0
nexus-backend/internal/web/system_health_handlers.go:33.88,47.2 5 0
nexus-backend/internal/web/system_health_handlers.go:50.88,53.69 2 0
nexus-backend/internal/web/system_health_handlers.go:53.69,54.70 1 0
nexus-backend/internal/web/system_health_handlers.go:54.70,56.4 1 0
nexus-backend/internal/web/system_health_handlers.go:59.2,70.37 5 0
nexus-backend/internal/web/system_health_handlers.go:74.95,76.64 2 0
nexus-backend/internal/web/system_health_handlers.go:76.64,86.3 5 0
nexus-backend/internal/web/system_health_handlers.go:88.2,92.23 4 0
nexus-backend/internal/web/system_health_handlers.go:93.25,95.51 2 0
nexus-backend/internal/web/system_health_handlers.go:97.19,98.65 1 0
nexus-backend/internal/web/system_health_handlers.go:98.65,99.68 1 0
nexus-backend/internal/web/system_health_handlers.go:99.68,100.65 1 0
nexus-backend/internal/web/system_health_handlers.go:100.65,105.6 4 0
nexus-backend/internal/web/system_health_handlers.go:105.11,115.6 5 0
nexus-backend/internal/web/system_health_handlers.go:116.10,126.5 5 0
nexus-backend/internal/web/system_health_handlers.go:127.9,137.4 5 0
nexus-backend/internal/web/system_health_handlers.go:139.23,140.64 1 0
nexus-backend/internal/web/system_health_handlers.go:140.64,143.4 2 0
nexus-backend/internal/web/system_health_handlers.go:143.9,153.4 5 0
nexus-backend/internal/web/system_health_handlers.go:155.10,164.9 5 0
nexus-backend/internal/web/system_health_handlers.go:167.2,167.16 1 0
nexus-backend/internal/web/system_health_handlers.go:167.16,177.3 5 0
nexus-backend/internal/web/system_health_handlers.go:179.2,187.37 3 0
nexus-backend/internal/web/system_health_handlers.go:191.101,195.19 3 0
nexus-backend/internal/web/system_health_handlers.go:195.19,205.3 5 0
nexus-backend/internal/web/system_health_handlers.go:207.2,208.16 2 0
nexus-backend/internal/web/system_health_handlers.go:208.16,218.3 5 0
nexus-backend/internal/web/system_health_handlers.go:220.2,227.37 3 0
nexus-backend/internal/web/system_health_handlers.go:231.95,242.2 4 0
nexus-backend/internal/web/system_health_handlers.go:245.98,256.2 4 0
nexus-backend/internal/web/system_health_handlers.go:259.105,270.27 6 0
nexus-backend/internal/web/system_health_handlers.go:270.27,275.3 4 0
nexus-backend/internal/web/system_health_handlers.go:275.8,279.3 2 0
nexus-backend/internal/web/system_health_handlers.go:282.2,282.91 1 0
nexus-backend/internal/web/system_health_handlers.go:282.91,284.3 1 0
nexus-backend/internal/web/tee_security_handlers.go:19.102,21.2 1 0
nexus-backend/internal/web/tee_security_handlers.go:32.92,43.2 4 0
nexus-backend/internal/web/tee_security_handlers.go:46.93,48.64 2 0
nexus-backend/internal/web/tee_security_handlers.go:48.64,58.3 5 0
nexus-backend/internal/web/tee_security_handlers.go:60.2,63.23 3 0
nexus-backend/internal/web/tee_security_handlers.go:64.27,66.46 2 0
nexus-backend/internal/web/tee_security_handlers.go:68.29,70.48 2 0
nexus-backend/internal/web/tee_security_handlers.go:72.28,73.61 1 0
nexus-backend/internal/web/tee_security_handlers.go:73.61,76.4 2 0
nexus-backend/internal/web/tee_security_handlers.go:76.9,86.4 5 0
nexus-backend/internal/web/tee_security_handlers.go:88.24,89.66 1 0
nexus-backend/internal/web/tee_security_handlers.go:89.66,92.4 2 0
nexus-backend/internal/web/tee_security_handlers.go:92.9,102.4 5 0
nexus-backend/internal/web/tee_security_handlers.go:104.10,113.9 5 0
nexus-backend/internal/web/tee_security_handlers.go:116.2,116.16 1 0
nexus-backend/internal/web/tee_security_handlers.go:116.16,126.3 5 0
nexus-backend/internal/web/tee_security_handlers.go:129.2,139.37 4 0
nexus-backend/internal/web/tee_security_handlers.go:143.93,164.2 5 0
nexus-backend/internal/web/tee_security_handlers.go:167.93,178.2 4 0
nexus-backend/internal/web/tee_security_handlers.go:181.98,192.2 4 0
nexus-backend/internal/web/tee_security_handlers.go:195.97,206.2 4 0
nexus-backend/internal/web/tee_security_handlers.go:209.100,213.20 3 0
nexus-backend/internal/web/tee_security_handlers.go:213.20,223.3 5 0
nexus-backend/internal/web/tee_security_handlers.go:225.2,226.16 2 0
nexus-backend/internal/web/tee_security_handlers.go:226.16,236.3 5 0
nexus-backend/internal/web/tee_security_handlers.go:238.2,245.37 3 0
nexus-backend/internal/web/tee_security_handlers.go:249.104,261.27 7 0
nexus-backend/internal/web/tee_security_handlers.go:261.27,266.3 4 0
nexus-backend/internal/web/tee_security_handlers.go:266.8,270.3 2 0
nexus-backend/internal/web/tee_security_handlers.go:273.2,273.88 1 0
nexus-backend/internal/web/tee_security_handlers.go:273.88,275.3 1 0
nexus-backend/internal/web/validation_handlers.go:20.91,22.2 1 0
nexus-backend/internal/web/validation_handlers.go:34.89,44.23 3 0
nexus-backend/internal/web/validation_handlers.go:44.23,45.61 1 0
nexus-backend/internal/web/validation_handlers.go:45.61,47.4 1 0
nexus-backend/internal/web/validation_handlers.go:51.2,52.20 2 0
nexus-backend/internal/web/validation_handlers.go:52.20,53.68 1 0
nexus-backend/internal/web/validation_handlers.go:53.68,55.4 1 0
nexus-backend/internal/web/validation_handlers.go:58.2,59.16 2 0
nexus-backend/internal/web/validation_handlers.go:59.16,61.49 1 0
nexus-backend/internal/web/validation_handlers.go:61.49,71.4 4 0
nexus-backend/internal/web/validation_handlers.go:74.3,82.9 5 0
nexus-backend/internal/web/validation_handlers.go:85.2,93.37 3 0
nexus-backend/internal/web/validation_handlers.go:97.90,99.61 2 0
nexus-backend/internal/web/validation_handlers.go:99.61,109.3 5 0
nexus-backend/internal/web/validation_handlers.go:112.2,112.20 1 0
nexus-backend/internal/web/validation_handlers.go:112.20,122.3 5 0
nexus-backend/internal/web/validation_handlers.go:124.2,125.16 2 0
nexus-backend/internal/web/validation_handlers.go:125.16,135.3 5 0
nexus-backend/internal/web/validation_handlers.go:137.2,146.37 4 0
nexus-backend/internal/web/validation_handlers.go:150.88,154.18 3 0
nexus-backend/internal/web/validation_handlers.go:154.18,164.3 5 0
nexus-backend/internal/web/validation_handlers.go:166.2,167.16 2 0
nexus-backend/internal/web/validation_handlers.go:167.16,177.3 5 0
nexus-backend/internal/web/validation_handlers.go:179.2,179.17 1 0
nexus-backend/internal/web/validation_handlers.go:179.17,189.3 5 0
nexus-backend/internal/web/validation_handlers.go:191.2,198.37 3 0
nexus-backend/internal/web/validation_handlers.go:202.92,206.18 3 0
nexus-backend/internal/web/validation_handlers.go:206.18,216.3 5 0
nexus-backend/internal/web/validation_handlers.go:219.2,220.16 2 0
nexus-backend/internal/web/validation_handlers.go:220.16,230.3 5 0
nexus-backend/internal/web/validation_handlers.go:233.2,234.16 2 0
nexus-backend/internal/web/validation_handlers.go:234.16,244.3 5 0
nexus-backend/internal/web/validation_handlers.go:246.2,258.37 4 0
nexus-backend/internal/web/validation_handlers.go:262.103,271.27 4 0
nexus-backend/internal/web/validation_handlers.go:271.27,276.3 4 0
nexus-backend/internal/web/validation_handlers.go:276.8,280.3 2 0
nexus-backend/internal/web/validation_handlers.go:283.2,283.95 1 0
nexus-backend/internal/web/validation_handlers.go:283.95,285.3 1 0
nexus-backend/pkg/auth/auth_service.go:71.94,73.35 1 0
nexus-backend/pkg/auth/auth_service.go:73.35,75.3 1 0
nexus-backend/pkg/auth/auth_service.go:76.2,76.33 1 0
nexus-backend/pkg/auth/auth_service.go:76.33,78.3 1 0
nexus-backend/pkg/auth/auth_service.go:79.2,79.40 1 0
nexus-backend/pkg/auth/auth_service.go:79.40,81.3 1 0
nexus-backend/pkg/auth/auth_service.go:82.2,82.34 1 0
nexus-backend/pkg/auth/auth_service.go:82.34,84.3 1 0
nexus-backend/pkg/auth/auth_service.go:85.2,85.33 1 0
nexus-backend/pkg/auth/auth_service.go:85.33,87.3 1 0
nexus-backend/pkg/auth/auth_service.go:88.2,88.32 1 0
nexus-backend/pkg/auth/auth_service.go:88.32,90.3 1 0
nexus-backend/pkg/auth/auth_service.go:92.2,95.3 1 0
nexus-backend/pkg/auth/auth_service.go:99.127,101.54 1 0
nexus-backend/pkg/auth/auth_service.go:101.54,103.3 1 0
nexus-backend/pkg/auth/auth_service.go:106.2,106.88 1 0
nexus-backend/pkg/auth/auth_service.go:106.88,108.3 1 0
nexus-backend/pkg/auth/auth_service.go:111.2,112.16 2 0
nexus-backend/pkg/auth/auth_service.go:112.16,114.3 1 0
nexus-backend/pkg/auth/auth_service.go:117.2,131.74 2 0
nexus-backend/pkg/auth/auth_service.go:131.74,133.3 1 0
nexus-backend/pkg/auth/auth_service.go:135.2,137.18 2 0
nexus-backend/pkg/auth/auth_service.go:141.110,143.45 1 0
nexus-backend/pkg/auth/auth_service.go:143.45,145.3 1 0
nexus-backend/pkg/auth/auth_service.go:148.2,149.16 2 0
nexus-backend/pkg/auth/auth_service.go:149.16,152.3 2 0
nexus-backend/pkg/auth/auth_service.go:155.2,155.29 1 0
nexus-backend/pkg/auth/auth_service.go:155.29,158.3 2 0
nexus-backend/pkg/auth/auth_service.go:161.2,161.99 1 0
nexus-backend/pkg/auth/auth_service.go:161.99,164.3 2 0
nexus-backend/pkg/auth/auth_service.go:167.2,176.18 6 0
nexus-backend/pkg/auth/auth_service.go:180.90,183.16 2 0
nexus-backend/pkg/auth/auth_service.go:183.16,185.3 1 0
nexus-backend/pkg/auth/auth_service.go:188.2,188.106 1 0
nexus-backend/pkg/auth/auth_service.go:188.106,190.3 1 0
nexus-backend/pkg/auth/auth_service.go:193.2,193.57 1 0
nexus-backend/pkg/auth/auth_service.go:193.57,195.3 1 0
nexus-backend/pkg/auth/auth_service.go:198.2,199.16 2 0
nexus-backend/pkg/auth/auth_service.go:199.16,201.3 1 0
nexus-backend/pkg/auth/auth_service.go:204.2,207.74 3 0
nexus-backend/pkg/auth/auth_service.go:207.74,209.3 1 0
nexus-backend/pkg/auth/auth_service.go:211.2,213.12 2 0
nexus-backend/pkg/auth/auth_service.go:217.92,220.16 2 0
nexus-backend/pkg/auth/auth_service.go:220.16,222.3 1 0
nexus-backend/pkg/auth/auth_service.go:224.2,225.26 2 0
nexus-backend/pkg/auth/auth_service.go:225.26,226.23 1 0
nexus-backend/pkg/auth/auth_service.go:226.23,228.9 2 0
nexus-backend/pkg/auth/auth_service.go:232.2,232.17 1 0
nexus-backend/pkg/auth/auth_service.go:232.17,234.3 1 0
nexus-backend/pkg/auth/auth_service.go:237.2,238.16 2 0
nexus-backend/pkg/auth/auth_service.go:238.16,240.3 1 0
nexus-backend/pkg/auth/auth_service.go:242.2,254.24 3 0
nexus-backend/pkg/auth/auth_service.go:258.71,260.57 1 0
nexus-backend/pkg/auth/auth_service.go:260.57,262.3 1 0
nexus-backend/pkg/auth/auth_service.go:266.2,268.12 2 0
nexus-backend/pkg/auth/auth_service.go:274.64,275.49 1 0
nexus-backend/pkg/auth/auth_service.go:275.49,277.3 1 0
nexus-backend/pkg/auth/auth_service.go:279.2,279.100 1 0
nexus-backend/pkg/auth/auth_service.go:279.100,281.3 1 0
nexus-backend/pkg/auth/auth_service.go:283.2,283.100 1 0
nexus-backend/pkg/auth/auth_service.go:283.100,285.3 1 0
nexus-backend/pkg/auth/auth_service.go:287.2,287.84 1 0
nexus-backend/pkg/auth/auth_service.go:287.84,289.3 1 0
nexus-backend/pkg/auth/auth_service.go:291.2,291.102 1 0
nexus-backend/pkg/auth/auth_service.go:291.102,293.3 1 0
nexus-backend/pkg/auth/auth_service.go:295.2,295.12 1 0
nexus-backend/pkg/auth/auth_service.go:299.73,303.2 1 0
nexus-backend/pkg/auth/auth_service.go:306.85,317.2 3 0
nexus-backend/pkg/auth/auth_service.go:320.57,322.2 1 0
nexus-backend/pkg/auth/auth_service.go:325.72,327.44 2 0
nexus-backend/pkg/auth/auth_service.go:327.44,329.3 1 0
nexus-backend/pkg/auth/auth_service.go:331.2,332.50 2 0
nexus-backend/pkg/cloudflare/dns_manager.go:49.49,57.2 1 0
nexus-backend/pkg/cloudflare/dns_manager.go:60.50,64.16 3 0
nexus-backend/pkg/cloudflare/dns_manager.go:64.16,66.3 1 0
nexus-backend/pkg/cloudflare/dns_manager.go:68.2,69.51 2 0
nexus-backend/pkg/cloudflare/dns_manager.go:69.51,70.31 1 0
nexus-backend/pkg/cloudflare/dns_manager.go:70.31,71.57 1 0
nexus-backend/pkg/cloudflare/dns_manager.go:71.57,78.5 2 0
nexus-backend/pkg/cloudflare/dns_manager.go:82.2,82.19 1 0
nexus-backend/pkg/cloudflare/dns_manager.go:86.69,88.16 2 0
nexus-backend/pkg/cloudflare/dns_manager.go:88.16,90.3 1 0
nexus-backend/pkg/cloudflare/dns_manager.go:92.2,92.29 1 0
nexus-backend/pkg/cloudflare/dns_manager.go:92.29,93.28 1 0
nexus-backend/pkg/cloudflare/dns_manager.go:93.28,95.4 1 0
nexus-backend/pkg/cloudflare/dns_manager.go:98.2,98.55 1 0
nexus-backend/pkg/cloudflare/dns_manager.go:102.73,106.16 3 0
nexus-backend/pkg/cloudflare/dns_manager.go:106.16,108.3 1 0
nexus-backend/pkg/cloudflare/dns_manager.go:110.2,111.51 2 0
nexus-backend/pkg/cloudflare/dns_manager.go:111.51,112.31 1 0
nexus-backend/pkg/cloudflare/dns_manager.go:112.31,113.59 1 0
nexus-backend/pkg/cloudflare/dns_manager.go:113.59,124.78 2 0
nexus-backend/pkg/cloudflare/dns_manager.go:124.78,126.6 1 0
nexus-backend/pkg/cloudflare/dns_manager.go:128.5,128.38 1 0
nexus-backend/pkg/cloudflare/dns_manager.go:133.2,133.21 1 0
nexus-backend/pkg/cloudflare/dns_manager.go:137.95,139.16 2 0
nexus-backend/pkg/cloudflare/dns_manager.go:139.16,141.3 1 0
nexus-backend/pkg/cloudflare/dns_manager.go:143.2,143.33 1 0
nexus-backend/pkg/cloudflare/dns_manager.go:143.33,144.61 1 0
nexus-backend/pkg/cloudflare/dns_manager.go:144.61,146.4 1 0
nexus-backend/pkg/cloudflare/dns_manager.go:149.2,149.80 1 0
nexus-backend/pkg/cloudflare/dns_manager.go:153.92,157.16 3 0
nexus-backend/pkg/cloudflare/dns_manager.go:157.16,159.3 1 0
nexus-backend/pkg/cloudflare/dns_manager.go:161.2,161.64 1 0
nexus-backend/pkg/cloudflare/dns_manager.go:161.64,172.76 2 0
nexus-backend/pkg/cloudflare/dns_manager.go:172.76,174.4 1 0
nexus-backend/pkg/cloudflare/dns_manager.go:176.3,176.29 1 0
nexus-backend/pkg/cloudflare/dns_manager.go:179.2,179.67 1 0
nexus-backend/pkg/cloudflare/dns_manager.go:183.102,187.16 3 0
nexus-backend/pkg/cloudflare/dns_manager.go:187.16,189.3 1 0
nexus-backend/pkg/cloudflare/dns_manager.go:191.2,191.64 1 0
nexus-backend/pkg/cloudflare/dns_manager.go:191.64,202.76 2 0
nexus-backend/pkg/cloudflare/dns_manager.go:202.76,204.4 1 0
nexus-backend/pkg/cloudflare/dns_manager.go:206.3,206.29 1 0
nexus-backend/pkg/cloudflare/dns_manager.go:209.2,209.67 1 0
nexus-backend/pkg/cloudflare/dns_manager.go:213.70,218.2 3 0
nexus-backend/pkg/cloudflare/dns_manager.go:221.100,224.16 2 0
nexus-backend/pkg/cloudflare/dns_manager.go:224.16,227.3 1 0
nexus-backend/pkg/cloudflare/dns_manager.go:230.2,230.62 1 0
nexus-backend/pkg/cloudflare/dns_manager.go:234.74,237.16 2 0
nexus-backend/pkg/cloudflare/dns_manager.go:237.16,239.3 1 0
nexus-backend/pkg/cloudflare/dns_manager.go:242.2,243.16 2 0
nexus-backend/pkg/cloudflare/dns_manager.go:243.16,245.3 1 0
nexus-backend/pkg/cloudflare/dns_manager.go:248.2,257.16 3 0
nexus-backend/pkg/cloudflare/dns_manager.go:257.16,259.3 1 0
nexus-backend/pkg/cloudflare/dns_manager.go:261.2,261.12 1 0
nexus-backend/pkg/cloudflare/dns_manager.go:265.60,267.16 2 0
nexus-backend/pkg/cloudflare/dns_manager.go:267.16,269.3 1 0
nexus-backend/pkg/cloudflare/dns_manager.go:270.2,273.16 3 0
nexus-backend/pkg/cloudflare/dns_manager.go:273.16,275.3 1 0
nexus-backend/pkg/cloudflare/dns_manager.go:277.2,277.26 1 0
nexus-backend/pkg/cloudflare/dns_manager.go:281.102,284.17 2 0
nexus-backend/pkg/cloudflare/dns_manager.go:284.17,286.17 2 0
nexus-backend/pkg/cloudflare/dns_manager.go:286.17,288.4 1 0
nexus-backend/pkg/cloudflare/dns_manager.go:289.3,289.35 1 0
nexus-backend/pkg/cloudflare/dns_manager.go:292.2,293.16 2 0
nexus-backend/pkg/cloudflare/dns_manager.go:293.16,295.3 1 0
nexus-backend/pkg/cloudflare/dns_manager.go:297.2,301.16 4 0
nexus-backend/pkg/cloudflare/dns_manager.go:301.16,303.3 1 0
nexus-backend/pkg/cloudflare/dns_manager.go:304.2,307.16 3 0
nexus-backend/pkg/cloudflare/dns_manager.go:307.16,309.3 1 0
nexus-backend/pkg/cloudflare/dns_manager.go:311.2,312.62 2 0
nexus-backend/pkg/cloudflare/dns_manager.go:312.62,314.3 1 0
nexus-backend/pkg/cloudflare/dns_manager.go:316.2,316.21 1 0
nexus-backend/pkg/cloudflare/dns_manager.go:316.21,318.3 1 0
nexus-backend/pkg/cloudflare/dns_manager.go:320.2,320.21 1 0
nexus-backend/pkg/host/container_manager.go:93.94,102.43 2 0
nexus-backend/pkg/host/container_manager.go:102.43,104.3 1 0
nexus-backend/pkg/host/container_manager.go:106.2,106.16 1 0
nexus-backend/pkg/host/container_manager.go:110.43,114.16 3 0
nexus-backend/pkg/host/container_manager.go:114.16,116.3 1 0
nexus-backend/pkg/host/container_manager.go:118.2,121.44 2 0
nexus-backend/pkg/host/container_manager.go:121.44,123.3 1 0
nexus-backend/pkg/host/container_manager.go:125.2,125.42 1 0
nexus-backend/pkg/host/container_manager.go:125.42,127.3 1 0
nexus-backend/pkg/host/container_manager.go:130.2,130.48 1 0
nexus-backend/pkg/host/container_manager.go:130.48,132.3 1 0
nexus-backend/pkg/host/container_manager.go:135.2,137.12 2 0
nexus-backend/pkg/host/container_manager.go:141.42,147.2 4 0
nexus-backend/pkg/host/container_manager.go:150.70,155.42 4 0
nexus-backend/pkg/host/container_manager.go:155.42,159.3 2 0
nexus-backend/pkg/host/container_manager.go:161.2,161.24 1 0
nexus-backend/pkg/host/container_manager.go:165.72,170.42 4 0
nexus-backend/pkg/host/container_manager.go:170.42,171.33 1 0
nexus-backend/pkg/host/container_manager.go:171.33,174.4 2 0
nexus-backend/pkg/host/container_manager.go:177.2,177.29 1 0
nexus-backend/pkg/host/container_manager.go:181.49,185.17 3 0
nexus-backend/pkg/host/container_manager.go:185.17,187.3 1 0
nexus-backend/pkg/host/container_manager.go:190.2,190.43 1 0
nexus-backend/pkg/host/container_manager.go:190.43,192.3 1 0
nexus-backend/pkg/host/container_manager.go:195.2,195.48 1 0
nexus-backend/pkg/host/container_manager.go:195.48,197.3 1 0
nexus-backend/pkg/host/container_manager.go:199.2,199.12 1 0
nexus-backend/pkg/host/container_manager.go:203.51,205.34 2 0
nexus-backend/pkg/host/container_manager.go:205.34,207.3 1 0
nexus-backend/pkg/host/container_manager.go:208.2,208.12 1 0
nexus-backend/pkg/host/container_manager.go:212.43,216.6 3 0
nexus-backend/pkg/host/container_manager.go:216.6,217.10 1 0
nexus-backend/pkg/host/container_manager.go:218.24,219.10 1 0
nexus-backend/pkg/host/container_manager.go:220.19,225.16 4 0
nexus-backend/pkg/host/container_manager.go:225.16,227.5 1 0
nexus-backend/pkg/host/container_manager.go:229.4,229.46 1 0
nexus-backend/pkg/host/container_manager.go:229.46,231.5 1 0
nexus-backend/pkg/host/container_manager.go:233.4,233.44 1 0
nexus-backend/pkg/host/container_manager.go:233.44,235.5 1 0
nexus-backend/pkg/host/container_manager.go:241.52,245.16 3 0
nexus-backend/pkg/host/container_manager.go:245.16,247.3 1 0
nexus-backend/pkg/host/container_manager.go:250.2,254.29 3 0
nexus-backend/pkg/host/container_manager.go:254.29,255.17 1 0
nexus-backend/pkg/host/container_manager.go:255.17,256.12 1 0
nexus-backend/pkg/host/container_manager.go:259.3,260.17 2 0
nexus-backend/pkg/host/container_manager.go:260.17,261.12 1 0
nexus-backend/pkg/host/container_manager.go:265.3,265.59 1 0
nexus-backend/pkg/host/container_manager.go:265.59,267.4 1 0
nexus-backend/pkg/host/container_manager.go:269.3,269.39 1 0
nexus-backend/pkg/host/container_manager.go:272.2,277.12 5 0
nexus-backend/pkg/host/container_manager.go:281.85,283.72 2 0
nexus-backend/pkg/host/container_manager.go:283.72,285.3 1 0
nexus-backend/pkg/host/container_manager.go:287.2,296.74 2 0
nexus-backend/pkg/host/container_manager.go:296.74,297.71 1 0
nexus-backend/pkg/host/container_manager.go:297.71,299.4 1 0
nexus-backend/pkg/host/container_manager.go:303.2,305.23 2 0
nexus-backend/pkg/host/container_manager.go:309.61,310.27 1 0
nexus-backend/pkg/host/container_manager.go:310.27,311.34 1 0
nexus-backend/pkg/host/container_manager.go:311.34,313.4 1 0
nexus-backend/pkg/host/container_manager.go:315.2,315.11 1 0
nexus-backend/pkg/host/container_manager.go:319.77,323.16 3 0
nexus-backend/pkg/host/container_manager.go:323.16,325.3 1 0
nexus-backend/pkg/host/container_manager.go:327.2,328.61 2 0
nexus-backend/pkg/host/container_manager.go:328.61,330.3 1 0
nexus-backend/pkg/host/container_manager.go:332.2,332.27 1 0
nexus-backend/pkg/host/container_manager.go:332.27,334.3 1 0
nexus-backend/pkg/host/container_manager.go:336.2,339.63 2 0
nexus-backend/pkg/host/container_manager.go:339.63,341.51 1 0
nexus-backend/pkg/host/container_manager.go:341.51,343.31 2 0
nexus-backend/pkg/host/container_manager.go:343.31,344.42 1 0
nexus-backend/pkg/host/container_manager.go:344.42,346.25 2 0
nexus-backend/pkg/host/container_manager.go:346.25,348.7 1 0
nexus-backend/pkg/host/container_manager.go:355.2,355.81 1 0
nexus-backend/pkg/host/container_manager.go:355.81,356.79 1 0
nexus-backend/pkg/host/container_manager.go:356.79,357.38 1 0
nexus-backend/pkg/host/container_manager.go:357.38,359.5 1 0
nexus-backend/pkg/host/container_manager.go:363.2,363.12 1 0
nexus-backend/pkg/host/container_manager.go:367.74,376.40 4 0
nexus-backend/pkg/host/container_manager.go:376.40,377.84 1 0
nexus-backend/pkg/host/container_manager.go:377.84,381.97 2 0
nexus-backend/pkg/host/container_manager.go:381.97,383.5 1 0
nexus-backend/pkg/host/container_manager.go:383.10,383.112 1 0
nexus-backend/pkg/host/container_manager.go:383.112,385.5 1 0
nexus-backend/pkg/host/container_manager.go:385.10,385.106 1 0
nexus-backend/pkg/host/container_manager.go:385.106,387.5 1 0
nexus-backend/pkg/host/container_manager.go:387.10,387.104 1 0
nexus-backend/pkg/host/container_manager.go:387.104,389.5 1 0
nexus-backend/pkg/host/container_manager.go:389.10,389.100 1 0
nexus-backend/pkg/host/container_manager.go:389.100,391.5 1 0
nexus-backend/pkg/host/container_manager.go:391.10,393.5 1 0
nexus-backend/pkg/host/container_manager.go:396.4,400.9 2 0
nexus-backend/pkg/host/container_manager.go:406.50,409.16 3 0
nexus-backend/pkg/host/container_manager.go:409.16,411.3 1 0
nexus-backend/pkg/host/container_manager.go:413.2,417.29 3 0
nexus-backend/pkg/host/container_manager.go:417.29,418.17 1 0
nexus-backend/pkg/host/container_manager.go:418.17,419.12 1 0
nexus-backend/pkg/host/container_manager.go:422.3,423.17 2 0
nexus-backend/pkg/host/container_manager.go:423.17,424.12 1 0
nexus-backend/pkg/host/container_manager.go:427.3,427.40 1 0
nexus-backend/pkg/host/container_manager.go:430.2,434.12 4 0
nexus-backend/pkg/host/container_manager.go:438.90,440.70 2 0
nexus-backend/pkg/host/container_manager.go:440.70,442.3 1 0
nexus-backend/pkg/host/container_manager.go:444.2,454.21 3 0
nexus-backend/pkg/host/container_manager.go:458.77,463.40 3 0
nexus-backend/pkg/host/container_manager.go:463.40,464.43 1 0
nexus-backend/pkg/host/container_manager.go:464.43,468.9 4 0
nexus-backend/pkg/host/container_manager.go:474.56,477.38 2 0
nexus-backend/pkg/host/container_manager.go:477.38,478.36 1 0
nexus-backend/pkg/host/container_manager.go:478.36,480.9 2 0
nexus-backend/pkg/host/container_manager.go:485.2,485.25 1 0
nexus-backend/pkg/host/container_manager.go:485.25,492.35 2 0
nexus-backend/pkg/host/container_manager.go:492.35,494.4 1 0
nexus-backend/pkg/host/container_manager.go:496.3,496.52 1 0
nexus-backend/pkg/host/container_manager.go:499.2,499.12 1 0
nexus-backend/pkg/host/host_controller.go:68.69,69.19 1 0
nexus-backend/pkg/host/host_controller.go:69.19,84.3 1 0
nexus-backend/pkg/host/host_controller.go:86.2,100.16 5 0
nexus-backend/pkg/host/host_controller.go:100.16,103.3 2 0
nexus-backend/pkg/host/host_controller.go:105.2,106.16 2 0
nexus-backend/pkg/host/host_controller.go:106.16,109.3 2 0
nexus-backend/pkg/host/host_controller.go:111.2,112.16 2 0
nexus-backend/pkg/host/host_controller.go:112.16,115.3 2 0
nexus-backend/pkg/host/host_controller.go:117.2,118.16 2 0
nexus-backend/pkg/host/host_controller.go:118.16,121.3 2 0
nexus-backend/pkg/host/host_controller.go:123.2,123.29 1 0
nexus-backend/pkg/host/host_controller.go:123.29,125.17 2 0
nexus-backend/pkg/host/host_controller.go:125.17,128.4 2 0
nexus-backend/pkg/host/host_controller.go:131.2,131.16 1 0
nexus-backend/pkg/host/host_controller.go:135.41,139.37 3 0
nexus-backend/pkg/host/host_controller.go:139.37,141.3 1 0
nexus-backend/pkg/host/host_controller.go:143.2,146.46 2 0
nexus-backend/pkg/host/host_controller.go:146.46,148.3 1 0
nexus-backend/pkg/host/host_controller.go:150.2,150.46 1 0
nexus-backend/pkg/host/host_controller.go:150.46,152.3 1 0
nexus-backend/pkg/host/host_controller.go:154.2,154.46 1 0
nexus-backend/pkg/host/host_controller.go:154.46,156.3 1 0
nexus-backend/pkg/host/host_controller.go:158.2,158.47 1 0
nexus-backend/pkg/host/host_controller.go:158.47,160.3 1 0
nexus-backend/pkg/host/host_controller.go:162.2,162.28 1 0
nexus-backend/pkg/host/host_controller.go:162.28,163.49 1 0
nexus-backend/pkg/host/host_controller.go:163.49,165.4 1 0
nexus-backend/pkg/host/host_controller.go:168.2,172.12 4 0
nexus-backend/pkg/host/host_controller.go:176.40,180.36 3 0
nexus-backend/pkg/host/host_controller.go:180.36,182.3 1 0
nexus-backend/pkg/host/host_controller.go:184.2,190.28 4 0
nexus-backend/pkg/host/host_controller.go:190.28,191.48 1 0
nexus-backend/pkg/host/host_controller.go:191.48,193.4 1 0
nexus-backend/pkg/host/host_controller.go:196.2,196.46 1 0
nexus-backend/pkg/host/host_controller.go:196.46,198.3 1 0
nexus-backend/pkg/host/host_controller.go:200.2,200.45 1 0
nexus-backend/pkg/host/host_controller.go:200.45,202.3 1 0
nexus-backend/pkg/host/host_controller.go:204.2,204.45 1 0
nexus-backend/pkg/host/host_controller.go:204.45,206.3 1 0
nexus-backend/pkg/host/host_controller.go:208.2,208.45 1 0
nexus-backend/pkg/host/host_controller.go:208.45,210.3 1 0
nexus-backend/pkg/host/host_controller.go:213.2,218.21 4 0
nexus-backend/pkg/host/host_controller.go:218.21,220.3 1 0
nexus-backend/pkg/host/host_controller.go:222.2,223.12 2 0
nexus-backend/pkg/host/host_controller.go:227.63,231.2 3 0
nexus-backend/pkg/host/host_controller.go:234.64,235.26 1 0
nexus-backend/pkg/host/host_controller.go:235.26,237.3 1 0
nexus-backend/pkg/host/host_controller.go:238.2,238.39 1 0
nexus-backend/pkg/host/host_controller.go:242.64,243.26 1 0
nexus-backend/pkg/host/host_controller.go:243.26,245.3 1 0
nexus-backend/pkg/host/host_controller.go:246.2,246.39 1 0
nexus-backend/pkg/host/host_controller.go:250.66,251.26 1 0
nexus-backend/pkg/host/host_controller.go:251.26,253.3 1 0
nexus-backend/pkg/host/host_controller.go:254.2,254.39 1 0
nexus-backend/pkg/host/host_controller.go:258.72,259.27 1 0
nexus-backend/pkg/host/host_controller.go:259.27,261.3 1 0
nexus-backend/pkg/host/host_controller.go:262.2,262.43 1 0
nexus-backend/pkg/host/host_controller.go:266.68,267.28 1 0
nexus-backend/pkg/host/host_controller.go:267.28,269.3 1 0
nexus-backend/pkg/host/host_controller.go:270.2,270.43 1 0
nexus-backend/pkg/host/host_controller.go:274.47,278.36 3 0
nexus-backend/pkg/host/host_controller.go:278.36,280.3 1 0
nexus-backend/pkg/host/host_controller.go:283.2,283.52 1 0
nexus-backend/pkg/host/host_controller.go:283.52,285.3 1 0
nexus-backend/pkg/host/host_controller.go:287.2,287.52 1 0
nexus-backend/pkg/host/host_controller.go:287.52,289.3 1 0
nexus-backend/pkg/host/host_controller.go:291.2,291.52 1 0
nexus-backend/pkg/host/host_controller.go:291.52,293.3 1 0
nexus-backend/pkg/host/host_controller.go:295.2,295.53 1 0
nexus-backend/pkg/host/host_controller.go:295.53,297.3 1 0
nexus-backend/pkg/host/host_controller.go:299.2,299.28 1 0
nexus-backend/pkg/host/host_controller.go:299.28,300.55 1 0
nexus-backend/pkg/host/host_controller.go:300.55,302.4 1 0
nexus-backend/pkg/host/host_controller.go:305.2,305.12 1 0
nexus-backend/pkg/host/network_manager.go:95.90,118.2 2 0
nexus-backend/pkg/host/network_manager.go:121.41,125.16 3 0
nexus-backend/pkg/host/network_manager.go:125.16,127.3 1 0
nexus-backend/pkg/host/network_manager.go:129.2,132.51 2 0
nexus-backend/pkg/host/network_manager.go:132.51,134.3 1 0
nexus-backend/pkg/host/network_manager.go:136.2,136.47 1 0
nexus-backend/pkg/host/network_manager.go:136.47,138.3 1 0
nexus-backend/pkg/host/network_manager.go:141.2,141.53 1 0
nexus-backend/pkg/host/network_manager.go:141.53,143.3 1 0
nexus-backend/pkg/host/network_manager.go:146.2,148.12 2 0
nexus-backend/pkg/host/network_manager.go:152.40,158.2 4 0
nexus-backend/pkg/host/network_manager.go:161.66,180.2 6 0
nexus-backend/pkg/host/network_manager.go:183.47,187.17 3 0
nexus-backend/pkg/host/network_manager.go:187.17,189.3 1 0
nexus-backend/pkg/host/network_manager.go:192.2,192.61 1 0
nexus-backend/pkg/host/network_manager.go:192.61,194.3 1 0
nexus-backend/pkg/host/network_manager.go:197.2,198.38 2 0
nexus-backend/pkg/host/network_manager.go:198.38,199.49 1 0
nexus-backend/pkg/host/network_manager.go:199.49,201.9 2 0
nexus-backend/pkg/host/network_manager.go:205.2,205.25 1 0
nexus-backend/pkg/host/network_manager.go:205.25,207.3 1 0
nexus-backend/pkg/host/network_manager.go:209.2,209.12 1 0
nexus-backend/pkg/host/network_manager.go:213.41,217.6 3 0
nexus-backend/pkg/host/network_manager.go:217.6,218.10 1 0
nexus-backend/pkg/host/network_manager.go:219.24,220.10 1 0
nexus-backend/pkg/host/network_manager.go:221.19,226.16 4 0
nexus-backend/pkg/host/network_manager.go:226.16,228.5 1 0
nexus-backend/pkg/host/network_manager.go:230.4,230.53 1 0
nexus-backend/pkg/host/network_manager.go:230.53,232.5 1 0
nexus-backend/pkg/host/network_manager.go:234.4,234.49 1 0
nexus-backend/pkg/host/network_manager.go:234.49,236.5 1 0
nexus-backend/pkg/host/network_manager.go:242.57,244.16 2 0
nexus-backend/pkg/host/network_manager.go:244.16,246.3 1 0
nexus-backend/pkg/host/network_manager.go:248.2,250.35 2 0
nexus-backend/pkg/host/network_manager.go:250.35,258.34 2 0
nexus-backend/pkg/host/network_manager.go:258.34,260.4 1 0
nexus-backend/pkg/host/network_manager.go:260.9,262.4 1 0
nexus-backend/pkg/host/network_manager.go:265.3,269.17 3 0
nexus-backend/pkg/host/network_manager.go:269.17,270.31 1 0
nexus-backend/pkg/host/network_manager.go:270.31,272.5 1 0
nexus-backend/pkg/host/network_manager.go:276.3,281.58 3 0
nexus-backend/pkg/host/network_manager.go:284.2,289.12 5 0
nexus-backend/pkg/host/network_manager.go:293.70,294.18 1 0
nexus-backend/pkg/host/network_manager.go:294.18,296.3 1 0
nexus-backend/pkg/host/network_manager.go:296.8,296.43 1 0
nexus-backend/pkg/host/network_manager.go:296.43,298.3 1 0
nexus-backend/pkg/host/network_manager.go:298.8,298.79 1 0
nexus-backend/pkg/host/network_manager.go:298.79,300.3 1 0
nexus-backend/pkg/host/network_manager.go:300.8,300.46 1 0
nexus-backend/pkg/host/network_manager.go:300.46,302.3 1 0
nexus-backend/pkg/host/network_manager.go:302.8,302.43 1 0
nexus-backend/pkg/host/network_manager.go:302.43,304.3 1 0
nexus-backend/pkg/host/network_manager.go:304.8,304.77 1 0
nexus-backend/pkg/host/network_manager.go:304.77,306.3 1 0
nexus-backend/pkg/host/network_manager.go:306.8,306.44 1 0
nexus-backend/pkg/host/network_manager.go:306.44,308.3 1 0
nexus-backend/pkg/host/network_manager.go:309.2,309.18 1 0
nexus-backend/pkg/host/network_manager.go:313.75,317.16 3 0
nexus-backend/pkg/host/network_manager.go:317.16,319.3 1 0
nexus-backend/pkg/host/network_manager.go:321.2,322.29 2 0
nexus-backend/pkg/host/network_manager.go:322.29,323.45 1 0
nexus-backend/pkg/host/network_manager.go:323.45,325.25 2 0
nexus-backend/pkg/host/network_manager.go:325.25,327.73 1 0
nexus-backend/pkg/host/network_manager.go:327.73,329.6 1 0
nexus-backend/pkg/host/network_manager.go:330.5,330.75 1 0
nexus-backend/pkg/host/network_manager.go:330.75,332.6 1 0
nexus-backend/pkg/host/network_manager.go:333.5,333.74 1 0
nexus-backend/pkg/host/network_manager.go:333.74,335.6 1 0
nexus-backend/pkg/host/network_manager.go:336.5,336.73 1 0
nexus-backend/pkg/host/network_manager.go:336.73,338.6 1 0
nexus-backend/pkg/host/network_manager.go:339.5,339.76 1 0
nexus-backend/pkg/host/network_manager.go:339.76,341.6 1 0
nexus-backend/pkg/host/network_manager.go:342.5,342.75 1 0
nexus-backend/pkg/host/network_manager.go:342.75,344.6 1 0
nexus-backend/pkg/host/network_manager.go:346.4,346.9 1 0
nexus-backend/pkg/host/network_manager.go:352.75,356.40 2 0
nexus-backend/pkg/host/network_manager.go:356.40,357.61 1 0
nexus-backend/pkg/host/network_manager.go:357.61,360.9 3 0
nexus-backend/pkg/host/network_manager.go:365.2,365.28 1 0
nexus-backend/pkg/host/network_manager.go:365.28,367.48 2 0
nexus-backend/pkg/host/network_manager.go:367.48,369.4 1 0
nexus-backend/pkg/host/network_manager.go:369.9,369.53 1 0
nexus-backend/pkg/host/network_manager.go:369.53,371.4 1 0
nexus-backend/pkg/host/network_manager.go:376.53,380.16 3 0
nexus-backend/pkg/host/network_manager.go:380.16,383.3 1 0
nexus-backend/pkg/host/network_manager.go:385.2,390.29 4 0
nexus-backend/pkg/host/network_manager.go:390.29,392.17 2 0
nexus-backend/pkg/host/network_manager.go:392.17,393.12 1 0
nexus-backend/pkg/host/network_manager.go:397.3,397.40 1 0
nexus-backend/pkg/host/network_manager.go:397.40,399.23 2 0
nexus-backend/pkg/host/network_manager.go:399.23,401.5 1 0
nexus-backend/pkg/host/network_manager.go:402.4,402.12 1 0
nexus-backend/pkg/host/network_manager.go:406.3,406.38 1 0
nexus-backend/pkg/host/network_manager.go:406.38,407.12 1 0
nexus-backend/pkg/host/network_manager.go:411.3,412.18 2 0
nexus-backend/pkg/host/network_manager.go:412.18,414.4 1 0
nexus-backend/pkg/host/network_manager.go:417.2,421.12 4 0
nexus-backend/pkg/host/network_manager.go:425.79,427.21 2 0
nexus-backend/pkg/host/network_manager.go:427.21,429.3 1 0
nexus-backend/pkg/host/network_manager.go:431.2,437.21 2 0
nexus-backend/pkg/host/network_manager.go:437.21,439.3 1 0
nexus-backend/pkg/host/network_manager.go:442.2,444.13 2 0
nexus-backend/pkg/host/network_manager.go:448.86,455.34 4 0
nexus-backend/pkg/host/network_manager.go:455.34,456.35 1 0
nexus-backend/pkg/host/network_manager.go:456.35,459.9 3 0
nexus-backend/pkg/host/network_manager.go:464.2,464.40 1 0
nexus-backend/pkg/host/network_manager.go:464.40,465.43 1 0
nexus-backend/pkg/host/network_manager.go:465.43,468.9 3 0
nexus-backend/pkg/host/network_manager.go:474.59,486.2 2 0
nexus-backend/pkg/host/process_manager.go:72.90,92.2 3 0
nexus-backend/pkg/host/process_manager.go:95.41,99.16 3 0
nexus-backend/pkg/host/process_manager.go:99.16,101.3 1 0
nexus-backend/pkg/host/process_manager.go:103.2,106.43 2 0
nexus-backend/pkg/host/process_manager.go:106.43,108.3 1 0
nexus-backend/pkg/host/process_manager.go:111.2,113.12 2 0
nexus-backend/pkg/host/process_manager.go:117.40,123.2 4 0
nexus-backend/pkg/host/process_manager.go:126.64,131.42 4 0
nexus-backend/pkg/host/process_manager.go:131.42,135.3 2 0
nexus-backend/pkg/host/process_manager.go:137.2,137.23 1 0
nexus-backend/pkg/host/process_manager.go:141.67,146.42 4 0
nexus-backend/pkg/host/process_manager.go:146.42,147.26 1 0
nexus-backend/pkg/host/process_manager.go:147.26,150.4 2 0
nexus-backend/pkg/host/process_manager.go:153.2,153.28 1 0
nexus-backend/pkg/host/process_manager.go:157.54,162.16 4 0
nexus-backend/pkg/host/process_manager.go:162.16,164.3 1 0
nexus-backend/pkg/host/process_manager.go:167.2,167.56 1 0
nexus-backend/pkg/host/process_manager.go:167.56,169.3 1 0
nexus-backend/pkg/host/process_manager.go:172.2,175.58 2 0
nexus-backend/pkg/host/process_manager.go:175.58,177.40 1 0
nexus-backend/pkg/host/process_manager.go:177.40,179.4 1 0
nexus-backend/pkg/host/process_manager.go:183.2,185.12 2 0
nexus-backend/pkg/host/process_manager.go:189.47,193.17 3 0
nexus-backend/pkg/host/process_manager.go:193.17,195.3 1 0
nexus-backend/pkg/host/process_manager.go:198.2,198.61 1 0
nexus-backend/pkg/host/process_manager.go:198.61,200.3 1 0
nexus-backend/pkg/host/process_manager.go:202.2,202.12 1 0
nexus-backend/pkg/host/process_manager.go:206.41,210.6 3 0
nexus-backend/pkg/host/process_manager.go:210.6,211.10 1 0
nexus-backend/pkg/host/process_manager.go:212.24,213.10 1 0
nexus-backend/pkg/host/process_manager.go:214.19,219.16 4 0
nexus-backend/pkg/host/process_manager.go:219.16,221.5 1 0
nexus-backend/pkg/host/process_manager.go:223.4,223.45 1 0
nexus-backend/pkg/host/process_manager.go:223.45,225.5 1 0
nexus-backend/pkg/host/process_manager.go:228.4,228.28 1 0
nexus-backend/pkg/host/process_manager.go:234.49,238.16 3 0
nexus-backend/pkg/host/process_manager.go:238.16,240.3 1 0
nexus-backend/pkg/host/process_manager.go:242.2,243.20 2 0
nexus-backend/pkg/host/process_manager.go:243.20,245.3 1 0
nexus-backend/pkg/host/process_manager.go:247.2,250.33 2 0
nexus-backend/pkg/host/process_manager.go:250.33,251.17 1 0
nexus-backend/pkg/host/process_manager.go:251.17,252.12 1 0
nexus-backend/pkg/host/process_manager.go:255.3,256.17 2 0
nexus-backend/pkg/host/process_manager.go:256.17,257.12 1 0
nexus-backend/pkg/host/process_manager.go:260.3,260.52 1 0
nexus-backend/pkg/host/process_manager.go:263.2,268.12 5 0
nexus-backend/pkg/host/process_manager.go:272.75,274.22 2 0
nexus-backend/pkg/host/process_manager.go:274.22,276.3 1 0
nexus-backend/pkg/host/process_manager.go:278.2,279.16 2 0
nexus-backend/pkg/host/process_manager.go:279.16,281.3 1 0
nexus-backend/pkg/host/process_manager.go:283.2,284.16 2 0
nexus-backend/pkg/host/process_manager.go:284.16,286.3 1 0
nexus-backend/pkg/host/process_manager.go:288.2,289.16 2 0
nexus-backend/pkg/host/process_manager.go:289.16,291.3 1 0
nexus-backend/pkg/host/process_manager.go:294.2,295.23 2 0
nexus-backend/pkg/host/process_manager.go:295.23,298.3 1 0
nexus-backend/pkg/host/process_manager.go:300.2,317.21 4 0
nexus-backend/pkg/host/process_manager.go:321.66,330.40 4 0
nexus-backend/pkg/host/process_manager.go:330.40,331.86 1 0
nexus-backend/pkg/host/process_manager.go:331.86,335.53 2 0
nexus-backend/pkg/host/process_manager.go:335.53,337.5 1 0
nexus-backend/pkg/host/process_manager.go:337.10,337.64 1 0
nexus-backend/pkg/host/process_manager.go:337.64,339.5 1 0
nexus-backend/pkg/host/process_manager.go:339.10,339.61 1 0
nexus-backend/pkg/host/process_manager.go:339.61,341.5 1 0
nexus-backend/pkg/host/process_manager.go:341.10,341.60 1 0
nexus-backend/pkg/host/process_manager.go:341.60,343.5 1 0
nexus-backend/pkg/host/process_manager.go:343.10,343.58 1 0
nexus-backend/pkg/host/process_manager.go:343.58,345.5 1 0
nexus-backend/pkg/host/process_manager.go:345.10,347.5 1 0
nexus-backend/pkg/host/process_manager.go:349.4,349.9 1 0
nexus-backend/pkg/host/process_manager.go:355.51,385.2 5 0
nexus-backend/pkg/host/process_manager.go:388.49,392.45 3 0
nexus-backend/pkg/host/process_manager.go:392.45,393.30 1 0
nexus-backend/pkg/host/process_manager.go:393.30,394.12 1 0
nexus-backend/pkg/host/process_manager.go:397.3,398.14 2 0
nexus-backend/pkg/host/process_manager.go:398.14,399.12 1 0
nexus-backend/pkg/host/process_manager.go:403.3,403.74 1 0
nexus-backend/pkg/host/process_manager.go:403.74,405.4 1 0
nexus-backend/pkg/host/process_manager.go:408.3,408.83 1 0
nexus-backend/pkg/host/process_manager.go:408.83,410.4 1 0
nexus-backend/pkg/host/process_manager.go:415.114,416.37 1 0
nexus-backend/pkg/host/process_manager.go:416.37,419.3 1 0
nexus-backend/pkg/host/security_manager.go:138.92,151.27 2 0
nexus-backend/pkg/host/security_manager.go:151.27,158.3 1 0
nexus-backend/pkg/host/security_manager.go:160.2,160.29 1 0
nexus-backend/pkg/host/security_manager.go:160.29,167.3 2 0
nexus-backend/pkg/host/security_manager.go:169.2,169.22 1 0
nexus-backend/pkg/host/security_manager.go:169.22,174.3 1 0
nexus-backend/pkg/host/security_manager.go:176.2,176.16 1 0
nexus-backend/pkg/host/security_manager.go:180.42,184.16 3 0
nexus-backend/pkg/host/security_manager.go:184.16,186.3 1 0
nexus-backend/pkg/host/security_manager.go:188.2,191.50 2 0
nexus-backend/pkg/host/security_manager.go:191.50,193.3 1 0
nexus-backend/pkg/host/security_manager.go:196.2,196.27 1 0
nexus-backend/pkg/host/security_manager.go:196.27,198.3 1 0
nexus-backend/pkg/host/security_manager.go:201.2,201.29 1 0
nexus-backend/pkg/host/security_manager.go:201.29,203.3 1 0
nexus-backend/pkg/host/security_manager.go:206.2,206.26 1 0
nexus-backend/pkg/host/security_manager.go:206.26,207.44 1 0
nexus-backend/pkg/host/security_manager.go:207.44,209.4 1 0
nexus-backend/pkg/host/security_manager.go:213.2,215.12 2 0
nexus-backend/pkg/host/security_manager.go:219.41,223.27 3 0
nexus-backend/pkg/host/security_manager.go:223.27,225.3 1 0
nexus-backend/pkg/host/security_manager.go:227.2,228.12 2 0
nexus-backend/pkg/host/security_manager.go:232.73,236.30 3 0
nexus-backend/pkg/host/security_manager.go:236.30,238.3 1 0
nexus-backend/pkg/host/security_manager.go:241.2,242.21 2 0
nexus-backend/pkg/host/security_manager.go:246.48,250.17 3 0
nexus-backend/pkg/host/security_manager.go:250.17,252.3 1 0
nexus-backend/pkg/host/security_manager.go:255.2,255.62 1 0
nexus-backend/pkg/host/security_manager.go:255.62,257.3 1 0
nexus-backend/pkg/host/security_manager.go:259.2,259.12 1 0
nexus-backend/pkg/host/security_manager.go:263.42,267.6 3 0
nexus-backend/pkg/host/security_manager.go:267.6,268.10 1 0
nexus-backend/pkg/host/security_manager.go:269.24,270.10 1 0
nexus-backend/pkg/host/security_manager.go:271.19,276.16 4 0
nexus-backend/pkg/host/security_manager.go:276.16,278.5 1 0
nexus-backend/pkg/host/security_manager.go:280.4,280.52 1 0
nexus-backend/pkg/host/security_manager.go:280.52,282.5 1 0
nexus-backend/pkg/host/security_manager.go:288.57,306.26 5 0
nexus-backend/pkg/host/security_manager.go:306.26,311.3 4 0
nexus-backend/pkg/host/security_manager.go:314.2,314.27 1 0
nexus-backend/pkg/host/security_manager.go:314.27,317.3 2 0
nexus-backend/pkg/host/security_manager.go:320.2,320.29 1 0
nexus-backend/pkg/host/security_manager.go:320.29,326.57 4 0
nexus-backend/pkg/host/security_manager.go:326.57,329.4 2 0
nexus-backend/pkg/host/security_manager.go:330.3,330.32 1 0
nexus-backend/pkg/host/security_manager.go:334.2,341.12 6 0
nexus-backend/pkg/host/security_manager.go:345.55,349.2 3 0
nexus-backend/pkg/host/security_manager.go:352.56,353.66 1 0
nexus-backend/pkg/host/security_manager.go:353.66,355.3 1 0
nexus-backend/pkg/host/security_manager.go:357.2,359.16 3 0
nexus-backend/pkg/host/security_manager.go:359.16,361.3 1 0
nexus-backend/pkg/host/security_manager.go:363.2,363.59 1 0
nexus-backend/pkg/host/security_manager.go:367.57,370.16 3 0
nexus-backend/pkg/host/security_manager.go:370.16,372.3 1 0
nexus-backend/pkg/host/security_manager.go:373.2,373.19 1 0
nexus-backend/pkg/host/security_manager.go:377.50,378.52 1 0
nexus-backend/pkg/host/security_manager.go:378.52,380.3 1 0
nexus-backend/pkg/host/security_manager.go:383.2,383.55 1 0
nexus-backend/pkg/host/security_manager.go:383.55,386.3 2 0
nexus-backend/pkg/host/security_manager.go:389.2,389.47 1 0
nexus-backend/pkg/host/security_manager.go:389.47,392.3 2 0
nexus-backend/pkg/host/security_manager.go:394.2,394.19 1 0
nexus-backend/pkg/host/security_manager.go:398.53,399.27 1 0
nexus-backend/pkg/host/security_manager.go:399.27,401.3 1 0
nexus-backend/pkg/host/security_manager.go:403.2,404.16 2 0
nexus-backend/pkg/host/security_manager.go:404.16,406.3 1 0
nexus-backend/pkg/host/security_manager.go:408.2,408.28 1 0
nexus-backend/pkg/host/security_manager.go:412.82,415.28 2 0
nexus-backend/pkg/host/security_manager.go:415.28,417.3 1 0
nexus-backend/pkg/host/security_manager.go:418.2,418.41 1 0
nexus-backend/pkg/host/security_manager.go:418.41,420.3 1 0
nexus-backend/pkg/host/security_manager.go:421.2,421.39 1 0
nexus-backend/pkg/host/security_manager.go:421.39,423.3 1 0
nexus-backend/pkg/host/security_manager.go:424.2,424.55 1 0
nexus-backend/pkg/host/security_manager.go:424.55,426.3 1 0
nexus-backend/pkg/host/security_manager.go:427.2,427.25 1 0
nexus-backend/pkg/host/security_manager.go:427.25,429.3 1 0
nexus-backend/pkg/host/security_manager.go:432.2,434.17 2 0
nexus-backend/pkg/host/security_manager.go:434.17,436.3 1 0
nexus-backend/pkg/host/security_manager.go:436.8,436.24 1 0
nexus-backend/pkg/host/security_manager.go:436.24,438.3 1 0
nexus-backend/pkg/host/security_manager.go:438.8,438.24 1 0
nexus-backend/pkg/host/security_manager.go:438.24,440.3 1 0
nexus-backend/pkg/host/security_manager.go:441.2,441.19 1 0
nexus-backend/pkg/host/security_manager.go:445.82,446.54 1 0
nexus-backend/pkg/host/security_manager.go:446.54,448.3 1 0
nexus-backend/pkg/host/security_manager.go:450.2,458.16 6 0
nexus-backend/pkg/host/security_manager.go:458.16,460.3 1 0
nexus-backend/pkg/host/security_manager.go:461.2,463.28 2 0
nexus-backend/pkg/host/security_manager.go:467.52,468.29 1 0
nexus-backend/pkg/host/security_manager.go:468.29,470.3 1 0
nexus-backend/pkg/host/security_manager.go:472.2,500.3 1 0
nexus-backend/pkg/host/security_manager.go:504.51,505.29 1 0
nexus-backend/pkg/host/security_manager.go:505.29,507.3 1 0
nexus-backend/pkg/host/security_manager.go:509.2,512.6 3 0
nexus-backend/pkg/host/security_manager.go:512.6,513.10 1 0
nexus-backend/pkg/host/security_manager.go:514.24,515.10 1 0
nexus-backend/pkg/host/security_manager.go:516.19,521.16 4 0
nexus-backend/pkg/host/security_manager.go:521.16,523.5 1 0
nexus-backend/pkg/host/security_manager.go:525.4,525.23 1 0
nexus-backend/pkg/host/security_manager.go:531.45,532.29 1 0
nexus-backend/pkg/host/security_manager.go:532.29,534.3 1 0
nexus-backend/pkg/host/security_manager.go:540.2,546.29 3 0
nexus-backend/pkg/host/security_manager.go:550.51,553.2 0 0
nexus-backend/pkg/host/security_manager.go:556.51,559.2 0 0
nexus-backend/pkg/host/security_manager.go:562.54,565.2 0 0
nexus-backend/pkg/host/security_manager.go:568.50,569.26 1 0
nexus-backend/pkg/host/security_manager.go:569.26,571.3 1 0
nexus-backend/pkg/host/security_manager.go:574.2,574.55 1 0
nexus-backend/pkg/host/security_manager.go:574.55,577.3 2 0
nexus-backend/pkg/host/security_manager.go:580.2,580.47 1 0
nexus-backend/pkg/host/security_manager.go:580.47,583.3 2 0
nexus-backend/pkg/host/security_manager.go:586.2,586.26 1 0
nexus-backend/pkg/host/security_manager.go:586.26,589.3 2 0
nexus-backend/pkg/host/security_manager.go:591.2,591.45 1 0
nexus-backend/pkg/host/security_manager.go:595.50,600.34 3 0
nexus-backend/pkg/host/security_manager.go:600.34,602.3 1 0
nexus-backend/pkg/host/security_manager.go:605.2,606.35 2 0
nexus-backend/pkg/host/security_manager.go:606.35,621.3 5 0
nexus-backend/pkg/host/security_manager.go:623.2,623.12 1 0
nexus-backend/pkg/host/security_manager.go:627.50,632.34 3 0
nexus-backend/pkg/host/security_manager.go:632.34,634.3 1 0
nexus-backend/pkg/host/security_manager.go:637.2,637.12 1 0
nexus-backend/pkg/host/security_manager.go:641.50,646.2 2 0
nexus-backend/pkg/host/security_manager.go:649.51,652.16 2 0
nexus-backend/pkg/host/security_manager.go:652.16,654.3 1 0
nexus-backend/pkg/host/security_manager.go:656.2,656.46 1 0
nexus-backend/pkg/host/system_info.go:105.104,112.54 2 0
nexus-backend/pkg/host/system_info.go:112.54,114.3 1 0
nexus-backend/pkg/host/system_info.go:116.2,116.23 1 0
nexus-backend/pkg/host/system_info.go:120.47,124.17 3 0
nexus-backend/pkg/host/system_info.go:124.17,126.3 1 0
nexus-backend/pkg/host/system_info.go:128.2,132.12 3 0
nexus-backend/pkg/host/system_info.go:136.46,142.2 4 0
nexus-backend/pkg/host/system_info.go:145.71,149.28 3 0
nexus-backend/pkg/host/system_info.go:149.28,151.3 1 0
nexus-backend/pkg/host/system_info.go:154.2,155.19 2 0
nexus-backend/pkg/host/system_info.go:159.53,163.18 3 0
nexus-backend/pkg/host/system_info.go:163.18,165.3 1 0
nexus-backend/pkg/host/system_info.go:167.2,167.28 1 0
nexus-backend/pkg/host/system_info.go:167.28,169.3 1 0
nexus-backend/pkg/host/system_info.go:172.2,172.49 1 0
nexus-backend/pkg/host/system_info.go:172.49,174.3 1 0
nexus-backend/pkg/host/system_info.go:176.2,176.12 1 0
nexus-backend/pkg/host/system_info.go:180.47,184.6 3 0
nexus-backend/pkg/host/system_info.go:184.6,185.10 1 0
nexus-backend/pkg/host/system_info.go:186.25,187.10 1 0
nexus-backend/pkg/host/system_info.go:188.19,193.16 4 0
nexus-backend/pkg/host/system_info.go:193.16,195.5 1 0
nexus-backend/pkg/host/system_info.go:197.4,197.50 1 0
nexus-backend/pkg/host/system_info.go:197.50,200.5 1 0
nexus-backend/pkg/host/system_info.go:206.59,212.48 2 0
nexus-backend/pkg/host/system_info.go:212.48,214.3 1 0
nexus-backend/pkg/host/system_info.go:216.2,220.62 3 0
nexus-backend/pkg/host/system_info.go:220.62,222.3 1 0
nexus-backend/pkg/host/system_info.go:225.2,225.48 1 0
nexus-backend/pkg/host/system_info.go:225.48,227.3 1 0
nexus-backend/pkg/host/system_info.go:230.2,230.54 1 0
nexus-backend/pkg/host/system_info.go:230.54,232.3 1 0
nexus-backend/pkg/host/system_info.go:235.2,235.65 1 0
nexus-backend/pkg/host/system_info.go:235.65,238.3 2 0
nexus-backend/pkg/host/system_info.go:241.2,244.50 2 0
nexus-backend/pkg/host/system_info.go:244.50,246.3 1 0
nexus-backend/pkg/host/system_info.go:249.2,249.53 1 0
nexus-backend/pkg/host/system_info.go:249.53,251.3 1 0
nexus-backend/pkg/host/system_info.go:254.2,254.52 1 0
nexus-backend/pkg/host/system_info.go:254.52,256.3 1 0
nexus-backend/pkg/host/system_info.go:259.2,269.12 7 0
nexus-backend/pkg/host/system_info.go:273.68,276.16 3 0
nexus-backend/pkg/host/system_info.go:276.16,278.3 1 0
nexus-backend/pkg/host/system_info.go:279.2,279.47 1 0
nexus-backend/pkg/host/system_info.go:283.61,286.16 3 0
nexus-backend/pkg/host/system_info.go:286.16,288.3 1 0
nexus-backend/pkg/host/system_info.go:289.2,289.47 1 0
nexus-backend/pkg/host/system_info.go:293.69,295.16 2 0
nexus-backend/pkg/host/system_info.go:295.16,297.3 1 0
nexus-backend/pkg/host/system_info.go:299.2,300.21 2 0
nexus-backend/pkg/host/system_info.go:300.21,302.3 1 0
nexus-backend/pkg/host/system_info.go:304.2,305.25 2 0
nexus-backend/pkg/host/system_info.go:305.25,307.17 2 0
nexus-backend/pkg/host/system_info.go:307.17,309.4 1 0
nexus-backend/pkg/host/system_info.go:310.3,310.33 1 0
nexus-backend/pkg/host/system_info.go:313.2,313.21 1 0
nexus-backend/pkg/host/system_info.go:317.71,319.16 2 0
nexus-backend/pkg/host/system_info.go:319.16,321.3 1 0
nexus-backend/pkg/host/system_info.go:323.2,325.21 3 0
nexus-backend/pkg/host/system_info.go:325.21,327.42 2 0
nexus-backend/pkg/host/system_info.go:327.42,329.4 1 0
nexus-backend/pkg/host/system_info.go:329.9,329.58 1 0
nexus-backend/pkg/host/system_info.go:329.58,331.4 1 0
nexus-backend/pkg/host/system_info.go:334.2,334.31 1 0
nexus-backend/pkg/host/system_info.go:338.61,346.29 3 0
nexus-backend/pkg/host/system_info.go:346.29,347.48 1 0
nexus-backend/pkg/host/system_info.go:347.48,349.4 1 0
nexus-backend/pkg/host/system_info.go:352.2,352.18 1 0
nexus-backend/pkg/host/system_info.go:356.81,361.59 3 0
nexus-backend/pkg/host/system_info.go:361.59,362.44 1 0
nexus-backend/pkg/host/system_info.go:362.44,365.4 2 0
nexus-backend/pkg/host/system_info.go:369.2,369.47 1 0
nexus-backend/pkg/host/system_info.go:369.47,372.3 2 0
nexus-backend/pkg/host/system_info.go:375.2,375.59 1 0
nexus-backend/pkg/host/system_info.go:375.59,376.44 1 0
nexus-backend/pkg/host/system_info.go:376.44,379.4 2 0
nexus-backend/pkg/host/system_info.go:382.2,382.34 1 0
nexus-backend/pkg/host/system_info.go:386.64,391.16 3 0
nexus-backend/pkg/host/system_info.go:391.16,393.3 1 0
nexus-backend/pkg/host/system_info.go:395.2,396.29 2 0
nexus-backend/pkg/host/system_info.go:396.29,397.44 1 0
nexus-backend/pkg/host/system_info.go:397.44,399.22 2 0
nexus-backend/pkg/host/system_info.go:399.22,401.10 2 0
nexus-backend/pkg/host/system_info.go:407.2,411.49 3 0
nexus-backend/pkg/host/system_info.go:411.49,413.3 1 0
nexus-backend/pkg/host/system_info.go:415.2,415.21 1 0
nexus-backend/pkg/host/system_info.go:419.64,422.16 2 0
nexus-backend/pkg/host/system_info.go:422.16,424.3 1 0
nexus-backend/pkg/host/system_info.go:426.2,427.21 2 0
nexus-backend/pkg/host/system_info.go:427.21,429.3 1 0
nexus-backend/pkg/host/system_info.go:432.2,433.43 2 0
nexus-backend/pkg/host/system_info.go:433.43,435.3 1 0
nexus-backend/pkg/host/system_info.go:438.2,439.44 2 0
nexus-backend/pkg/host/system_info.go:439.44,441.17 2 0
nexus-backend/pkg/host/system_info.go:441.17,442.12 1 0
nexus-backend/pkg/host/system_info.go:444.3,445.13 2 0
nexus-backend/pkg/host/system_info.go:445.13,447.4 1 0
nexus-backend/pkg/host/system_info.go:450.2,450.16 1 0
nexus-backend/pkg/host/system_info.go:450.16,452.3 1 0
nexus-backend/pkg/host/system_info.go:454.2,455.19 2 0
nexus-backend/pkg/host/system_info.go:459.70,461.16 2 0
nexus-backend/pkg/host/system_info.go:461.16,463.3 1 0
nexus-backend/pkg/host/system_info.go:465.2,468.29 3 0
nexus-backend/pkg/host/system_info.go:468.29,470.22 2 0
nexus-backend/pkg/host/system_info.go:470.22,471.12 1 0
nexus-backend/pkg/host/system_info.go:474.3,476.17 3 0
nexus-backend/pkg/host/system_info.go:476.17,477.12 1 0
nexus-backend/pkg/host/system_info.go:481.3,483.14 2 0
nexus-backend/pkg/host/system_info.go:484.19,485.25 1 0
nexus-backend/pkg/host/system_info.go:486.23,487.29 1 0
nexus-backend/pkg/host/system_info.go:488.18,489.24 1 0
nexus-backend/pkg/host/system_info.go:490.17,491.26 1 0
nexus-backend/pkg/host/system_info.go:492.18,493.27 1 0
nexus-backend/pkg/host/system_info.go:497.2,498.23 2 0
nexus-backend/pkg/host/system_info.go:498.23,500.3 1 0
nexus-backend/pkg/host/system_info.go:502.2,502.21 1 0
nexus-backend/pkg/host/system_info.go:506.68,509.16 3 0
nexus-backend/pkg/host/system_info.go:509.16,511.3 1 0
nexus-backend/pkg/host/system_info.go:513.2,516.29 3 0
nexus-backend/pkg/host/system_info.go:516.29,517.27 1 0
nexus-backend/pkg/host/system_info.go:517.27,518.12 1 0
nexus-backend/pkg/host/system_info.go:521.3,522.22 2 0
nexus-backend/pkg/host/system_info.go:522.22,523.12 1 0
nexus-backend/pkg/host/system_info.go:527.3,529.43 1 0
nexus-backend/pkg/host/system_info.go:529.43,530.12 1 0
nexus-backend/pkg/host/system_info.go:533.3,540.57 2 0
nexus-backend/pkg/host/system_info.go:540.57,542.4 1 0
nexus-backend/pkg/host/system_info.go:543.3,543.56 1 0
nexus-backend/pkg/host/system_info.go:543.56,545.4 1 0
nexus-backend/pkg/host/system_info.go:546.3,546.61 1 0
nexus-backend/pkg/host/system_info.go:546.61,548.4 1 0
nexus-backend/pkg/host/system_info.go:551.3,552.65 2 0
nexus-backend/pkg/host/system_info.go:552.65,554.4 1 0
nexus-backend/pkg/host/system_info.go:556.3,556.42 1 0
nexus-backend/pkg/host/system_info.go:559.2,559.23 1 0
nexus-backend/pkg/host/system_info.go:563.75,564.23 1 0
nexus-backend/pkg/host/system_info.go:564.23,566.3 1 0
nexus-backend/pkg/host/system_info.go:569.2,573.16 4 0
nexus-backend/pkg/host/system_info.go:573.16,575.3 1 0
nexus-backend/pkg/host/system_info.go:577.2,578.31 2 0
nexus-backend/pkg/host/system_info.go:579.11,580.20 1 0
nexus-backend/pkg/host/system_info.go:581.11,582.27 1 0
nexus-backend/pkg/host/system_info.go:583.11,584.34 1 0
nexus-backend/pkg/host/system_info.go:585.11,586.41 1 0
nexus-backend/pkg/host/system_info.go:587.10,589.65 1 0
nexus-backend/pkg/host/system_info.go:589.65,591.4 1 0
nexus-backend/pkg/host/system_info.go:592.3,592.49 1 0
nexus-backend/pkg/host/system_info.go:595.2,595.49 1 0
nexus-backend/pkg/p2p/dve_p2p_manager.go:149.88,158.16 3 0
nexus-backend/pkg/p2p/dve_p2p_manager.go:158.16,161.3 2 0
nexus-backend/pkg/p2p/dve_p2p_manager.go:164.2,165.16 2 0
nexus-backend/pkg/p2p/dve_p2p_manager.go:165.16,168.3 2 0
nexus-backend/pkg/p2p/dve_p2p_manager.go:171.2,172.16 2 0
nexus-backend/pkg/p2p/dve_p2p_manager.go:172.16,175.3 2 0
nexus-backend/pkg/p2p/dve_p2p_manager.go:177.2,194.46 3 0
nexus-backend/pkg/p2p/dve_p2p_manager.go:194.46,197.3 2 0
nexus-backend/pkg/p2p/dve_p2p_manager.go:199.2,199.21 1 0
nexus-backend/pkg/p2p/dve_p2p_manager.go:203.47,213.16 6 0
nexus-backend/pkg/p2p/dve_p2p_manager.go:213.16,215.3 1 0
nexus-backend/pkg/p2p/dve_p2p_manager.go:217.2,218.16 2 0
nexus-backend/pkg/p2p/dve_p2p_manager.go:218.16,220.3 1 0
nexus-backend/pkg/p2p/dve_p2p_manager.go:222.2,223.16 2 0
nexus-backend/pkg/p2p/dve_p2p_manager.go:223.16,225.3 1 0
nexus-backend/pkg/p2p/dve_p2p_manager.go:228.2,229.16 2 0
nexus-backend/pkg/p2p/dve_p2p_manager.go:229.16,231.3 1 0
nexus-backend/pkg/p2p/dve_p2p_manager.go:233.2,234.16 2 0
nexus-backend/pkg/p2p/dve_p2p_manager.go:234.16,236.3 1 0
nexus-backend/pkg/p2p/dve_p2p_manager.go:238.2,239.16 2 0
nexus-backend/pkg/p2p/dve_p2p_manager.go:239.16,241.3 1 0
nexus-backend/pkg/p2p/dve_p2p_manager.go:244.2,245.16 2 0
nexus-backend/pkg/p2p/dve_p2p_manager.go:245.16,247.3 1 0
nexus-backend/pkg/p2p/dve_p2p_manager.go:250.2,251.16 2 0
nexus-backend/pkg/p2p/dve_p2p_manager.go:251.16,253.3 1 0
nexus-backend/pkg/p2p/dve_p2p_manager.go:256.2,257.16 2 0
nexus-backend/pkg/p2p/dve_p2p_manager.go:257.16,259.3 1 0
nexus-backend/pkg/p2p/dve_p2p_manager.go:262.2,263.16 2 0
nexus-backend/pkg/p2p/dve_p2p_manager.go:263.16,265.3 1 0
nexus-backend/pkg/p2p/dve_p2p_manager.go:267.2,271.12 2 0
nexus-backend/pkg/p2p/dve_p2p_manager.go:275.35,298.2 11 0
nexus-backend/pkg/p2p/dve_p2p_manager.go:301.34,306.21 3 0
nexus-backend/pkg/p2p/dve_p2p_manager.go:306.21,308.3 1 0
nexus-backend/pkg/p2p/dve_p2p_manager.go:310.2,310.59 1 0
nexus-backend/pkg/p2p/dve_p2p_manager.go:314.94,318.2 3 0
nexus-backend/pkg/p2p/dve_p2p_manager.go:321.88,332.16 3 0
nexus-backend/pkg/p2p/dve_p2p_manager.go:332.16,334.3 1 0
nexus-backend/pkg/p2p/dve_p2p_manager.go:336.2,337.16 2 0
nexus-backend/pkg/p2p/dve_p2p_manager.go:337.16,339.3 1 0
nexus-backend/pkg/p2p/dve_p2p_manager.go:341.2,342.12 2 0
nexus-backend/pkg/p2p/dve_p2p_manager.go:346.92,357.16 3 0
nexus-backend/pkg/p2p/dve_p2p_manager.go:357.16,359.3 1 0
nexus-backend/pkg/p2p/dve_p2p_manager.go:361.2,362.16 2 0
nexus-backend/pkg/p2p/dve_p2p_manager.go:362.16,364.3 1 0
nexus-backend/pkg/p2p/dve_p2p_manager.go:366.2,367.12 2 0
nexus-backend/pkg/p2p/dve_p2p_manager.go:371.68,393.16 4 0
nexus-backend/pkg/p2p/dve_p2p_manager.go:393.16,395.3 1 0
nexus-backend/pkg/p2p/dve_p2p_manager.go:397.2,398.16 2 0
nexus-backend/pkg/p2p/dve_p2p_manager.go:398.16,400.3 1 0
nexus-backend/pkg/p2p/dve_p2p_manager.go:402.2,403.12 2 0
nexus-backend/pkg/p2p/dve_p2p_manager.go:407.54,408.6 1 0
nexus-backend/pkg/p2p/dve_p2p_manager.go:408.6,409.10 1 0
nexus-backend/pkg/p2p/dve_p2p_manager.go:410.25,411.10 1 0
nexus-backend/pkg/p2p/dve_p2p_manager.go:412.11,414.18 2 0
nexus-backend/pkg/p2p/dve_p2p_manager.go:414.18,415.29 1 0
nexus-backend/pkg/p2p/dve_p2p_manager.go:415.29,417.6 1 0
nexus-backend/pkg/p2p/dve_p2p_manager.go:418.5,419.13 2 0
nexus-backend/pkg/p2p/dve_p2p_manager.go:423.4,423.41 1 0
nexus-backend/pkg/p2p/dve_p2p_manager.go:423.41,424.13 1 0
nexus-backend/pkg/p2p/dve_p2p_manager.go:427.4,428.60 2 0
nexus-backend/pkg/p2p/dve_p2p_manager.go:428.60,430.13 2 0
nexus-backend/pkg/p2p/dve_p2p_manager.go:434.4,434.30 1 0
nexus-backend/pkg/p2p/dve_p2p_manager.go:440.53,441.6 1 0
nexus-backend/pkg/p2p/dve_p2p_manager.go:441.6,442.10 1 0
nexus-backend/pkg/p2p/dve_p2p_manager.go:443.25,444.10 1 0
nexus-backend/pkg/p2p/dve_p2p_manager.go:445.11,447.18 2 0
nexus-backend/pkg/p2p/dve_p2p_manager.go:447.18,448.29 1 0
nexus-backend/pkg/p2p/dve_p2p_manager.go:448.29,450.6 1 0
nexus-backend/pkg/p2p/dve_p2p_manager.go:451.5,452.13 2 0
nexus-backend/pkg/p2p/dve_p2p_manager.go:456.4,456.41 1 0
nexus-backend/pkg/p2p/dve_p2p_manager.go:456.41,457.13 1 0
nexus-backend/pkg/p2p/dve_p2p_manager.go:460.4,461.60 2 0
nexus-backend/pkg/p2p/dve_p2p_manager.go:461.60,463.13 2 0
nexus-backend/pkg/p2p/dve_p2p_manager.go:467.4,467.30 1 0
nexus-backend/pkg/p2p/dve_p2p_manager.go:473.53,474.6 1 0
nexus-backend/pkg/p2p/dve_p2p_manager.go:474.6,475.10 1 0
nexus-backend/pkg/p2p/dve_p2p_manager.go:476.25,477.10 1 0
nexus-backend/pkg/p2p/dve_p2p_manager.go:478.11,480.18 2 0
nexus-backend/pkg/p2p/dve_p2p_manager.go:480.18,481.29 1 0
nexus-backend/pkg/p2p/dve_p2p_manager.go:481.29,483.6 1 0
nexus-backend/pkg/p2p/dve_p2p_manager.go:484.5,485.13 2 0
nexus-backend/pkg/p2p/dve_p2p_manager.go:489.4,489.41 1 0
nexus-backend/pkg/p2p/dve_p2p_manager.go:489.41,490.13 1 0
nexus-backend/pkg/p2p/dve_p2p_manager.go:493.4,494.60 2 0
nexus-backend/pkg/p2p/dve_p2p_manager.go:494.60,496.13 2 0
nexus-backend/pkg/p2p/dve_p2p_manager.go:500.4,500.30 1 0
nexus-backend/pkg/p2p/dve_p2p_manager.go:506.65,511.12 4 0
nexus-backend/pkg/p2p/dve_p2p_manager.go:511.12,512.61 1 0
nexus-backend/pkg/p2p/dve_p2p_manager.go:512.61,514.4 1 0
nexus-backend/pkg/p2p/dve_p2p_manager.go:515.8,517.3 1 0
nexus-backend/pkg/p2p/dve_p2p_manager.go:521.43,525.6 3 0
nexus-backend/pkg/p2p/dve_p2p_manager.go:525.6,526.10 1 0
nexus-backend/pkg/p2p/dve_p2p_manager.go:527.25,528.10 1 0
nexus-backend/pkg/p2p/dve_p2p_manager.go:529.19,531.22 1 0
nexus-backend/pkg/p2p/dve_p2p_manager.go:537.42,542.16 3 0
nexus-backend/pkg/p2p/dve_p2p_manager.go:542.16,545.3 2 0
nexus-backend/pkg/p2p/dve_p2p_manager.go:548.2,554.37 5 0
nexus-backend/pkg/p2p/dve_p2p_manager.go:554.37,556.3 1 0
nexus-backend/pkg/p2p/dve_p2p_manager.go:558.2,561.43 2 0
nexus-backend/pkg/p2p/dve_p2p_manager.go:561.43,562.35 1 0
nexus-backend/pkg/p2p/dve_p2p_manager.go:562.35,563.12 1 0
nexus-backend/pkg/p2p/dve_p2p_manager.go:567.3,571.17 4 0
nexus-backend/pkg/p2p/dve_p2p_manager.go:571.17,573.4 1 0
nexus-backend/pkg/p2p/dve_p2p_manager.go:573.9,575.4 1 0
nexus-backend/pkg/p2p/dve_p2p_manager.go:580.85,583.16 2 0
nexus-backend/pkg/p2p/dve_p2p_manager.go:583.16,585.3 1 0
nexus-backend/pkg/p2p/dve_p2p_manager.go:588.2,588.41 1 0
nexus-backend/pkg/p2p/dve_p2p_manager.go:592.50,595.16 2 0
nexus-backend/pkg/p2p/dve_p2p_manager.go:595.16,598.3 2 0
nexus-backend/pkg/p2p/dve_p2p_manager.go:601.2,601.60 1 0
nexus-backend/pkg/p2p/dve_p2p_manager.go:601.60,604.3 2 0
nexus-backend/pkg/p2p/dve_p2p_manager.go:606.2,606.68 1 0
nexus-backend/pkg/p2p/dve_p2p_manager.go:610.42,614.6 3 0
nexus-backend/pkg/p2p/dve_p2p_manager.go:614.6,615.10 1 0
nexus-backend/pkg/p2p/dve_p2p_manager.go:616.25,617.10 1 0
nexus-backend/pkg/p2p/dve_p2p_manager.go:618.19,620.29 1 0
nexus-backend/pkg/p2p/dve_p2p_manager.go:626.49,629.2 1 0
nexus-backend/pkg/p2p/dve_p2p_manager.go:632.43,636.6 3 0
nexus-backend/pkg/p2p/dve_p2p_manager.go:636.6,637.10 1 0
nexus-backend/pkg/p2p/dve_p2p_manager.go:638.25,639.10 1 0
nexus-backend/pkg/p2p/dve_p2p_manager.go:640.19,641.28 1 0
nexus-backend/pkg/p2p/dve_p2p_manager.go:647.48,665.16 4 0
nexus-backend/pkg/p2p/dve_p2p_manager.go:665.16,668.3 2 0
nexus-backend/pkg/p2p/dve_p2p_manager.go:670.2,670.61 1 0
nexus-backend/pkg/p2p/dve_p2p_manager.go:670.61,672.3 1 0
nexus-backend/pkg/p2p/dve_p2p_manager.go:676.65,680.31 3 0
nexus-backend/pkg/p2p/dve_p2p_manager.go:680.31,682.21 2 0
nexus-backend/pkg/p2p/dve_p2p_manager.go:682.21,690.4 2 0
nexus-backend/pkg/p2p/dve_p2p_manager.go:693.2,693.18 1 0
nexus-backend/pkg/p2p/dve_p2p_manager.go:697.72,710.2 3 0
nexus-backend/pkg/p2p/dve_p2p_manager.go:713.50,714.6 1 0
nexus-backend/pkg/p2p/dve_p2p_manager.go:714.6,715.10 1 0
nexus-backend/pkg/p2p/dve_p2p_manager.go:716.25,717.10 1 0
nexus-backend/pkg/p2p/dve_p2p_manager.go:718.11,720.18 2 0
nexus-backend/pkg/p2p/dve_p2p_manager.go:720.18,721.29 1 0
nexus-backend/pkg/p2p/dve_p2p_manager.go:721.29,723.6 1 0
nexus-backend/pkg/p2p/dve_p2p_manager.go:724.5,724.13 1 0
nexus-backend/pkg/p2p/dve_p2p_manager.go:728.4,728.41 1 0
nexus-backend/pkg/p2p/dve_p2p_manager.go:728.41,729.13 1 0
nexus-backend/pkg/p2p/dve_p2p_manager.go:733.4,734.64 2 0
nexus-backend/pkg/p2p/dve_p2p_manager.go:734.64,736.13 2 0
nexus-backend/pkg/p2p/dve_p2p_manager.go:739.4,742.27 2 0
nexus-backend/pkg/p2p/dve_p2p_manager.go:743.24,744.74 1 0
nexus-backend/pkg/p2p/dve_p2p_manager.go:745.25,746.75 1 0
nexus-backend/pkg/p2p/dve_p2p_manager.go:747.12,748.100 1 0
nexus-backend/pkg/p2p/dve_p2p_manager.go:755.88,758.16 2 0
nexus-backend/pkg/p2p/dve_p2p_manager.go:758.16,761.3 2 0
nexus-backend/pkg/p2p/dve_p2p_manager.go:763.2,764.68 2 0
nexus-backend/pkg/p2p/dve_p2p_manager.go:764.68,767.3 2 0
nexus-backend/pkg/p2p/dve_p2p_manager.go:769.2,784.97 8 0
nexus-backend/pkg/p2p/dve_p2p_manager.go:788.89,794.2 4 0
nexus-backend/pkg/p2p/dve_p2p_manager.go:797.50,801.60 3 0
nexus-backend/pkg/p2p/dve_p2p_manager.go:801.60,809.3 6 0
nexus-backend/pkg/p2p/dve_p2p_manager.go:811.2,811.26 1 0
nexus-backend/pkg/p2p/dve_p2p_manager.go:815.52,816.6 1 0
nexus-backend/pkg/p2p/dve_p2p_manager.go:816.6,817.10 1 0
nexus-backend/pkg/p2p/dve_p2p_manager.go:818.25,819.10 1 0
nexus-backend/pkg/p2p/dve_p2p_manager.go:820.11,822.18 2 0
nexus-backend/pkg/p2p/dve_p2p_manager.go:822.18,823.29 1 0
nexus-backend/pkg/p2p/dve_p2p_manager.go:823.29,825.6 1 0
nexus-backend/pkg/p2p/dve_p2p_manager.go:826.5,826.13 1 0
nexus-backend/pkg/p2p/dve_p2p_manager.go:830.4,830.41 1 0
nexus-backend/pkg/p2p/dve_p2p_manager.go:830.41,831.13 1 0
nexus-backend/pkg/p2p/dve_p2p_manager.go:835.4,836.60 2 0
nexus-backend/pkg/p2p/dve_p2p_manager.go:836.60,838.13 2 0
nexus-backend/pkg/p2p/dve_p2p_manager.go:841.4,845.23 2 0
nexus-backend/pkg/p2p/dve_p2p_manager.go:846.30,847.53 1 0
nexus-backend/pkg/p2p/dve_p2p_manager.go:848.29,849.52 1 0
nexus-backend/pkg/p2p/dve_p2p_manager.go:850.23,851.46 1 0
nexus-backend/pkg/p2p/dve_p2p_manager.go:852.12,853.89 1 0
nexus-backend/pkg/p2p/dve_p2p_manager.go:860.92,863.2 1 0
nexus-backend/pkg/p2p/dve_p2p_manager.go:866.91,869.2 1 0
nexus-backend/pkg/p2p/dve_p2p_manager.go:872.85,875.2 1 0
nexus-backend/pkg/p2p/dve_p2p_manager.go:878.146,879.27 1 0
nexus-backend/pkg/p2p/dve_p2p_manager.go:879.27,881.3 1 0
nexus-backend/pkg/p2p/dve_p2p_manager.go:883.2,901.49 3 0
nexus-backend/pkg/p2p/dve_p2p_manager.go:905.137,906.27 1 0
nexus-backend/pkg/p2p/dve_p2p_manager.go:906.27,908.3 1 0
nexus-backend/pkg/p2p/dve_p2p_manager.go:910.2,928.49 3 0
nexus-backend/pkg/p2p/dve_p2p_manager.go:932.140,933.27 1 0
nexus-backend/pkg/p2p/dve_p2p_manager.go:933.27,935.3 1 0
nexus-backend/pkg/p2p/dve_p2p_manager.go:937.2,955.49 3 0
nexus-backend/pkg/p2p/dve_p2p_manager.go:959.93,961.16 2 0
nexus-backend/pkg/p2p/dve_p2p_manager.go:961.16,963.3 1 0
nexus-backend/pkg/p2p/dve_p2p_manager.go:965.2,965.76 1 0
nexus-backend/pkg/p2p/dve_p2p_manager.go:965.76,967.3 1 0
nexus-backend/pkg/p2p/dve_p2p_manager.go:969.2,971.12 2 0
nexus-backend/internal/database/buntdb.go:39.53,41.51 1 0
nexus-backend/internal/database/buntdb.go:41.51,43.47 2 0
nexus-backend/internal/database/buntdb.go:43.47,45.4 1 0
nexus-backend/internal/database/buntdb.go:48.2,49.16 2 0
nexus-backend/internal/database/buntdb.go:49.16,51.3 1 0
nexus-backend/internal/database/buntdb.go:53.2,69.61 3 0
nexus-backend/internal/database/buntdb.go:69.61,72.3 2 0
nexus-backend/internal/database/buntdb.go:75.2,75.48 1 0
nexus-backend/internal/database/buntdb.go:75.48,79.3 3 0
nexus-backend/internal/database/buntdb.go:82.2,84.21 2 0
nexus-backend/internal/database/buntdb.go:88.48,89.48 1 0
nexus-backend/internal/database/buntdb.go:89.48,145.3 35 0
nexus-backend/internal/database/buntdb.go:149.45,151.2 1 0
nexus-backend/internal/database/buntdb.go:154.40,159.22 3 0
nexus-backend/internal/database/buntdb.go:159.22,161.3 1 0
nexus-backend/internal/database/buntdb.go:164.2,164.35 1 0
nexus-backend/internal/database/buntdb.go:164.35,165.50 1 0
nexus-backend/internal/database/buntdb.go:165.50,167.4 1 0
nexus-backend/internal/database/buntdb.go:171.2,171.18 1 0
nexus-backend/internal/database/buntdb.go:171.18,173.3 1 0
nexus-backend/internal/database/buntdb.go:175.2,175.12 1 0
nexus-backend/internal/database/buntdb.go:179.72,180.48 1 0
nexus-backend/internal/database/buntdb.go:180.48,182.17 2 0
nexus-backend/internal/database/buntdb.go:182.17,184.4 1 0
nexus-backend/internal/database/buntdb.go:185.3,186.13 2 0
nexus-backend/internal/database/buntdb.go:191.70,192.46 1 0
nexus-backend/internal/database/buntdb.go:192.46,194.17 2 0
nexus-backend/internal/database/buntdb.go:194.17,196.4 1 0
nexus-backend/internal/database/buntdb.go:197.3,197.45 1 0
nexus-backend/internal/database/buntdb.go:202.54,203.48 1 0
nexus-backend/internal/database/buntdb.go:203.48,206.3 2 0
nexus-backend/internal/database/buntdb.go:210.69,212.46 2 0
nexus-backend/internal/database/buntdb.go:212.46,213.58 1 0
nexus-backend/internal/database/buntdb.go:213.58,216.4 2 0
nexus-backend/internal/database/buntdb.go:218.2,218.18 1 0
nexus-backend/internal/database/buntdb.go:222.65,224.46 2 0
nexus-backend/internal/database/buntdb.go:224.46,225.58 1 0
nexus-backend/internal/database/buntdb.go:225.58,228.4 2 0
nexus-backend/internal/database/buntdb.go:230.2,230.19 1 0
nexus-backend/internal/database/buntdb.go:234.81,235.48 1 0
nexus-backend/internal/database/buntdb.go:235.48,239.3 3 0
nexus-backend/internal/database/buntdb.go:243.71,245.2 1 0
nexus-backend/internal/database/buntdb.go:248.75,250.2 1 0
nexus-backend/internal/database/buntdb.go:253.50,259.6 5 0
nexus-backend/internal/database/buntdb.go:259.6,260.10 1 0
nexus-backend/internal/database/buntdb.go:261.24,262.10 1 0
nexus-backend/internal/database/buntdb.go:263.25,264.27 1 0
nexus-backend/internal/database/buntdb.go:265.25,266.21 1 0
nexus-backend/internal/database/buntdb.go:266.21,267.51 1 0
nexus-backend/internal/database/buntdb.go:267.51,269.6 1 0
nexus-backend/internal/database/buntdb.go:276.47,281.46 3 0
nexus-backend/internal/database/buntdb.go:281.46,284.53 2 0
nexus-backend/internal/database/buntdb.go:284.53,287.4 2 0
nexus-backend/internal/database/buntdb.go:290.2,293.19 3 0
nexus-backend/internal/database/buntdb.go:293.19,295.3 1 0
nexus-backend/internal/database/buntdb.go:299.60,300.20 1 0
nexus-backend/internal/database/buntdb.go:300.20,302.3 1 0
nexus-backend/internal/database/buntdb.go:304.2,309.16 4 0
nexus-backend/internal/database/buntdb.go:309.16,311.3 1 0
nexus-backend/internal/database/buntdb.go:312.2,315.45 2 0
nexus-backend/internal/database/buntdb.go:315.45,318.17 2 0
nexus-backend/internal/database/buntdb.go:318.17,320.4 1 0
nexus-backend/internal/database/buntdb.go:321.3,324.53 2 0
nexus-backend/internal/database/buntdb.go:324.53,325.54 1 0
nexus-backend/internal/database/buntdb.go:325.54,328.5 2 0
nexus-backend/internal/database/buntdb.go:330.3,330.17 1 0
nexus-backend/internal/database/buntdb.go:330.17,332.4 1 0
nexus-backend/internal/database/buntdb.go:335.3,335.33 1 0
nexus-backend/internal/database/buntdb.go:338.2,338.16 1 0
nexus-backend/internal/database/buntdb.go:338.16,341.3 2 0
nexus-backend/internal/database/buntdb.go:343.2,348.12 3 0
nexus-backend/internal/database/buntdb.go:352.46,354.16 2 0
nexus-backend/internal/database/buntdb.go:354.16,357.3 2 0
nexus-backend/internal/database/buntdb.go:359.2,359.33 1 0
nexus-backend/internal/database/buntdb.go:359.33,361.3 1 0
nexus-backend/internal/database/buntdb.go:364.2,370.29 3 0
nexus-backend/internal/database/buntdb.go:370.29,371.45 1 0
nexus-backend/internal/database/buntdb.go:371.45,376.4 1 0
nexus-backend/internal/database/buntdb.go:380.2,380.40 1 0
nexus-backend/internal/database/buntdb.go:380.40,381.43 1 0
nexus-backend/internal/database/buntdb.go:381.43,382.56 1 0
nexus-backend/internal/database/buntdb.go:382.56,384.5 1 0
nexus-backend/internal/database/buntdb.go:389.2,390.32 2 0
nexus-backend/internal/database/buntdb.go:390.32,391.54 1 0
nexus-backend/internal/database/buntdb.go:391.54,393.4 1 0
nexus-backend/internal/database/buntdb.go:393.9,395.4 1 0
nexus-backend/internal/database/buntdb.go:400.46,402.49 1 0
nexus-backend/internal/database/buntdb.go:402.49,404.3 1 0
nexus-backend/internal/database/buntdb.go:407.2,408.16 2 0
nexus-backend/internal/database/buntdb.go:408.16,410.3 1 0
nexus-backend/internal/database/buntdb.go:411.2,415.16 3 0
nexus-backend/internal/database/buntdb.go:415.16,417.3 1 0
nexus-backend/internal/database/buntdb.go:419.2,419.42 1 0
nexus-backend/internal/database/buntdb.go:419.42,421.3 1 0
nexus-backend/internal/database/buntdb.go:424.2,425.16 2 0
nexus-backend/internal/database/buntdb.go:425.16,427.3 1 0
nexus-backend/internal/database/buntdb.go:428.2,430.12 2 0
nexus-backend/internal/database/buntdb.go:434.41,442.37 5 0
nexus-backend/internal/database/buntdb.go:442.37,445.64 2 0
nexus-backend/internal/database/buntdb.go:445.64,447.4 1 0
nexus-backend/internal/database/buntdb.go:448.3,448.13 1 0
nexus-backend/internal/database/buntdb.go:452.2,455.33 3 0
nexus-backend/internal/database/buntdb.go:455.33,456.47 1 0
nexus-backend/internal/database/buntdb.go:456.47,457.40 1 0
nexus-backend/internal/database/buntdb.go:457.40,460.5 2 0
nexus-backend/internal/database/buntdb.go:464.2,464.24 1 0
nexus-backend/internal/database/buntdb.go:464.24,466.3 1 0
nexus-backend/internal/database/buntdb.go:468.2,472.16 3 0
nexus-backend/internal/database/buntdb.go:472.16,474.3 1 0
nexus-backend/internal/database/buntdb.go:475.2,478.16 3 0
nexus-backend/internal/database/buntdb.go:478.16,480.3 1 0
nexus-backend/internal/database/buntdb.go:481.2,483.45 2 0
nexus-backend/internal/database/buntdb.go:483.45,485.3 1 0
nexus-backend/internal/database/buntdb.go:487.2,488.12 2 0
nexus-backend/internal/services/dns/dynamic_dns_service.go:76.114,78.37 1 4
nexus-backend/internal/services/dns/dynamic_dns_service.go:78.37,80.3 1 0
nexus-backend/internal/services/dns/dynamic_dns_service.go:82.2,82.27 1 4
nexus-backend/internal/services/dns/dynamic_dns_service.go:82.27,84.3 1 0
nexus-backend/internal/services/dns/dynamic_dns_service.go:87.2,87.32 1 4
nexus-backend/internal/services/dns/dynamic_dns_service.go:87.32,89.3 1 0
nexus-backend/internal/services/dns/dynamic_dns_service.go:90.2,90.37 1 4
nexus-backend/internal/services/dns/dynamic_dns_service.go:90.37,92.3 1 0
nexus-backend/internal/services/dns/dynamic_dns_service.go:93.2,93.37 1 4
nexus-backend/internal/services/dns/dynamic_dns_service.go:93.37,95.3 1 4
nexus-backend/internal/services/dns/dynamic_dns_service.go:96.2,96.28 1 4
nexus-backend/internal/services/dns/dynamic_dns_service.go:96.28,98.3 1 4
nexus-backend/internal/services/dns/dynamic_dns_service.go:99.2,99.28 1 4
nexus-backend/internal/services/dns/dynamic_dns_service.go:99.28,101.3 1 4
nexus-backend/internal/services/dns/dynamic_dns_service.go:102.2,102.31 1 4
nexus-backend/internal/services/dns/dynamic_dns_service.go:102.31,104.3 1 4
nexus-backend/internal/services/dns/dynamic_dns_service.go:106.2,110.46 3 4
nexus-backend/internal/services/dns/dynamic_dns_service.go:110.46,112.3 1 4
nexus-backend/internal/services/dns/dynamic_dns_service.go:114.2,122.21 2 4
nexus-backend/internal/services/dns/dynamic_dns_service.go:126.45,130.19 3 4
nexus-backend/internal/services/dns/dynamic_dns_service.go:130.19,132.3 1 1
nexus-backend/internal/services/dns/dynamic_dns_service.go:135.2,142.12 6 3
nexus-backend/internal/services/dns/dynamic_dns_service.go:146.44,150.20 3 4
nexus-backend/internal/services/dns/dynamic_dns_service.go:150.20,152.3 1 1
nexus-backend/internal/services/dns/dynamic_dns_service.go:154.2,159.12 4 3
nexus-backend/internal/services/dns/dynamic_dns_service.go:163.50,167.6 3 3
nexus-backend/internal/services/dns/dynamic_dns_service.go:167.6,168.10 1 3
nexus-backend/internal/services/dns/dynamic_dns_service.go:169.25,170.10 1 3
nexus-backend/internal/services/dns/dynamic_dns_service.go:171.19,172.26 1 0
nexus-backend/internal/services/dns/dynamic_dns_service.go:178.50,181.16 2 0
nexus-backend/internal/services/dns/dynamic_dns_service.go:181.16,185.3 3 0
nexus-backend/internal/services/dns/dynamic_dns_service.go:187.2,192.15 5 0
nexus-backend/internal/services/dns/dynamic_dns_service.go:192.15,194.57 2 0
nexus-backend/internal/services/dns/dynamic_dns_service.go:194.57,197.4 2 0
nexus-backend/internal/services/dns/dynamic_dns_service.go:197.9,204.29 5 0
nexus-backend/internal/services/dns/dynamic_dns_service.go:204.29,215.5 1 0
nexus-backend/internal/services/dns/dynamic_dns_service.go:221.68,224.16 2 0
nexus-backend/internal/services/dns/dynamic_dns_service.go:224.16,226.3 1 0
nexus-backend/internal/services/dns/dynamic_dns_service.go:229.2,229.50 1 0
nexus-backend/internal/services/dns/dynamic_dns_service.go:229.50,231.32 2 0
nexus-backend/internal/services/dns/dynamic_dns_service.go:231.32,233.4 1 0
nexus-backend/internal/services/dns/dynamic_dns_service.go:233.9,233.46 1 0
nexus-backend/internal/services/dns/dynamic_dns_service.go:233.46,235.4 1 0
nexus-backend/internal/services/dns/dynamic_dns_service.go:235.9,236.12 1 0
nexus-backend/internal/services/dns/dynamic_dns_service.go:239.3,248.68 2 0
nexus-backend/internal/services/dns/dynamic_dns_service.go:248.68,250.12 2 0
nexus-backend/internal/services/dns/dynamic_dns_service.go:253.3,253.111 1 0
nexus-backend/internal/services/dns/dynamic_dns_service.go:256.2,256.12 1 0
nexus-backend/internal/services/dns/dynamic_dns_service.go:260.103,264.64 3 0
nexus-backend/internal/services/dns/dynamic_dns_service.go:264.64,265.18 1 0
nexus-backend/internal/services/dns/dynamic_dns_service.go:265.18,268.4 2 0
nexus-backend/internal/services/dns/dynamic_dns_service.go:270.3,271.17 2 0
nexus-backend/internal/services/dns/dynamic_dns_service.go:271.17,273.4 1 0
nexus-backend/internal/services/dns/dynamic_dns_service.go:275.3,276.100 2 0
nexus-backend/internal/services/dns/dynamic_dns_service.go:279.2,279.85 1 0
nexus-backend/internal/services/dns/dynamic_dns_service.go:283.49,284.70 1 3
nexus-backend/internal/services/dns/dynamic_dns_service.go:284.70,286.3 1 3
nexus-backend/internal/services/dns/dynamic_dns_service.go:288.2,291.6 3 0
nexus-backend/internal/services/dns/dynamic_dns_service.go:291.6,292.10 1 0
nexus-backend/internal/services/dns/dynamic_dns_service.go:293.25,294.10 1 0
nexus-backend/internal/services/dns/dynamic_dns_service.go:295.19,296.28 1 0
nexus-backend/internal/services/dns/dynamic_dns_service.go:302.52,308.27 2 0
nexus-backend/internal/services/dns/dynamic_dns_service.go:308.27,318.3 1 0
nexus-backend/internal/services/dns/dynamic_dns_service.go:322.49,326.6 3 3
nexus-backend/internal/services/dns/dynamic_dns_service.go:326.6,327.10 1 3
nexus-backend/internal/services/dns/dynamic_dns_service.go:328.25,329.10 1 3
nexus-backend/internal/services/dns/dynamic_dns_service.go:330.19,331.21 1 0
nexus-backend/internal/services/dns/dynamic_dns_service.go:337.45,341.16 3 0
nexus-backend/internal/services/dns/dynamic_dns_service.go:341.16,344.3 2 0
nexus-backend/internal/services/dns/dynamic_dns_service.go:346.2,346.56 1 0
nexus-backend/internal/services/dns/dynamic_dns_service.go:346.56,349.3 2 0
nexus-backend/internal/services/dns/dynamic_dns_service.go:349.8,354.3 4 0
nexus-backend/internal/services/dns/dynamic_dns_service.go:358.68,362.2 1 0
nexus-backend/internal/services/dns/dynamic_dns_service.go:365.66,378.2 3 2
nexus-backend/internal/services/dns/dynamic_dns_service.go:381.48,385.2 3 0
nexus-backend/internal/services/dns/handlers.go:30.91,56.36 4 0
nexus-backend/internal/services/dns/handlers.go:56.36,60.3 2 0
nexus-backend/internal/services/dns/handlers.go:62.2,62.38 1 0
nexus-backend/internal/services/dns/handlers.go:66.92,68.20 2 0
nexus-backend/internal/services/dns/handlers.go:68.20,71.3 2 0
nexus-backend/internal/services/dns/handlers.go:73.2,74.61 2 0
nexus-backend/internal/services/dns/handlers.go:74.61,77.3 2 0
nexus-backend/internal/services/dns/handlers.go:79.2,79.57 1 0
nexus-backend/internal/services/dns/handlers.go:79.57,82.3 2 0
nexus-backend/internal/services/dns/handlers.go:85.2,85.18 1 0
nexus-backend/internal/services/dns/handlers.go:85.18,87.3 1 0
nexus-backend/internal/services/dns/handlers.go:91.2,100.42 2 0
nexus-backend/internal/services/dns/handlers.go:104.89,106.20 2 0
nexus-backend/internal/services/dns/handlers.go:106.20,109.3 2 0
nexus-backend/internal/services/dns/handlers.go:111.2,125.37 4 0
nexus-backend/internal/services/dns/handlers.go:129.92,131.20 2 0
nexus-backend/internal/services/dns/handlers.go:131.20,134.3 2 0
nexus-backend/internal/services/dns/handlers.go:136.2,140.61 4 0
nexus-backend/internal/services/dns/handlers.go:140.61,143.3 2 0
nexus-backend/internal/services/dns/handlers.go:145.2,145.21 1 0
nexus-backend/internal/services/dns/handlers.go:145.21,148.3 2 0
nexus-backend/internal/services/dns/handlers.go:152.2,161.37 2 0
nexus-backend/internal/services/dns/handlers.go:165.92,167.20 2 0
nexus-backend/internal/services/dns/handlers.go:167.20,170.3 2 0
nexus-backend/internal/services/dns/handlers.go:172.2,179.94 4 0
nexus-backend/internal/services/dns/handlers.go:185.89,209.2 2 0
nexus-backend/internal/services/dns/handlers.go:214.89,225.2 2 0
nexus-backend/internal/services/dns/handlers.go:230.73,234.2 3 0
nexus-backend/internal/services/dns/handlers.go:237.72,241.2 3 0
nexus-backend/internal/services/dns/routes.go:12.103,36.88 12 0
nexus-backend/internal/services/dns/routes.go:36.88,38.3 1 0
nexus-backend/internal/web/middleware/auth.go:49.95,50.21 1 0
nexus-backend/internal/web/middleware/auth.go:50.21,52.3 1 0
nexus-backend/internal/web/middleware/auth.go:54.2,57.8 1 0
nexus-backend/internal/web/middleware/auth.go:61.112,77.2 3 0
nexus-backend/internal/web/middleware/auth.go:80.82,81.108 1 0
nexus-backend/internal/web/middleware/auth.go:81.108,82.58 1 0
nexus-backend/internal/web/middleware/auth.go:82.58,84.4 1 0
nexus-backend/internal/web/middleware/auth.go:85.3,85.27 1 0
nexus-backend/internal/web/middleware/auth.go:88.2,88.16 1 0
nexus-backend/internal/web/middleware/auth.go:88.16,90.3 1 0
nexus-backend/internal/web/middleware/auth.go:92.2,92.65 1 0
nexus-backend/internal/web/middleware/auth.go:92.65,94.37 1 0
nexus-backend/internal/web/middleware/auth.go:94.37,96.4 1 0
nexus-backend/internal/web/middleware/auth.go:97.3,97.21 1 0
nexus-backend/internal/web/middleware/auth.go:100.2,100.41 1 0
nexus-backend/internal/web/middleware/auth.go:104.65,111.53 3 0
nexus-backend/internal/web/middleware/auth.go:111.53,123.3 5 0
nexus-backend/internal/web/middleware/auth.go:127.67,132.50 4 0
nexus-backend/internal/web/middleware/auth.go:132.50,136.3 3 0
nexus-backend/internal/web/middleware/auth.go:138.2,138.18 1 0
nexus-backend/internal/web/middleware/auth.go:142.71,143.71 1 0
nexus-backend/internal/web/middleware/auth.go:143.71,146.23 2 0
nexus-backend/internal/web/middleware/auth.go:146.23,149.4 2 0
nexus-backend/internal/web/middleware/auth.go:152.3,153.46 2 0
nexus-backend/internal/web/middleware/auth.go:153.46,156.4 2 0
nexus-backend/internal/web/middleware/auth.go:158.3,162.17 3 0
nexus-backend/internal/web/middleware/auth.go:162.17,165.4 2 0
nexus-backend/internal/web/middleware/auth.go:168.3,177.40 3 0
nexus-backend/internal/web/middleware/auth.go:182.84,183.46 1 0
nexus-backend/internal/web/middleware/auth.go:183.46,184.72 1 0
nexus-backend/internal/web/middleware/auth.go:184.72,186.22 2 0
nexus-backend/internal/web/middleware/auth.go:186.22,189.5 2 0
nexus-backend/internal/web/middleware/auth.go:191.4,191.55 1 0
nexus-backend/internal/web/middleware/auth.go:191.55,194.5 2 0
nexus-backend/internal/web/middleware/auth.go:196.4,196.24 1 0
nexus-backend/internal/web/middleware/auth.go:202.72,203.71 1 0
nexus-backend/internal/web/middleware/auth.go:203.71,206.23 2 0
nexus-backend/internal/web/middleware/auth.go:206.23,209.47 2 0
nexus-backend/internal/web/middleware/auth.go:209.47,213.65 2 0
nexus-backend/internal/web/middleware/auth.go:213.65,225.6 3 0
nexus-backend/internal/web/middleware/auth.go:229.3,229.23 1 0
nexus-backend/internal/web/middleware/auth.go:234.51,235.66 1 0
nexus-backend/internal/web/middleware/auth.go:235.66,236.44 1 0
nexus-backend/internal/web/middleware/auth.go:236.44,238.4 1 0
nexus-backend/internal/web/middleware/auth.go:240.2,240.12 1 0
nexus-backend/internal/web/middleware/middleware.go:17.56,18.71 1 0
nexus-backend/internal/web/middleware/middleware.go:18.71,38.3 5 0
nexus-backend/internal/web/middleware/middleware.go:42.58,43.71 1 0
nexus-backend/internal/web/middleware/middleware.go:43.71,53.3 4 0
nexus-backend/internal/web/middleware/middleware.go:57.57,58.71 1 0
nexus-backend/internal/web/middleware/middleware.go:58.71,59.16 1 0
nexus-backend/internal/web/middleware/middleware.go:59.16,60.36 1 0
nexus-backend/internal/web/middleware/middleware.go:60.36,64.5 2 0
nexus-backend/internal/web/middleware/middleware.go:67.3,67.23 1 0
nexus-backend/internal/web/middleware/middleware.go:72.81,77.46 2 0
nexus-backend/internal/web/middleware/middleware.go:77.46,78.72 1 0
nexus-backend/internal/web/middleware/middleware.go:78.72,83.53 3 0
nexus-backend/internal/web/middleware/middleware.go:83.53,85.38 2 0
nexus-backend/internal/web/middleware/middleware.go:85.38,86.40 1 0
nexus-backend/internal/web/middleware/middleware.go:86.40,88.7 1 0
nexus-backend/internal/web/middleware/middleware.go:90.5,90.38 1 0
nexus-backend/internal/web/middleware/middleware.go:94.4,94.51 1 0
nexus-backend/internal/web/middleware/middleware.go:94.51,97.5 2 0
nexus-backend/internal/web/middleware/middleware.go:100.4,102.24 2 0
nexus-backend/internal/web/middleware/middleware.go:108.53,109.71 1 0
nexus-backend/internal/web/middleware/middleware.go:109.71,120.48 3 0
nexus-backend/internal/web/middleware/middleware.go:120.48,121.31 1 0
nexus-backend/internal/web/middleware/middleware.go:121.31,123.10 2 0
nexus-backend/internal/web/middleware/middleware.go:128.3,128.58 1 0
nexus-backend/internal/web/middleware/middleware.go:128.58,130.4 1 0
nexus-backend/internal/web/middleware/middleware.go:132.3,137.28 5 0
nexus-backend/internal/web/middleware/middleware.go:137.28,140.4 2 0
nexus-backend/internal/web/middleware/middleware.go:142.3,142.23 1 0
nexus-backend/internal/web/middleware/middleware.go:147.79,148.46 1 0
nexus-backend/internal/web/middleware/middleware.go:148.46,149.72 1 0
nexus-backend/internal/web/middleware/middleware.go:149.72,155.4 4 0
nexus-backend/internal/web/middleware/middleware.go:160.64,161.71 1 0
nexus-backend/internal/web/middleware/middleware.go:161.71,169.3 6 0
nexus-backend/internal/web/middleware/middleware.go:173.61,174.71 1 0
nexus-backend/internal/web/middleware/middleware.go:174.71,175.69 1 0
nexus-backend/internal/web/middleware/middleware.go:175.69,177.41 2 0
nexus-backend/internal/web/middleware/middleware.go:177.41,180.5 2 0
nexus-backend/internal/web/middleware/middleware.go:183.3,183.23 1 0
nexus-backend/internal/web/middleware/middleware.go:195.49,198.2 2 0
nexus-backend/internal/web/middleware/middleware.go:201.42,203.55 1 0
nexus-backend/internal/web/middleware/middleware.go:203.55,205.3 1 0
nexus-backend/internal/web/middleware/middleware.go:208.2,208.49 1 0
nexus-backend/internal/web/middleware/middleware.go:208.49,210.3 1 0
nexus-backend/internal/web/middleware/middleware.go:213.2,213.21 1 0
nexus-backend/internal/web/middleware/middleware.go:217.43,218.68 1 0
nexus-backend/internal/web/middleware/middleware.go:218.68,219.39 1 0
nexus-backend/internal/web/middleware/middleware.go:219.39,221.4 1 0
nexus-backend/internal/web/middleware/middleware.go:223.2,223.11 1 0
nexus-backend/internal/web/middleware/middleware.go:227.72,231.2 3 0
nexus-backend/pkg/cloudflare/dns_manager.go:49.49,57.2 1 4
nexus-backend/pkg/cloudflare/dns_manager.go:60.50,64.16 3 0
nexus-backend/pkg/cloudflare/dns_manager.go:64.16,66.3 1 0
nexus-backend/pkg/cloudflare/dns_manager.go:68.2,69.51 2 0
nexus-backend/pkg/cloudflare/dns_manager.go:69.51,70.31 1 0
nexus-backend/pkg/cloudflare/dns_manager.go:70.31,71.57 1 0
nexus-backend/pkg/cloudflare/dns_manager.go:71.57,78.5 2 0
nexus-backend/pkg/cloudflare/dns_manager.go:82.2,82.19 1 0
nexus-backend/pkg/cloudflare/dns_manager.go:86.69,88.16 2 0
nexus-backend/pkg/cloudflare/dns_manager.go:88.16,90.3 1 0
nexus-backend/pkg/cloudflare/dns_manager.go:92.2,92.29 1 0
nexus-backend/pkg/cloudflare/dns_manager.go:92.29,93.28 1 0
nexus-backend/pkg/cloudflare/dns_manager.go:93.28,95.4 1 0
nexus-backend/pkg/cloudflare/dns_manager.go:98.2,98.55 1 0
nexus-backend/pkg/cloudflare/dns_manager.go:102.73,106.16 3 0
nexus-backend/pkg/cloudflare/dns_manager.go:106.16,108.3 1 0
nexus-backend/pkg/cloudflare/dns_manager.go:110.2,111.51 2 0
nexus-backend/pkg/cloudflare/dns_manager.go:111.51,112.31 1 0
nexus-backend/pkg/cloudflare/dns_manager.go:112.31,113.59 1 0
nexus-backend/pkg/cloudflare/dns_manager.go:113.59,124.78 2 0
nexus-backend/pkg/cloudflare/dns_manager.go:124.78,126.6 1 0
nexus-backend/pkg/cloudflare/dns_manager.go:128.5,128.38 1 0
nexus-backend/pkg/cloudflare/dns_manager.go:133.2,133.21 1 0
nexus-backend/pkg/cloudflare/dns_manager.go:137.95,139.16 2 0
nexus-backend/pkg/cloudflare/dns_manager.go:139.16,141.3 1 0
nexus-backend/pkg/cloudflare/dns_manager.go:143.2,143.33 1 0
nexus-backend/pkg/cloudflare/dns_manager.go:143.33,144.61 1 0
nexus-backend/pkg/cloudflare/dns_manager.go:144.61,146.4 1 0
nexus-backend/pkg/cloudflare/dns_manager.go:149.2,149.80 1 0
nexus-backend/pkg/cloudflare/dns_manager.go:153.92,157.16 3 0
nexus-backend/pkg/cloudflare/dns_manager.go:157.16,159.3 1 0
nexus-backend/pkg/cloudflare/dns_manager.go:161.2,161.64 1 0
nexus-backend/pkg/cloudflare/dns_manager.go:161.64,172.76 2 0
nexus-backend/pkg/cloudflare/dns_manager.go:172.76,174.4 1 0
nexus-backend/pkg/cloudflare/dns_manager.go:176.3,176.29 1 0
nexus-backend/pkg/cloudflare/dns_manager.go:179.2,179.67 1 0
nexus-backend/pkg/cloudflare/dns_manager.go:183.102,187.16 3 0
nexus-backend/pkg/cloudflare/dns_manager.go:187.16,189.3 1 0
nexus-backend/pkg/cloudflare/dns_manager.go:191.2,191.64 1 0
nexus-backend/pkg/cloudflare/dns_manager.go:191.64,202.76 2 0
nexus-backend/pkg/cloudflare/dns_manager.go:202.76,204.4 1 0
nexus-backend/pkg/cloudflare/dns_manager.go:206.3,206.29 1 0
nexus-backend/pkg/cloudflare/dns_manager.go:209.2,209.67 1 0
nexus-backend/pkg/cloudflare/dns_manager.go:213.70,218.2 3 0
nexus-backend/pkg/cloudflare/dns_manager.go:221.100,224.16 2 0
nexus-backend/pkg/cloudflare/dns_manager.go:224.16,227.3 1 0
nexus-backend/pkg/cloudflare/dns_manager.go:230.2,230.62 1 0
nexus-backend/pkg/cloudflare/dns_manager.go:234.74,237.16 2 0
nexus-backend/pkg/cloudflare/dns_manager.go:237.16,239.3 1 0
nexus-backend/pkg/cloudflare/dns_manager.go:242.2,243.16 2 0
nexus-backend/pkg/cloudflare/dns_manager.go:243.16,245.3 1 0
nexus-backend/pkg/cloudflare/dns_manager.go:248.2,257.16 3 0
nexus-backend/pkg/cloudflare/dns_manager.go:257.16,259.3 1 0
nexus-backend/pkg/cloudflare/dns_manager.go:261.2,261.12 1 0
nexus-backend/pkg/cloudflare/dns_manager.go:265.60,267.16 2 0
nexus-backend/pkg/cloudflare/dns_manager.go:267.16,269.3 1 0
nexus-backend/pkg/cloudflare/dns_manager.go:270.2,273.16 3 0
nexus-backend/pkg/cloudflare/dns_manager.go:273.16,275.3 1 0
nexus-backend/pkg/cloudflare/dns_manager.go:277.2,277.26 1 0
nexus-backend/pkg/cloudflare/dns_manager.go:281.102,284.17 2 0
nexus-backend/pkg/cloudflare/dns_manager.go:284.17,286.17 2 0
nexus-backend/pkg/cloudflare/dns_manager.go:286.17,288.4 1 0
nexus-backend/pkg/cloudflare/dns_manager.go:289.3,289.35 1 0
nexus-backend/pkg/cloudflare/dns_manager.go:292.2,293.16 2 0
nexus-backend/pkg/cloudflare/dns_manager.go:293.16,295.3 1 0
nexus-backend/pkg/cloudflare/dns_manager.go:297.2,301.16 4 0
nexus-backend/pkg/cloudflare/dns_manager.go:301.16,303.3 1 0
nexus-backend/pkg/cloudflare/dns_manager.go:304.2,307.16 3 0
nexus-backend/pkg/cloudflare/dns_manager.go:307.16,309.3 1 0
nexus-backend/pkg/cloudflare/dns_manager.go:311.2,312.62 2 0
nexus-backend/pkg/cloudflare/dns_manager.go:312.62,314.3 1 0
nexus-backend/pkg/cloudflare/dns_manager.go:316.2,316.21 1 0
nexus-backend/pkg/cloudflare/dns_manager.go:316.21,318.3 1 0
nexus-backend/pkg/cloudflare/dns_manager.go:320.2,320.21 1 0
nexus-backend/pkg/sse/sse_manager.go:39.34,44.2 1 0
nexus-backend/pkg/sse/sse_manager.go:47.52,52.2 3 0
nexus-backend/pkg/sse/sse_manager.go:55.53,59.52 3 0
nexus-backend/pkg/sse/sse_manager.go:59.52,61.37 1 0
nexus-backend/pkg/sse/sse_manager.go:61.37,63.4 1 0
nexus-backend/pkg/sse/sse_manager.go:66.3,69.31 2 0
nexus-backend/pkg/sse/sse_manager.go:74.79,79.13 4 0
nexus-backend/pkg/sse/sse_manager.go:79.13,81.3 1 0
nexus-backend/pkg/sse/sse_manager.go:83.2,83.9 1 0
nexus-backend/pkg/sse/sse_manager.go:84.33,85.13 1 0
nexus-backend/pkg/sse/sse_manager.go:86.37,87.70 1 0
nexus-backend/pkg/sse/sse_manager.go:92.72,95.13 3 0
nexus-backend/pkg/sse/sse_manager.go:95.13,98.3 2 0
nexus-backend/pkg/sse/sse_manager.go:101.2,105.41 4 0
nexus-backend/pkg/sse/sse_manager.go:105.41,107.3 1 0
nexus-backend/pkg/sse/sse_manager.go:111.58,114.35 3 0
nexus-backend/pkg/sse/sse_manager.go:114.35,116.3 1 0
nexus-backend/pkg/sse/sse_manager.go:117.2,119.37 2 0
nexus-backend/pkg/sse/sse_manager.go:119.37,121.3 1 0
nexus-backend/pkg/sse/sse_manager.go:125.61,130.13 4 0
nexus-backend/pkg/sse/sse_manager.go:130.13,132.3 1 0
nexus-backend/pkg/sse/sse_manager.go:135.2,135.42 1 0
nexus-backend/pkg/sse/sse_manager.go:135.42,137.3 1 0
nexus-backend/pkg/sse/sse_manager.go:140.2,140.36 1 0
nexus-backend/pkg/sse/sse_manager.go:140.36,141.21 1 0
nexus-backend/pkg/sse/sse_manager.go:141.21,143.4 1 0
nexus-backend/pkg/sse/sse_manager.go:146.2,149.12 3 0
nexus-backend/pkg/sse/sse_manager.go:153.62,158.13 4 0
nexus-backend/pkg/sse/sse_manager.go:158.13,160.3 1 0
nexus-backend/pkg/sse/sse_manager.go:163.2,166.33 2 0
nexus-backend/pkg/sse/sse_manager.go:166.33,167.16 1 0
nexus-backend/pkg/sse/sse_manager.go:167.16,169.9 2 0
nexus-backend/pkg/sse/sse_manager.go:173.2,173.12 1 0
nexus-backend/pkg/sse/sse_manager.go:177.67,178.49 1 0
nexus-backend/pkg/sse/sse_manager.go:178.49,179.32 1 0
nexus-backend/pkg/sse/sse_manager.go:179.32,180.22 1 0
nexus-backend/pkg/sse/sse_manager.go:180.22,182.10 2 0
nexus-backend/pkg/sse/sse_manager.go:187.3,187.31 1 0
nexus-backend/pkg/sse/sse_manager.go:187.31,189.4 1 0
nexus-backend/pkg/sse/sse_manager.go:194.44,198.2 3 0
nexus-backend/pkg/sse/sse_manager.go:201.42,205.2 3 0
nexus-backend/pkg/sse/sse_manager.go:208.62,212.49 3 0
nexus-backend/pkg/sse/sse_manager.go:212.49,216.3 3 0
nexus-backend/pkg/sse/sse_manager.go:218.2,218.19 1 0
nexus-backend/pkg/sse/sse_manager.go:222.45,229.43 5 0
nexus-backend/pkg/sse/sse_manager.go:229.43,230.45 1 0
nexus-backend/pkg/sse/sse_manager.go:230.45,232.4 1 0
nexus-backend/pkg/sse/sse_manager.go:236.2,236.40 1 0
nexus-backend/pkg/sse/sse_manager.go:236.40,237.53 1 0
nexus-backend/pkg/sse/sse_manager.go:237.53,239.38 1 0
nexus-backend/pkg/sse/sse_manager.go:239.38,241.5 1 0
nexus-backend/pkg/sse/sse_manager.go:244.4,247.32 2 0
nexus-backend/pkg/sse/sse_manager.go:253.31,258.36 3 0
nexus-backend/pkg/sse/sse_manager.go:258.36,260.3 1 0
nexus-backend/pkg/sse/sse_manager.go:263.2,264.38 2 0
nexus-backend/pkg/sse/sse_manager.go:268.72,269.54 1 0
nexus-backend/pkg/sse/sse_manager.go:269.54,300.3 11 0
nexus-backend/pkg/sse/sse_manager.go:304.58,308.6 3 0
nexus-backend/pkg/sse/sse_manager.go:308.6,309.10 1 0
nexus-backend/pkg/sse/sse_manager.go:310.36,317.68 3 0
nexus-backend/pkg/sse/sse_manager.go:317.68,319.5 1 0
nexus-backend/pkg/sse/sse_manager.go:321.4,321.55 1 0
nexus-backend/pkg/sse/sse_manager.go:321.55,323.5 1 0
nexus-backend/pkg/sse/sse_manager.go:325.19,328.63 2 0
nexus-backend/pkg/sse/sse_manager.go:328.63,330.5 1 0
nexus-backend/pkg/sse/sse_manager.go:332.4,332.55 1 0
nexus-backend/pkg/sse/sse_manager.go:332.55,334.5 1 0
nexus-backend/pkg/sse/sse_manager.go:336.4,336.32 1 0
nexus-backend/pkg/sse/sse_manager.go:338.42,339.10 1 0
nexus-backend/pkg/sse/sse_manager.go:345.72,351.2 1 0
nexus-backend/internal/data-engine/alerting.go:21.37,22.11 1 0
nexus-backend/internal/data-engine/alerting.go:23.17,24.16 1 0
nexus-backend/internal/data-engine/alerting.go:25.20,26.19 1 0
nexus-backend/internal/data-engine/alerting.go:27.18,28.17 1 0
nexus-backend/internal/data-engine/alerting.go:29.21,30.20 1 0
nexus-backend/internal/data-engine/alerting.go:31.10,32.19 1 0
nexus-backend/internal/data-engine/alerting.go:92.55,93.20 1 0
nexus-backend/internal/data-engine/alerting.go:93.20,95.3 1 0
nexus-backend/internal/data-engine/alerting.go:97.2,107.3 2 0
nexus-backend/internal/data-engine/alerting.go:111.40,121.2 1 0
nexus-backend/internal/data-engine/alerting.go:124.55,129.2 3 0
nexus-backend/internal/data-engine/alerting.go:132.64,137.2 3 0
nexus-backend/internal/data-engine/alerting.go:140.52,148.31 4 0
nexus-backend/internal/data-engine/alerting.go:148.31,150.85 1 0
nexus-backend/internal/data-engine/alerting.go:150.85,151.12 1 0
nexus-backend/internal/data-engine/alerting.go:155.3,155.59 1 0
nexus-backend/internal/data-engine/alerting.go:155.59,156.12 1 0
nexus-backend/internal/data-engine/alerting.go:160.3,160.37 1 0
nexus-backend/internal/data-engine/alerting.go:160.37,177.35 3 0
nexus-backend/internal/data-engine/alerting.go:177.35,179.5 1 0
nexus-backend/internal/data-engine/alerting.go:182.4,187.39 4 0
nexus-backend/internal/data-engine/alerting.go:187.39,189.5 1 0
nexus-backend/internal/data-engine/alerting.go:195.51,206.30 5 0
nexus-backend/internal/data-engine/alerting.go:206.30,207.54 1 0
nexus-backend/internal/data-engine/alerting.go:207.54,209.4 1 0
nexus-backend/internal/data-engine/alerting.go:213.2,213.52 1 0
nexus-backend/internal/data-engine/alerting.go:213.52,215.10 2 0
nexus-backend/internal/data-engine/alerting.go:215.10,216.12 1 0
nexus-backend/internal/data-engine/alerting.go:220.3,221.19 2 0
nexus-backend/internal/data-engine/alerting.go:221.19,223.4 1 0
nexus-backend/internal/data-engine/alerting.go:227.2,227.37 1 0
nexus-backend/internal/data-engine/alerting.go:227.37,228.37 1 0
nexus-backend/internal/data-engine/alerting.go:228.37,232.56 2 0
nexus-backend/internal/data-engine/alerting.go:232.56,234.5 1 0
nexus-backend/internal/data-engine/alerting.go:237.4,240.68 2 0
nexus-backend/internal/data-engine/alerting.go:240.68,242.5 1 0
nexus-backend/internal/data-engine/alerting.go:245.4,246.57 2 0
nexus-backend/internal/data-engine/alerting.go:246.57,248.5 1 0
nexus-backend/internal/data-engine/alerting.go:250.4,251.90 2 0
nexus-backend/internal/data-engine/alerting.go:257.46,265.2 5 0
nexus-backend/internal/data-engine/alerting.go:268.52,274.33 4 0
nexus-backend/internal/data-engine/alerting.go:274.33,275.22 1 0
nexus-backend/internal/data-engine/alerting.go:275.22,277.4 1 0
nexus-backend/internal/data-engine/alerting.go:280.2,280.21 1 0
nexus-backend/internal/data-engine/alerting.go:284.60,288.33 3 0
nexus-backend/internal/data-engine/alerting.go:288.33,289.26 1 0
nexus-backend/internal/data-engine/alerting.go:289.26,294.4 4 0
nexus-backend/internal/data-engine/alerting.go:297.2,297.14 1 0
nexus-backend/internal/data-engine/alerting.go:301.34,303.2 1 0
nexus-backend/internal/data-engine/alerting.go:308.97,309.54 1 0
nexus-backend/internal/data-engine/alerting.go:309.54,315.10 4 0
nexus-backend/internal/data-engine/alerting.go:315.10,317.4 1 0
nexus-backend/internal/data-engine/alerting.go:320.3,321.28 2 0
nexus-backend/internal/data-engine/alerting.go:322.16,323.18 1 0
nexus-backend/internal/data-engine/alerting.go:324.12,325.27 1 0
nexus-backend/internal/data-engine/alerting.go:326.14,327.27 1 0
nexus-backend/internal/data-engine/alerting.go:328.11,329.16 1 0
nexus-backend/internal/data-engine/alerting.go:333.3,333.20 1 0
nexus-backend/internal/data-engine/alerting.go:333.20,335.4 1 0
nexus-backend/internal/data-engine/alerting.go:337.3,337.32 1 0
nexus-backend/internal/data-engine/alerting.go:342.77,343.54 1 0
nexus-backend/internal/data-engine/alerting.go:343.54,349.10 4 0
nexus-backend/internal/data-engine/alerting.go:349.10,351.4 1 0
nexus-backend/internal/data-engine/alerting.go:354.3,355.28 2 0
nexus-backend/internal/data-engine/alerting.go:356.16,357.18 1 0
nexus-backend/internal/data-engine/alerting.go:358.12,359.27 1 0
nexus-backend/internal/data-engine/alerting.go:360.14,361.27 1 0
nexus-backend/internal/data-engine/alerting.go:362.11,363.16 1 0
nexus-backend/internal/data-engine/alerting.go:367.3,369.22 3 0
nexus-backend/internal/data-engine/alerting.go:369.22,371.4 1 0
nexus-backend/internal/data-engine/alerting.go:374.3,377.32 2 0
nexus-backend/internal/data-engine/alerting.go:382.65,383.54 1 0
nexus-backend/internal/data-engine/alerting.go:383.54,388.31 3 0
nexus-backend/internal/data-engine/alerting.go:388.31,390.4 1 0
nexus-backend/internal/data-engine/alerting.go:393.3,394.10 2 0
nexus-backend/internal/data-engine/alerting.go:394.10,396.4 1 0
nexus-backend/internal/data-engine/alerting.go:399.3,402.41 2 0
nexus-backend/internal/data-engine/alerting.go:407.91,408.54 1 0
nexus-backend/internal/data-engine/alerting.go:408.54,413.30 3 0
nexus-backend/internal/data-engine/alerting.go:413.30,415.4 1 0
nexus-backend/internal/data-engine/alerting.go:418.3,419.10 2 0
nexus-backend/internal/data-engine/alerting.go:419.10,421.4 1 0
nexus-backend/internal/data-engine/alerting.go:424.3,427.41 2 0
nexus-backend/internal/data-engine/alerting.go:432.92,433.54 1 0
nexus-backend/internal/data-engine/alerting.go:433.54,439.10 4 0
nexus-backend/internal/data-engine/alerting.go:439.10,441.4 1 0
nexus-backend/internal/data-engine/alerting.go:444.3,447.43 2 0
nexus-backend/internal/data-engine/alerting.go:452.43,453.27 1 0
nexus-backend/internal/data-engine/alerting.go:453.27,460.3 2 0
nexus-backend/internal/data-engine/buntdb_data_engine.go:49.84,54.16 3 0
nexus-backend/internal/data-engine/buntdb_data_engine.go:54.16,57.3 2 0
nexus-backend/internal/data-engine/buntdb_data_engine.go:59.2,66.8 1 0
nexus-backend/internal/data-engine/buntdb_data_engine.go:70.42,74.17 3 0
nexus-backend/internal/data-engine/buntdb_data_engine.go:74.17,76.3 1 0
nexus-backend/internal/data-engine/buntdb_data_engine.go:79.2,99.12 9 0
nexus-backend/internal/data-engine/buntdb_data_engine.go:103.41,107.18 3 0
nexus-backend/internal/data-engine/buntdb_data_engine.go:107.18,109.3 1 0
nexus-backend/internal/data-engine/buntdb_data_engine.go:112.2,115.23 2 0
nexus-backend/internal/data-engine/buntdb_data_engine.go:115.23,117.3 1 0
nexus-backend/internal/data-engine/buntdb_data_engine.go:122.2,122.17 1 0
nexus-backend/internal/data-engine/buntdb_data_engine.go:122.17,124.3 1 0
nexus-backend/internal/data-engine/buntdb_data_engine.go:126.2,127.12 2 0
nexus-backend/internal/data-engine/buntdb_data_engine.go:131.62,133.2 1 0
nexus-backend/internal/data-engine/buntdb_data_engine.go:136.60,140.18 3 0
nexus-backend/internal/data-engine/buntdb_data_engine.go:140.18,142.3 1 0
nexus-backend/internal/data-engine/buntdb_data_engine.go:145.2,146.16 2 0
nexus-backend/internal/data-engine/buntdb_data_engine.go:146.16,148.3 1 0
nexus-backend/internal/data-engine/buntdb_data_engine.go:151.2,163.52 3 0
nexus-backend/internal/data-engine/buntdb_data_engine.go:163.52,165.3 1 0
nexus-backend/internal/data-engine/buntdb_data_engine.go:168.2,168.60 1 0
nexus-backend/internal/data-engine/buntdb_data_engine.go:168.60,169.50 1 0
nexus-backend/internal/data-engine/buntdb_data_engine.go:169.50,171.4 1 0
nexus-backend/internal/data-engine/buntdb_data_engine.go:176.2,176.12 1 0
nexus-backend/internal/data-engine/buntdb_data_engine.go:180.75,185.20 3 0
nexus-backend/internal/data-engine/buntdb_data_engine.go:186.19,187.54 1 0
nexus-backend/internal/data-engine/buntdb_data_engine.go:187.54,190.4 2 0
nexus-backend/internal/data-engine/buntdb_data_engine.go:191.22,192.49 1 0
nexus-backend/internal/data-engine/buntdb_data_engine.go:192.49,195.4 2 0
nexus-backend/internal/data-engine/buntdb_data_engine.go:196.25,197.54 1 0
nexus-backend/internal/data-engine/buntdb_data_engine.go:197.54,200.4 2 0
nexus-backend/internal/data-engine/buntdb_data_engine.go:201.27,202.49 1 0
nexus-backend/internal/data-engine/buntdb_data_engine.go:202.49,205.4 2 0
nexus-backend/internal/data-engine/buntdb_data_engine.go:206.10,208.36 1 0
nexus-backend/internal/data-engine/buntdb_data_engine.go:208.36,209.34 1 0
nexus-backend/internal/data-engine/buntdb_data_engine.go:209.34,212.10 3 0
nexus-backend/internal/data-engine/buntdb_data_engine.go:217.2,217.30 1 0
nexus-backend/internal/data-engine/buntdb_data_engine.go:217.30,219.3 1 0
nexus-backend/internal/data-engine/buntdb_data_engine.go:221.2,230.3 1 0
nexus-backend/internal/data-engine/buntdb_data_engine.go:234.53,248.52 2 0
nexus-backend/internal/data-engine/buntdb_data_engine.go:248.52,250.3 1 0
nexus-backend/internal/data-engine/buntdb_data_engine.go:253.2,253.9 1 0
nexus-backend/internal/data-engine/buntdb_data_engine.go:254.28,254.28 0 0
nexus-backend/internal/data-engine/buntdb_data_engine.go:256.10,258.73 1 0
nexus-backend/internal/data-engine/buntdb_data_engine.go:265.44,269.6 3 0
nexus-backend/internal/data-engine/buntdb_data_engine.go:269.6,270.10 1 0
nexus-backend/internal/data-engine/buntdb_data_engine.go:271.23,272.10 1 0
nexus-backend/internal/data-engine/buntdb_data_engine.go:273.19,278.11 2 0
nexus-backend/internal/data-engine/buntdb_data_engine.go:279.34,279.34 0 0
nexus-backend/internal/data-engine/buntdb_data_engine.go:281.12,281.12 0 0
nexus-backend/internal/data-engine/buntdb_data_engine.go:289.71,293.16 3 0
nexus-backend/internal/data-engine/buntdb_data_engine.go:293.16,302.3 2 0
nexus-backend/internal/data-engine/buntdb_data_engine.go:305.2,308.33 3 0
nexus-backend/internal/data-engine/buntdb_data_engine.go:308.33,311.3 2 0
nexus-backend/internal/data-engine/buntdb_data_engine.go:314.2,315.44 2 0
nexus-backend/internal/data-engine/buntdb_data_engine.go:315.44,316.45 1 0
nexus-backend/internal/data-engine/buntdb_data_engine.go:316.45,318.4 1 0
nexus-backend/internal/data-engine/buntdb_data_engine.go:321.2,327.3 1 0
nexus-backend/internal/data-engine/buntdb_data_engine.go:331.45,335.6 3 0
nexus-backend/internal/data-engine/buntdb_data_engine.go:335.6,336.10 1 0
nexus-backend/internal/data-engine/buntdb_data_engine.go:337.23,338.10 1 0
nexus-backend/internal/data-engine/buntdb_data_engine.go:339.19,340.22 1 0
nexus-backend/internal/data-engine/buntdb_data_engine.go:346.45,356.2 1 0
nexus-backend/internal/data-engine/buntdb_data_engine.go:359.50,363.6 3 0
nexus-backend/internal/data-engine/buntdb_data_engine.go:363.6,364.10 1 0
nexus-backend/internal/data-engine/buntdb_data_engine.go:365.23,366.10 1 0
nexus-backend/internal/data-engine/buntdb_data_engine.go:367.19,367.19 0 0
nexus-backend/internal/data-engine/buntdb_data_engine.go:375.56,408.2 3 0
nexus-backend/internal/data-engine/buntdb_data_engine.go:411.59,413.2 1 0
nexus-backend/internal/data-engine/buntdb_data_engine.go:416.72,418.2 1 0
nexus-backend/internal/data-engine/buntdb_data_engine.go:421.45,425.2 3 0
nexus-backend/internal/data-engine/buntdb_data_engine.go:428.54,429.23 1 0
nexus-backend/internal/data-engine/buntdb_data_engine.go:429.23,431.3 1 0
nexus-backend/internal/data-engine/buntdb_data_engine.go:432.2,432.37 1 0
nexus-backend/internal/data-engine/buntdb_data_engine.go:436.62,437.23 1 0
nexus-backend/internal/data-engine/buntdb_data_engine.go:437.23,439.3 1 0
nexus-backend/internal/data-engine/buntdb_data_engine.go:441.2,444.14 2 0
nexus-backend/internal/data-engine/buntdb_data_engine.go:444.15,447.3 0 0
nexus-backend/internal/data-engine/buntdb_data_engine.go:449.2,449.17 1 0
nexus-backend/internal/data-engine/buntdb_data_engine.go:453.58,455.2 1 0
nexus-backend/internal/data-engine/buntdb_data_engine.go:460.79,461.17 1 0
nexus-backend/internal/data-engine/buntdb_data_engine.go:461.17,463.3 1 0
nexus-backend/internal/data-engine/buntdb_data_engine.go:464.2,464.32 1 0
nexus-backend/internal/data-engine/buntdb_data_engine.go:468.71,469.17 1 0
nexus-backend/internal/data-engine/buntdb_data_engine.go:469.17,471.3 1 0
nexus-backend/internal/data-engine/buntdb_data_engine.go:472.2,472.39 1 0
nexus-backend/internal/data-engine/buntdb_data_engine.go:476.73,477.17 1 0
nexus-backend/internal/data-engine/buntdb_data_engine.go:477.17,479.3 1 0
nexus-backend/internal/data-engine/buntdb_data_engine.go:480.2,480.40 1 0
nexus-backend/internal/data-engine/buntdb_data_engine.go:484.114,485.17 1 0
nexus-backend/internal/data-engine/buntdb_data_engine.go:485.17,487.3 1 0
nexus-backend/internal/data-engine/buntdb_data_engine.go:488.2,488.56 1 0
nexus-backend/internal/data-engine/buntdb_data_engine.go:492.116,493.17 1 0
nexus-backend/internal/data-engine/buntdb_data_engine.go:493.17,495.3 1 0
nexus-backend/internal/data-engine/buntdb_data_engine.go:496.2,496.57 1 0
nexus-backend/internal/data-engine/buntdb_data_engine.go:500.124,501.17 1 0
nexus-backend/internal/data-engine/buntdb_data_engine.go:501.17,503.3 1 0
nexus-backend/internal/data-engine/buntdb_data_engine.go:504.2,504.58 1 0
nexus-backend/internal/data-engine/buntdb_data_engine.go:508.120,509.17 1 0
nexus-backend/internal/data-engine/buntdb_data_engine.go:509.17,511.3 1 0
nexus-backend/internal/data-engine/buntdb_data_engine.go:512.2,512.55 1 0
nexus-backend/internal/data-engine/buntdb_data_engine.go:516.121,517.17 1 0
nexus-backend/internal/data-engine/buntdb_data_engine.go:517.17,519.3 1 0
nexus-backend/internal/data-engine/buntdb_data_engine.go:520.2,520.56 1 0
nexus-backend/internal/data-engine/buntdb_data_engine.go:524.64,526.2 1 0
nexus-backend/internal/data-engine/buntdb_data_engine.go:529.58,531.2 1 0
nexus-backend/internal/data-engine/buntdb_data_engine.go:534.57,536.2 1 0
nexus-backend/internal/data-engine/buntdb_data_engine.go:539.132,551.17 2 0
nexus-backend/internal/data-engine/buntdb_data_engine.go:551.17,553.3 1 0
nexus-backend/internal/data-engine/buntdb_data_engine.go:555.2,555.33 1 0
nexus-backend/internal/data-engine/buntdb_data_engine.go:559.121,572.17 2 0
nexus-backend/internal/data-engine/buntdb_data_engine.go:572.17,574.3 1 0
nexus-backend/internal/data-engine/buntdb_data_engine.go:576.2,576.31 1 0
nexus-backend/internal/data-engine/buntdb_extended.go:14.62,22.16 6 0
nexus-backend/internal/data-engine/buntdb_extended.go:22.16,24.3 1 0
nexus-backend/internal/data-engine/buntdb_extended.go:26.2,26.47 1 0
nexus-backend/internal/data-engine/buntdb_extended.go:26.47,30.3 3 0
nexus-backend/internal/data-engine/buntdb_extended.go:34.71,39.45 4 0
nexus-backend/internal/data-engine/buntdb_extended.go:39.45,42.17 3 0
nexus-backend/internal/data-engine/buntdb_extended.go:42.17,44.4 1 0
nexus-backend/internal/data-engine/buntdb_extended.go:45.3,45.47 1 0
nexus-backend/internal/data-engine/buntdb_extended.go:48.2,48.16 1 0
nexus-backend/internal/data-engine/buntdb_extended.go:48.16,50.3 1 0
nexus-backend/internal/data-engine/buntdb_extended.go:52.2,52.20 1 0
nexus-backend/internal/data-engine/buntdb_extended.go:56.62,63.16 5 0
nexus-backend/internal/data-engine/buntdb_extended.go:63.16,65.3 1 0
nexus-backend/internal/data-engine/buntdb_extended.go:67.2,67.47 1 0
nexus-backend/internal/data-engine/buntdb_extended.go:67.47,71.3 3 0
nexus-backend/internal/data-engine/buntdb_extended.go:75.82,81.45 4 0
nexus-backend/internal/data-engine/buntdb_extended.go:81.45,82.53 1 0
nexus-backend/internal/data-engine/buntdb_extended.go:82.53,83.49 1 0
nexus-backend/internal/data-engine/buntdb_extended.go:83.49,85.5 1 0
nexus-backend/internal/data-engine/buntdb_extended.go:87.4,88.64 2 0
nexus-backend/internal/data-engine/buntdb_extended.go:88.64,90.5 1 0
nexus-backend/internal/data-engine/buntdb_extended.go:92.4,92.32 1 0
nexus-backend/internal/data-engine/buntdb_extended.go:92.32,94.5 1 0
nexus-backend/internal/data-engine/buntdb_extended.go:96.4,96.15 1 0
nexus-backend/internal/data-engine/buntdb_extended.go:100.2,100.20 1 0
nexus-backend/internal/data-engine/buntdb_extended.go:106.65,114.16 6 0
nexus-backend/internal/data-engine/buntdb_extended.go:114.16,116.3 1 0
nexus-backend/internal/data-engine/buntdb_extended.go:118.2,118.47 1 0
nexus-backend/internal/data-engine/buntdb_extended.go:118.47,122.3 3 0
nexus-backend/internal/data-engine/buntdb_extended.go:126.74,131.45 4 0
nexus-backend/internal/data-engine/buntdb_extended.go:131.45,134.17 3 0
nexus-backend/internal/data-engine/buntdb_extended.go:134.17,136.4 1 0
nexus-backend/internal/data-engine/buntdb_extended.go:137.3,137.46 1 0
nexus-backend/internal/data-engine/buntdb_extended.go:140.2,140.16 1 0
nexus-backend/internal/data-engine/buntdb_extended.go:140.16,142.3 1 0
nexus-backend/internal/data-engine/buntdb_extended.go:144.2,144.19 1 0
nexus-backend/internal/data-engine/buntdb_extended.go:148.65,155.16 5 0
nexus-backend/internal/data-engine/buntdb_extended.go:155.16,157.3 1 0
nexus-backend/internal/data-engine/buntdb_extended.go:159.2,159.47 1 0
nexus-backend/internal/data-engine/buntdb_extended.go:159.47,163.3 3 0
nexus-backend/internal/data-engine/buntdb_extended.go:167.78,173.45 4 0
nexus-backend/internal/data-engine/buntdb_extended.go:173.45,174.53 1 0
nexus-backend/internal/data-engine/buntdb_extended.go:174.53,175.51 1 0
nexus-backend/internal/data-engine/buntdb_extended.go:175.51,177.5 1 0
nexus-backend/internal/data-engine/buntdb_extended.go:179.4,180.63 2 0
nexus-backend/internal/data-engine/buntdb_extended.go:180.63,182.5 1 0
nexus-backend/internal/data-engine/buntdb_extended.go:184.4,184.45 1 0
nexus-backend/internal/data-engine/buntdb_extended.go:184.45,186.5 1 0
nexus-backend/internal/data-engine/buntdb_extended.go:188.4,188.15 1 0
nexus-backend/internal/data-engine/buntdb_extended.go:192.2,192.19 1 0
nexus-backend/internal/data-engine/buntdb_extended.go:198.79,206.16 6 0
nexus-backend/internal/data-engine/buntdb_extended.go:206.16,208.3 1 0
nexus-backend/internal/data-engine/buntdb_extended.go:210.2,210.47 1 0
nexus-backend/internal/data-engine/buntdb_extended.go:210.47,214.3 3 0
nexus-backend/internal/data-engine/buntdb_extended.go:218.88,223.45 4 0
nexus-backend/internal/data-engine/buntdb_extended.go:223.45,226.17 3 0
nexus-backend/internal/data-engine/buntdb_extended.go:226.17,228.4 1 0
nexus-backend/internal/data-engine/buntdb_extended.go:229.3,229.46 1 0
nexus-backend/internal/data-engine/buntdb_extended.go:232.2,232.16 1 0
nexus-backend/internal/data-engine/buntdb_extended.go:232.16,234.3 1 0
nexus-backend/internal/data-engine/buntdb_extended.go:236.2,236.19 1 0
nexus-backend/internal/data-engine/buntdb_extended.go:240.79,247.16 5 0
nexus-backend/internal/data-engine/buntdb_extended.go:247.16,249.3 1 0
nexus-backend/internal/data-engine/buntdb_extended.go:251.2,251.47 1 0
nexus-backend/internal/data-engine/buntdb_extended.go:251.47,255.3 3 0
nexus-backend/internal/data-engine/buntdb_extended.go:259.100,265.45 4 0
nexus-backend/internal/data-engine/buntdb_extended.go:265.45,266.53 1 0
nexus-backend/internal/data-engine/buntdb_extended.go:266.53,267.58 1 0
nexus-backend/internal/data-engine/buntdb_extended.go:267.58,269.5 1 0
nexus-backend/internal/data-engine/buntdb_extended.go:271.4,272.63 2 0
nexus-backend/internal/data-engine/buntdb_extended.go:272.63,274.5 1 0
nexus-backend/internal/data-engine/buntdb_extended.go:276.4,276.29 1 0
nexus-backend/internal/data-engine/buntdb_extended.go:276.29,278.5 1 0
nexus-backend/internal/data-engine/buntdb_extended.go:280.4,280.15 1 0
nexus-backend/internal/data-engine/buntdb_extended.go:284.2,284.19 1 0
nexus-backend/internal/data-engine/buntdb_extended.go:288.85,295.16 5 0
nexus-backend/internal/data-engine/buntdb_extended.go:295.16,297.3 1 0
nexus-backend/internal/data-engine/buntdb_extended.go:299.2,299.47 1 0
nexus-backend/internal/data-engine/buntdb_extended.go:299.47,303.3 3 0
nexus-backend/internal/data-engine/buntdb_extended.go:307.94,312.45 4 0
nexus-backend/internal/data-engine/buntdb_extended.go:312.45,315.17 3 0
nexus-backend/internal/data-engine/buntdb_extended.go:315.17,317.4 1 0
nexus-backend/internal/data-engine/buntdb_extended.go:318.3,318.48 1 0
nexus-backend/internal/data-engine/buntdb_extended.go:321.2,321.16 1 0
nexus-backend/internal/data-engine/buntdb_extended.go:321.16,323.3 1 0
nexus-backend/internal/data-engine/buntdb_extended.go:325.2,325.21 1 0
nexus-backend/internal/data-engine/buntdb_extended.go:329.101,335.45 4 0
nexus-backend/internal/data-engine/buntdb_extended.go:335.45,336.53 1 0
nexus-backend/internal/data-engine/buntdb_extended.go:336.53,337.60 1 0
nexus-backend/internal/data-engine/buntdb_extended.go:337.60,339.5 1 0
nexus-backend/internal/data-engine/buntdb_extended.go:341.4,342.65 2 0
nexus-backend/internal/data-engine/buntdb_extended.go:342.65,344.5 1 0
nexus-backend/internal/data-engine/buntdb_extended.go:346.4,346.31 1 0
nexus-backend/internal/data-engine/buntdb_extended.go:346.31,348.5 1 0
nexus-backend/internal/data-engine/buntdb_extended.go:350.4,350.15 1 0
nexus-backend/internal/data-engine/buntdb_extended.go:354.2,354.21 1 0
nexus-backend/internal/data-engine/buntdb_manager.go:220.62,222.16 2 10
nexus-backend/internal/data-engine/buntdb_manager.go:222.16,224.3 1 0
nexus-backend/internal/data-engine/buntdb_manager.go:226.2,233.48 2 10
nexus-backend/internal/data-engine/buntdb_manager.go:233.48,236.3 2 0
nexus-backend/internal/data-engine/buntdb_manager.go:238.2,238.21 1 10
nexus-backend/internal/data-engine/buntdb_manager.go:242.39,244.2 1 10
nexus-backend/internal/data-engine/buntdb_manager.go:247.47,248.47 1 10
nexus-backend/internal/data-engine/buntdb_manager.go:248.47,287.3 22 10
nexus-backend/internal/data-engine/buntdb_manager.go:291.64,297.16 5 14
nexus-backend/internal/data-engine/buntdb_manager.go:297.16,299.3 1 0
nexus-backend/internal/data-engine/buntdb_manager.go:301.2,301.47 1 14
nexus-backend/internal/data-engine/buntdb_manager.go:301.47,304.3 2 14
nexus-backend/internal/data-engine/buntdb_manager.go:308.115,315.45 5 3
nexus-backend/internal/data-engine/buntdb_manager.go:315.45,320.19 3 3
nexus-backend/internal/data-engine/buntdb_manager.go:320.19,323.4 2 3
nexus-backend/internal/data-engine/buntdb_manager.go:323.9,323.30 1 0
nexus-backend/internal/data-engine/buntdb_manager.go:323.30,326.4 2 0
nexus-backend/internal/data-engine/buntdb_manager.go:326.9,329.4 2 0
nexus-backend/internal/data-engine/buntdb_manager.go:330.3,332.60 2 3
nexus-backend/internal/data-engine/buntdb_manager.go:332.60,333.35 1 12
nexus-backend/internal/data-engine/buntdb_manager.go:333.35,335.5 1 0
nexus-backend/internal/data-engine/buntdb_manager.go:337.4,338.65 2 12
nexus-backend/internal/data-engine/buntdb_manager.go:338.65,340.5 1 0
nexus-backend/internal/data-engine/buntdb_manager.go:343.4,343.47 1 12
nexus-backend/internal/data-engine/buntdb_manager.go:343.47,345.5 1 0
nexus-backend/internal/data-engine/buntdb_manager.go:346.4,346.53 1 12
nexus-backend/internal/data-engine/buntdb_manager.go:346.53,348.5 1 0
nexus-backend/internal/data-engine/buntdb_manager.go:349.4,349.57 1 12
nexus-backend/internal/data-engine/buntdb_manager.go:349.57,351.5 1 0
nexus-backend/internal/data-engine/buntdb_manager.go:353.4,355.15 3 12
nexus-backend/internal/data-engine/buntdb_manager.go:359.2,359.21 1 3
nexus-backend/internal/data-engine/buntdb_manager.go:363.61,369.16 5 1
nexus-backend/internal/data-engine/buntdb_manager.go:369.16,371.3 1 0
nexus-backend/internal/data-engine/buntdb_manager.go:373.2,373.47 1 1
nexus-backend/internal/data-engine/buntdb_manager.go:373.47,376.3 2 1
nexus-backend/internal/data-engine/buntdb_manager.go:380.111,387.45 5 2
nexus-backend/internal/data-engine/buntdb_manager.go:387.45,388.65 1 2
nexus-backend/internal/data-engine/buntdb_manager.go:388.65,389.35 1 2
nexus-backend/internal/data-engine/buntdb_manager.go:389.35,391.5 1 0
nexus-backend/internal/data-engine/buntdb_manager.go:393.4,394.64 2 2
nexus-backend/internal/data-engine/buntdb_manager.go:394.64,396.5 1 0
nexus-backend/internal/data-engine/buntdb_manager.go:399.4,399.52 1 2
nexus-backend/internal/data-engine/buntdb_manager.go:399.52,401.5 1 0
nexus-backend/internal/data-engine/buntdb_manager.go:402.4,402.46 1 2
nexus-backend/internal/data-engine/buntdb_manager.go:402.46,404.5 1 0
nexus-backend/internal/data-engine/buntdb_manager.go:405.4,405.56 1 2
nexus-backend/internal/data-engine/buntdb_manager.go:405.56,407.5 1 0
nexus-backend/internal/data-engine/buntdb_manager.go:409.4,411.15 3 2
nexus-backend/internal/data-engine/buntdb_manager.go:415.2,415.20 1 2
nexus-backend/internal/data-engine/buntdb_manager.go:419.60,424.47 4 1
nexus-backend/internal/data-engine/buntdb_manager.go:424.47,426.17 2 1
nexus-backend/internal/data-engine/buntdb_manager.go:426.17,428.4 1 0
nexus-backend/internal/data-engine/buntdb_manager.go:430.3,431.61 2 1
nexus-backend/internal/data-engine/buntdb_manager.go:431.61,433.4 1 0
nexus-backend/internal/data-engine/buntdb_manager.go:436.3,441.17 5 1
nexus-backend/internal/data-engine/buntdb_manager.go:441.17,443.4 1 0
nexus-backend/internal/data-engine/buntdb_manager.go:445.3,446.13 2 1
nexus-backend/internal/data-engine/buntdb_manager.go:451.83,456.18 4 0
nexus-backend/internal/data-engine/buntdb_manager.go:456.18,458.3 1 0
nexus-backend/internal/data-engine/buntdb_manager.go:458.8,460.3 1 0
nexus-backend/internal/data-engine/buntdb_manager.go:462.2,463.16 2 0
nexus-backend/internal/data-engine/buntdb_manager.go:463.16,465.3 1 0
nexus-backend/internal/data-engine/buntdb_manager.go:467.2,467.47 1 0
nexus-backend/internal/data-engine/buntdb_manager.go:467.47,470.3 2 0
nexus-backend/internal/data-engine/buntdb_manager.go:474.126,483.18 7 0
nexus-backend/internal/data-engine/buntdb_manager.go:483.18,486.3 2 0
nexus-backend/internal/data-engine/buntdb_manager.go:488.2,488.45 1 0
nexus-backend/internal/data-engine/buntdb_manager.go:488.45,489.61 1 0
nexus-backend/internal/data-engine/buntdb_manager.go:489.61,490.43 1 0
nexus-backend/internal/data-engine/buntdb_manager.go:490.43,492.5 1 0
nexus-backend/internal/data-engine/buntdb_manager.go:494.4,494.35 1 0
nexus-backend/internal/data-engine/buntdb_manager.go:494.35,496.5 1 0
nexus-backend/internal/data-engine/buntdb_manager.go:498.4,499.65 2 0
nexus-backend/internal/data-engine/buntdb_manager.go:499.65,501.5 1 0
nexus-backend/internal/data-engine/buntdb_manager.go:504.4,504.53 1 0
nexus-backend/internal/data-engine/buntdb_manager.go:504.53,506.5 1 0
nexus-backend/internal/data-engine/buntdb_manager.go:507.4,507.57 1 0
nexus-backend/internal/data-engine/buntdb_manager.go:507.57,509.5 1 0
nexus-backend/internal/data-engine/buntdb_manager.go:511.4,513.15 3 0
nexus-backend/internal/data-engine/buntdb_manager.go:517.2,517.21 1 0
nexus-backend/internal/data-engine/buntdb_manager.go:540.72,546.16 5 1
nexus-backend/internal/data-engine/buntdb_manager.go:546.16,548.3 1 0
nexus-backend/internal/data-engine/buntdb_manager.go:550.2,550.47 1 1
nexus-backend/internal/data-engine/buntdb_manager.go:550.47,553.3 2 1
nexus-backend/internal/data-engine/buntdb_manager.go:557.76,563.16 5 1
nexus-backend/internal/data-engine/buntdb_manager.go:563.16,565.3 1 0
nexus-backend/internal/data-engine/buntdb_manager.go:567.2,567.47 1 1
nexus-backend/internal/data-engine/buntdb_manager.go:567.47,570.3 2 1
nexus-backend/internal/data-engine/buntdb_manager.go:574.117,579.45 4 1
nexus-backend/internal/data-engine/buntdb_manager.go:579.45,580.53 1 1
nexus-backend/internal/data-engine/buntdb_manager.go:580.53,582.62 1 2
nexus-backend/internal/data-engine/buntdb_manager.go:582.62,584.5 1 1
nexus-backend/internal/data-engine/buntdb_manager.go:586.4,587.65 2 1
nexus-backend/internal/data-engine/buntdb_manager.go:587.65,589.5 1 0
nexus-backend/internal/data-engine/buntdb_manager.go:592.4,594.36 1 1
nexus-backend/internal/data-engine/buntdb_manager.go:594.36,596.5 1 1
nexus-backend/internal/data-engine/buntdb_manager.go:597.4,597.15 1 1
nexus-backend/internal/data-engine/buntdb_manager.go:601.2,601.21 1 1
nexus-backend/internal/data-engine/buntdb_manager.go:605.106,610.45 4 1
nexus-backend/internal/data-engine/buntdb_manager.go:610.45,611.53 1 1
nexus-backend/internal/data-engine/buntdb_manager.go:611.53,613.66 1 2
nexus-backend/internal/data-engine/buntdb_manager.go:613.66,615.5 1 1
nexus-backend/internal/data-engine/buntdb_manager.go:617.4,618.65 2 1
nexus-backend/internal/data-engine/buntdb_manager.go:618.65,620.5 1 0
nexus-backend/internal/data-engine/buntdb_manager.go:623.4,623.71 1 1
nexus-backend/internal/data-engine/buntdb_manager.go:623.71,625.5 1 1
nexus-backend/internal/data-engine/buntdb_manager.go:626.4,626.15 1 1
nexus-backend/internal/data-engine/buntdb_manager.go:630.2,630.21 1 1
nexus-backend/internal/data-engine/buntdb_manager.go:634.61,641.16 5 1
nexus-backend/internal/data-engine/buntdb_manager.go:641.16,643.3 1 0
nexus-backend/internal/data-engine/buntdb_manager.go:645.2,645.47 1 1
nexus-backend/internal/data-engine/buntdb_manager.go:645.47,648.3 2 1
nexus-backend/internal/data-engine/buntdb_manager.go:652.112,659.45 5 1
nexus-backend/internal/data-engine/buntdb_manager.go:659.45,662.53 3 1
nexus-backend/internal/data-engine/buntdb_manager.go:662.53,663.60 1 1
nexus-backend/internal/data-engine/buntdb_manager.go:663.60,665.5 1 0
nexus-backend/internal/data-engine/buntdb_manager.go:667.4,667.35 1 1
nexus-backend/internal/data-engine/buntdb_manager.go:667.35,669.5 1 0
nexus-backend/internal/data-engine/buntdb_manager.go:671.4,672.64 2 1
nexus-backend/internal/data-engine/buntdb_manager.go:672.64,674.5 1 0
nexus-backend/internal/data-engine/buntdb_manager.go:677.4,677.50 1 1
nexus-backend/internal/data-engine/buntdb_manager.go:677.50,679.5 1 0
nexus-backend/internal/data-engine/buntdb_manager.go:680.4,680.46 1 1
nexus-backend/internal/data-engine/buntdb_manager.go:680.46,682.5 1 0
nexus-backend/internal/data-engine/buntdb_manager.go:683.4,683.56 1 1
nexus-backend/internal/data-engine/buntdb_manager.go:683.56,685.5 1 0
nexus-backend/internal/data-engine/buntdb_manager.go:687.4,689.15 3 1
nexus-backend/internal/data-engine/buntdb_manager.go:693.2,693.20 1 1
nexus-backend/internal/data-engine/buntdb_manager.go:697.71,704.45 5 1
nexus-backend/internal/data-engine/buntdb_manager.go:704.45,705.53 1 1
nexus-backend/internal/data-engine/buntdb_manager.go:705.53,707.50 1 2
nexus-backend/internal/data-engine/buntdb_manager.go:707.50,709.5 1 0
nexus-backend/internal/data-engine/buntdb_manager.go:711.4,712.65 2 2
nexus-backend/internal/data-engine/buntdb_manager.go:712.65,714.5 1 0
nexus-backend/internal/data-engine/buntdb_manager.go:716.4,716.39 1 2
nexus-backend/internal/data-engine/buntdb_manager.go:716.39,718.5 1 1
nexus-backend/internal/data-engine/buntdb_manager.go:719.4,719.15 1 2
nexus-backend/internal/data-engine/buntdb_manager.go:723.2,723.16 1 1
nexus-backend/internal/data-engine/buntdb_manager.go:723.16,725.3 1 0
nexus-backend/internal/data-engine/buntdb_manager.go:728.2,728.47 1 1
nexus-backend/internal/data-engine/buntdb_manager.go:728.47,729.36 1 1
nexus-backend/internal/data-engine/buntdb_manager.go:729.36,731.18 2 1
nexus-backend/internal/data-engine/buntdb_manager.go:731.18,733.5 1 0
nexus-backend/internal/data-engine/buntdb_manager.go:735.3,735.13 1 1
nexus-backend/internal/data-engine/buntdb_manager.go:740.68,748.45 5 1
nexus-backend/internal/data-engine/buntdb_manager.go:748.45,749.53 1 1
nexus-backend/internal/data-engine/buntdb_manager.go:749.53,752.4 2 2
nexus-backend/internal/data-engine/buntdb_manager.go:755.2,755.16 1 1
nexus-backend/internal/data-engine/buntdb_manager.go:755.16,757.3 1 0
nexus-backend/internal/data-engine/buntdb_manager.go:759.2,769.19 4 1
nexus-backend/internal/data-engine/buntdb_manager.go:773.64,775.38 2 5
nexus-backend/internal/data-engine/buntdb_manager.go:775.38,776.61 1 5
nexus-backend/internal/data-engine/buntdb_manager.go:776.61,779.4 2 0
nexus-backend/internal/data-engine/buntdb_manager.go:781.2,781.14 1 5
nexus-backend/internal/data-engine/buntdb_manager.go:785.76,791.45 4 0
nexus-backend/internal/data-engine/buntdb_manager.go:791.45,804.41 2 0
nexus-backend/internal/data-engine/buntdb_manager.go:804.41,806.47 2 0
nexus-backend/internal/data-engine/buntdb_manager.go:806.47,807.39 1 0
nexus-backend/internal/data-engine/buntdb_manager.go:807.39,809.6 1 0
nexus-backend/internal/data-engine/buntdb_manager.go:810.5,810.16 1 0
nexus-backend/internal/data-engine/buntdb_manager.go:812.4,812.32 1 0
nexus-backend/internal/data-engine/buntdb_manager.go:815.3,815.13 1 0
nexus-backend/internal/data-engine/buntdb_manager.go:818.2,818.16 1 0
nexus-backend/internal/data-engine/buntdb_manager.go:818.16,820.3 1 0
nexus-backend/internal/data-engine/buntdb_manager.go:823.2,825.19 2 0
nexus-backend/internal/data-engine/buntdb_manager.go:831.59,839.16 6 2
nexus-backend/internal/data-engine/buntdb_manager.go:839.16,841.3 1 0
nexus-backend/internal/data-engine/buntdb_manager.go:843.2,843.47 1 2
nexus-backend/internal/data-engine/buntdb_manager.go:843.47,847.3 3 2
nexus-backend/internal/data-engine/buntdb_manager.go:851.68,856.45 4 3
nexus-backend/internal/data-engine/buntdb_manager.go:856.45,859.17 3 3
nexus-backend/internal/data-engine/buntdb_manager.go:859.17,861.4 1 1
nexus-backend/internal/data-engine/buntdb_manager.go:862.3,862.46 1 2
nexus-backend/internal/data-engine/buntdb_manager.go:865.2,865.16 1 3
nexus-backend/internal/data-engine/buntdb_manager.go:865.16,867.3 1 1
nexus-backend/internal/data-engine/buntdb_manager.go:869.2,869.19 1 2
nexus-backend/internal/data-engine/buntdb_manager.go:873.80,878.45 4 1
nexus-backend/internal/data-engine/buntdb_manager.go:878.45,879.53 1 1
nexus-backend/internal/data-engine/buntdb_manager.go:879.53,880.48 1 1
nexus-backend/internal/data-engine/buntdb_manager.go:880.48,882.5 1 0
nexus-backend/internal/data-engine/buntdb_manager.go:884.4,885.63 2 1
nexus-backend/internal/data-engine/buntdb_manager.go:885.63,887.5 1 0
nexus-backend/internal/data-engine/buntdb_manager.go:889.4,889.33 1 1
nexus-backend/internal/data-engine/buntdb_manager.go:889.33,892.5 2 1
nexus-backend/internal/data-engine/buntdb_manager.go:894.4,894.15 1 0
nexus-backend/internal/data-engine/buntdb_manager.go:898.2,898.16 1 1
nexus-backend/internal/data-engine/buntdb_manager.go:898.16,900.3 1 0
nexus-backend/internal/data-engine/buntdb_manager.go:902.2,902.22 1 1
nexus-backend/internal/data-engine/buntdb_manager.go:902.22,904.3 1 0
nexus-backend/internal/data-engine/buntdb_manager.go:906.2,906.23 1 1
nexus-backend/internal/data-engine/buntdb_manager.go:910.59,917.16 5 1
nexus-backend/internal/data-engine/buntdb_manager.go:917.16,919.3 1 0
nexus-backend/internal/data-engine/buntdb_manager.go:921.2,921.47 1 1
nexus-backend/internal/data-engine/buntdb_manager.go:921.47,925.3 3 1
nexus-backend/internal/data-engine/buntdb_manager.go:929.57,933.47 3 1
nexus-backend/internal/data-engine/buntdb_manager.go:933.47,937.3 3 1
nexus-backend/internal/data-engine/buntdb_manager.go:941.76,948.45 5 1
nexus-backend/internal/data-engine/buntdb_manager.go:948.45,949.53 1 1
nexus-backend/internal/data-engine/buntdb_manager.go:949.53,950.48 1 1
nexus-backend/internal/data-engine/buntdb_manager.go:950.48,952.5 1 0
nexus-backend/internal/data-engine/buntdb_manager.go:954.4,954.22 1 1
nexus-backend/internal/data-engine/buntdb_manager.go:954.22,957.5 2 0
nexus-backend/internal/data-engine/buntdb_manager.go:959.4,959.27 1 1
nexus-backend/internal/data-engine/buntdb_manager.go:959.27,961.5 1 0
nexus-backend/internal/data-engine/buntdb_manager.go:963.4,964.63 2 1
nexus-backend/internal/data-engine/buntdb_manager.go:964.63,966.5 1 0
nexus-backend/internal/data-engine/buntdb_manager.go:968.4,970.15 3 1
nexus-backend/internal/data-engine/buntdb_manager.go:974.2,974.19 1 1
nexus-backend/internal/data-engine/buntdb_manager.go:980.59,987.16 5 1
nexus-backend/internal/data-engine/buntdb_manager.go:987.16,989.3 1 0
nexus-backend/internal/data-engine/buntdb_manager.go:991.2,991.47 1 1
nexus-backend/internal/data-engine/buntdb_manager.go:991.47,995.3 3 1
nexus-backend/internal/data-engine/buntdb_manager.go:999.68,1004.45 4 1
nexus-backend/internal/data-engine/buntdb_manager.go:1004.45,1007.17 3 1
nexus-backend/internal/data-engine/buntdb_manager.go:1007.17,1009.4 1 0
nexus-backend/internal/data-engine/buntdb_manager.go:1010.3,1010.46 1 1
nexus-backend/internal/data-engine/buntdb_manager.go:1013.2,1013.16 1 1
nexus-backend/internal/data-engine/buntdb_manager.go:1013.16,1015.3 1 0
nexus-backend/internal/data-engine/buntdb_manager.go:1017.2,1017.19 1 1
nexus-backend/internal/data-engine/buntdb_manager.go:1021.78,1026.45 4 2
nexus-backend/internal/data-engine/buntdb_manager.go:1026.45,1027.53 1 2
nexus-backend/internal/data-engine/buntdb_manager.go:1027.53,1028.47 1 2
nexus-backend/internal/data-engine/buntdb_manager.go:1028.47,1030.5 1 0
nexus-backend/internal/data-engine/buntdb_manager.go:1032.4,1033.63 2 2
nexus-backend/internal/data-engine/buntdb_manager.go:1033.63,1035.5 1 0
nexus-backend/internal/data-engine/buntdb_manager.go:1037.4,1037.89 1 2
nexus-backend/internal/data-engine/buntdb_manager.go:1037.89,1040.5 2 1
nexus-backend/internal/data-engine/buntdb_manager.go:1042.4,1042.15 1 1
nexus-backend/internal/data-engine/buntdb_manager.go:1046.2,1046.16 1 2
nexus-backend/internal/data-engine/buntdb_manager.go:1046.16,1048.3 1 0
nexus-backend/internal/data-engine/buntdb_manager.go:1050.2,1050.22 1 2
nexus-backend/internal/data-engine/buntdb_manager.go:1050.22,1052.3 1 1
nexus-backend/internal/data-engine/buntdb_manager.go:1054.2,1054.23 1 1
nexus-backend/internal/data-engine/buntdb_manager.go:1058.57,1062.47 3 1
nexus-backend/internal/data-engine/buntdb_manager.go:1062.47,1065.17 3 1
nexus-backend/internal/data-engine/buntdb_manager.go:1065.17,1067.4 1 0
nexus-backend/internal/data-engine/buntdb_manager.go:1069.3,1070.62 2 1
nexus-backend/internal/data-engine/buntdb_manager.go:1070.62,1072.4 1 0
nexus-backend/internal/data-engine/buntdb_manager.go:1074.3,1077.17 3 1
nexus-backend/internal/data-engine/buntdb_manager.go:1077.17,1079.4 1 0
nexus-backend/internal/data-engine/buntdb_manager.go:1081.3,1082.13 2 1
nexus-backend/internal/data-engine/buntdb_manager.go:1087.52,1094.45 5 0
nexus-backend/internal/data-engine/buntdb_manager.go:1094.45,1095.53 1 0
nexus-backend/internal/data-engine/buntdb_manager.go:1095.53,1096.47 1 0
nexus-backend/internal/data-engine/buntdb_manager.go:1096.47,1098.5 1 0
nexus-backend/internal/data-engine/buntdb_manager.go:1100.4,1101.63 2 0
nexus-backend/internal/data-engine/buntdb_manager.go:1101.63,1103.5 1 0
nexus-backend/internal/data-engine/buntdb_manager.go:1105.4,1105.33 1 0
nexus-backend/internal/data-engine/buntdb_manager.go:1105.33,1107.5 1 0
nexus-backend/internal/data-engine/buntdb_manager.go:1109.4,1109.15 1 0
nexus-backend/internal/data-engine/buntdb_manager.go:1113.2,1113.16 1 0
nexus-backend/internal/data-engine/buntdb_manager.go:1113.16,1115.3 1 0
nexus-backend/internal/data-engine/buntdb_manager.go:1118.2,1118.47 1 0
nexus-backend/internal/data-engine/buntdb_manager.go:1118.47,1119.35 1 0
nexus-backend/internal/data-engine/buntdb_manager.go:1119.35,1121.4 1 0
nexus-backend/internal/data-engine/buntdb_manager.go:1122.3,1122.13 1 0
nexus-backend/internal/data-engine/buntdb_manager.go:1129.68,1137.16 6 0
nexus-backend/internal/data-engine/buntdb_manager.go:1137.16,1139.3 1 0
nexus-backend/internal/data-engine/buntdb_manager.go:1141.2,1141.47 1 0
nexus-backend/internal/data-engine/buntdb_manager.go:1141.47,1145.3 3 0
nexus-backend/internal/data-engine/buntdb_manager.go:1149.77,1154.45 4 0
nexus-backend/internal/data-engine/buntdb_manager.go:1154.45,1157.17 3 0
nexus-backend/internal/data-engine/buntdb_manager.go:1157.17,1159.4 1 0
nexus-backend/internal/data-engine/buntdb_manager.go:1160.3,1160.49 1 0
nexus-backend/internal/data-engine/buntdb_manager.go:1163.2,1163.16 1 0
nexus-backend/internal/data-engine/buntdb_manager.go:1163.16,1165.3 1 0
nexus-backend/internal/data-engine/buntdb_manager.go:1167.2,1167.22 1 0
nexus-backend/internal/data-engine/chroma_db.go:42.52,50.2 1 0
nexus-backend/internal/data-engine/chroma_db.go:53.55,59.16 4 0
nexus-backend/internal/data-engine/chroma_db.go:59.16,61.3 1 0
nexus-backend/internal/data-engine/chroma_db.go:63.2,64.16 2 0
nexus-backend/internal/data-engine/chroma_db.go:64.16,66.3 1 0
nexus-backend/internal/data-engine/chroma_db.go:67.2,69.38 2 0
nexus-backend/internal/data-engine/chroma_db.go:69.38,71.3 1 0
nexus-backend/internal/data-engine/chroma_db.go:74.2,75.16 2 0
nexus-backend/internal/data-engine/chroma_db.go:75.16,77.3 1 0
nexus-backend/internal/data-engine/chroma_db.go:79.2,80.12 2 0
nexus-backend/internal/data-engine/chroma_db.go:84.64,87.16 2 0
nexus-backend/internal/data-engine/chroma_db.go:87.16,89.3 1 0
nexus-backend/internal/data-engine/chroma_db.go:91.2,91.41 1 0
nexus-backend/internal/data-engine/chroma_db.go:91.41,92.33 1 0
nexus-backend/internal/data-engine/chroma_db.go:92.33,95.4 1 0
nexus-backend/internal/data-engine/chroma_db.go:99.2,101.16 3 0
nexus-backend/internal/data-engine/chroma_db.go:101.16,103.3 1 0
nexus-backend/internal/data-engine/chroma_db.go:105.2,108.16 3 0
nexus-backend/internal/data-engine/chroma_db.go:108.16,110.3 1 0
nexus-backend/internal/data-engine/chroma_db.go:111.2,113.79 2 0
nexus-backend/internal/data-engine/chroma_db.go:113.79,115.3 1 0
nexus-backend/internal/data-engine/chroma_db.go:117.2,117.12 1 0
nexus-backend/internal/data-engine/chroma_db.go:121.75,123.16 2 0
nexus-backend/internal/data-engine/chroma_db.go:123.16,125.3 1 0
nexus-backend/internal/data-engine/chroma_db.go:127.2,128.16 2 0
nexus-backend/internal/data-engine/chroma_db.go:128.16,130.3 1 0
nexus-backend/internal/data-engine/chroma_db.go:131.2,133.38 2 0
nexus-backend/internal/data-engine/chroma_db.go:133.38,135.3 1 0
nexus-backend/internal/data-engine/chroma_db.go:137.2,144.16 3 0
nexus-backend/internal/data-engine/chroma_db.go:144.16,146.3 1 0
nexus-backend/internal/data-engine/chroma_db.go:148.2,149.48 2 0
nexus-backend/internal/data-engine/chroma_db.go:149.48,151.3 1 0
nexus-backend/internal/data-engine/chroma_db.go:153.2,153.25 1 0
nexus-backend/internal/data-engine/chroma_db.go:157.69,161.18 3 0
nexus-backend/internal/data-engine/chroma_db.go:161.18,163.3 1 0
nexus-backend/internal/data-engine/chroma_db.go:166.2,175.25 2 0
nexus-backend/internal/data-engine/chroma_db.go:175.25,177.3 1 0
nexus-backend/internal/data-engine/chroma_db.go:178.2,182.51 3 0
nexus-backend/internal/data-engine/chroma_db.go:186.83,192.27 4 0
nexus-backend/internal/data-engine/chroma_db.go:192.27,196.3 3 0
nexus-backend/internal/data-engine/chroma_db.go:198.2,205.16 3 0
nexus-backend/internal/data-engine/chroma_db.go:205.16,207.3 1 0
nexus-backend/internal/data-engine/chroma_db.go:210.2,211.16 2 0
nexus-backend/internal/data-engine/chroma_db.go:211.16,213.3 1 0
nexus-backend/internal/data-engine/chroma_db.go:215.2,219.16 3 0
nexus-backend/internal/data-engine/chroma_db.go:219.16,221.3 1 0
nexus-backend/internal/data-engine/chroma_db.go:222.2,224.79 2 0
nexus-backend/internal/data-engine/chroma_db.go:224.79,226.3 1 0
nexus-backend/internal/data-engine/chroma_db.go:228.2,228.12 1 0
nexus-backend/internal/data-engine/chroma_db.go:232.104,236.18 3 0
nexus-backend/internal/data-engine/chroma_db.go:236.18,238.3 1 0
nexus-backend/internal/data-engine/chroma_db.go:241.2,248.16 3 0
nexus-backend/internal/data-engine/chroma_db.go:248.16,250.3 1 0
nexus-backend/internal/data-engine/chroma_db.go:253.2,254.16 2 0
nexus-backend/internal/data-engine/chroma_db.go:254.16,256.3 1 0
nexus-backend/internal/data-engine/chroma_db.go:258.2,262.16 3 0
nexus-backend/internal/data-engine/chroma_db.go:262.16,264.3 1 0
nexus-backend/internal/data-engine/chroma_db.go:265.2,267.38 2 0
nexus-backend/internal/data-engine/chroma_db.go:267.38,269.3 1 0
nexus-backend/internal/data-engine/chroma_db.go:272.2,274.16 3 0
nexus-backend/internal/data-engine/chroma_db.go:274.16,276.3 1 0
nexus-backend/internal/data-engine/chroma_db.go:279.2,280.32 2 0
nexus-backend/internal/data-engine/chroma_db.go:280.32,288.59 2 0
nexus-backend/internal/data-engine/chroma_db.go:288.59,290.4 1 0
nexus-backend/internal/data-engine/chroma_db.go:292.3,292.69 1 0
nexus-backend/internal/data-engine/chroma_db.go:292.69,294.18 2 0
nexus-backend/internal/data-engine/chroma_db.go:294.18,296.5 1 0
nexus-backend/internal/data-engine/chroma_db.go:300.2,300.18 1 0
nexus-backend/internal/data-engine/chroma_db.go:304.115,308.18 3 0
nexus-backend/internal/data-engine/chroma_db.go:308.18,310.3 1 0
nexus-backend/internal/data-engine/chroma_db.go:313.2,322.16 3 0
nexus-backend/internal/data-engine/chroma_db.go:322.16,324.3 1 0
nexus-backend/internal/data-engine/chroma_db.go:327.2,328.16 2 0
nexus-backend/internal/data-engine/chroma_db.go:328.16,330.3 1 0
nexus-backend/internal/data-engine/chroma_db.go:332.2,336.16 3 0
nexus-backend/internal/data-engine/chroma_db.go:336.16,338.3 1 0
nexus-backend/internal/data-engine/chroma_db.go:339.2,341.38 2 0
nexus-backend/internal/data-engine/chroma_db.go:341.38,343.3 1 0
nexus-backend/internal/data-engine/chroma_db.go:346.2,353.16 3 0
nexus-backend/internal/data-engine/chroma_db.go:353.16,355.3 1 0
nexus-backend/internal/data-engine/chroma_db.go:358.2,359.32 2 0
nexus-backend/internal/data-engine/chroma_db.go:359.32,368.69 2 0
nexus-backend/internal/data-engine/chroma_db.go:368.69,370.18 2 0
nexus-backend/internal/data-engine/chroma_db.go:370.18,372.5 1 0
nexus-backend/internal/data-engine/chroma_db.go:376.2,376.18 1 0
nexus-backend/internal/data-engine/chroma_db.go:380.94,384.18 3 0
nexus-backend/internal/data-engine/chroma_db.go:384.18,386.3 1 0
nexus-backend/internal/data-engine/chroma_db.go:389.2,395.16 3 0
nexus-backend/internal/data-engine/chroma_db.go:395.16,397.3 1 0
nexus-backend/internal/data-engine/chroma_db.go:400.2,401.16 2 0
nexus-backend/internal/data-engine/chroma_db.go:401.16,403.3 1 0
nexus-backend/internal/data-engine/chroma_db.go:405.2,409.16 3 0
nexus-backend/internal/data-engine/chroma_db.go:409.16,411.3 1 0
nexus-backend/internal/data-engine/chroma_db.go:412.2,414.38 2 0
nexus-backend/internal/data-engine/chroma_db.go:414.38,416.3 1 0
nexus-backend/internal/data-engine/chroma_db.go:419.2,426.16 3 0
nexus-backend/internal/data-engine/chroma_db.go:426.16,428.3 1 0
nexus-backend/internal/data-engine/chroma_db.go:431.2,432.32 2 0
nexus-backend/internal/data-engine/chroma_db.go:432.32,440.59 2 0
nexus-backend/internal/data-engine/chroma_db.go:440.59,442.4 1 0
nexus-backend/internal/data-engine/chroma_db.go:444.3,444.69 1 0
nexus-backend/internal/data-engine/chroma_db.go:444.69,446.18 2 0
nexus-backend/internal/data-engine/chroma_db.go:446.18,448.5 1 0
nexus-backend/internal/data-engine/chroma_db.go:455.2,455.33 1 0
nexus-backend/internal/data-engine/chroma_db.go:455.33,456.38 1 0
nexus-backend/internal/data-engine/chroma_db.go:456.38,457.51 1 0
nexus-backend/internal/data-engine/chroma_db.go:457.51,459.5 1 0
nexus-backend/internal/data-engine/chroma_db.go:463.2,463.18 1 0
nexus-backend/internal/data-engine/chroma_db.go:467.28,472.2 3 0
nexus-backend/internal/data-engine/chroma_db.go:475.39,480.2 3 0
nexus-backend/internal/data-engine/data_engine.go:48.57,58.2 2 2
nexus-backend/internal/data-engine/data_engine.go:61.53,63.2 1 0
nexus-backend/internal/data-engine/data_engine.go:66.66,68.2 1 0
nexus-backend/internal/data-engine/data_engine.go:71.36,75.17 3 0
nexus-backend/internal/data-engine/data_engine.go:75.17,77.3 1 0
nexus-backend/internal/data-engine/data_engine.go:80.2,80.26 1 0
nexus-backend/internal/data-engine/data_engine.go:80.26,92.17 3 0
nexus-backend/internal/data-engine/data_engine.go:92.17,94.4 1 0
nexus-backend/internal/data-engine/data_engine.go:97.3,107.17 3 0
nexus-backend/internal/data-engine/data_engine.go:107.17,109.4 1 0
nexus-backend/internal/data-engine/data_engine.go:113.2,116.29 2 0
nexus-backend/internal/data-engine/data_engine.go:116.29,121.17 3 0
nexus-backend/internal/data-engine/data_engine.go:121.17,123.4 1 0
nexus-backend/internal/data-engine/data_engine.go:127.2,142.12 6 0
nexus-backend/internal/data-engine/data_engine.go:146.35,150.18 3 0
nexus-backend/internal/data-engine/data_engine.go:150.18,152.3 1 0
nexus-backend/internal/data-engine/data_engine.go:155.2,158.23 2 0
nexus-backend/internal/data-engine/data_engine.go:158.23,160.3 1 0
nexus-backend/internal/data-engine/data_engine.go:162.2,162.24 1 0
nexus-backend/internal/data-engine/data_engine.go:162.24,164.3 1 0
nexus-backend/internal/data-engine/data_engine.go:166.2,166.23 1 0
nexus-backend/internal/data-engine/data_engine.go:166.23,168.3 1 0
nexus-backend/internal/data-engine/data_engine.go:170.2,170.23 1 0
nexus-backend/internal/data-engine/data_engine.go:170.23,172.3 1 0
nexus-backend/internal/data-engine/data_engine.go:176.2,177.12 2 0
nexus-backend/internal/data-engine/data_engine.go:181.54,185.18 3 0
nexus-backend/internal/data-engine/data_engine.go:185.18,187.3 1 0
nexus-backend/internal/data-engine/data_engine.go:190.2,191.16 2 0
nexus-backend/internal/data-engine/data_engine.go:191.16,193.3 1 0
nexus-backend/internal/data-engine/data_engine.go:196.2,199.75 2 0
nexus-backend/internal/data-engine/data_engine.go:199.75,201.17 2 0
nexus-backend/internal/data-engine/data_engine.go:201.17,203.4 1 0
nexus-backend/internal/data-engine/data_engine.go:207.2,207.78 1 0
nexus-backend/internal/data-engine/data_engine.go:207.78,209.17 2 0
nexus-backend/internal/data-engine/data_engine.go:209.17,211.4 1 0
nexus-backend/internal/data-engine/data_engine.go:216.2,216.12 1 0
nexus-backend/internal/data-engine/data_engine.go:220.84,223.2 2 0
nexus-backend/internal/data-engine/data_engine.go:226.80,229.2 2 0
nexus-backend/internal/data-engine/data_engine.go:232.63,235.2 2 0
nexus-backend/internal/data-engine/data_engine.go:238.47,240.9 1 0
nexus-backend/internal/data-engine/data_engine.go:241.28,241.28 0 0
nexus-backend/internal/data-engine/data_engine.go:243.10,245.73 1 0
nexus-backend/internal/data-engine/data_engine.go:250.38,254.6 3 0
nexus-backend/internal/data-engine/data_engine.go:254.6,255.10 1 0
nexus-backend/internal/data-engine/data_engine.go:256.23,257.10 1 0
nexus-backend/internal/data-engine/data_engine.go:258.19,259.26 1 0
nexus-backend/internal/data-engine/data_engine.go:259.26,264.12 2 0
nexus-backend/internal/data-engine/data_engine.go:265.35,265.35 0 0
nexus-backend/internal/data-engine/data_engine.go:267.13,267.13 0 0
nexus-backend/internal/data-engine/data_engine.go:276.50,331.2 5 0
nexus-backend/internal/data-engine/data_engine.go:334.48,335.23 1 1
nexus-backend/internal/data-engine/data_engine.go:335.23,337.3 1 1
nexus-backend/internal/data-engine/data_engine.go:339.2,339.37 1 0
nexus-backend/internal/data-engine/data_engine.go:343.56,344.23 1 0
nexus-backend/internal/data-engine/data_engine.go:344.23,346.3 1 0
nexus-backend/internal/data-engine/data_engine.go:348.2,350.17 2 0
nexus-backend/internal/data-engine/data_engine.go:354.39,359.2 3 1
nexus-backend/internal/data-engine/data_engine.go:362.51,364.2 1 0
nexus-backend/internal/data-engine/data_engine.go:367.46,369.2 1 0
nexus-backend/internal/data-engine/data_engine.go:372.52,374.2 1 0
nexus-backend/internal/data-engine/data_engine.go:377.58,379.2 1 0
nexus-backend/internal/data-engine/data_engine.go:382.52,383.24 1 2
nexus-backend/internal/data-engine/data_engine.go:383.24,385.3 1 2
nexus-backend/internal/data-engine/data_engine.go:387.2,387.33 1 0
nexus-backend/internal/data-engine/event_producer.go:78.66,79.35 1 0
nexus-backend/internal/data-engine/event_producer.go:79.35,81.3 1 0
nexus-backend/internal/data-engine/event_producer.go:83.2,83.27 1 0
nexus-backend/internal/data-engine/event_producer.go:83.27,85.3 1 0
nexus-backend/internal/data-engine/event_producer.go:87.2,87.27 1 0
nexus-backend/internal/data-engine/event_producer.go:87.27,89.3 1 0
nexus-backend/internal/data-engine/event_producer.go:91.2,91.30 1 0
nexus-backend/internal/data-engine/event_producer.go:91.30,93.3 1 0
nexus-backend/internal/data-engine/event_producer.go:95.2,97.3 1 0
nexus-backend/internal/data-engine/event_producer.go:101.60,124.16 4 0
nexus-backend/internal/data-engine/event_producer.go:124.16,126.3 1 0
nexus-backend/internal/data-engine/event_producer.go:128.2,129.12 2 0
nexus-backend/internal/data-engine/event_producer.go:133.78,134.21 1 0
nexus-backend/internal/data-engine/event_producer.go:134.21,136.3 1 0
nexus-backend/internal/data-engine/event_producer.go:139.2,139.30 1 0
nexus-backend/internal/data-engine/event_producer.go:139.30,141.3 1 0
nexus-backend/internal/data-engine/event_producer.go:144.2,145.16 2 0
nexus-backend/internal/data-engine/event_producer.go:145.16,147.3 1 0
nexus-backend/internal/data-engine/event_producer.go:150.2,162.16 3 0
nexus-backend/internal/data-engine/event_producer.go:162.16,164.3 1 0
nexus-backend/internal/data-engine/event_producer.go:166.2,166.12 1 0
nexus-backend/internal/data-engine/event_producer.go:170.125,179.2 2 0
nexus-backend/internal/data-engine/event_producer.go:182.122,191.2 2 0
nexus-backend/internal/data-engine/event_producer.go:194.145,205.2 2 0
nexus-backend/internal/data-engine/event_producer.go:208.121,217.2 2 0
nexus-backend/internal/data-engine/event_producer.go:220.39,221.21 1 0
nexus-backend/internal/data-engine/event_producer.go:221.21,226.3 4 0
nexus-backend/internal/data-engine/event_producer.go:228.2,228.12 1 0
nexus-backend/internal/data-engine/event_producer.go:232.44,234.2 1 0
nexus-backend/internal/data-engine/event_producer.go:237.71,240.20 2 0
nexus-backend/internal/data-engine/event_producer.go:240.20,242.3 1 0
nexus-backend/internal/data-engine/event_producer.go:244.2,249.3 1 0
nexus-backend/internal/data-engine/event_producer.go:253.67,265.2 1 0
nexus-backend/internal/data-engine/event_producer.go:268.47,271.19 2 0
nexus-backend/internal/data-engine/event_producer.go:272.15,273.25 1 0
nexus-backend/internal/data-engine/event_producer.go:274.25,275.27 1 0
nexus-backend/internal/data-engine/event_producer.go:276.10,277.24 1 0
nexus-backend/internal/data-engine/event_producer.go:280.2,289.3 1 0
nexus-backend/internal/data-engine/handlers.go:20.72,24.44 1 0
nexus-backend/internal/data-engine/handlers.go:24.44,26.5 1 0
nexus-backend/internal/data-engine/handlers.go:32.83,40.25 2 0
nexus-backend/internal/data-engine/handlers.go:40.25,44.3 1 0
nexus-backend/internal/data-engine/handlers.go:46.2,47.35 2 0
nexus-backend/internal/data-engine/handlers.go:51.84,52.25 1 0
nexus-backend/internal/data-engine/handlers.go:52.25,55.3 2 0
nexus-backend/internal/data-engine/handlers.go:58.2,59.20 2 0
nexus-backend/internal/data-engine/handlers.go:59.20,62.3 2 0
nexus-backend/internal/data-engine/handlers.go:64.2,65.36 2 0
nexus-backend/internal/data-engine/handlers.go:69.83,70.25 1 0
nexus-backend/internal/data-engine/handlers.go:70.25,73.3 2 0
nexus-backend/internal/data-engine/handlers.go:76.2,79.35 3 0
nexus-backend/internal/data-engine/handlers.go:83.83,84.25 1 0
nexus-backend/internal/data-engine/handlers.go:84.25,87.3 2 0
nexus-backend/internal/data-engine/handlers.go:90.2,91.46 2 0
nexus-backend/internal/data-engine/handlers.go:91.46,92.63 1 0
nexus-backend/internal/data-engine/handlers.go:92.63,94.4 1 0
nexus-backend/internal/data-engine/handlers.go:98.2,104.4 3 0
nexus-backend/internal/data-engine/handlers.go:108.86,109.25 1 0
nexus-backend/internal/data-engine/handlers.go:109.25,112.3 2 0
nexus-backend/internal/data-engine/handlers.go:115.2,116.16 2 0
nexus-backend/internal/data-engine/handlers.go:116.16,119.3 2 0
nexus-backend/internal/data-engine/handlers.go:120.2,123.25 2 0
nexus-backend/internal/data-engine/handlers.go:123.25,126.21 2 0
nexus-backend/internal/data-engine/handlers.go:126.21,131.18 2 0
nexus-backend/internal/data-engine/handlers.go:131.18,133.5 1 0
nexus-backend/internal/data-engine/handlers.go:137.3,138.22 2 0
nexus-backend/internal/data-engine/handlers.go:138.22,143.18 2 0
nexus-backend/internal/data-engine/handlers.go:143.18,145.5 1 0
nexus-backend/internal/data-engine/handlers.go:150.2,150.6 1 0
nexus-backend/internal/data-engine/handlers.go:150.6,153.17 3 0
nexus-backend/internal/data-engine/handlers.go:153.17,154.9 1 0
nexus-backend/internal/data-engine/handlers.go:158.3,159.10 2 0
nexus-backend/internal/data-engine/handlers.go:159.10,160.12 1 0
nexus-backend/internal/data-engine/handlers.go:163.3,163.18 1 0
nexus-backend/internal/data-engine/handlers.go:164.24,166.11 2 0
nexus-backend/internal/data-engine/handlers.go:166.11,167.13 1 0
nexus-backend/internal/data-engine/handlers.go:171.4,179.18 3 0
nexus-backend/internal/data-engine/handlers.go:179.18,180.10 1 0
nexus-backend/internal/data-engine/handlers.go:183.22,189.18 3 0
nexus-backend/internal/data-engine/handlers.go:189.18,190.10 1 0
nexus-backend/internal/data-engine/handlers.go:193.21,199.18 3 0
nexus-backend/internal/data-engine/handlers.go:199.18,200.10 1 0
nexus-backend/internal/data-engine/handlers.go:207.89,208.33 1 0
nexus-backend/internal/data-engine/handlers.go:208.33,211.3 2 0
nexus-backend/internal/data-engine/handlers.go:213.2,213.25 1 0
nexus-backend/internal/data-engine/handlers.go:213.25,216.3 2 0
nexus-backend/internal/data-engine/handlers.go:218.2,220.19 3 0
nexus-backend/internal/data-engine/handlers.go:220.19,223.3 2 0
nexus-backend/internal/data-engine/handlers.go:225.2,231.4 3 0
nexus-backend/internal/data-engine/handlers.go:241.90,245.44 1 0
nexus-backend/internal/data-engine/handlers.go:245.44,247.5 1 0
nexus-backend/internal/data-engine/handlers.go:253.89,262.2 3 0
nexus-backend/internal/data-engine/handlers.go:265.90,266.25 1 0
nexus-backend/internal/data-engine/handlers.go:266.25,269.3 2 0
nexus-backend/internal/data-engine/handlers.go:272.2,273.20 2 0
nexus-backend/internal/data-engine/handlers.go:273.20,276.3 2 0
nexus-backend/internal/data-engine/handlers.go:278.2,279.36 2 0
nexus-backend/internal/data-engine/handlers.go:283.89,284.25 1 0
nexus-backend/internal/data-engine/handlers.go:284.25,287.3 2 0
nexus-backend/internal/data-engine/handlers.go:290.2,293.35 3 0
nexus-backend/internal/data-engine/handlers.go:297.89,298.25 1 0
nexus-backend/internal/data-engine/handlers.go:298.25,301.3 2 0
nexus-backend/internal/data-engine/handlers.go:304.2,305.46 2 0
nexus-backend/internal/data-engine/handlers.go:305.46,306.63 1 0
nexus-backend/internal/data-engine/handlers.go:306.63,308.4 1 0
nexus-backend/internal/data-engine/handlers.go:312.2,318.4 3 0
nexus-backend/internal/data-engine/handlers.go:322.92,323.25 1 0
nexus-backend/internal/data-engine/handlers.go:323.25,326.3 2 0
nexus-backend/internal/data-engine/handlers.go:329.2,330.16 2 0
nexus-backend/internal/data-engine/handlers.go:330.16,333.3 2 0
nexus-backend/internal/data-engine/handlers.go:334.2,338.20 3 0
nexus-backend/internal/data-engine/handlers.go:338.20,343.17 2 0
nexus-backend/internal/data-engine/handlers.go:343.17,345.4 1 0
nexus-backend/internal/data-engine/handlers.go:349.2,349.6 1 0
nexus-backend/internal/data-engine/handlers.go:349.6,352.17 3 0
nexus-backend/internal/data-engine/handlers.go:352.17,353.9 1 0
nexus-backend/internal/data-engine/handlers.go:357.3,358.10 2 0
nexus-backend/internal/data-engine/handlers.go:358.10,359.12 1 0
nexus-backend/internal/data-engine/handlers.go:362.3,362.18 1 0
nexus-backend/internal/data-engine/handlers.go:363.22,369.18 3 0
nexus-backend/internal/data-engine/handlers.go:369.18,370.10 1 0
nexus-backend/internal/data-engine/handlers.go:377.95,378.33 1 0
nexus-backend/internal/data-engine/handlers.go:378.33,381.3 2 0
nexus-backend/internal/data-engine/handlers.go:383.2,383.25 1 0
nexus-backend/internal/data-engine/handlers.go:383.25,386.3 2 0
nexus-backend/internal/data-engine/handlers.go:388.2,390.19 3 0
nexus-backend/internal/data-engine/handlers.go:390.19,393.3 2 0
nexus-backend/internal/data-engine/handlers.go:396.2,402.4 3 0
nexus-backend/internal/data-engine/rest_api.go:38.84,39.22 1 1
nexus-backend/internal/data-engine/rest_api.go:39.22,41.3 1 0
nexus-backend/internal/data-engine/rest_api.go:43.2,43.29 1 1
nexus-backend/internal/data-engine/rest_api.go:43.29,45.3 1 0
nexus-backend/internal/data-engine/rest_api.go:47.2,47.30 1 1
nexus-backend/internal/data-engine/rest_api.go:47.30,49.3 1 0
nexus-backend/internal/data-engine/rest_api.go:51.2,51.32 1 1
nexus-backend/internal/data-engine/rest_api.go:51.32,53.3 1 0
nexus-backend/internal/data-engine/rest_api.go:55.2,63.3 2 1
nexus-backend/internal/data-engine/rest_api.go:67.39,71.17 3 0
nexus-backend/internal/data-engine/rest_api.go:71.17,73.3 1 0
nexus-backend/internal/data-engine/rest_api.go:76.2,88.12 3 0
nexus-backend/internal/data-engine/rest_api.go:88.12,91.48 3 0
nexus-backend/internal/data-engine/rest_api.go:91.48,93.4 1 0
nexus-backend/internal/data-engine/rest_api.go:93.9,95.4 1 0
nexus-backend/internal/data-engine/rest_api.go:98.2,99.12 2 0
nexus-backend/internal/data-engine/rest_api.go:103.38,107.18 3 0
nexus-backend/internal/data-engine/rest_api.go:107.18,109.3 1 0
nexus-backend/internal/data-engine/rest_api.go:112.2,119.16 5 0
nexus-backend/internal/data-engine/rest_api.go:119.16,121.3 1 0
nexus-backend/internal/data-engine/rest_api.go:123.2,124.12 2 0
nexus-backend/internal/data-engine/rest_api.go:128.39,160.2 14 1
nexus-backend/internal/data-engine/rest_api.go:163.75,164.71 1 0
nexus-backend/internal/data-engine/rest_api.go:164.71,178.3 3 0
nexus-backend/internal/data-engine/rest_api.go:182.72,183.71 1 0
nexus-backend/internal/data-engine/rest_api.go:183.71,190.28 4 0
nexus-backend/internal/data-engine/rest_api.go:190.28,193.4 2 0
nexus-backend/internal/data-engine/rest_api.go:196.3,196.23 1 0
nexus-backend/internal/data-engine/rest_api.go:201.78,210.25 2 1
nexus-backend/internal/data-engine/rest_api.go:210.25,216.35 2 1
nexus-backend/internal/data-engine/rest_api.go:216.35,220.4 1 0
nexus-backend/internal/data-engine/rest_api.go:223.3,223.35 1 1
nexus-backend/internal/data-engine/rest_api.go:223.35,227.4 1 0
nexus-backend/internal/data-engine/rest_api.go:231.2,234.35 2 1
nexus-backend/internal/data-engine/rest_api.go:238.82,239.25 1 1
nexus-backend/internal/data-engine/rest_api.go:239.25,242.3 2 0
nexus-backend/internal/data-engine/rest_api.go:245.2,246.20 2 1
nexus-backend/internal/data-engine/rest_api.go:246.20,249.3 2 1
nexus-backend/internal/data-engine/rest_api.go:252.2,255.36 2 0
nexus-backend/internal/data-engine/rest_api.go:259.81,260.57 1 1
nexus-backend/internal/data-engine/rest_api.go:260.57,263.3 2 1
nexus-backend/internal/data-engine/rest_api.go:266.2,269.16 3 0
nexus-backend/internal/data-engine/rest_api.go:269.16,271.3 1 0
nexus-backend/internal/data-engine/rest_api.go:271.8,273.3 1 0
nexus-backend/internal/data-engine/rest_api.go:276.2,279.35 2 0
nexus-backend/internal/data-engine/rest_api.go:283.84,284.57 1 0
nexus-backend/internal/data-engine/rest_api.go:284.57,287.3 2 0
nexus-backend/internal/data-engine/rest_api.go:290.2,303.4 5 0
nexus-backend/internal/data-engine/rest_api.go:307.81,308.97 1 0
nexus-backend/internal/data-engine/rest_api.go:308.97,311.3 2 0
nexus-backend/internal/data-engine/rest_api.go:314.2,319.20 4 0
nexus-backend/internal/data-engine/rest_api.go:319.20,322.31 3 0
nexus-backend/internal/data-engine/rest_api.go:322.31,324.4 1 0
nexus-backend/internal/data-engine/rest_api.go:325.3,325.18 1 0
nexus-backend/internal/data-engine/rest_api.go:325.18,327.4 1 0
nexus-backend/internal/data-engine/rest_api.go:330.2,334.21 3 0
nexus-backend/internal/data-engine/rest_api.go:334.21,337.3 1 0
nexus-backend/internal/data-engine/rest_api.go:337.8,340.3 1 0
nexus-backend/internal/data-engine/rest_api.go:342.2,342.16 1 0
nexus-backend/internal/data-engine/rest_api.go:342.16,345.3 2 0
nexus-backend/internal/data-engine/rest_api.go:348.2,351.33 2 0
nexus-backend/internal/data-engine/rest_api.go:355.84,356.97 1 0
nexus-backend/internal/data-engine/rest_api.go:356.97,359.3 2 0
nexus-backend/internal/data-engine/rest_api.go:362.2,363.17 2 0
nexus-backend/internal/data-engine/rest_api.go:363.17,366.3 2 0
nexus-backend/internal/data-engine/rest_api.go:368.2,372.20 3 0
nexus-backend/internal/data-engine/rest_api.go:372.20,375.31 3 0
nexus-backend/internal/data-engine/rest_api.go:375.31,377.4 1 0
nexus-backend/internal/data-engine/rest_api.go:378.3,378.18 1 0
nexus-backend/internal/data-engine/rest_api.go:378.18,380.4 1 0
nexus-backend/internal/data-engine/rest_api.go:384.2,385.16 2 0
nexus-backend/internal/data-engine/rest_api.go:385.16,388.3 2 0
nexus-backend/internal/data-engine/rest_api.go:391.2,394.33 2 0
nexus-backend/internal/data-engine/rest_api.go:398.85,422.2 3 1
nexus-backend/internal/data-engine/rest_api.go:425.82,426.59 1 0
nexus-backend/internal/data-engine/rest_api.go:426.59,429.3 2 0
nexus-backend/internal/data-engine/rest_api.go:432.2,438.36 3 0
nexus-backend/internal/data-engine/rest_api.go:442.89,443.59 1 0
nexus-backend/internal/data-engine/rest_api.go:443.59,446.3 2 0
nexus-backend/internal/data-engine/rest_api.go:449.2,452.36 3 0
nexus-backend/internal/data-engine/rest_api.go:452.36,455.3 2 0
nexus-backend/internal/data-engine/rest_api.go:458.2,459.16 2 0
nexus-backend/internal/data-engine/rest_api.go:459.16,462.3 2 0
nexus-backend/internal/data-engine/rest_api.go:464.2,465.16 2 0
nexus-backend/internal/data-engine/rest_api.go:465.16,468.3 2 0
nexus-backend/internal/data-engine/rest_api.go:471.2,477.36 3 0
nexus-backend/internal/data-engine/rest_api.go:481.86,482.59 1 0
nexus-backend/internal/data-engine/rest_api.go:482.59,485.3 2 0
nexus-backend/internal/data-engine/rest_api.go:488.2,491.36 3 0
nexus-backend/internal/data-engine/rest_api.go:491.36,494.3 2 0
nexus-backend/internal/data-engine/rest_api.go:497.2,498.16 2 0
nexus-backend/internal/data-engine/rest_api.go:498.16,501.3 2 0
nexus-backend/internal/data-engine/rest_api.go:503.2,504.16 2 0
nexus-backend/internal/data-engine/rest_api.go:504.16,507.3 2 0
nexus-backend/internal/data-engine/rest_api.go:510.2,520.4 3 0
nexus-backend/internal/data-engine/rest_api.go:524.85,525.59 1 0
nexus-backend/internal/data-engine/rest_api.go:525.59,528.3 2 0
nexus-backend/internal/data-engine/rest_api.go:531.2,534.36 3 0
nexus-backend/internal/data-engine/rest_api.go:534.36,537.3 2 0
nexus-backend/internal/data-engine/rest_api.go:540.2,541.16 2 0
nexus-backend/internal/data-engine/rest_api.go:541.16,544.3 2 0
nexus-backend/internal/data-engine/rest_api.go:546.2,547.16 2 0
nexus-backend/internal/data-engine/rest_api.go:547.16,550.3 2 0
nexus-backend/internal/data-engine/rest_api.go:553.2,564.4 3 0
nexus-backend/internal/data-engine/rest_api.go:568.42,573.2 3 0
nexus-backend/internal/data-engine/routes.go:8.58,30.2 8 0
nexus-backend/internal/data-engine/routes.go:33.65,55.2 8 0
nexus-backend/internal/data-engine/stream_processor.go:38.72,39.35 1 0
nexus-backend/internal/data-engine/stream_processor.go:39.35,41.3 1 0
nexus-backend/internal/data-engine/stream_processor.go:43.2,43.32 1 0
nexus-backend/internal/data-engine/stream_processor.go:43.32,45.3 1 0
nexus-backend/internal/data-engine/stream_processor.go:47.2,47.29 1 0
nexus-backend/internal/data-engine/stream_processor.go:47.29,49.3 1 0
nexus-backend/internal/data-engine/stream_processor.go:51.2,51.27 1 0
nexus-backend/internal/data-engine/stream_processor.go:51.27,53.3 1 0
nexus-backend/internal/data-engine/stream_processor.go:55.2,55.32 1 0
nexus-backend/internal/data-engine/stream_processor.go:55.32,57.3 1 0
nexus-backend/internal/data-engine/stream_processor.go:59.2,67.3 2 0
nexus-backend/internal/data-engine/stream_processor.go:71.41,88.2 4 0
nexus-backend/internal/data-engine/stream_processor.go:91.40,92.21 1 0
nexus-backend/internal/data-engine/stream_processor.go:92.21,98.3 5 0
nexus-backend/internal/data-engine/stream_processor.go:100.2,100.12 1 0
nexus-backend/internal/data-engine/stream_processor.go:104.86,108.41 3 0
nexus-backend/internal/data-engine/stream_processor.go:108.41,110.3 1 0
nexus-backend/internal/data-engine/stream_processor.go:112.2,112.64 1 0
nexus-backend/internal/data-engine/stream_processor.go:116.45,117.6 1 0
nexus-backend/internal/data-engine/stream_processor.go:117.6,118.10 1 0
nexus-backend/internal/data-engine/stream_processor.go:119.23,120.10 1 0
nexus-backend/internal/data-engine/stream_processor.go:121.11,124.18 2 0
nexus-backend/internal/data-engine/stream_processor.go:124.18,126.13 1 0
nexus-backend/internal/data-engine/stream_processor.go:130.4,132.18 3 0
nexus-backend/internal/data-engine/stream_processor.go:132.18,134.13 1 0
nexus-backend/internal/data-engine/stream_processor.go:138.4,141.32 2 0
nexus-backend/internal/data-engine/stream_processor.go:147.53,152.48 3 0
nexus-backend/internal/data-engine/stream_processor.go:152.48,153.36 1 0
nexus-backend/internal/data-engine/stream_processor.go:153.36,155.18 2 0
nexus-backend/internal/data-engine/stream_processor.go:155.19,157.5 0 0
nexus-backend/internal/data-engine/stream_processor.go:162.2,169.29 2 0
nexus-backend/internal/data-engine/stream_processor.go:169.29,170.72 1 0
nexus-backend/internal/data-engine/stream_processor.go:170.72,171.44 1 0
nexus-backend/internal/data-engine/stream_processor.go:171.44,172.38 1 0
nexus-backend/internal/data-engine/stream_processor.go:172.38,174.20 2 0
nexus-backend/internal/data-engine/stream_processor.go:174.21,176.7 0 0
nexus-backend/internal/data-engine/stream_processor.go:184.57,186.2 1 0
nexus-backend/internal/data-engine/stream_processor.go:189.44,191.2 1 0
nexus-backend/internal/data-engine/stream_processor.go:213.48,225.2 3 0
nexus-backend/internal/data-engine/stream_processor.go:228.54,240.46 6 0
nexus-backend/internal/data-engine/stream_processor.go:240.46,244.35 2 0
nexus-backend/internal/data-engine/stream_processor.go:244.35,246.40 2 0
nexus-backend/internal/data-engine/stream_processor.go:246.40,247.37 1 0
nexus-backend/internal/data-engine/stream_processor.go:247.37,249.6 1 0
nexus-backend/internal/data-engine/stream_processor.go:252.4,252.20 1 0
nexus-backend/internal/data-engine/stream_processor.go:252.20,254.5 1 0
nexus-backend/internal/data-engine/stream_processor.go:258.2,259.23 2 0
nexus-backend/internal/data-engine/stream_processor.go:263.60,269.34 4 0
nexus-backend/internal/data-engine/stream_processor.go:269.34,271.3 1 0
nexus-backend/internal/data-engine/stream_processor.go:274.2,275.46 2 0
nexus-backend/internal/data-engine/stream_processor.go:275.46,277.28 2 0
nexus-backend/internal/data-engine/stream_processor.go:277.28,279.4 1 0
nexus-backend/internal/data-engine/stream_processor.go:282.2,288.3 1 0
nexus-backend/internal/data-engine/stream_processor.go:292.50,293.26 1 0
nexus-backend/internal/data-engine/stream_processor.go:293.26,295.3 1 0
nexus-backend/internal/data-engine/stream_processor.go:297.2,297.58 1 0
nexus-backend/internal/data-engine/stream_processor.go:301.76,302.26 1 0
nexus-backend/internal/data-engine/stream_processor.go:302.26,304.3 1 0
nexus-backend/internal/data-engine/stream_processor.go:306.2,307.9 2 0
nexus-backend/internal/data-engine/stream_processor.go:307.9,309.3 1 0
nexus-backend/internal/data-engine/stream_processor.go:311.2,311.50 1 0
nexus-backend/internal/data-engine/stream_processor.go:315.56,320.38 3 0
nexus-backend/internal/data-engine/stream_processor.go:320.38,321.43 1 0
nexus-backend/internal/data-engine/stream_processor.go:321.43,323.4 1 0
nexus-backend/internal/data-engine/stream_processor.go:326.2,326.22 1 0
nexus-backend/internal/data-engine/stream_processor.go:326.22,328.3 1 0
nexus-backend/internal/data-engine/stream_processor.go:331.2,331.55 1 0
nexus-backend/internal/data-engine/stream_processor.go:331.55,333.3 1 0
nexus-backend/internal/data-engine/stream_processor.go:335.2,335.30 1 0
nexus-backend/internal/data-engine/stream_processor.go:339.43,346.2 1 0
nexus-backend/internal/data-engine/websocket_server.go:36.90,37.22 1 1
nexus-backend/internal/data-engine/websocket_server.go:37.22,39.3 1 0
nexus-backend/internal/data-engine/websocket_server.go:41.2,41.32 1 1
nexus-backend/internal/data-engine/websocket_server.go:41.32,43.3 1 0
nexus-backend/internal/data-engine/websocket_server.go:45.2,45.33 1 1
nexus-backend/internal/data-engine/websocket_server.go:45.33,47.3 1 0
nexus-backend/internal/data-engine/websocket_server.go:49.2,57.44 2 1
nexus-backend/internal/data-engine/websocket_server.go:57.44,59.5 1 1
nexus-backend/internal/data-engine/websocket_server.go:68.41,69.17 1 0
nexus-backend/internal/data-engine/websocket_server.go:69.17,71.3 1 0
nexus-backend/internal/data-engine/websocket_server.go:74.2,87.12 8 0
nexus-backend/internal/data-engine/websocket_server.go:87.12,89.48 2 0
nexus-backend/internal/data-engine/websocket_server.go:89.48,91.4 1 0
nexus-backend/internal/data-engine/websocket_server.go:95.2,98.25 2 0
nexus-backend/internal/data-engine/websocket_server.go:98.25,100.13 1 0
nexus-backend/internal/data-engine/websocket_server.go:100.13,102.8 2 0
nexus-backend/internal/data-engine/websocket_server.go:102.8,103.12 1 0
nexus-backend/internal/data-engine/websocket_server.go:104.25,105.12 1 0
nexus-backend/internal/data-engine/websocket_server.go:106.31,110.7 1 0
nexus-backend/internal/data-engine/websocket_server.go:116.3,116.13 1 0
nexus-backend/internal/data-engine/websocket_server.go:116.13,118.8 2 0
nexus-backend/internal/data-engine/websocket_server.go:118.8,119.12 1 0
nexus-backend/internal/data-engine/websocket_server.go:120.25,121.12 1 0
nexus-backend/internal/data-engine/websocket_server.go:122.35,126.7 1 0
nexus-backend/internal/data-engine/websocket_server.go:132.2,133.12 2 0
nexus-backend/internal/data-engine/websocket_server.go:137.40,138.18 1 0
nexus-backend/internal/data-engine/websocket_server.go:138.18,140.3 1 0
nexus-backend/internal/data-engine/websocket_server.go:143.2,147.32 3 0
nexus-backend/internal/data-engine/websocket_server.go:147.32,149.3 1 0
nexus-backend/internal/data-engine/websocket_server.go:150.2,158.16 6 0
nexus-backend/internal/data-engine/websocket_server.go:158.16,160.3 1 0
nexus-backend/internal/data-engine/websocket_server.go:162.2,163.12 2 0
nexus-backend/internal/data-engine/websocket_server.go:167.83,170.16 2 1
nexus-backend/internal/data-engine/websocket_server.go:170.16,173.3 2 0
nexus-backend/internal/data-engine/websocket_server.go:176.2,181.25 4 1
nexus-backend/internal/data-engine/websocket_server.go:181.25,184.21 2 1
nexus-backend/internal/data-engine/websocket_server.go:184.21,189.18 2 0
nexus-backend/internal/data-engine/websocket_server.go:189.18,191.5 1 0
nexus-backend/internal/data-engine/websocket_server.go:195.3,196.22 2 1
nexus-backend/internal/data-engine/websocket_server.go:196.22,201.18 2 0
nexus-backend/internal/data-engine/websocket_server.go:201.18,203.5 1 0
nexus-backend/internal/data-engine/websocket_server.go:208.2,208.25 1 1
nexus-backend/internal/data-engine/websocket_server.go:212.62,213.15 1 1
nexus-backend/internal/data-engine/websocket_server.go:213.15,219.3 4 1
nexus-backend/internal/data-engine/websocket_server.go:221.2,221.6 1 1
nexus-backend/internal/data-engine/websocket_server.go:221.6,224.17 2 2
nexus-backend/internal/data-engine/websocket_server.go:224.17,225.103 1 1
nexus-backend/internal/data-engine/websocket_server.go:225.103,227.5 1 0
nexus-backend/internal/data-engine/websocket_server.go:228.4,228.9 1 1
nexus-backend/internal/data-engine/websocket_server.go:232.3,234.17 3 1
nexus-backend/internal/data-engine/websocket_server.go:234.17,236.12 2 0
nexus-backend/internal/data-engine/websocket_server.go:240.3,240.36 1 1
nexus-backend/internal/data-engine/websocket_server.go:245.98,248.9 2 1
nexus-backend/internal/data-engine/websocket_server.go:248.9,251.3 2 0
nexus-backend/internal/data-engine/websocket_server.go:253.2,253.17 1 1
nexus-backend/internal/data-engine/websocket_server.go:254.14,260.17 2 1
nexus-backend/internal/data-engine/websocket_server.go:260.17,262.4 1 0
nexus-backend/internal/data-engine/websocket_server.go:264.19,267.10 2 0
nexus-backend/internal/data-engine/websocket_server.go:267.10,270.4 2 0
nexus-backend/internal/data-engine/websocket_server.go:273.3,278.17 2 0
nexus-backend/internal/data-engine/websocket_server.go:278.17,280.4 1 0
nexus-backend/internal/data-engine/websocket_server.go:282.23,284.26 1 0
nexus-backend/internal/data-engine/websocket_server.go:284.26,286.4 1 0
nexus-backend/internal/data-engine/websocket_server.go:288.3,289.10 2 0
nexus-backend/internal/data-engine/websocket_server.go:289.10,292.4 2 0
nexus-backend/internal/data-engine/websocket_server.go:295.3,303.17 3 0
nexus-backend/internal/data-engine/websocket_server.go:303.17,305.4 1 0
nexus-backend/internal/data-engine/websocket_server.go:310.46,311.6 1 0
nexus-backend/internal/data-engine/websocket_server.go:311.6,312.10 1 0
nexus-backend/internal/data-engine/websocket_server.go:313.23,314.10 1 0
nexus-backend/internal/data-engine/websocket_server.go:315.33,318.34 2 0
nexus-backend/internal/data-engine/websocket_server.go:318.34,320.19 2 0
nexus-backend/internal/data-engine/websocket_server.go:320.19,328.6 7 0
nexus-backend/internal/data-engine/websocket_server.go:330.4,330.28 1 0
nexus-backend/internal/data-engine/websocket_server.go:336.81,337.25 1 0
nexus-backend/internal/data-engine/websocket_server.go:337.25,340.3 2 0
nexus-backend/internal/data-engine/websocket_server.go:343.2,344.20 2 0
nexus-backend/internal/data-engine/websocket_server.go:344.20,347.3 2 0
nexus-backend/internal/data-engine/websocket_server.go:350.2,354.16 3 0
nexus-backend/internal/data-engine/websocket_server.go:354.16,356.3 1 0
nexus-backend/internal/data-engine/websocket_server.go:360.80,361.25 1 0
nexus-backend/internal/data-engine/websocket_server.go:361.25,364.3 2 0
nexus-backend/internal/data-engine/websocket_server.go:367.2,374.16 4 0
nexus-backend/internal/data-engine/websocket_server.go:374.16,376.3 1 0
nexus-backend/internal/data-engine/websocket_server.go:380.80,381.97 1 0
nexus-backend/internal/data-engine/websocket_server.go:381.97,384.3 2 0
nexus-backend/internal/data-engine/websocket_server.go:387.2,393.20 5 0
nexus-backend/internal/data-engine/websocket_server.go:393.20,395.17 2 0
nexus-backend/internal/data-engine/websocket_server.go:395.17,397.4 1 0
nexus-backend/internal/data-engine/websocket_server.go:398.3,398.18 1 0
nexus-backend/internal/data-engine/websocket_server.go:398.18,400.4 1 0
nexus-backend/internal/data-engine/websocket_server.go:403.2,407.17 3 0
nexus-backend/internal/data-engine/websocket_server.go:407.17,410.3 1 0
nexus-backend/internal/data-engine/websocket_server.go:410.8,410.28 1 0
nexus-backend/internal/data-engine/websocket_server.go:410.28,413.3 1 0
nexus-backend/internal/data-engine/websocket_server.go:413.8,416.3 1 0
nexus-backend/internal/data-engine/websocket_server.go:418.2,418.16 1 0
nexus-backend/internal/data-engine/websocket_server.go:418.16,421.3 2 0
nexus-backend/internal/data-engine/websocket_server.go:424.2,428.16 3 0
nexus-backend/internal/data-engine/websocket_server.go:428.16,430.3 1 0
nexus-backend/internal/data-engine/websocket_server.go:434.80,442.25 2 0
nexus-backend/internal/data-engine/websocket_server.go:442.25,448.35 2 0
nexus-backend/internal/data-engine/websocket_server.go:448.35,452.4 1 0
nexus-backend/internal/data-engine/websocket_server.go:455.3,455.35 1 0
nexus-backend/internal/data-engine/websocket_server.go:455.35,459.4 1 0
nexus-backend/internal/data-engine/websocket_server.go:463.2,473.16 4 0
nexus-backend/internal/data-engine/websocket_server.go:473.16,475.3 1 0
nexus-backend/internal/data-engine/websocket_server.go:479.58,480.9 1 0
nexus-backend/internal/data-engine/websocket_server.go:481.30,481.30 0 0
nexus-backend/internal/data-engine/websocket_server.go:483.10,485.62 1 0
nexus-backend/internal/data-engine/websocket_server.go:490.48,495.2 3 0
nexus-backend/internal/data-engine/websocket_server.go:498.44,500.2 1 0
nexus-backend/internal/data-engine/windowed_aggregator.go:50.97,68.2 7 0
nexus-backend/internal/data-engine/windowed_aggregator.go:71.69,76.2 3 0
nexus-backend/internal/data-engine/windowed_aggregator.go:79.71,84.2 3 0
nexus-backend/internal/data-engine/windowed_aggregator.go:87.82,92.2 3 0
nexus-backend/internal/data-engine/windowed_aggregator.go:95.63,103.33 4 0
nexus-backend/internal/data-engine/windowed_aggregator.go:103.33,105.40 1 0
nexus-backend/internal/data-engine/windowed_aggregator.go:105.40,107.18 2 0
nexus-backend/internal/data-engine/windowed_aggregator.go:107.18,109.5 1 0
nexus-backend/internal/data-engine/windowed_aggregator.go:113.3,114.33 2 0
nexus-backend/internal/data-engine/windowed_aggregator.go:118.2,120.12 2 0
nexus-backend/internal/data-engine/windowed_aggregator.go:124.78,127.23 2 0
nexus-backend/internal/data-engine/windowed_aggregator.go:128.22,135.10 5 0
nexus-backend/internal/data-engine/windowed_aggregator.go:135.10,149.4 2 0
nexus-backend/internal/data-engine/windowed_aggregator.go:151.3,151.36 1 0
nexus-backend/internal/data-engine/windowed_aggregator.go:153.21,156.56 2 0
nexus-backend/internal/data-engine/windowed_aggregator.go:156.56,162.11 5 0
nexus-backend/internal/data-engine/windowed_aggregator.go:162.11,177.5 2 0
nexus-backend/internal/data-engine/windowed_aggregator.go:179.4,180.48 2 0
nexus-backend/internal/data-engine/windowed_aggregator.go:183.21,190.37 3 0
nexus-backend/internal/data-engine/windowed_aggregator.go:190.37,191.64 1 0
nexus-backend/internal/data-engine/windowed_aggregator.go:191.64,192.90 1 0
nexus-backend/internal/data-engine/windowed_aggregator.go:192.90,194.6 1 0
nexus-backend/internal/data-engine/windowed_aggregator.go:199.3,199.91 1 0
nexus-backend/internal/data-engine/windowed_aggregator.go:199.91,221.4 6 0
nexus-backend/internal/data-engine/windowed_aggregator.go:221.9,225.4 2 0
nexus-backend/internal/data-engine/windowed_aggregator.go:228.2,228.16 1 0
nexus-backend/internal/data-engine/windowed_aggregator.go:232.48,238.38 3 0
nexus-backend/internal/data-engine/windowed_aggregator.go:238.38,239.43 1 0
nexus-backend/internal/data-engine/windowed_aggregator.go:239.43,241.4 1 0
nexus-backend/internal/data-engine/windowed_aggregator.go:246.58,251.36 4 0
nexus-backend/internal/data-engine/windowed_aggregator.go:251.36,253.3 1 0
nexus-backend/internal/data-engine/windowed_aggregator.go:255.2,255.16 1 0
nexus-backend/internal/data-engine/windowed_aggregator.go:259.85,265.36 4 0
nexus-backend/internal/data-engine/windowed_aggregator.go:265.36,268.79 1 0
nexus-backend/internal/data-engine/windowed_aggregator.go:268.79,270.4 1 0
nexus-backend/internal/data-engine/windowed_aggregator.go:273.2,273.16 1 0
nexus-backend/internal/data-engine/windowed_aggregator.go:277.72,283.36 4 0
nexus-backend/internal/data-engine/windowed_aggregator.go:283.36,286.79 1 0
nexus-backend/internal/data-engine/windowed_aggregator.go:286.79,289.57 1 0
nexus-backend/internal/data-engine/windowed_aggregator.go:289.57,291.5 1 0
nexus-backend/internal/data-engine/windowed_aggregator.go:295.2,295.21 1 0
nexus-backend/internal/data-engine/windowed_aggregator.go:299.74,305.36 4 0
nexus-backend/internal/data-engine/windowed_aggregator.go:305.36,308.79 1 0
nexus-backend/internal/data-engine/windowed_aggregator.go:308.79,311.4 1 0
nexus-backend/internal/data-engine/windowed_aggregator.go:314.2,315.19 2 0
nexus-backend/internal/data-engine/windowed_aggregator.go:315.19,317.3 1 0
nexus-backend/internal/data-engine/windowed_aggregator.go:319.2,319.40 1 0
nexus-backend/internal/data-engine/windowed_aggregator.go:325.61,327.9 2 0
nexus-backend/internal/data-engine/windowed_aggregator.go:327.9,329.3 1 0
nexus-backend/internal/data-engine/windowed_aggregator.go:331.2,332.12 2 0
nexus-backend/internal/data-engine/windowed_aggregator.go:336.59,338.37 1 0
nexus-backend/internal/data-engine/windowed_aggregator.go:338.37,339.37 1 0
nexus-backend/internal/data-engine/windowed_aggregator.go:339.37,342.11 3 0
nexus-backend/internal/data-engine/windowed_aggregator.go:342.11,344.5 1 0
nexus-backend/internal/data-engine/windowed_aggregator.go:346.4,346.35 1 0
nexus-backend/internal/data-engine/windowed_aggregator.go:350.2,350.12 1 0
nexus-backend/internal/data-engine/windowed_aggregator.go:354.59,357.16 2 0
nexus-backend/internal/data-engine/windowed_aggregator.go:357.16,359.3 1 0
nexus-backend/internal/data-engine/windowed_aggregator.go:362.2,362.30 1 0
nexus-backend/internal/data-engine/windowed_aggregator.go:362.30,365.10 3 0
nexus-backend/internal/data-engine/windowed_aggregator.go:365.10,367.4 1 0
nexus-backend/internal/data-engine/windowed_aggregator.go:369.3,373.51 3 0
nexus-backend/internal/data-engine/windowed_aggregator.go:373.51,376.4 2 0
nexus-backend/internal/data-engine/windowed_aggregator.go:379.2,379.12 1 0
nexus-backend/internal/data-engine/windowed_aggregator.go:383.59,384.37 1 0
nexus-backend/internal/data-engine/windowed_aggregator.go:384.37,385.37 1 0
nexus-backend/internal/data-engine/windowed_aggregator.go:385.37,388.24 3 0
nexus-backend/internal/data-engine/windowed_aggregator.go:388.24,390.5 1 0
nexus-backend/internal/data-engine/windowed_aggregator.go:394.2,394.12 1 0
nexus-backend/internal/data-engine/windowed_aggregator.go:398.59,399.37 1 0
nexus-backend/internal/data-engine/windowed_aggregator.go:399.37,400.37 1 0
nexus-backend/internal/data-engine/windowed_aggregator.go:400.37,403.24 3 0
nexus-backend/internal/data-engine/windowed_aggregator.go:403.24,405.5 1 0
nexus-backend/internal/data-engine/windowed_aggregator.go:409.2,409.12 1 0
nexus-backend/internal/services/agentmanagement/agent_management_service.go:50.71,81.2 4 9
nexus-backend/internal/services/agentmanagement/agent_management_service.go:84.85,88.2 3 0
nexus-backend/internal/services/agentmanagement/agent_management_service.go:91.50,95.17 3 9
nexus-backend/internal/services/agentmanagement/agent_management_service.go:95.17,97.3 1 1
nexus-backend/internal/services/agentmanagement/agent_management_service.go:99.2,109.12 7 8
nexus-backend/internal/services/agentmanagement/agent_management_service.go:113.49,117.18 3 9
nexus-backend/internal/services/agentmanagement/agent_management_service.go:117.18,119.3 1 1
nexus-backend/internal/services/agentmanagement/agent_management_service.go:121.2,124.12 3 8
nexus-backend/internal/services/agentmanagement/agent_management_service.go:128.53,132.2 3 2
nexus-backend/internal/services/agentmanagement/agent_management_service.go:135.102,140.35 4 2
nexus-backend/internal/services/agentmanagement/agent_management_service.go:140.35,141.39 1 3
nexus-backend/internal/services/agentmanagement/agent_management_service.go:141.39,143.4 1 3
nexus-backend/internal/services/agentmanagement/agent_management_service.go:147.2,147.39 1 2
nexus-backend/internal/services/agentmanagement/agent_management_service.go:147.39,150.27 3 0
nexus-backend/internal/services/agentmanagement/agent_management_service.go:150.27,152.4 1 0
nexus-backend/internal/services/agentmanagement/agent_management_service.go:153.3,153.24 1 0
nexus-backend/internal/services/agentmanagement/agent_management_service.go:153.24,155.4 1 0
nexus-backend/internal/services/agentmanagement/agent_management_service.go:156.3,156.29 1 0
nexus-backend/internal/services/agentmanagement/agent_management_service.go:159.2,159.20 1 2
nexus-backend/internal/services/agentmanagement/agent_management_service.go:163.84,168.13 4 3
nexus-backend/internal/services/agentmanagement/agent_management_service.go:168.13,170.3 1 2
nexus-backend/internal/services/agentmanagement/agent_management_service.go:172.2,172.19 1 1
nexus-backend/internal/services/agentmanagement/agent_management_service.go:176.75,180.22 3 7
nexus-backend/internal/services/agentmanagement/agent_management_service.go:180.22,182.3 1 0
nexus-backend/internal/services/agentmanagement/agent_management_service.go:184.2,184.47 1 7
nexus-backend/internal/services/agentmanagement/agent_management_service.go:184.47,186.3 1 0
nexus-backend/internal/services/agentmanagement/agent_management_service.go:188.2,188.38 1 7
nexus-backend/internal/services/agentmanagement/agent_management_service.go:188.38,190.3 1 0
nexus-backend/internal/services/agentmanagement/agent_management_service.go:193.2,197.33 4 7
nexus-backend/internal/services/agentmanagement/agent_management_service.go:197.33,199.3 1 7
nexus-backend/internal/services/agentmanagement/agent_management_service.go:201.2,217.12 5 7
nexus-backend/internal/services/agentmanagement/agent_management_service.go:221.93,226.13 4 2
nexus-backend/internal/services/agentmanagement/agent_management_service.go:226.13,228.3 1 1
nexus-backend/internal/services/agentmanagement/agent_management_service.go:231.2,231.24 1 1
nexus-backend/internal/services/agentmanagement/agent_management_service.go:231.24,233.3 1 1
nexus-backend/internal/services/agentmanagement/agent_management_service.go:234.2,234.31 1 1
nexus-backend/internal/services/agentmanagement/agent_management_service.go:234.31,236.3 1 1
nexus-backend/internal/services/agentmanagement/agent_management_service.go:237.2,237.27 1 1
nexus-backend/internal/services/agentmanagement/agent_management_service.go:237.27,239.3 1 0
nexus-backend/internal/services/agentmanagement/agent_management_service.go:240.2,240.34 1 1
nexus-backend/internal/services/agentmanagement/agent_management_service.go:240.34,242.3 1 0
nexus-backend/internal/services/agentmanagement/agent_management_service.go:243.2,243.35 1 1
nexus-backend/internal/services/agentmanagement/agent_management_service.go:243.35,245.3 1 1
nexus-backend/internal/services/agentmanagement/agent_management_service.go:246.2,246.25 1 1
nexus-backend/internal/services/agentmanagement/agent_management_service.go:246.25,248.3 1 1
nexus-backend/internal/services/agentmanagement/agent_management_service.go:250.2,265.12 5 1
nexus-backend/internal/services/agentmanagement/agent_management_service.go:269.70,274.13 4 2
nexus-backend/internal/services/agentmanagement/agent_management_service.go:274.13,276.3 1 1
nexus-backend/internal/services/agentmanagement/agent_management_service.go:279.2,279.23 1 1
nexus-backend/internal/services/agentmanagement/agent_management_service.go:279.23,280.56 1 0
nexus-backend/internal/services/agentmanagement/agent_management_service.go:280.56,282.4 1 0
nexus-backend/internal/services/agentmanagement/agent_management_service.go:286.2,292.42 5 1
nexus-backend/internal/services/agentmanagement/agent_management_service.go:292.42,295.3 2 1
nexus-backend/internal/services/agentmanagement/agent_management_service.go:298.2,307.12 3 1
nexus-backend/internal/services/agentmanagement/agent_management_service.go:311.105,316.13 4 0
nexus-backend/internal/services/agentmanagement/agent_management_service.go:316.13,318.3 1 0
nexus-backend/internal/services/agentmanagement/agent_management_service.go:320.2,320.23 1 0
nexus-backend/internal/services/agentmanagement/agent_management_service.go:321.16,322.61 1 0
nexus-backend/internal/services/agentmanagement/agent_management_service.go:323.15,324.60 1 0
nexus-backend/internal/services/agentmanagement/agent_management_service.go:325.14,326.40 1 0
nexus-backend/internal/services/agentmanagement/agent_management_service.go:327.17,328.56 1 0
nexus-backend/internal/services/agentmanagement/agent_management_service.go:328.56,330.4 1 0
nexus-backend/internal/services/agentmanagement/agent_management_service.go:331.3,331.60 1 0
nexus-backend/internal/services/agentmanagement/agent_management_service.go:332.15,333.60 1 0
nexus-backend/internal/services/agentmanagement/agent_management_service.go:334.10,335.57 1 0
nexus-backend/internal/services/agentmanagement/agent_management_service.go:340.75,348.35 4 0
nexus-backend/internal/services/agentmanagement/agent_management_service.go:348.35,349.23 1 0
nexus-backend/internal/services/agentmanagement/agent_management_service.go:350.18,351.27 1 0
nexus-backend/internal/services/agentmanagement/agent_management_service.go:352.18,353.27 1 0
nexus-backend/internal/services/agentmanagement/agent_management_service.go:354.16,355.25 1 0
nexus-backend/internal/services/agentmanagement/agent_management_service.go:356.19,357.28 1 0
nexus-backend/internal/services/agentmanagement/agent_management_service.go:358.19,359.28 1 0
nexus-backend/internal/services/agentmanagement/agent_management_service.go:363.2,363.16 1 0
nexus-backend/internal/services/agentmanagement/agent_management_service.go:367.57,368.42 1 9
nexus-backend/internal/services/agentmanagement/agent_management_service.go:368.42,374.3 5 9
nexus-backend/internal/services/agentmanagement/agent_management_service.go:377.52,379.40 1 9
nexus-backend/internal/services/agentmanagement/agent_management_service.go:379.40,380.52 1 9
nexus-backend/internal/services/agentmanagement/agent_management_service.go:380.52,382.52 2 0
nexus-backend/internal/services/agentmanagement/agent_management_service.go:382.52,384.5 1 0
nexus-backend/internal/services/agentmanagement/agent_management_service.go:385.4,385.15 1 0
nexus-backend/internal/services/agentmanagement/agent_management_service.go:387.3,387.13 1 9
nexus-backend/internal/services/agentmanagement/agent_management_service.go:391.2,391.40 1 9
nexus-backend/internal/services/agentmanagement/agent_management_service.go:391.40,392.57 1 9
nexus-backend/internal/services/agentmanagement/agent_management_service.go:392.57,394.57 2 0
nexus-backend/internal/services/agentmanagement/agent_management_service.go:394.57,396.5 1 0
nexus-backend/internal/services/agentmanagement/agent_management_service.go:397.4,397.15 1 0
nexus-backend/internal/services/agentmanagement/agent_management_service.go:399.3,399.13 1 9
nexus-backend/internal/services/agentmanagement/agent_management_service.go:403.2,403.40 1 9
nexus-backend/internal/services/agentmanagement/agent_management_service.go:403.40,404.55 1 9
nexus-backend/internal/services/agentmanagement/agent_management_service.go:404.55,406.55 2 0
nexus-backend/internal/services/agentmanagement/agent_management_service.go:406.55,408.5 1 0
nexus-backend/internal/services/agentmanagement/agent_management_service.go:409.4,409.15 1 0
nexus-backend/internal/services/agentmanagement/agent_management_service.go:411.3,411.13 1 9
nexus-backend/internal/services/agentmanagement/agent_management_service.go:415.68,416.50 1 8
nexus-backend/internal/services/agentmanagement/agent_management_service.go:416.50,417.43 1 8
nexus-backend/internal/services/agentmanagement/agent_management_service.go:417.43,420.4 2 8
nexus-backend/internal/services/agentmanagement/agent_management_service.go:424.74,428.28 2 9
nexus-backend/internal/services/agentmanagement/agent_management_service.go:428.28,430.3 1 0
nexus-backend/internal/services/agentmanagement/agent_management_service.go:433.2,433.50 1 9
nexus-backend/internal/services/agentmanagement/agent_management_service.go:433.50,434.43 1 9
nexus-backend/internal/services/agentmanagement/agent_management_service.go:434.43,437.4 2 9
nexus-backend/internal/services/agentmanagement/agent_management_service.go:441.104,442.19 1 3
nexus-backend/internal/services/agentmanagement/agent_management_service.go:442.19,444.3 1 3
nexus-backend/internal/services/agentmanagement/agent_management_service.go:447.2,447.28 1 0
nexus-backend/internal/services/agentmanagement/agent_management_service.go:447.28,449.40 2 0
nexus-backend/internal/services/agentmanagement/agent_management_service.go:449.40,450.30 1 0
nexus-backend/internal/services/agentmanagement/agent_management_service.go:450.30,452.10 2 0
nexus-backend/internal/services/agentmanagement/agent_management_service.go:455.3,455.13 1 0
nexus-backend/internal/services/agentmanagement/agent_management_service.go:455.13,457.4 1 0
nexus-backend/internal/services/agentmanagement/agent_management_service.go:461.2,461.26 1 0
nexus-backend/internal/services/agentmanagement/agent_management_service.go:461.26,463.41 2 0
nexus-backend/internal/services/agentmanagement/agent_management_service.go:463.41,464.31 1 0
nexus-backend/internal/services/agentmanagement/agent_management_service.go:464.31,466.10 2 0
nexus-backend/internal/services/agentmanagement/agent_management_service.go:469.3,469.13 1 0
nexus-backend/internal/services/agentmanagement/agent_management_service.go:469.13,471.4 1 0
nexus-backend/internal/services/agentmanagement/agent_management_service.go:475.2,475.58 1 0
nexus-backend/internal/services/agentmanagement/agent_management_service.go:475.58,477.3 1 0
nexus-backend/internal/services/agentmanagement/agent_management_service.go:480.2,480.81 1 0
nexus-backend/internal/services/agentmanagement/agent_management_service.go:480.81,482.3 1 0
nexus-backend/internal/services/agentmanagement/agent_management_service.go:484.2,484.82 1 0
nexus-backend/internal/services/agentmanagement/agent_management_service.go:484.82,486.3 1 0
nexus-backend/internal/services/agentmanagement/agent_management_service.go:488.2,488.13 1 0
nexus-backend/internal/services/agentmanagement/agent_management_service.go:491.113,493.24 2 0
nexus-backend/internal/services/agentmanagement/agent_management_service.go:493.24,495.3 1 0
nexus-backend/internal/services/agentmanagement/agent_management_service.go:497.2,511.12 6 0
nexus-backend/internal/services/agentmanagement/agent_management_service.go:514.112,516.23 2 0
nexus-backend/internal/services/agentmanagement/agent_management_service.go:516.23,518.3 1 0
nexus-backend/internal/services/agentmanagement/agent_management_service.go:521.2,551.12 9 0
nexus-backend/internal/services/agentmanagement/agent_management_service.go:554.76,556.22 2 0
nexus-backend/internal/services/agentmanagement/agent_management_service.go:556.22,558.3 1 0
nexus-backend/internal/services/agentmanagement/agent_management_service.go:560.2,560.63 1 0
nexus-backend/internal/services/agentmanagement/agent_management_service.go:560.63,563.3 2 0
nexus-backend/internal/services/agentmanagement/agent_management_service.go:565.2,578.12 5 0
nexus-backend/internal/services/agentmanagement/agent_management_service.go:581.112,584.2 1 0
nexus-backend/internal/services/agentmanagement/agent_management_service.go:586.53,590.6 3 8
nexus-backend/internal/services/agentmanagement/agent_management_service.go:590.6,591.10 1 8
nexus-backend/internal/services/agentmanagement/agent_management_service.go:592.19,593.20 1 0
nexus-backend/internal/services/agentmanagement/agent_management_service.go:593.20,595.5 1 0
nexus-backend/internal/services/agentmanagement/agent_management_service.go:597.4,597.29 1 0
nexus-backend/internal/services/agentmanagement/agent_management_service.go:602.60,606.6 3 8
nexus-backend/internal/services/agentmanagement/agent_management_service.go:606.6,607.10 1 8
nexus-backend/internal/services/agentmanagement/agent_management_service.go:608.19,609.20 1 0
nexus-backend/internal/services/agentmanagement/agent_management_service.go:609.20,611.5 1 0
nexus-backend/internal/services/agentmanagement/agent_management_service.go:613.4,613.29 1 0
nexus-backend/internal/services/agentmanagement/agent_management_service.go:618.54,622.6 3 8
nexus-backend/internal/services/agentmanagement/agent_management_service.go:622.6,623.10 1 8
nexus-backend/internal/services/agentmanagement/agent_management_service.go:624.19,625.20 1 0
nexus-backend/internal/services/agentmanagement/agent_management_service.go:625.20,627.5 1 0
nexus-backend/internal/services/agentmanagement/agent_management_service.go:629.4,629.29 1 0
nexus-backend/internal/services/agentmanagement/agent_management_service.go:634.58,638.41 3 0
nexus-backend/internal/services/agentmanagement/agent_management_service.go:638.41,639.64 1 0
nexus-backend/internal/services/agentmanagement/agent_management_service.go:639.64,645.54 3 0
nexus-backend/internal/services/agentmanagement/agent_management_service.go:645.54,647.5 1 0
nexus-backend/internal/services/agentmanagement/agent_management_service.go:651.3,651.24 1 0
nexus-backend/internal/services/agentmanagement/agent_management_service.go:651.24,654.4 2 0
nexus-backend/internal/services/agentmanagement/agent_management_service.go:658.58,662.54 3 0
nexus-backend/internal/services/agentmanagement/agent_management_service.go:662.54,684.34 2 0
nexus-backend/internal/services/agentmanagement/agent_management_service.go:684.34,686.4 1 0
nexus-backend/internal/services/agentmanagement/agent_management_service.go:687.3,690.38 2 0
nexus-backend/internal/services/agentmanagement/agent_management_service.go:690.38,692.4 1 0
nexus-backend/internal/services/agentmanagement/agent_management_service.go:695.3,695.49 1 0
nexus-backend/internal/services/agentmanagement/agent_management_service.go:699.58,703.48 3 0
nexus-backend/internal/services/agentmanagement/agent_management_service.go:703.48,705.54 1 0
nexus-backend/internal/services/agentmanagement/agent_management_service.go:705.54,707.4 1 0
nexus-backend/internal/services/agentmanagement/agent_management_service.go:707.9,709.4 1 0
nexus-backend/internal/services/agentmanagement/agent_management_service.go:711.3,712.41 2 0
nexus-backend/internal/services/agentmanagement/agent_management_service.go:717.111,722.13 4 0
nexus-backend/internal/services/agentmanagement/agent_management_service.go:722.13,724.3 1 0
nexus-backend/internal/services/agentmanagement/agent_management_service.go:726.2,726.39 1 0
nexus-backend/internal/services/agentmanagement/agent_management_service.go:726.39,728.3 1 0
nexus-backend/internal/services/agentmanagement/agent_management_service.go:730.2,730.21 1 0
nexus-backend/internal/services/agentmanagement/agent_management_service.go:734.104,739.13 4 0
nexus-backend/internal/services/agentmanagement/agent_management_service.go:739.13,741.3 1 0
nexus-backend/internal/services/agentmanagement/agent_management_service.go:743.2,743.36 1 0
nexus-backend/internal/services/agentmanagement/agent_management_service.go:743.36,745.3 1 0
nexus-backend/internal/services/agentmanagement/agent_management_service.go:747.2,747.18 1 0
nexus-backend/internal/services/agentmanagement/agent_management_service.go:751.108,756.35 4 0
nexus-backend/internal/services/agentmanagement/agent_management_service.go:756.35,757.48 1 0
nexus-backend/internal/services/agentmanagement/agent_management_service.go:757.48,759.4 1 0
nexus-backend/internal/services/agentmanagement/agent_management_service.go:762.2,762.46 1 0
nexus-backend/internal/services/agentmanagement/agent_management_service.go:762.46,764.3 1 0
nexus-backend/internal/services/agentmanagement/agent_management_service.go:766.2,766.28 1 0
nexus-backend/internal/services/agentmanagement/agent_management_service.go:770.89,775.41 4 0
nexus-backend/internal/services/agentmanagement/agent_management_service.go:775.41,777.3 1 0
nexus-backend/internal/services/agentmanagement/agent_management_service.go:779.2,779.23 1 0
nexus-backend/internal/services/agentmanagement/agent_management_service.go:783.94,787.46 3 0
nexus-backend/internal/services/agentmanagement/agent_management_service.go:787.46,789.3 1 0
nexus-backend/internal/services/agentmanagement/agent_management_service.go:791.2,791.53 1 0
nexus-backend/internal/services/agentmanagement/agent_management_service.go:791.53,793.3 1 0
nexus-backend/internal/services/agentmanagement/agent_management_service.go:795.2,802.53 5 0
nexus-backend/internal/services/agentmanagement/agent_management_service.go:802.53,803.43 1 0
nexus-backend/internal/services/agentmanagement/agent_management_service.go:803.43,806.4 2 0
nexus-backend/internal/services/agentmanagement/agent_management_service.go:809.2,810.12 2 0
nexus-backend/internal/services/agentmanagement/agent_management_service.go:814.107,819.45 4 0
nexus-backend/internal/services/agentmanagement/agent_management_service.go:819.45,820.53 1 0
nexus-backend/internal/services/agentmanagement/agent_management_service.go:820.53,822.4 1 0
nexus-backend/internal/services/agentmanagement/agent_management_service.go:825.2,825.25 1 0
nexus-backend/internal/services/agentmanagement/agent_management_service.go:829.100,833.53 3 0
nexus-backend/internal/services/agentmanagement/agent_management_service.go:833.53,835.3 1 0
nexus-backend/internal/services/agentmanagement/agent_management_service.go:837.2,837.57 1 0
nexus-backend/internal/services/agentmanagement/agent_management_service.go:837.57,839.3 1 0
nexus-backend/internal/services/agentmanagement/agent_management_service.go:842.2,842.58 1 0
nexus-backend/internal/services/agentmanagement/agent_management_service.go:842.58,844.3 1 0
nexus-backend/internal/services/agentmanagement/agent_management_service.go:846.2,854.55 6 0
nexus-backend/internal/services/agentmanagement/agent_management_service.go:854.55,855.43 1 0
nexus-backend/internal/services/agentmanagement/agent_management_service.go:855.43,858.4 2 0
nexus-backend/internal/services/agentmanagement/agent_management_service.go:861.2,862.12 2 0
nexus-backend/internal/services/dverental/dve_rental_service.go:35.68,45.51 2 5
nexus-backend/internal/services/dverental/dve_rental_service.go:45.51,47.3 1 0
nexus-backend/internal/services/dverental/dve_rental_service.go:50.2,52.21 2 5
nexus-backend/internal/services/dverental/dve_rental_service.go:56.87,62.2 4 0
nexus-backend/internal/services/dverental/dve_rental_service.go:65.44,69.17 3 5
nexus-backend/internal/services/dverental/dve_rental_service.go:69.17,71.3 1 1
nexus-backend/internal/services/dverental/dve_rental_service.go:73.2,80.12 5 4
nexus-backend/internal/services/dverental/dve_rental_service.go:84.43,88.18 3 5
nexus-backend/internal/services/dverental/dve_rental_service.go:88.18,90.3 1 1
nexus-backend/internal/services/dverental/dve_rental_service.go:92.2,95.45 2 4
nexus-backend/internal/services/dverental/dve_rental_service.go:95.45,97.3 1 0
nexus-backend/internal/services/dverental/dve_rental_service.go:99.2,101.12 3 4
nexus-backend/internal/services/dverental/dve_rental_service.go:105.47,109.2 3 0
nexus-backend/internal/services/dverental/dve_rental_service.go:112.102,118.13 4 2
nexus-backend/internal/services/dverental/dve_rental_service.go:118.13,123.3 1 1
nexus-backend/internal/services/dverental/dve_rental_service.go:126.2,126.72 1 1
nexus-backend/internal/services/dverental/dve_rental_service.go:126.72,131.3 1 0
nexus-backend/internal/services/dverental/dve_rental_service.go:134.2,142.21 4 1
nexus-backend/internal/services/dverental/dve_rental_service.go:142.21,147.3 1 0
nexus-backend/internal/services/dverental/dve_rental_service.go:150.2,168.16 3 1
nexus-backend/internal/services/dverental/dve_rental_service.go:168.16,173.3 1 0
nexus-backend/internal/services/dverental/dve_rental_service.go:175.2,181.57 3 1
nexus-backend/internal/services/dverental/dve_rental_service.go:181.57,183.3 1 0
nexus-backend/internal/services/dverental/dve_rental_service.go:185.2,193.8 1 1
nexus-backend/internal/services/dverental/dve_rental_service.go:197.91,202.43 4 0
nexus-backend/internal/services/dverental/dve_rental_service.go:202.43,203.59 1 0
nexus-backend/internal/services/dverental/dve_rental_service.go:203.59,205.4 1 0
nexus-backend/internal/services/dverental/dve_rental_service.go:208.2,208.25 1 0
nexus-backend/internal/services/dverental/dve_rental_service.go:212.77,217.39 4 2
nexus-backend/internal/services/dverental/dve_rental_service.go:217.39,218.20 1 6
nexus-backend/internal/services/dverental/dve_rental_service.go:218.20,220.4 1 6
nexus-backend/internal/services/dverental/dve_rental_service.go:223.2,223.19 1 2
nexus-backend/internal/services/dverental/dve_rental_service.go:227.79,244.2 8 0
nexus-backend/internal/services/dverental/dve_rental_service.go:247.114,252.13 4 0
nexus-backend/internal/services/dverental/dve_rental_service.go:252.13,254.3 1 0
nexus-backend/internal/services/dverental/dve_rental_service.go:256.2,256.31 1 0
nexus-backend/internal/services/dverental/dve_rental_service.go:256.31,258.3 1 0
nexus-backend/internal/services/dverental/dve_rental_service.go:263.2,268.57 4 0
nexus-backend/internal/services/dverental/dve_rental_service.go:268.57,270.3 1 0
nexus-backend/internal/services/dverental/dve_rental_service.go:272.2,272.12 1 0
nexus-backend/internal/services/dverental/dve_rental_service.go:276.81,281.13 4 0
nexus-backend/internal/services/dverental/dve_rental_service.go:281.13,283.3 1 0
nexus-backend/internal/services/dverental/dve_rental_service.go:285.2,285.29 1 0
nexus-backend/internal/services/dverental/dve_rental_service.go:285.29,287.3 1 0
nexus-backend/internal/services/dverental/dve_rental_service.go:289.2,289.31 1 0
nexus-backend/internal/services/dverental/dve_rental_service.go:289.31,291.3 1 0
nexus-backend/internal/services/dverental/dve_rental_service.go:294.2,298.75 3 0
nexus-backend/internal/services/dverental/dve_rental_service.go:298.75,300.3 1 0
nexus-backend/internal/services/dverental/dve_rental_service.go:303.2,306.57 2 0
nexus-backend/internal/services/dverental/dve_rental_service.go:306.57,308.3 1 0
nexus-backend/internal/services/dverental/dve_rental_service.go:310.2,310.12 1 0
nexus-backend/internal/services/dverental/dve_rental_service.go:316.79,319.24 1 1
nexus-backend/internal/services/dverental/dve_rental_service.go:319.24,321.3 1 0
nexus-backend/internal/services/dverental/dve_rental_service.go:322.2,322.46 1 1
nexus-backend/internal/services/dverental/dve_rental_service.go:326.127,328.27 1 1
nexus-backend/internal/services/dverental/dve_rental_service.go:328.27,338.3 4 1
nexus-backend/internal/services/dverental/dve_rental_service.go:341.2,347.9 3 0
nexus-backend/internal/services/dverental/dve_rental_service.go:347.9,357.3 4 0
nexus-backend/internal/services/dverental/dve_rental_service.go:360.2,367.16 4 0
nexus-backend/internal/services/dverental/dve_rental_service.go:367.16,369.3 1 0
nexus-backend/internal/services/dverental/dve_rental_service.go:372.2,373.63 2 0
nexus-backend/internal/services/dverental/dve_rental_service.go:373.63,375.3 1 0
nexus-backend/internal/services/dverental/dve_rental_service.go:378.2,379.16 2 0
nexus-backend/internal/services/dverental/dve_rental_service.go:379.16,382.3 1 0
nexus-backend/internal/services/dverental/dve_rental_service.go:385.2,393.20 3 0
nexus-backend/internal/services/dverental/dve_rental_service.go:393.20,394.72 1 0
nexus-backend/internal/services/dverental/dve_rental_service.go:394.72,396.4 1 0
nexus-backend/internal/services/dverental/dve_rental_service.go:399.2,399.43 1 0
nexus-backend/internal/services/dverental/dve_rental_service.go:403.72,405.27 1 0
nexus-backend/internal/services/dverental/dve_rental_service.go:405.27,408.3 2 0
nexus-backend/internal/services/dverental/dve_rental_service.go:411.2,416.9 3 0
nexus-backend/internal/services/dverental/dve_rental_service.go:416.9,419.3 2 0
nexus-backend/internal/services/dverental/dve_rental_service.go:422.2,422.60 1 0
nexus-backend/internal/services/dverental/dve_rental_service.go:422.60,425.3 2 0
nexus-backend/internal/services/dverental/dve_rental_service.go:427.2,428.12 2 0
nexus-backend/internal/services/dverental/rental_helpers.go:15.55,16.47 1 5
nexus-backend/internal/services/dverental/rental_helpers.go:16.47,18.46 1 5
nexus-backend/internal/services/dverental/rental_helpers.go:18.46,19.44 1 0
nexus-backend/internal/services/dverental/rental_helpers.go:19.44,21.66 2 0
nexus-backend/internal/services/dverental/rental_helpers.go:21.66,22.35 1 0
nexus-backend/internal/services/dverental/rental_helpers.go:22.35,24.7 1 0
nexus-backend/internal/services/dverental/rental_helpers.go:27.4,27.15 1 0
nexus-backend/internal/services/dverental/rental_helpers.go:31.3,31.46 1 5
nexus-backend/internal/services/dverental/rental_helpers.go:31.46,32.42 1 0
nexus-backend/internal/services/dverental/rental_helpers.go:32.42,34.64 2 0
nexus-backend/internal/services/dverental/rental_helpers.go:34.64,36.6 1 0
nexus-backend/internal/services/dverental/rental_helpers.go:38.4,38.15 1 0
nexus-backend/internal/services/dverental/rental_helpers.go:41.3,41.13 1 5
nexus-backend/internal/services/dverental/rental_helpers.go:46.53,47.49 1 9
nexus-backend/internal/services/dverental/rental_helpers.go:47.49,49.44 1 9
nexus-backend/internal/services/dverental/rental_helpers.go:49.44,50.53 1 1
nexus-backend/internal/services/dverental/rental_helpers.go:50.53,52.5 1 1
nexus-backend/internal/services/dverental/rental_helpers.go:56.3,56.40 1 9
nexus-backend/internal/services/dverental/rental_helpers.go:56.40,57.51 1 27
nexus-backend/internal/services/dverental/rental_helpers.go:57.51,59.5 1 27
nexus-backend/internal/services/dverental/rental_helpers.go:62.3,62.13 1 9
nexus-backend/internal/services/dverental/rental_helpers.go:67.83,68.49 1 1
nexus-backend/internal/services/dverental/rental_helpers.go:68.49,69.52 1 1
nexus-backend/internal/services/dverental/rental_helpers.go:69.52,71.4 1 1
nexus-backend/internal/services/dverental/rental_helpers.go:72.3,72.13 1 1
nexus-backend/internal/services/dverental/rental_helpers.go:79.54,136.2 1 5
nexus-backend/internal/services/dverental/rental_helpers.go:139.55,140.40 1 5
nexus-backend/internal/services/dverental/rental_helpers.go:140.40,142.3 1 15
nexus-backend/internal/services/dverental/rental_helpers.go:145.2,145.45 1 5
nexus-backend/internal/services/dverental/rental_helpers.go:145.45,147.3 1 0
nexus-backend/internal/services/dverental/rental_helpers.go:153.57,156.43 3 0
nexus-backend/internal/services/dverental/rental_helpers.go:156.43,157.61 1 0
nexus-backend/internal/services/dverental/rental_helpers.go:157.61,159.4 1 0
nexus-backend/internal/services/dverental/rental_helpers.go:161.2,161.14 1 0
nexus-backend/internal/services/dverental/rental_helpers.go:165.60,167.43 2 0
nexus-backend/internal/services/dverental/rental_helpers.go:167.43,169.3 1 0
nexus-backend/internal/services/dverental/rental_helpers.go:170.2,170.14 1 0
nexus-backend/internal/services/dverental/rental_helpers.go:174.84,177.43 3 0
nexus-backend/internal/services/dverental/rental_helpers.go:177.43,178.37 1 0
nexus-backend/internal/services/dverental/rental_helpers.go:178.37,180.4 1 0
nexus-backend/internal/services/dverental/rental_helpers.go:182.2,182.14 1 0
nexus-backend/internal/services/dverental/rental_helpers.go:186.47,190.6 3 4
nexus-backend/internal/services/dverental/rental_helpers.go:190.6,191.10 1 4
nexus-backend/internal/services/dverental/rental_helpers.go:192.19,193.20 1 0
nexus-backend/internal/services/dverental/rental_helpers.go:193.20,195.5 1 0
nexus-backend/internal/services/dverental/rental_helpers.go:196.4,196.31 1 0
nexus-backend/internal/services/dverental/rental_helpers.go:202.54,209.44 5 0
nexus-backend/internal/services/dverental/rental_helpers.go:209.44,210.62 1 0
nexus-backend/internal/services/dverental/rental_helpers.go:210.62,215.77 3 0
nexus-backend/internal/services/dverental/rental_helpers.go:215.77,217.5 1 0
nexus-backend/internal/services/dverental/rental_helpers.go:219.4,222.59 2 0
nexus-backend/internal/services/dverental/rental_helpers.go:222.59,224.5 1 0
nexus-backend/internal/services/dverental/rental_helpers.go:229.2,229.36 1 0
nexus-backend/internal/services/dverental/rental_helpers.go:229.36,231.3 1 0
nexus-backend/internal/services/dverental/rental_helpers.go:233.2,233.29 1 0
nexus-backend/internal/services/dverental/rental_helpers.go:233.29,235.3 1 0
nexus-backend/internal/config/config.go:183.30,185.2 1 0
nexus-backend/internal/config/config.go:188.42,192.35 2 0
nexus-backend/internal/config/config.go:192.35,193.46 1 0
nexus-backend/internal/config/config.go:193.46,194.9 1 0
nexus-backend/internal/config/config.go:200.2,213.45 8 0
nexus-backend/internal/config/config.go:213.45,214.56 1 0
nexus-backend/internal/config/config.go:214.56,216.4 1 0
nexus-backend/internal/config/config.go:220.2,221.49 2 0
nexus-backend/internal/config/config.go:221.49,223.3 1 0
nexus-backend/internal/config/config.go:226.2,226.48 1 0
nexus-backend/internal/config/config.go:226.48,228.3 1 0
nexus-backend/internal/config/config.go:230.2,230.21 1 0
nexus-backend/internal/config/config.go:234.20,294.2 42 0
nexus-backend/internal/config/config.go:297.40,299.49 1 0
nexus-backend/internal/config/config.go:299.49,301.3 1 0
nexus-backend/internal/config/config.go:304.2,305.19 2 0
nexus-backend/internal/config/config.go:305.19,307.3 1 0
nexus-backend/internal/config/config.go:308.2,308.19 1 0
nexus-backend/internal/config/config.go:308.19,310.3 1 0
nexus-backend/internal/config/config.go:312.2,312.24 1 0
nexus-backend/internal/config/config.go:312.24,314.3 1 0
nexus-backend/internal/config/config.go:316.2,316.29 1 0
nexus-backend/internal/config/config.go:316.29,318.3 1 0
nexus-backend/internal/config/config.go:321.2,322.21 2 0
nexus-backend/internal/config/config.go:322.21,324.3 1 0
nexus-backend/internal/config/config.go:325.2,325.76 1 0
nexus-backend/internal/config/config.go:325.76,327.3 1 0
nexus-backend/internal/config/config.go:330.2,330.42 1 0
nexus-backend/internal/config/config.go:330.42,331.24 1 0
nexus-backend/internal/config/config.go:331.24,333.4 1 0
nexus-backend/internal/config/config.go:334.3,334.33 1 0
nexus-backend/internal/config/config.go:334.33,336.4 1 0
nexus-backend/internal/config/config.go:339.2,339.12 1 0
nexus-backend/internal/database/buntdb.go:39.53,41.51 1 7
nexus-backend/internal/database/buntdb.go:41.51,43.47 2 0
nexus-backend/internal/database/buntdb.go:43.47,45.4 1 0
nexus-backend/internal/database/buntdb.go:48.2,49.16 2 7
nexus-backend/internal/database/buntdb.go:49.16,51.3 1 0
nexus-backend/internal/database/buntdb.go:53.2,69.61 3 7
nexus-backend/internal/database/buntdb.go:69.61,72.3 2 0
nexus-backend/internal/database/buntdb.go:75.2,75.48 1 7
nexus-backend/internal/database/buntdb.go:75.48,79.3 3 0
nexus-backend/internal/database/buntdb.go:82.2,84.21 2 7
nexus-backend/internal/database/buntdb.go:88.48,89.48 1 7
nexus-backend/internal/database/buntdb.go:89.48,145.3 35 7
nexus-backend/internal/database/buntdb.go:149.45,151.2 1 21
nexus-backend/internal/database/buntdb.go:154.40,159.22 3 7
nexus-backend/internal/database/buntdb.go:159.22,161.3 1 7
nexus-backend/internal/database/buntdb.go:164.2,164.35 1 7
nexus-backend/internal/database/buntdb.go:164.35,165.50 1 7
nexus-backend/internal/database/buntdb.go:165.50,167.4 1 0
nexus-backend/internal/database/buntdb.go:171.2,171.18 1 7
nexus-backend/internal/database/buntdb.go:171.18,173.3 1 7
nexus-backend/internal/database/buntdb.go:175.2,175.12 1 0
nexus-backend/internal/database/buntdb.go:179.72,180.48 1 1
nexus-backend/internal/database/buntdb.go:180.48,182.17 2 1
nexus-backend/internal/database/buntdb.go:182.17,184.4 1 0
nexus-backend/internal/database/buntdb.go:185.3,186.13 2 1
nexus-backend/internal/database/buntdb.go:191.70,192.46 1 1
nexus-backend/internal/database/buntdb.go:192.46,194.17 2 1
nexus-backend/internal/database/buntdb.go:194.17,196.4 1 0
nexus-backend/internal/database/buntdb.go:197.3,197.45 1 1
nexus-backend/internal/database/buntdb.go:202.54,203.48 1 0
nexus-backend/internal/database/buntdb.go:203.48,206.3 2 0
nexus-backend/internal/database/buntdb.go:210.69,212.46 2 1
nexus-backend/internal/database/buntdb.go:212.46,213.58 1 1
nexus-backend/internal/database/buntdb.go:213.58,216.4 2 0
nexus-backend/internal/database/buntdb.go:218.2,218.18 1 1
nexus-backend/internal/database/buntdb.go:222.65,224.46 2 0
nexus-backend/internal/database/buntdb.go:224.46,225.58 1 0
nexus-backend/internal/database/buntdb.go:225.58,228.4 2 0
nexus-backend/internal/database/buntdb.go:230.2,230.19 1 0
nexus-backend/internal/database/buntdb.go:234.81,235.48 1 0
nexus-backend/internal/database/buntdb.go:235.48,239.3 3 0
nexus-backend/internal/database/buntdb.go:243.71,245.2 1 0
nexus-backend/internal/database/buntdb.go:248.75,250.2 1 0
nexus-backend/internal/database/buntdb.go:253.50,259.6 5 7
nexus-backend/internal/database/buntdb.go:259.6,260.10 1 7
nexus-backend/internal/database/buntdb.go:261.24,262.10 1 7
nexus-backend/internal/database/buntdb.go:263.25,264.27 1 0
nexus-backend/internal/database/buntdb.go:265.25,266.21 1 0
nexus-backend/internal/database/buntdb.go:266.21,267.51 1 0
nexus-backend/internal/database/buntdb.go:267.51,269.6 1 0
nexus-backend/internal/database/buntdb.go:276.47,281.46 3 0
nexus-backend/internal/database/buntdb.go:281.46,284.53 2 0
nexus-backend/internal/database/buntdb.go:284.53,287.4 2 0
nexus-backend/internal/database/buntdb.go:290.2,293.19 3 0
nexus-backend/internal/database/buntdb.go:293.19,295.3 1 0
nexus-backend/internal/database/buntdb.go:299.60,300.20 1 7
nexus-backend/internal/database/buntdb.go:300.20,302.3 1 0
nexus-backend/internal/database/buntdb.go:304.2,309.16 4 7
nexus-backend/internal/database/buntdb.go:309.16,311.3 1 0
nexus-backend/internal/database/buntdb.go:312.2,315.45 2 7
nexus-backend/internal/database/buntdb.go:315.45,318.17 2 7
nexus-backend/internal/database/buntdb.go:318.17,320.4 1 0
nexus-backend/internal/database/buntdb.go:321.3,324.53 2 7
nexus-backend/internal/database/buntdb.go:324.53,325.54 1 7
nexus-backend/internal/database/buntdb.go:325.54,328.5 2 6
nexus-backend/internal/database/buntdb.go:330.3,330.17 1 7
nexus-backend/internal/database/buntdb.go:330.17,332.4 1 0
nexus-backend/internal/database/buntdb.go:335.3,335.33 1 7
nexus-backend/internal/database/buntdb.go:338.2,338.16 1 7
nexus-backend/internal/database/buntdb.go:338.16,341.3 2 0
nexus-backend/internal/database/buntdb.go:343.2,348.12 3 7
nexus-backend/internal/database/buntdb.go:352.46,354.16 2 7
nexus-backend/internal/database/buntdb.go:354.16,357.3 2 0
nexus-backend/internal/database/buntdb.go:359.2,359.33 1 7
nexus-backend/internal/database/buntdb.go:359.33,361.3 1 6
nexus-backend/internal/database/buntdb.go:364.2,370.29 3 1
nexus-backend/internal/database/buntdb.go:370.29,371.45 1 11
nexus-backend/internal/database/buntdb.go:371.45,376.4 1 11
nexus-backend/internal/database/buntdb.go:380.2,380.40 1 1
nexus-backend/internal/database/buntdb.go:380.40,381.43 1 10
nexus-backend/internal/database/buntdb.go:381.43,382.56 1 55
nexus-backend/internal/database/buntdb.go:382.56,384.5 1 0
nexus-backend/internal/database/buntdb.go:389.2,390.32 2 1
nexus-backend/internal/database/buntdb.go:390.32,391.54 1 1
nexus-backend/internal/database/buntdb.go:391.54,393.4 1 0
nexus-backend/internal/database/buntdb.go:393.9,395.4 1 1
nexus-backend/internal/database/buntdb.go:400.46,402.49 1 7
nexus-backend/internal/database/buntdb.go:402.49,404.3 1 7
nexus-backend/internal/database/buntdb.go:407.2,408.16 2 0
nexus-backend/internal/database/buntdb.go:408.16,410.3 1 0
nexus-backend/internal/database/buntdb.go:411.2,415.16 3 0
nexus-backend/internal/database/buntdb.go:415.16,417.3 1 0
nexus-backend/internal/database/buntdb.go:419.2,419.42 1 0
nexus-backend/internal/database/buntdb.go:419.42,421.3 1 0
nexus-backend/internal/database/buntdb.go:424.2,425.16 2 0
nexus-backend/internal/database/buntdb.go:425.16,427.3 1 0
nexus-backend/internal/database/buntdb.go:428.2,430.12 2 0
nexus-backend/internal/database/buntdb.go:434.41,442.37 5 0
nexus-backend/internal/database/buntdb.go:442.37,445.64 2 0
nexus-backend/internal/database/buntdb.go:445.64,447.4 1 0
nexus-backend/internal/database/buntdb.go:448.3,448.13 1 0
nexus-backend/internal/database/buntdb.go:452.2,455.33 3 0
nexus-backend/internal/database/buntdb.go:455.33,456.47 1 0
nexus-backend/internal/database/buntdb.go:456.47,457.40 1 0
nexus-backend/internal/database/buntdb.go:457.40,460.5 2 0
nexus-backend/internal/database/buntdb.go:464.2,464.24 1 0
nexus-backend/internal/database/buntdb.go:464.24,466.3 1 0
nexus-backend/internal/database/buntdb.go:468.2,472.16 3 0
nexus-backend/internal/database/buntdb.go:472.16,474.3 1 0
nexus-backend/internal/database/buntdb.go:475.2,478.16 3 0
nexus-backend/internal/database/buntdb.go:478.16,480.3 1 0
nexus-backend/internal/database/buntdb.go:481.2,483.45 2 0
nexus-backend/internal/database/buntdb.go:483.45,485.3 1 0
nexus-backend/internal/database/buntdb.go:487.2,488.12 2 0
nexus-backend/internal/services/dvemanager/api_server.go:21.74,26.2 1 0
nexus-backend/internal/services/dvemanager/api_server.go:29.54,59.12 12 0
nexus-backend/internal/services/dvemanager/api_server.go:59.12,60.82 1 0
nexus-backend/internal/services/dvemanager/api_server.go:60.82,62.4 1 0
nexus-backend/internal/services/dvemanager/api_server.go:65.2,66.12 2 0
nexus-backend/internal/services/dvemanager/api_server.go:70.53,71.21 1 0
nexus-backend/internal/services/dvemanager/api_server.go:71.21,73.3 1 0
nexus-backend/internal/services/dvemanager/api_server.go:74.2,74.31 1 0
nexus-backend/internal/services/dvemanager/api_server.go:78.68,79.71 1 0
nexus-backend/internal/services/dvemanager/api_server.go:79.71,84.28 4 0
nexus-backend/internal/services/dvemanager/api_server.go:84.28,87.4 2 0
nexus-backend/internal/services/dvemanager/api_server.go:89.3,89.23 1 0
nexus-backend/internal/services/dvemanager/api_server.go:94.74,105.2 4 0
nexus-backend/internal/services/dvemanager/api_server.go:108.76,109.18 1 0
nexus-backend/internal/services/dvemanager/api_server.go:110.13,118.5 4 0
nexus-backend/internal/services/dvemanager/api_server.go:120.10,121.67 1 0
nexus-backend/internal/services/dvemanager/api_server.go:126.82,129.18 2 0
nexus-backend/internal/services/dvemanager/api_server.go:129.18,132.3 2 0
nexus-backend/internal/services/dvemanager/api_server.go:134.2,134.18 1 0
nexus-backend/internal/services/dvemanager/api_server.go:135.13,137.17 2 0
nexus-backend/internal/services/dvemanager/api_server.go:137.17,140.4 2 0
nexus-backend/internal/services/dvemanager/api_server.go:142.3,144.34 3 0
nexus-backend/internal/services/dvemanager/api_server.go:146.10,147.67 1 0
nexus-backend/internal/services/dvemanager/api_server.go:152.73,153.18 1 0
nexus-backend/internal/services/dvemanager/api_server.go:154.13,170.5 4 0
nexus-backend/internal/services/dvemanager/api_server.go:172.10,173.67 1 0
nexus-backend/internal/services/dvemanager/api_server.go:178.79,180.18 2 0
nexus-backend/internal/services/dvemanager/api_server.go:180.18,183.3 2 0
nexus-backend/internal/services/dvemanager/api_server.go:186.2,195.33 4 0
nexus-backend/internal/services/dvemanager/api_server.go:199.80,211.2 4 0
nexus-backend/internal/services/dvemanager/api_server.go:214.81,225.2 4 0
nexus-backend/internal/services/dvemanager/dve_manager.go:45.107,69.2 5 7
nexus-backend/internal/services/dvemanager/dve_manager.go:72.56,83.45 5 2
nexus-backend/internal/services/dvemanager/dve_manager.go:83.45,85.3 1 2
nexus-backend/internal/services/dvemanager/dve_manager.go:87.2,88.12 2 2
nexus-backend/internal/services/dvemanager/dve_manager.go:92.55,100.2 4 2
nexus-backend/internal/services/dvemanager/dve_manager.go:103.88,104.18 1 0
nexus-backend/internal/services/dvemanager/dve_manager.go:105.39,106.40 1 0
nexus-backend/internal/services/dvemanager/dve_manager.go:107.36,108.37 1 0
nexus-backend/internal/services/dvemanager/dve_manager.go:109.10,110.62 1 0
nexus-backend/internal/services/dvemanager/dve_manager.go:115.87,138.43 4 4
nexus-backend/internal/services/dvemanager/dve_manager.go:138.43,140.3 1 0
nexus-backend/internal/services/dvemanager/dve_manager.go:143.2,146.57 2 4
nexus-backend/internal/services/dvemanager/dve_manager.go:146.57,148.3 1 0
nexus-backend/internal/services/dvemanager/dve_manager.go:150.2,151.18 2 4
nexus-backend/internal/services/dvemanager/dve_manager.go:155.79,161.46 4 1
nexus-backend/internal/services/dvemanager/dve_manager.go:161.46,162.64 1 1
nexus-backend/internal/services/dvemanager/dve_manager.go:162.64,164.63 2 0
nexus-backend/internal/services/dvemanager/dve_manager.go:164.63,167.5 2 0
nexus-backend/internal/services/dvemanager/dve_manager.go:170.4,170.47 1 0
nexus-backend/internal/services/dvemanager/dve_manager.go:170.47,172.5 1 0
nexus-backend/internal/services/dvemanager/dve_manager.go:174.4,175.15 2 0
nexus-backend/internal/services/dvemanager/dve_manager.go:179.2,179.19 1 1
nexus-backend/internal/services/dvemanager/dve_manager.go:183.90,189.16 4 0
nexus-backend/internal/services/dvemanager/dve_manager.go:189.16,191.3 1 0
nexus-backend/internal/services/dvemanager/dve_manager.go:194.2,199.43 4 0
nexus-backend/internal/services/dvemanager/dve_manager.go:199.43,201.3 1 0
nexus-backend/internal/services/dvemanager/dve_manager.go:203.2,204.18 2 0
nexus-backend/internal/services/dvemanager/dve_manager.go:208.69,213.16 4 0
nexus-backend/internal/services/dvemanager/dve_manager.go:213.16,215.3 1 0
nexus-backend/internal/services/dvemanager/dve_manager.go:217.2,220.43 3 0
nexus-backend/internal/services/dvemanager/dve_manager.go:220.43,222.3 1 0
nexus-backend/internal/services/dvemanager/dve_manager.go:224.2,226.12 3 0
nexus-backend/internal/services/dvemanager/dve_manager.go:230.71,239.16 6 1
nexus-backend/internal/services/dvemanager/dve_manager.go:239.16,241.3 1 0
nexus-backend/internal/services/dvemanager/dve_manager.go:243.2,257.20 2 1
nexus-backend/internal/services/dvemanager/dve_manager.go:285.58,286.49 1 4
nexus-backend/internal/services/dvemanager/dve_manager.go:286.49,288.3 1 1
nexus-backend/internal/services/dvemanager/dve_manager.go:289.2,289.52 1 3
nexus-backend/internal/services/dvemanager/dve_manager.go:289.52,291.3 1 0
nexus-backend/internal/services/dvemanager/dve_manager.go:292.2,292.55 1 3
nexus-backend/internal/services/dvemanager/dve_manager.go:292.55,294.3 1 0
nexus-backend/internal/services/dvemanager/dve_manager.go:295.2,295.55 1 3
nexus-backend/internal/services/dvemanager/dve_manager.go:295.55,297.3 1 1
nexus-backend/internal/services/dvemanager/dve_manager.go:298.2,298.69 1 2
nexus-backend/internal/services/dvemanager/dve_manager.go:298.69,300.3 1 0
nexus-backend/internal/services/dvemanager/dve_manager.go:302.2,302.30 1 2
nexus-backend/internal/services/dvemanager/dve_manager.go:302.30,304.41 2 2
nexus-backend/internal/services/dvemanager/dve_manager.go:304.41,306.4 1 4
nexus-backend/internal/services/dvemanager/dve_manager.go:307.3,307.42 1 2
nexus-backend/internal/services/dvemanager/dve_manager.go:307.42,308.27 1 4
nexus-backend/internal/services/dvemanager/dve_manager.go:308.27,310.5 1 1
nexus-backend/internal/services/dvemanager/dve_manager.go:313.2,313.13 1 1
nexus-backend/internal/services/dvemanager/dve_manager.go:319.61,320.48 1 4
nexus-backend/internal/services/dvemanager/dve_manager.go:320.48,322.17 2 4
nexus-backend/internal/services/dvemanager/dve_manager.go:322.17,324.4 1 0
nexus-backend/internal/services/dvemanager/dve_manager.go:325.3,326.13 2 4
nexus-backend/internal/services/dvemanager/dve_manager.go:331.77,333.46 2 0
nexus-backend/internal/services/dvemanager/dve_manager.go:333.46,335.17 2 0
nexus-backend/internal/services/dvemanager/dve_manager.go:335.17,337.4 1 0
nexus-backend/internal/services/dvemanager/dve_manager.go:338.3,338.46 1 0
nexus-backend/internal/services/dvemanager/dve_manager.go:340.2,340.19 1 0
nexus-backend/internal/services/dvemanager/dve_manager.go:344.68,345.48 1 0
nexus-backend/internal/services/dvemanager/dve_manager.go:345.48,347.17 2 0
nexus-backend/internal/services/dvemanager/dve_manager.go:347.17,349.4 1 0
nexus-backend/internal/services/dvemanager/dve_manager.go:350.3,351.13 2 0
nexus-backend/internal/services/dvemanager/dve_manager.go:356.47,357.46 1 2
nexus-backend/internal/services/dvemanager/dve_manager.go:357.46,358.64 1 2
nexus-backend/internal/services/dvemanager/dve_manager.go:358.64,360.63 2 0
nexus-backend/internal/services/dvemanager/dve_manager.go:360.63,363.5 2 0
nexus-backend/internal/services/dvemanager/dve_manager.go:364.4,365.15 2 0
nexus-backend/internal/services/dvemanager/dve_manager.go:371.76,374.9 2 0
nexus-backend/internal/services/dvemanager/dve_manager.go:374.9,376.3 1 0
nexus-backend/internal/services/dvemanager/dve_manager.go:379.2,380.16 2 0
nexus-backend/internal/services/dvemanager/dve_manager.go:380.16,382.3 1 0
nexus-backend/internal/services/dvemanager/dve_manager.go:384.2,385.56 2 0
nexus-backend/internal/services/dvemanager/dve_manager.go:385.56,387.3 1 0
nexus-backend/internal/services/dvemanager/dve_manager.go:390.2,393.12 3 0
nexus-backend/internal/services/dvemanager/dve_manager.go:397.73,399.9 2 0
nexus-backend/internal/services/dvemanager/dve_manager.go:399.9,401.3 1 0
nexus-backend/internal/services/dvemanager/dve_manager.go:404.2,405.12 2 0
nexus-backend/internal/services/dvemanager/dve_manager.go:409.38,413.6 3 2
nexus-backend/internal/services/dvemanager/dve_manager.go:413.6,414.10 1 2
nexus-backend/internal/services/dvemanager/dve_manager.go:415.24,416.10 1 2
nexus-backend/internal/services/dvemanager/dve_manager.go:417.19,418.24 1 0
nexus-backend/internal/services/dvemanager/dve_manager.go:424.41,426.29 2 0
nexus-backend/internal/services/dvemanager/dve_manager.go:426.29,428.53 1 0
nexus-backend/internal/services/dvemanager/dve_manager.go:428.53,429.32 1 0
nexus-backend/internal/services/dvemanager/dve_manager.go:429.32,435.5 5 0
nexus-backend/internal/services/dvemanager/dve_manager.go:441.45,445.6 3 2
nexus-backend/internal/services/dvemanager/dve_manager.go:445.6,446.10 1 2
nexus-backend/internal/services/dvemanager/dve_manager.go:447.24,448.10 1 2
nexus-backend/internal/services/dvemanager/dve_manager.go:449.19,451.27 1 0
nexus-backend/internal/services/dvemanager/dve_manager.go:457.44,459.29 2 0
nexus-backend/internal/services/dvemanager/dve_manager.go:459.29,460.76 1 0
nexus-backend/internal/services/dvemanager/dve_manager.go:460.76,463.4 2 0
nexus-backend/internal/services/dvemanager/dve_manager.go:468.39,472.6 3 2
nexus-backend/internal/services/dvemanager/dve_manager.go:472.6,473.10 1 2
nexus-backend/internal/services/dvemanager/dve_manager.go:474.24,475.10 1 2
nexus-backend/internal/services/dvemanager/dve_manager.go:476.19,477.31 1 0
nexus-backend/internal/services/dvemanager/dve_manager.go:483.48,485.9 1 0
nexus-backend/internal/services/dvemanager/dve_manager.go:486.23,487.9 1 0
nexus-backend/internal/services/dvemanager/dve_manager.go:488.10,488.10 0 0
nexus-backend/internal/services/dvemanager/dve_manager.go:491.2,492.16 2 0
nexus-backend/internal/services/dvemanager/dve_manager.go:492.16,494.10 1 0
nexus-backend/internal/services/dvemanager/dve_manager.go:495.24,496.10 1 0
nexus-backend/internal/services/dvemanager/dve_manager.go:497.11,498.57 1 0
nexus-backend/internal/services/dvemanager/dve_manager.go:500.3,500.9 1 0
nexus-backend/internal/services/dvemanager/dve_manager.go:504.2,520.58 2 0
nexus-backend/internal/services/dvemanager/dve_manager.go:520.58,522.3 1 0
nexus-backend/internal/services/dvemanager/dve_manager.go:526.84,527.48 1 0
nexus-backend/internal/services/dvemanager/dve_manager.go:527.48,529.17 2 0
nexus-backend/internal/services/dvemanager/dve_manager.go:529.17,531.4 1 0
nexus-backend/internal/services/dvemanager/dve_manager.go:532.3,534.13 3 0
nexus-backend/internal/services/dvemanager/dve_manager.go:539.82,541.45 1 1
nexus-backend/internal/services/dvemanager/dve_manager.go:541.45,543.53 1 1
nexus-backend/internal/services/dvemanager/dve_manager.go:543.53,545.78 1 3
nexus-backend/internal/services/dvemanager/dve_manager.go:545.78,547.5 1 3
nexus-backend/internal/services/dvemanager/dve_manager.go:549.4,550.63 2 0
nexus-backend/internal/services/dvemanager/dve_manager.go:550.63,552.5 1 0
nexus-backend/internal/services/dvemanager/dve_manager.go:554.4,554.23 1 0
nexus-backend/internal/services/dvemanager/dve_manager.go:555.42,556.14 1 0
nexus-backend/internal/services/dvemanager/dve_manager.go:557.21,558.16 1 0
nexus-backend/internal/services/dvemanager/dve_manager.go:559.18,560.13 1 0
nexus-backend/internal/services/dvemanager/dve_manager.go:562.4,562.15 1 0
nexus-backend/internal/services/dvemanager/dve_manager.go:567.2,567.46 1 1
nexus-backend/internal/services/dvemanager/dve_manager.go:567.46,570.3 1 0
nexus-backend/internal/services/dvemanager/dve_manager.go:572.2,572.8 1 1
nexus-backend/internal/services/dvemanager/dve_manager.go:575.82,576.21 1 1
nexus-backend/internal/services/dvemanager/dve_manager.go:576.21,578.3 1 0
nexus-backend/internal/services/dvemanager/dve_manager.go:579.2,580.18 2 1
nexus-backend/internal/services/dvemanager/dve_manager.go:580.18,582.3 1 1
nexus-backend/internal/services/dvemanager/dve_manager.go:582.8,582.25 1 0
nexus-backend/internal/services/dvemanager/dve_manager.go:582.25,584.3 1 0
nexus-backend/internal/services/dvemanager/dve_manager.go:585.2,585.19 1 0
nexus-backend/internal/services/dvemanager/dve_manager.go:588.62,591.2 1 1
nexus-backend/internal/services/dvemanager/dve_manager.go:593.57,596.2 1 1
nexus-backend/internal/services/dvemanager/dve_manager.go:598.57,601.2 1 1
nexus-backend/internal/services/dvemanager/dve_manager.go:604.55,608.27 3 0
nexus-backend/internal/services/dvemanager/dve_manager.go:608.27,610.3 1 0
nexus-backend/internal/services/dvemanager/dve_manager.go:612.2,616.44 4 0
nexus-backend/internal/services/dvemanager/dve_manager.go:616.44,618.3 1 0
nexus-backend/internal/services/dvemanager/dve_manager.go:619.2,619.14 1 0
nexus-backend/internal/services/dvemanager/dve_manager.go:623.71,627.27 3 0
nexus-backend/internal/services/dvemanager/dve_manager.go:627.27,629.3 1 0
nexus-backend/internal/services/dvemanager/dve_manager.go:631.2,632.13 2 0
nexus-backend/internal/services/dvemanager/dve_manager.go:632.13,634.3 1 0
nexus-backend/internal/services/dvemanager/dve_manager.go:636.2,636.18 1 0
nexus-backend/internal/services/dvemanager/dve_manager.go:640.106,646.16 4 0
nexus-backend/internal/services/dvemanager/dve_manager.go:646.16,648.3 1 0
nexus-backend/internal/services/dvemanager/dve_manager.go:651.2,651.60 1 0
nexus-backend/internal/services/dvemanager/dve_manager.go:651.60,653.3 1 0
nexus-backend/internal/services/dvemanager/dve_manager.go:654.2,654.66 1 0
nexus-backend/internal/services/dvemanager/dve_manager.go:654.66,656.3 1 0
nexus-backend/internal/services/dvemanager/dve_manager.go:657.2,657.54 1 0
nexus-backend/internal/services/dvemanager/dve_manager.go:657.54,659.3 1 0
nexus-backend/internal/services/dvemanager/dve_manager.go:660.2,660.57 1 0
nexus-backend/internal/services/dvemanager/dve_manager.go:660.57,662.3 1 0
nexus-backend/internal/services/dvemanager/dve_manager.go:663.2,663.62 1 0
nexus-backend/internal/services/dvemanager/dve_manager.go:663.62,665.3 1 0
nexus-backend/internal/services/dvemanager/dve_manager.go:666.2,666.69 1 0
nexus-backend/internal/services/dvemanager/dve_manager.go:666.69,668.36 2 0
nexus-backend/internal/services/dvemanager/dve_manager.go:668.36,669.38 1 0
nexus-backend/internal/services/dvemanager/dve_manager.go:669.38,671.5 1 0
nexus-backend/internal/services/dvemanager/dve_manager.go:675.2,678.43 2 0
nexus-backend/internal/services/dvemanager/dve_manager.go:678.43,680.3 1 0
nexus-backend/internal/services/dvemanager/dve_manager.go:683.2,686.18 3 0
nexus-backend/internal/services/dvemanager/dve_manager.go:690.55,696.16 4 0
nexus-backend/internal/services/dvemanager/dve_manager.go:696.16,698.3 1 0
nexus-backend/internal/services/dvemanager/dve_manager.go:701.2,701.47 1 0
nexus-backend/internal/services/dvemanager/dve_manager.go:701.47,704.3 2 0
nexus-backend/internal/services/dvemanager/dve_manager.go:705.2,705.16 1 0
nexus-backend/internal/services/dvemanager/dve_manager.go:705.16,707.3 1 0
nexus-backend/internal/services/dvemanager/dve_manager.go:710.2,713.12 3 0
nexus-backend/internal/services/dvemanager/handlers.go:15.82,17.61 2 0
nexus-backend/internal/services/dvemanager/handlers.go:17.61,20.3 2 0
nexus-backend/internal/services/dvemanager/handlers.go:22.2,22.20 1 0
nexus-backend/internal/services/dvemanager/handlers.go:22.20,25.3 2 0
nexus-backend/internal/services/dvemanager/handlers.go:27.2,27.23 1 0
nexus-backend/internal/services/dvemanager/handlers.go:27.23,30.3 2 0
nexus-backend/internal/services/dvemanager/handlers.go:32.2,33.16 2 0
nexus-backend/internal/services/dvemanager/handlers.go:33.16,36.3 2 0
nexus-backend/internal/services/dvemanager/handlers.go:38.2,38.40 1 0
nexus-backend/internal/services/dvemanager/handlers.go:42.79,51.16 3 0
nexus-backend/internal/services/dvemanager/handlers.go:51.16,54.3 2 0
nexus-backend/internal/services/dvemanager/handlers.go:56.2,56.36 1 0
nexus-backend/internal/services/dvemanager/handlers.go:60.77,65.16 4 0
nexus-backend/internal/services/dvemanager/handlers.go:65.16,68.3 2 0
nexus-backend/internal/services/dvemanager/handlers.go:70.2,70.35 1 0
nexus-backend/internal/services/dvemanager/handlers.go:74.86,82.61 4 0
nexus-backend/internal/services/dvemanager/handlers.go:82.61,85.3 2 0
nexus-backend/internal/services/dvemanager/handlers.go:87.2,87.22 1 0
nexus-backend/internal/services/dvemanager/handlers.go:87.22,90.3 2 0
nexus-backend/internal/services/dvemanager/handlers.go:92.2,92.64 1 0
nexus-backend/internal/services/dvemanager/handlers.go:92.64,95.3 2 0
nexus-backend/internal/services/dvemanager/handlers.go:97.2,97.95 1 0
nexus-backend/internal/services/dvemanager/handlers.go:103.82,105.62 2 0
nexus-backend/internal/services/dvemanager/handlers.go:105.62,108.3 2 0
nexus-backend/internal/services/dvemanager/handlers.go:110.2,111.16 2 0
nexus-backend/internal/services/dvemanager/handlers.go:111.16,114.3 2 0
nexus-backend/internal/services/dvemanager/handlers.go:116.2,122.39 2 0
nexus-backend/internal/services/dvemanager/handlers.go:128.85,130.16 2 0
nexus-backend/internal/services/dvemanager/handlers.go:130.16,133.3 2 0
nexus-backend/internal/services/dvemanager/handlers.go:135.2,135.37 1 0
nexus-backend/internal/services/dvemanager/handlers.go:139.85,142.32 3 0
nexus-backend/internal/services/dvemanager/handlers.go:142.32,143.30 1 0
nexus-backend/internal/services/dvemanager/handlers.go:143.30,145.4 1 0
nexus-backend/internal/services/dvemanager/handlers.go:148.2,155.37 2 0
nexus-backend/internal/services/dvemanager/handlers.go:161.80,172.2 2 0
nexus-backend/internal/services/dvemanager/handlers.go:177.73,181.2 3 0
nexus-backend/internal/services/dvemanager/handlers.go:184.72,188.2 3 0
nexus-backend/internal/services/dvemanager/load_balancer.go:14.124,18.30 3 0
nexus-backend/internal/services/dvemanager/load_balancer.go:18.30,20.3 1 0
nexus-backend/internal/services/dvemanager/load_balancer.go:23.2,24.29 2 0
nexus-backend/internal/services/dvemanager/load_balancer.go:24.29,26.3 1 0
nexus-backend/internal/services/dvemanager/load_balancer.go:29.2,29.22 1 0
nexus-backend/internal/services/dvemanager/load_balancer.go:30.21,31.49 1 0
nexus-backend/internal/services/dvemanager/load_balancer.go:32.26,33.51 1 0
nexus-backend/internal/services/dvemanager/load_balancer.go:34.24,35.50 1 0
nexus-backend/internal/services/dvemanager/load_balancer.go:36.20,37.56 1 0
nexus-backend/internal/services/dvemanager/load_balancer.go:38.16,39.51 1 0
nexus-backend/internal/services/dvemanager/load_balancer.go:40.10,41.51 1 0
nexus-backend/internal/services/dvemanager/load_balancer.go:46.117,49.29 2 0
nexus-backend/internal/services/dvemanager/load_balancer.go:49.29,50.36 1 0
nexus-backend/internal/services/dvemanager/load_balancer.go:50.36,52.4 1 0
nexus-backend/internal/services/dvemanager/load_balancer.go:55.2,55.17 1 0
nexus-backend/internal/services/dvemanager/load_balancer.go:59.96,61.29 1 0
nexus-backend/internal/services/dvemanager/load_balancer.go:61.29,63.3 1 0
nexus-backend/internal/services/dvemanager/load_balancer.go:66.2,66.72 1 0
nexus-backend/internal/services/dvemanager/load_balancer.go:66.72,68.3 1 0
nexus-backend/internal/services/dvemanager/load_balancer.go:71.2,71.53 1 0
nexus-backend/internal/services/dvemanager/load_balancer.go:71.53,73.3 1 0
nexus-backend/internal/services/dvemanager/load_balancer.go:76.2,76.30 1 0
nexus-backend/internal/services/dvemanager/load_balancer.go:76.30,77.82 1 0
nexus-backend/internal/services/dvemanager/load_balancer.go:77.82,79.42 2 0
nexus-backend/internal/services/dvemanager/load_balancer.go:79.42,81.5 1 0
nexus-backend/internal/services/dvemanager/load_balancer.go:82.4,82.40 1 0
nexus-backend/internal/services/dvemanager/load_balancer.go:82.40,83.28 1 0
nexus-backend/internal/services/dvemanager/load_balancer.go:83.28,85.6 1 0
nexus-backend/internal/services/dvemanager/load_balancer.go:91.2,91.49 1 0
nexus-backend/internal/services/dvemanager/load_balancer.go:91.49,93.3 1 0
nexus-backend/internal/services/dvemanager/load_balancer.go:95.2,95.13 1 0
nexus-backend/internal/services/dvemanager/load_balancer.go:99.83,103.2 2 0
nexus-backend/internal/services/dvemanager/load_balancer.go:106.85,107.21 1 0
nexus-backend/internal/services/dvemanager/load_balancer.go:107.21,109.3 1 0
nexus-backend/internal/services/dvemanager/load_balancer.go:112.2,112.40 1 0
nexus-backend/internal/services/dvemanager/load_balancer.go:112.40,114.3 1 0
nexus-backend/internal/services/dvemanager/load_balancer.go:117.2,120.29 3 0
nexus-backend/internal/services/dvemanager/load_balancer.go:124.84,125.21 1 0
nexus-backend/internal/services/dvemanager/load_balancer.go:125.21,127.3 1 0
nexus-backend/internal/services/dvemanager/load_balancer.go:130.2,136.29 3 0
nexus-backend/internal/services/dvemanager/load_balancer.go:136.29,148.3 4 0
nexus-backend/internal/services/dvemanager/load_balancer.go:151.2,151.41 1 0
nexus-backend/internal/services/dvemanager/load_balancer.go:151.41,153.3 1 0
nexus-backend/internal/services/dvemanager/load_balancer.go:155.2,155.23 1 0
nexus-backend/internal/services/dvemanager/load_balancer.go:159.113,160.21 1 0
nexus-backend/internal/services/dvemanager/load_balancer.go:160.21,162.3 1 0
nexus-backend/internal/services/dvemanager/load_balancer.go:165.2,165.81 1 0
nexus-backend/internal/services/dvemanager/load_balancer.go:165.81,166.30 1 0
nexus-backend/internal/services/dvemanager/load_balancer.go:166.30,167.42 1 0
nexus-backend/internal/services/dvemanager/load_balancer.go:167.42,169.5 1 0
nexus-backend/internal/services/dvemanager/load_balancer.go:174.2,174.70 1 0
nexus-backend/internal/services/dvemanager/load_balancer.go:174.70,175.72 1 0
nexus-backend/internal/services/dvemanager/load_balancer.go:175.72,177.4 1 0
nexus-backend/internal/services/dvemanager/load_balancer.go:181.2,181.37 1 0
nexus-backend/internal/services/dvemanager/load_balancer.go:185.108,189.29 3 0
nexus-backend/internal/services/dvemanager/load_balancer.go:189.29,190.48 1 0
nexus-backend/internal/services/dvemanager/load_balancer.go:190.48,192.30 2 0
nexus-backend/internal/services/dvemanager/load_balancer.go:192.30,195.5 2 0
nexus-backend/internal/services/dvemanager/load_balancer.go:199.2,199.24 1 0
nexus-backend/internal/services/dvemanager/load_balancer.go:199.24,201.3 1 0
nexus-backend/internal/services/dvemanager/load_balancer.go:204.2,204.17 1 0
nexus-backend/internal/services/dvemanager/load_balancer.go:208.83,223.2 7 0
nexus-backend/internal/services/dvemanager/load_balancer.go:226.108,227.21 1 0
nexus-backend/internal/services/dvemanager/load_balancer.go:227.21,229.3 1 0
nexus-backend/internal/services/dvemanager/load_balancer.go:231.2,237.29 3 0
nexus-backend/internal/services/dvemanager/load_balancer.go:237.29,243.3 2 0
nexus-backend/internal/services/dvemanager/load_balancer.go:246.2,246.41 1 0
nexus-backend/internal/services/dvemanager/load_balancer.go:246.41,248.3 1 0
nexus-backend/internal/services/dvemanager/load_balancer.go:250.2,250.23 1 0
nexus-backend/internal/services/dvemanager/load_balancer.go:254.105,288.2 10 0
nexus-backend/internal/services/dvemanager/load_balancer.go:291.56,295.2 3 0
nexus-backend/internal/services/dvemanager/load_balancer.go:298.47,302.2 3 0
nexus-backend/internal/services/dvemanager/load_balancer.go:305.95,318.21 4 0
nexus-backend/internal/services/dvemanager/load_balancer.go:318.21,320.3 1 0
nexus-backend/internal/services/dvemanager/load_balancer.go:322.2,325.29 3 0
nexus-backend/internal/services/dvemanager/load_balancer.go:325.29,326.30 1 0
nexus-backend/internal/services/dvemanager/load_balancer.go:326.30,331.4 4 0
nexus-backend/internal/services/dvemanager/load_balancer.go:334.2,334.23 1 0
nexus-backend/internal/services/dvemanager/load_balancer.go:334.23,339.3 4 0
nexus-backend/internal/services/dvemanager/load_balancer.go:341.2,341.14 1 0
nexus-backend/internal/services/dvemanager/node_tracker.go:10.54,14.2 3 4
nexus-backend/internal/services/dvemanager/node_tracker.go:17.57,21.2 3 0
nexus-backend/internal/services/dvemanager/node_tracker.go:24.50,28.2 3 0
nexus-backend/internal/services/dvemanager/node_tracker.go:31.71,36.2 4 0
nexus-backend/internal/services/dvemanager/node_tracker.go:39.56,44.32 4 0
nexus-backend/internal/services/dvemanager/node_tracker.go:44.32,46.3 1 0
nexus-backend/internal/services/dvemanager/node_tracker.go:47.2,47.14 1 0
nexus-backend/internal/services/dvemanager/node_tracker.go:51.59,56.32 4 1
nexus-backend/internal/services/dvemanager/node_tracker.go:56.32,57.30 1 3
nexus-backend/internal/services/dvemanager/node_tracker.go:57.30,59.4 1 3
nexus-backend/internal/services/dvemanager/node_tracker.go:61.2,61.20 1 1
nexus-backend/internal/services/dvemanager/node_tracker.go:65.44,69.2 3 1
nexus-backend/internal/services/dvemanager/node_tracker.go:72.55,76.46 3 0
nexus-backend/internal/services/dvemanager/node_tracker.go:76.46,80.3 3 0
nexus-backend/internal/services/dvemanager/node_tracker.go:84.76,89.32 4 0
nexus-backend/internal/services/dvemanager/node_tracker.go:89.32,90.57 1 0
nexus-backend/internal/services/dvemanager/node_tracker.go:90.57,92.4 1 0
nexus-backend/internal/services/dvemanager/node_tracker.go:94.2,94.22 1 0
nexus-backend/internal/services/dvemanager/node_tracker.go:98.78,103.32 4 0
nexus-backend/internal/services/dvemanager/node_tracker.go:103.32,104.59 1 0
nexus-backend/internal/services/dvemanager/node_tracker.go:104.59,106.4 1 0
nexus-backend/internal/services/dvemanager/node_tracker.go:108.2,108.22 1 0
nexus-backend/internal/services/dvemanager/node_tracker.go:112.75,117.32 4 0
nexus-backend/internal/services/dvemanager/node_tracker.go:117.32,118.30 1 0
nexus-backend/internal/services/dvemanager/node_tracker.go:118.30,120.4 1 0
nexus-backend/internal/services/dvemanager/node_tracker.go:124.2,124.42 1 0
nexus-backend/internal/services/dvemanager/node_tracker.go:124.42,125.45 1 0
nexus-backend/internal/services/dvemanager/node_tracker.go:125.45,126.71 1 0
nexus-backend/internal/services/dvemanager/node_tracker.go:126.71,128.5 1 0
nexus-backend/internal/services/dvemanager/node_tracker.go:132.2,132.43 1 0
nexus-backend/internal/services/dvemanager/node_tracker.go:132.43,134.3 1 0
nexus-backend/internal/services/dvemanager/node_tracker.go:135.2,135.20 1 0
nexus-backend/internal/services/dvemanager/node_tracker.go:139.54,151.32 4 0
nexus-backend/internal/services/dvemanager/node_tracker.go:151.32,154.3 2 0
nexus-backend/internal/services/dvemanager/node_tracker.go:156.2,156.14 1 0
nexus-backend/internal/services/dvemanager/node_tracker.go:160.64,165.32 4 0
nexus-backend/internal/services/dvemanager/node_tracker.go:165.32,166.30 1 0
nexus-backend/internal/services/dvemanager/node_tracker.go:166.30,168.4 1 0
nexus-backend/internal/services/dvemanager/node_tracker.go:171.2,171.21 1 0
nexus-backend/internal/services/dvemanager/node_tracker.go:175.65,180.32 4 0
nexus-backend/internal/services/dvemanager/node_tracker.go:180.32,181.30 1 0
nexus-backend/internal/services/dvemanager/node_tracker.go:181.30,183.4 1 0
nexus-backend/internal/services/dvemanager/node_tracker.go:186.2,186.21 1 0
nexus-backend/internal/services/dvemanager/node_tracker.go:190.55,197.32 5 0
nexus-backend/internal/services/dvemanager/node_tracker.go:197.32,198.30 1 0
nexus-backend/internal/services/dvemanager/node_tracker.go:198.30,201.4 2 0
nexus-backend/internal/services/dvemanager/node_tracker.go:204.2,204.22 1 0
nexus-backend/internal/services/dvemanager/node_tracker.go:204.22,206.3 1 0
nexus-backend/internal/services/dvemanager/node_tracker.go:208.2,208.56 1 0
nexus-backend/internal/services/dvemanager/node_tracker.go:212.46,217.32 4 0
nexus-backend/internal/services/dvemanager/node_tracker.go:217.32,218.30 1 0
nexus-backend/internal/services/dvemanager/node_tracker.go:218.30,220.4 1 0
nexus-backend/internal/services/dvemanager/node_tracker.go:223.2,223.19 1 0
nexus-backend/internal/services/dvemanager/node_tracker.go:227.58,232.13 4 0
nexus-backend/internal/services/dvemanager/node_tracker.go:232.13,234.3 1 0
nexus-backend/internal/services/dvemanager/node_tracker.go:237.2,237.82 1 0
nexus-backend/internal/services/dvemanager/node_tracker.go:241.62,246.32 4 0
nexus-backend/internal/services/dvemanager/node_tracker.go:246.32,247.38 1 0
nexus-backend/internal/services/dvemanager/node_tracker.go:247.38,249.4 1 0
nexus-backend/internal/services/dvemanager/node_tracker.go:252.2,252.23 1 0
nexus-backend/internal/services/dvemanager/node_tracker.go:256.73,258.2 1 0
nexus-backend/internal/services/dvemanager/routes.go:12.96,41.88 16 0
nexus-backend/internal/services/dvemanager/routes.go:41.88,43.3 1 0
nexus-backend/internal/services/validation/api_server.go:21.82,26.2 1 0
nexus-backend/internal/services/validation/api_server.go:29.54,52.31 11 0
nexus-backend/internal/services/validation/api_server.go:52.31,54.3 1 0
nexus-backend/internal/services/validation/api_server.go:56.2,65.12 3 0
nexus-backend/internal/services/validation/api_server.go:65.12,66.82 1 0
nexus-backend/internal/services/validation/api_server.go:66.82,68.4 1 0
nexus-backend/internal/services/validation/api_server.go:71.2,72.12 2 0
nexus-backend/internal/services/validation/api_server.go:76.53,77.21 1 0
nexus-backend/internal/services/validation/api_server.go:77.21,79.3 1 0
nexus-backend/internal/services/validation/api_server.go:80.2,80.31 1 0
nexus-backend/internal/services/validation/api_server.go:84.68,85.71 1 0
nexus-backend/internal/services/validation/api_server.go:85.71,90.28 4 0
nexus-backend/internal/services/validation/api_server.go:90.28,93.4 2 0
nexus-backend/internal/services/validation/api_server.go:95.3,95.23 1 0
nexus-backend/internal/services/validation/api_server.go:100.74,111.2 4 0
nexus-backend/internal/services/validation/api_server.go:114.83,115.18 1 0
nexus-backend/internal/services/validation/api_server.go:116.13,140.5 4 0
nexus-backend/internal/services/validation/api_server.go:142.14,145.70 2 0
nexus-backend/internal/services/validation/api_server.go:145.70,148.4 2 0
nexus-backend/internal/services/validation/api_server.go:151.3,161.34 4 0
nexus-backend/internal/services/validation/api_server.go:163.10,164.67 1 0
nexus-backend/internal/services/validation/api_server.go:169.89,171.18 2 0
nexus-backend/internal/services/validation/api_server.go:171.18,174.3 2 0
nexus-backend/internal/services/validation/api_server.go:176.2,176.18 1 0
nexus-backend/internal/services/validation/api_server.go:177.13,194.34 4 0
nexus-backend/internal/services/validation/api_server.go:196.10,197.67 1 0
nexus-backend/internal/services/validation/api_server.go:202.85,203.18 1 0
nexus-backend/internal/services/validation/api_server.go:204.13,222.5 4 0
nexus-backend/internal/services/validation/api_server.go:224.10,225.67 1 0
nexus-backend/internal/services/validation/api_server.go:230.91,232.20 2 0
nexus-backend/internal/services/validation/api_server.go:232.20,235.3 2 0
nexus-backend/internal/services/validation/api_server.go:238.2,253.35 4 0
nexus-backend/internal/services/validation/api_server.go:257.80,269.2 4 0
nexus-backend/internal/services/validation/api_server.go:272.81,283.2 4 0
nexus-backend/internal/services/validation/handlers.go:15.84,17.20 2 0
nexus-backend/internal/services/validation/handlers.go:17.20,20.3 2 0
nexus-backend/internal/services/validation/handlers.go:22.2,23.61 2 0
nexus-backend/internal/services/validation/handlers.go:23.61,26.3 2 0
nexus-backend/internal/services/validation/handlers.go:28.2,28.20 1 0
nexus-backend/internal/services/validation/handlers.go:28.20,31.3 2 0
nexus-backend/internal/services/validation/handlers.go:33.2,34.16 2 0
nexus-backend/internal/services/validation/handlers.go:34.16,37.3 2 0
nexus-backend/internal/services/validation/handlers.go:39.2,39.40 1 0
nexus-backend/internal/services/validation/handlers.go:43.83,45.20 2 0
nexus-backend/internal/services/validation/handlers.go:45.20,48.3 2 0
nexus-backend/internal/services/validation/handlers.go:51.2,57.69 2 0
nexus-backend/internal/services/validation/handlers.go:57.69,59.28 1 0
nexus-backend/internal/services/validation/handlers.go:59.28,61.4 1 0
nexus-backend/internal/services/validation/handlers.go:61.9,61.37 1 0
nexus-backend/internal/services/validation/handlers.go:61.37,63.4 1 0
nexus-backend/internal/services/validation/handlers.go:63.9,63.34 1 0
nexus-backend/internal/services/validation/handlers.go:63.34,65.4 1 0
nexus-backend/internal/services/validation/handlers.go:68.2,69.16 2 0
nexus-backend/internal/services/validation/handlers.go:69.16,72.3 2 0
nexus-backend/internal/services/validation/handlers.go:74.2,74.36 1 0
nexus-backend/internal/services/validation/handlers.go:78.81,80.20 2 0
nexus-backend/internal/services/validation/handlers.go:80.20,83.3 2 0
nexus-backend/internal/services/validation/handlers.go:85.2,89.16 4 0
nexus-backend/internal/services/validation/handlers.go:89.16,92.3 2 0
nexus-backend/internal/services/validation/handlers.go:94.2,94.35 1 0
nexus-backend/internal/services/validation/handlers.go:98.85,100.20 2 0
nexus-backend/internal/services/validation/handlers.go:100.20,103.3 2 0
nexus-backend/internal/services/validation/handlers.go:105.2,110.16 4 0
nexus-backend/internal/services/validation/handlers.go:110.16,113.3 2 0
nexus-backend/internal/services/validation/handlers.go:116.2,117.16 2 0
nexus-backend/internal/services/validation/handlers.go:117.16,120.3 2 0
nexus-backend/internal/services/validation/handlers.go:123.2,130.45 2 0
nexus-backend/internal/services/validation/handlers.go:136.88,138.20 2 0
nexus-backend/internal/services/validation/handlers.go:138.20,141.3 2 0
nexus-backend/internal/services/validation/handlers.go:143.2,149.82 4 0
nexus-backend/internal/services/validation/handlers.go:155.93,167.2 2 0
nexus-backend/internal/services/validation/handlers.go:170.94,172.20 2 0
nexus-backend/internal/services/validation/handlers.go:172.20,175.3 2 0
nexus-backend/internal/services/validation/handlers.go:178.2,185.38 2 0
nexus-backend/internal/services/validation/handlers.go:191.86,193.20 2 0
nexus-backend/internal/services/validation/handlers.go:193.20,196.3 2 0
nexus-backend/internal/services/validation/handlers.go:199.2,206.42 2 0
nexus-backend/internal/services/validation/handlers.go:212.73,216.2 3 0
nexus-backend/internal/services/validation/handlers.go:219.72,223.2 3 0
nexus-backend/internal/services/validation/routes.go:12.100,41.95 16 0
nexus-backend/internal/services/validation/routes.go:41.95,43.3 1 0
nexus-backend/internal/services/validation/task_queue.go:10.59,14.2 3 1
nexus-backend/internal/services/validation/task_queue.go:17.48,21.2 3 0
nexus-backend/internal/services/validation/task_queue.go:24.76,29.2 4 0
nexus-backend/internal/services/validation/task_queue.go:32.65,37.32 4 0
nexus-backend/internal/services/validation/task_queue.go:37.32,38.31 1 0
nexus-backend/internal/services/validation/task_queue.go:38.31,40.4 1 0
nexus-backend/internal/services/validation/task_queue.go:44.2,44.47 1 0
nexus-backend/internal/services/validation/task_queue.go:44.47,46.3 1 0
nexus-backend/internal/services/validation/task_queue.go:48.2,48.21 1 0
nexus-backend/internal/services/validation/task_queue.go:52.61,57.32 4 0
nexus-backend/internal/services/validation/task_queue.go:57.32,59.3 1 0
nexus-backend/internal/services/validation/task_queue.go:60.2,60.14 1 0
nexus-backend/internal/services/validation/task_queue.go:64.79,69.32 4 0
nexus-backend/internal/services/validation/task_queue.go:69.32,70.28 1 0
nexus-backend/internal/services/validation/task_queue.go:70.28,72.4 1 0
nexus-backend/internal/services/validation/task_queue.go:74.2,74.22 1 0
nexus-backend/internal/services/validation/task_queue.go:78.79,83.32 4 0
nexus-backend/internal/services/validation/task_queue.go:83.32,84.28 1 0
nexus-backend/internal/services/validation/task_queue.go:84.28,86.4 1 0
nexus-backend/internal/services/validation/task_queue.go:88.2,88.22 1 0
nexus-backend/internal/services/validation/task_queue.go:92.83,97.32 4 0
nexus-backend/internal/services/validation/task_queue.go:97.32,98.35 1 0
nexus-backend/internal/services/validation/task_queue.go:98.35,100.4 1 0
nexus-backend/internal/services/validation/task_queue.go:104.2,104.48 1 0
nexus-backend/internal/services/validation/task_queue.go:104.48,106.3 1 0
nexus-backend/internal/services/validation/task_queue.go:108.2,108.22 1 0
nexus-backend/internal/services/validation/task_queue.go:112.67,116.46 3 0
nexus-backend/internal/services/validation/task_queue.go:116.46,119.3 2 0
nexus-backend/internal/services/validation/task_queue.go:120.2,120.14 1 0
nexus-backend/internal/services/validation/task_queue.go:124.53,137.32 4 0
nexus-backend/internal/services/validation/task_queue.go:137.32,140.3 2 0
nexus-backend/internal/services/validation/task_queue.go:142.2,142.14 1 0
nexus-backend/internal/services/validation/task_queue.go:146.63,151.32 4 0
nexus-backend/internal/services/validation/task_queue.go:151.32,153.3 1 0
nexus-backend/internal/services/validation/task_queue.go:155.2,155.21 1 0
nexus-backend/internal/services/validation/task_queue.go:159.60,164.32 4 0
nexus-backend/internal/services/validation/task_queue.go:164.32,166.3 1 0
nexus-backend/internal/services/validation/task_queue.go:168.2,168.21 1 0
nexus-backend/internal/services/validation/task_queue.go:172.59,174.27 2 0
nexus-backend/internal/services/validation/task_queue.go:174.27,176.3 1 0
nexus-backend/internal/services/validation/task_queue.go:177.2,177.12 1 0
nexus-backend/internal/services/validation/task_queue.go:181.41,185.2 3 0
nexus-backend/internal/services/validation/task_queue.go:188.48,193.32 4 0
nexus-backend/internal/services/validation/task_queue.go:193.32,194.31 1 0
nexus-backend/internal/services/validation/task_queue.go:194.31,196.4 1 0
nexus-backend/internal/services/validation/task_queue.go:198.2,198.14 1 0
nexus-backend/internal/services/validation/task_queue.go:202.48,207.32 4 0
nexus-backend/internal/services/validation/task_queue.go:207.32,208.31 1 0
nexus-backend/internal/services/validation/task_queue.go:208.31,210.4 1 0
nexus-backend/internal/services/validation/task_queue.go:212.2,212.14 1 0
nexus-backend/internal/services/validation/task_queue.go:216.30,220.2 3 0
nexus-backend/internal/services/validation/task_queue.go:223.50,228.2 4 0
nexus-backend/internal/services/validation/task_queue.go:231.84,236.32 4 0
nexus-backend/internal/services/validation/task_queue.go:236.32,237.38 1 0
nexus-backend/internal/services/validation/task_queue.go:237.38,239.4 1 0
nexus-backend/internal/services/validation/task_queue.go:241.2,241.22 1 0
nexus-backend/internal/services/validation/task_queue.go:245.85,250.32 4 0
nexus-backend/internal/services/validation/task_queue.go:250.32,251.36 1 0
nexus-backend/internal/services/validation/task_queue.go:251.36,253.4 1 0
nexus-backend/internal/services/validation/task_queue.go:255.2,255.22 1 0
nexus-backend/internal/services/validation/validation_core.go:52.115,77.2 5 7
nexus-backend/internal/services/validation/validation_core.go:80.60,91.46 5 1
nexus-backend/internal/services/validation/validation_core.go:91.46,93.3 1 1
nexus-backend/internal/services/validation/validation_core.go:95.2,96.12 2 1
nexus-backend/internal/services/validation/validation_core.go:100.59,112.2 5 1
nexus-backend/internal/services/validation/validation_core.go:115.92,116.18 1 0
nexus-backend/internal/services/validation/validation_core.go:117.40,118.41 1 0
nexus-backend/internal/services/validation/validation_core.go:119.37,120.38 1 0
nexus-backend/internal/services/validation/validation_core.go:121.10,122.62 1 0
nexus-backend/internal/services/validation/validation_core.go:127.104,148.43 4 1
nexus-backend/internal/services/validation/validation_core.go:148.43,150.3 1 0
nexus-backend/internal/services/validation/validation_core.go:153.2,156.71 2 1
nexus-backend/internal/services/validation/validation_core.go:156.71,158.3 1 0
nexus-backend/internal/services/validation/validation_core.go:160.2,161.18 2 1
nexus-backend/internal/services/validation/validation_core.go:165.100,171.46 4 1
nexus-backend/internal/services/validation/validation_core.go:171.46,172.71 1 1
nexus-backend/internal/services/validation/validation_core.go:172.71,174.63 2 0
nexus-backend/internal/services/validation/validation_core.go:174.63,177.5 2 0
nexus-backend/internal/services/validation/validation_core.go:180.4,180.47 1 0
nexus-backend/internal/services/validation/validation_core.go:180.47,182.5 1 0
nexus-backend/internal/services/validation/validation_core.go:184.4,185.15 2 0
nexus-backend/internal/services/validation/validation_core.go:189.2,189.19 1 1
nexus-backend/internal/services/validation/validation_core.go:193.92,200.46 5 0
nexus-backend/internal/services/validation/validation_core.go:200.46,202.17 2 0
nexus-backend/internal/services/validation/validation_core.go:202.17,204.4 1 0
nexus-backend/internal/services/validation/validation_core.go:206.3,206.62 1 0
nexus-backend/internal/services/validation/validation_core.go:206.62,208.4 1 0
nexus-backend/internal/services/validation/validation_core.go:210.3,211.13 2 0
nexus-backend/internal/services/validation/validation_core.go:214.2,214.16 1 0
nexus-backend/internal/services/validation/validation_core.go:214.16,216.3 1 0
nexus-backend/internal/services/validation/validation_core.go:218.2,218.12 1 0
nexus-backend/internal/services/validation/validation_core.go:218.12,220.3 1 0
nexus-backend/internal/services/validation/validation_core.go:222.2,222.19 1 0
nexus-backend/internal/services/validation/validation_core.go:226.108,231.36 3 0
nexus-backend/internal/services/validation/validation_core.go:231.36,233.3 1 0
nexus-backend/internal/services/validation/validation_core.go:236.2,236.64 1 0
nexus-backend/internal/services/validation/validation_core.go:236.64,238.3 1 0
nexus-backend/internal/services/validation/validation_core.go:241.2,245.43 4 0
nexus-backend/internal/services/validation/validation_core.go:245.43,247.3 1 0
nexus-backend/internal/services/validation/validation_core.go:250.2,260.12 4 0
nexus-backend/internal/services/validation/validation_core.go:260.12,261.16 1 0
nexus-backend/internal/services/validation/validation_core.go:261.16,264.4 2 0
nexus-backend/internal/services/validation/validation_core.go:266.3,267.17 2 0
nexus-backend/internal/services/validation/validation_core.go:267.17,271.4 3 0
nexus-backend/internal/services/validation/validation_core.go:274.3,274.58 1 0
nexus-backend/internal/services/validation/validation_core.go:274.58,276.4 1 0
nexus-backend/internal/services/validation/validation_core.go:278.3,281.73 2 0
nexus-backend/internal/services/validation/validation_core.go:281.73,283.4 1 0
nexus-backend/internal/services/validation/validation_core.go:286.2,286.17 1 0
nexus-backend/internal/services/validation/validation_core.go:290.129,301.19 3 0
nexus-backend/internal/services/validation/validation_core.go:302.19,303.49 1 0
nexus-backend/internal/services/validation/validation_core.go:304.18,305.47 1 0
nexus-backend/internal/services/validation/validation_core.go:306.16,307.46 1 0
nexus-backend/internal/services/validation/validation_core.go:308.10,312.21 4 0
nexus-backend/internal/services/validation/validation_core.go:317.162,327.42 5 0
nexus-backend/internal/services/validation/validation_core.go:327.42,331.3 3 0
nexus-backend/internal/services/validation/validation_core.go:334.2,335.42 2 0
nexus-backend/internal/services/validation/validation_core.go:335.42,337.3 1 0
nexus-backend/internal/services/validation/validation_core.go:339.2,354.20 8 0
nexus-backend/internal/services/validation/validation_core.go:358.160,376.2 8 0
nexus-backend/internal/services/validation/validation_core.go:379.159,395.2 8 0
nexus-backend/internal/services/validation/validation_core.go:398.126,404.13 4 0
nexus-backend/internal/services/validation/validation_core.go:404.13,406.3 1 0
nexus-backend/internal/services/validation/validation_core.go:408.2,409.13 2 0
nexus-backend/internal/services/validation/validation_core.go:409.13,411.3 1 0
nexus-backend/internal/services/validation/validation_core.go:413.2,419.3 1 0
nexus-backend/internal/services/validation/validation_core.go:446.65,447.49 1 4
nexus-backend/internal/services/validation/validation_core.go:447.49,449.3 1 1
nexus-backend/internal/services/validation/validation_core.go:450.2,450.43 1 3
nexus-backend/internal/services/validation/validation_core.go:450.43,452.3 1 0
nexus-backend/internal/services/validation/validation_core.go:453.2,453.53 1 3
nexus-backend/internal/services/validation/validation_core.go:453.53,455.3 1 1
nexus-backend/internal/services/validation/validation_core.go:456.2,456.64 1 2
nexus-backend/internal/services/validation/validation_core.go:456.64,458.3 1 0
nexus-backend/internal/services/validation/validation_core.go:459.2,459.71 1 2
nexus-backend/internal/services/validation/validation_core.go:459.71,461.3 1 1
nexus-backend/internal/services/validation/validation_core.go:462.2,462.72 1 1
nexus-backend/internal/services/validation/validation_core.go:462.72,464.3 1 0
nexus-backend/internal/services/validation/validation_core.go:465.2,465.13 1 1
nexus-backend/internal/services/validation/validation_core.go:471.72,472.48 1 1
nexus-backend/internal/services/validation/validation_core.go:472.48,474.17 2 1
nexus-backend/internal/services/validation/validation_core.go:474.17,476.4 1 0
nexus-backend/internal/services/validation/validation_core.go:477.3,478.13 2 1
nexus-backend/internal/services/validation/validation_core.go:483.88,484.48 1 0
nexus-backend/internal/services/validation/validation_core.go:484.48,486.17 2 0
nexus-backend/internal/services/validation/validation_core.go:486.17,488.4 1 0
nexus-backend/internal/services/validation/validation_core.go:489.3,490.13 2 0
nexus-backend/internal/services/validation/validation_core.go:495.52,496.46 1 1
nexus-backend/internal/services/validation/validation_core.go:496.46,497.71 1 1
nexus-backend/internal/services/validation/validation_core.go:497.71,499.63 2 0
nexus-backend/internal/services/validation/validation_core.go:499.63,502.5 2 0
nexus-backend/internal/services/validation/validation_core.go:505.4,505.61 1 0
nexus-backend/internal/services/validation/validation_core.go:505.61,507.5 1 0
nexus-backend/internal/services/validation/validation_core.go:508.4,508.15 1 0
nexus-backend/internal/services/validation/validation_core.go:514.81,516.9 2 0
nexus-backend/internal/services/validation/validation_core.go:516.9,518.3 1 0
nexus-backend/internal/services/validation/validation_core.go:520.2,521.16 2 0
nexus-backend/internal/services/validation/validation_core.go:521.16,523.3 1 0
nexus-backend/internal/services/validation/validation_core.go:525.2,526.56 2 0
nexus-backend/internal/services/validation/validation_core.go:526.56,528.3 1 0
nexus-backend/internal/services/validation/validation_core.go:531.2,533.12 3 0
nexus-backend/internal/services/validation/validation_core.go:537.78,539.9 2 0
nexus-backend/internal/services/validation/validation_core.go:539.9,541.3 1 0
nexus-backend/internal/services/validation/validation_core.go:543.2,544.9 2 0
nexus-backend/internal/services/validation/validation_core.go:544.9,546.3 1 0
nexus-backend/internal/services/validation/validation_core.go:549.2,550.12 2 0
nexus-backend/internal/services/validation/validation_core.go:554.107,559.43 4 0
nexus-backend/internal/services/validation/validation_core.go:559.43,561.3 1 0
nexus-backend/internal/services/validation/validation_core.go:563.2,564.72 2 0
nexus-backend/internal/services/validation/validation_core.go:568.88,572.43 3 0
nexus-backend/internal/services/validation/validation_core.go:572.43,574.3 1 0
nexus-backend/internal/services/validation/validation_core.go:576.2,577.53 2 0
nexus-backend/internal/services/validation/validation_core.go:581.46,585.6 3 1
nexus-backend/internal/services/validation/validation_core.go:585.6,586.10 1 1
nexus-backend/internal/services/validation/validation_core.go:587.24,588.10 1 1
nexus-backend/internal/services/validation/validation_core.go:589.19,590.28 1 0
nexus-backend/internal/services/validation/validation_core.go:596.49,599.29 2 0
nexus-backend/internal/services/validation/validation_core.go:599.29,601.65 1 0
nexus-backend/internal/services/validation/validation_core.go:601.65,602.9 1 0
nexus-backend/internal/services/validation/validation_core.go:606.3,606.55 1 0
nexus-backend/internal/services/validation/validation_core.go:606.55,608.4 1 0
nexus-backend/internal/services/validation/validation_core.go:613.47,617.6 3 1
nexus-backend/internal/services/validation/validation_core.go:617.6,618.10 1 1
nexus-backend/internal/services/validation/validation_core.go:619.24,620.10 1 1
nexus-backend/internal/services/validation/validation_core.go:621.19,622.31 1 0
nexus-backend/internal/services/validation/validation_core.go:628.52,631.39 2 0
nexus-backend/internal/services/validation/validation_core.go:631.39,632.69 1 0
nexus-backend/internal/services/validation/validation_core.go:632.69,636.4 3 0
nexus-backend/internal/services/validation/validation_core.go:641.51,645.6 3 1
nexus-backend/internal/services/validation/validation_core.go:645.6,646.10 1 1
nexus-backend/internal/services/validation/validation_core.go:647.24,648.10 1 1
nexus-backend/internal/services/validation/validation_core.go:649.19,650.23 1 0
nexus-backend/internal/services/validation/validation_core.go:656.44,659.41 2 0
nexus-backend/internal/services/validation/validation_core.go:659.41,662.64 2 0
nexus-backend/internal/services/validation/validation_core.go:662.64,664.63 2 0
nexus-backend/internal/services/validation/validation_core.go:664.63,666.5 1 0
nexus-backend/internal/services/validation/validation_core.go:668.4,668.61 1 0
nexus-backend/internal/services/validation/validation_core.go:668.61,669.38 1 0
nexus-backend/internal/services/validation/validation_core.go:669.38,671.6 1 0
nexus-backend/internal/services/validation/validation_core.go:673.4,673.15 1 0
nexus-backend/internal/services/validation/validation_core.go:676.3,676.36 1 0
nexus-backend/internal/services/validation/validation_core.go:676.36,678.4 1 0
nexus-backend/internal/services/validation/validation_core.go:680.3,680.13 1 0
nexus-backend/internal/services/validation/validation_core.go:685.120,688.2 1 0
nexus-backend/internal/services/validation/validation_core.go:691.81,693.37 2 0
nexus-backend/internal/services/validation/validation_core.go:693.37,694.32 1 0
nexus-backend/internal/services/validation/validation_core.go:694.32,696.4 1 0
nexus-backend/internal/services/validation/validation_core.go:698.2,698.14 1 0
nexus-backend/internal/services/validation/validation_executor.go:6.91,10.2 3 0
nexus-backend/internal/services/validation/validation_executor.go:13.62,17.2 3 0
nexus-backend/internal/services/validation/validation_executor.go:20.88,25.2 4 0
nexus-backend/internal/services/validation/validation_executor.go:28.61,33.2 4 0
nexus-backend/internal/services/validation/validation_executor.go:36.53,40.2 3 0
nexus-backend/internal/services/validation/validation_executor.go:43.77,48.39 4 0
nexus-backend/internal/services/validation/validation_executor.go:48.39,50.3 1 0
nexus-backend/internal/services/validation/validation_executor.go:51.2,51.19 1 0
nexus-backend/internal/services/validation/validation_executor.go:55.60,60.33 4 0
nexus-backend/internal/services/validation/validation_executor.go:60.33,62.3 1 0
nexus-backend/internal/services/validation/validation_executor.go:63.2,63.16 1 0
nexus-backend/internal/services/validation/validation_executor.go:67.53,71.2 3 0
nexus-backend/internal/services/validation/validation_executor.go:74.55,78.19 4 0
nexus-backend/internal/services/validation/validation_executor.go:78.19,80.3 1 0
nexus-backend/internal/services/validation/validation_executor.go:81.2,81.18 1 0
nexus-backend/internal/services/validation/validation_executor.go:85.67,89.53 3 0
nexus-backend/internal/services/validation/validation_executor.go:89.53,93.3 3 0
nexus-backend/internal/services/validation/validation_executor.go:94.2,94.14 1 0
nexus-backend/internal/services/validation/validation_executor.go:98.43,102.44 3 1
nexus-backend/internal/services/validation/validation_executor.go:102.44,105.3 2 0
nexus-backend/internal/services/validation/validation_executor.go:109.57,113.2 3 0
nexus-backend/internal/services/validation/validation_executor.go:116.54,120.2 3 0
nexus-backend/internal/services/validation/validation_executor.go:123.73,133.2 3 0
nexus-backend/internal/services/validation/validation_executor.go:136.87,141.39 4 0
nexus-backend/internal/services/validation/validation_executor.go:141.39,144.3 2 0
nexus-backend/internal/services/validation/validation_executor.go:145.2,145.15 1 0
nexus-backend/internal/services/validation/validation_executor.go:149.88,154.39 4 0
nexus-backend/internal/services/validation/validation_executor.go:154.39,157.3 2 0
nexus-backend/internal/services/validation/validation_executor.go:158.2,158.19 1 0
nexus-backend/internal/services/validation/validation_executor.go:162.81,167.39 4 0
nexus-backend/internal/services/validation/validation_executor.go:167.39,168.70 1 0
nexus-backend/internal/services/validation/validation_executor.go:168.70,170.4 1 0
nexus-backend/internal/services/validation/validation_executor.go:172.2,172.16 1 0
nexus-backend/internal/services/validation/validation_executor.go:176.93,183.39 5 0
nexus-backend/internal/services/validation/validation_executor.go:183.39,184.42 1 0
nexus-backend/internal/services/validation/validation_executor.go:184.42,186.4 1 0
nexus-backend/internal/services/validation/validation_executor.go:188.2,188.22 1 0
nexus-backend/internal/services/validation/validation_executor.go:192.54,194.2 1 0
nexus-backend/internal/services/validation/validation_executor.go:197.73,202.40 3 0
nexus-backend/internal/services/validation/validation_executor.go:202.40,204.3 1 0
nexus-backend/internal/services/validation/validation_executor.go:207.2,207.39 1 0
nexus-backend/internal/services/validation/validation_executor.go:207.39,208.41 1 0
nexus-backend/internal/services/validation/validation_executor.go:208.41,210.4 1 0
nexus-backend/internal/services/validation/validation_executor.go:213.2,213.14 1 0
nexus-backend/internal/services/validation/validation_executor.go:217.94,224.44 5 0
nexus-backend/internal/services/validation/validation_executor.go:224.44,225.44 1 0
nexus-backend/internal/services/validation/validation_executor.go:225.44,226.105 1 0
nexus-backend/internal/services/validation/validation_executor.go:226.105,229.5 2 0
nexus-backend/internal/services/validation/validation_executor.go:233.2,233.36 1 0
nexus-backend/internal/services/validation/validation_executor.go:233.36,237.3 3 0
nexus-backend/internal/services/validation/validation_executor.go:239.2,239.12 1 0
nexus-backend/internal/services/validation/validation_executor.go:243.72,250.44 5 0
nexus-backend/internal/services/validation/validation_executor.go:250.44,253.3 2 0
nexus-backend/internal/services/validation/validation_executor.go:255.2,255.18 1 0
nexus-backend/internal/services/validation/validation_executor.go:259.51,263.2 3 0
nexus-backend/internal/web/middleware/auth.go:49.95,50.21 1 0
nexus-backend/internal/web/middleware/auth.go:50.21,52.3 1 0
nexus-backend/internal/web/middleware/auth.go:54.2,57.8 1 0
nexus-backend/internal/web/middleware/auth.go:61.112,77.2 3 0
nexus-backend/internal/web/middleware/auth.go:80.82,81.108 1 0
nexus-backend/internal/web/middleware/auth.go:81.108,82.58 1 0
nexus-backend/internal/web/middleware/auth.go:82.58,84.4 1 0
nexus-backend/internal/web/middleware/auth.go:85.3,85.27 1 0
nexus-backend/internal/web/middleware/auth.go:88.2,88.16 1 0
nexus-backend/internal/web/middleware/auth.go:88.16,90.3 1 0
nexus-backend/internal/web/middleware/auth.go:92.2,92.65 1 0
nexus-backend/internal/web/middleware/auth.go:92.65,94.37 1 0
nexus-backend/internal/web/middleware/auth.go:94.37,96.4 1 0
nexus-backend/internal/web/middleware/auth.go:97.3,97.21 1 0
nexus-backend/internal/web/middleware/auth.go:100.2,100.41 1 0
nexus-backend/internal/web/middleware/auth.go:104.65,111.53 3 0
nexus-backend/internal/web/middleware/auth.go:111.53,123.3 5 0
nexus-backend/internal/web/middleware/auth.go:127.67,132.50 4 0
nexus-backend/internal/web/middleware/auth.go:132.50,136.3 3 0
nexus-backend/internal/web/middleware/auth.go:138.2,138.18 1 0
nexus-backend/internal/web/middleware/auth.go:142.71,143.71 1 0
nexus-backend/internal/web/middleware/auth.go:143.71,146.23 2 0
nexus-backend/internal/web/middleware/auth.go:146.23,149.4 2 0
nexus-backend/internal/web/middleware/auth.go:152.3,153.46 2 0
nexus-backend/internal/web/middleware/auth.go:153.46,156.4 2 0
nexus-backend/internal/web/middleware/auth.go:158.3,162.17 3 0
nexus-backend/internal/web/middleware/auth.go:162.17,165.4 2 0
nexus-backend/internal/web/middleware/auth.go:168.3,177.40 3 0
nexus-backend/internal/web/middleware/auth.go:182.84,183.46 1 0
nexus-backend/internal/web/middleware/auth.go:183.46,184.72 1 0
nexus-backend/internal/web/middleware/auth.go:184.72,186.22 2 0
nexus-backend/internal/web/middleware/auth.go:186.22,189.5 2 0
nexus-backend/internal/web/middleware/auth.go:191.4,191.55 1 0
nexus-backend/internal/web/middleware/auth.go:191.55,194.5 2 0
nexus-backend/internal/web/middleware/auth.go:196.4,196.24 1 0
nexus-backend/internal/web/middleware/auth.go:202.72,203.71 1 0
nexus-backend/internal/web/middleware/auth.go:203.71,206.23 2 0
nexus-backend/internal/web/middleware/auth.go:206.23,209.47 2 0
nexus-backend/internal/web/middleware/auth.go:209.47,213.65 2 0
nexus-backend/internal/web/middleware/auth.go:213.65,225.6 3 0
nexus-backend/internal/web/middleware/auth.go:229.3,229.23 1 0
nexus-backend/internal/web/middleware/auth.go:234.51,235.66 1 0
nexus-backend/internal/web/middleware/auth.go:235.66,236.44 1 0
nexus-backend/internal/web/middleware/auth.go:236.44,238.4 1 0
nexus-backend/internal/web/middleware/auth.go:240.2,240.12 1 0
nexus-backend/internal/web/middleware/middleware.go:17.56,18.71 1 0
nexus-backend/internal/web/middleware/middleware.go:18.71,38.3 5 0
nexus-backend/internal/web/middleware/middleware.go:42.58,43.71 1 0
nexus-backend/internal/web/middleware/middleware.go:43.71,53.3 4 0
nexus-backend/internal/web/middleware/middleware.go:57.57,58.71 1 0
nexus-backend/internal/web/middleware/middleware.go:58.71,59.16 1 0
nexus-backend/internal/web/middleware/middleware.go:59.16,60.36 1 0
nexus-backend/internal/web/middleware/middleware.go:60.36,64.5 2 0
nexus-backend/internal/web/middleware/middleware.go:67.3,67.23 1 0
nexus-backend/internal/web/middleware/middleware.go:72.81,77.46 2 0
nexus-backend/internal/web/middleware/middleware.go:77.46,78.72 1 0
nexus-backend/internal/web/middleware/middleware.go:78.72,83.53 3 0
nexus-backend/internal/web/middleware/middleware.go:83.53,85.38 2 0
nexus-backend/internal/web/middleware/middleware.go:85.38,86.40 1 0
nexus-backend/internal/web/middleware/middleware.go:86.40,88.7 1 0
nexus-backend/internal/web/middleware/middleware.go:90.5,90.38 1 0
nexus-backend/internal/web/middleware/middleware.go:94.4,94.51 1 0
nexus-backend/internal/web/middleware/middleware.go:94.51,97.5 2 0
nexus-backend/internal/web/middleware/middleware.go:100.4,102.24 2 0
nexus-backend/internal/web/middleware/middleware.go:108.53,109.71 1 0
nexus-backend/internal/web/middleware/middleware.go:109.71,120.48 3 0
nexus-backend/internal/web/middleware/middleware.go:120.48,121.31 1 0
nexus-backend/internal/web/middleware/middleware.go:121.31,123.10 2 0
nexus-backend/internal/web/middleware/middleware.go:128.3,128.58 1 0
nexus-backend/internal/web/middleware/middleware.go:128.58,130.4 1 0
nexus-backend/internal/web/middleware/middleware.go:132.3,137.28 5 0
nexus-backend/internal/web/middleware/middleware.go:137.28,140.4 2 0
nexus-backend/internal/web/middleware/middleware.go:142.3,142.23 1 0
nexus-backend/internal/web/middleware/middleware.go:147.79,148.46 1 0
nexus-backend/internal/web/middleware/middleware.go:148.46,149.72 1 0
nexus-backend/internal/web/middleware/middleware.go:149.72,155.4 4 0
nexus-backend/internal/web/middleware/middleware.go:160.64,161.71 1 0
nexus-backend/internal/web/middleware/middleware.go:161.71,169.3 6 0
nexus-backend/internal/web/middleware/middleware.go:173.61,174.71 1 0
nexus-backend/internal/web/middleware/middleware.go:174.71,175.69 1 0
nexus-backend/internal/web/middleware/middleware.go:175.69,177.41 2 0
nexus-backend/internal/web/middleware/middleware.go:177.41,180.5 2 0
nexus-backend/internal/web/middleware/middleware.go:183.3,183.23 1 0
nexus-backend/internal/web/middleware/middleware.go:195.49,198.2 2 0
nexus-backend/internal/web/middleware/middleware.go:201.42,203.55 1 0
nexus-backend/internal/web/middleware/middleware.go:203.55,205.3 1 0
nexus-backend/internal/web/middleware/middleware.go:208.2,208.49 1 0
nexus-backend/internal/web/middleware/middleware.go:208.49,210.3 1 0
nexus-backend/internal/web/middleware/middleware.go:213.2,213.21 1 0
nexus-backend/internal/web/middleware/middleware.go:217.43,218.68 1 0
nexus-backend/internal/web/middleware/middleware.go:218.68,219.39 1 0
nexus-backend/internal/web/middleware/middleware.go:219.39,221.4 1 0
nexus-backend/internal/web/middleware/middleware.go:223.2,223.11 1 0
nexus-backend/internal/web/middleware/middleware.go:227.72,231.2 3 0
nexus-backend/pkg/p2p/dve_p2p_manager.go:149.88,158.16 3 7
nexus-backend/pkg/p2p/dve_p2p_manager.go:158.16,161.3 2 0
nexus-backend/pkg/p2p/dve_p2p_manager.go:164.2,165.16 2 7
nexus-backend/pkg/p2p/dve_p2p_manager.go:165.16,168.3 2 0
nexus-backend/pkg/p2p/dve_p2p_manager.go:171.2,172.16 2 7
nexus-backend/pkg/p2p/dve_p2p_manager.go:172.16,175.3 2 0
nexus-backend/pkg/p2p/dve_p2p_manager.go:177.2,194.46 3 7
nexus-backend/pkg/p2p/dve_p2p_manager.go:194.46,197.3 2 0
nexus-backend/pkg/p2p/dve_p2p_manager.go:199.2,199.21 1 7
nexus-backend/pkg/p2p/dve_p2p_manager.go:203.47,213.16 6 7
nexus-backend/pkg/p2p/dve_p2p_manager.go:213.16,215.3 1 0
nexus-backend/pkg/p2p/dve_p2p_manager.go:217.2,218.16 2 7
nexus-backend/pkg/p2p/dve_p2p_manager.go:218.16,220.3 1 0
nexus-backend/pkg/p2p/dve_p2p_manager.go:222.2,223.16 2 7
nexus-backend/pkg/p2p/dve_p2p_manager.go:223.16,225.3 1 0
nexus-backend/pkg/p2p/dve_p2p_manager.go:228.2,229.16 2 7
nexus-backend/pkg/p2p/dve_p2p_manager.go:229.16,231.3 1 0
nexus-backend/pkg/p2p/dve_p2p_manager.go:233.2,234.16 2 7
nexus-backend/pkg/p2p/dve_p2p_manager.go:234.16,236.3 1 0
nexus-backend/pkg/p2p/dve_p2p_manager.go:238.2,239.16 2 7
nexus-backend/pkg/p2p/dve_p2p_manager.go:239.16,241.3 1 0
nexus-backend/pkg/p2p/dve_p2p_manager.go:244.2,245.16 2 7
nexus-backend/pkg/p2p/dve_p2p_manager.go:245.16,247.3 1 0
nexus-backend/pkg/p2p/dve_p2p_manager.go:250.2,251.16 2 7
nexus-backend/pkg/p2p/dve_p2p_manager.go:251.16,253.3 1 0
nexus-backend/pkg/p2p/dve_p2p_manager.go:256.2,257.16 2 7
nexus-backend/pkg/p2p/dve_p2p_manager.go:257.16,259.3 1 0
nexus-backend/pkg/p2p/dve_p2p_manager.go:262.2,263.16 2 7
nexus-backend/pkg/p2p/dve_p2p_manager.go:263.16,265.3 1 0
nexus-backend/pkg/p2p/dve_p2p_manager.go:267.2,271.12 2 7
nexus-backend/pkg/p2p/dve_p2p_manager.go:275.35,298.2 11 1
nexus-backend/pkg/p2p/dve_p2p_manager.go:301.34,306.21 3 8
nexus-backend/pkg/p2p/dve_p2p_manager.go:306.21,308.3 1 8
nexus-backend/pkg/p2p/dve_p2p_manager.go:310.2,310.59 1 8
nexus-backend/pkg/p2p/dve_p2p_manager.go:314.94,318.2 3 28
nexus-backend/pkg/p2p/dve_p2p_manager.go:321.88,332.16 3 1
nexus-backend/pkg/p2p/dve_p2p_manager.go:332.16,334.3 1 0
nexus-backend/pkg/p2p/dve_p2p_manager.go:336.2,337.16 2 1
nexus-backend/pkg/p2p/dve_p2p_manager.go:337.16,339.3 1 0
nexus-backend/pkg/p2p/dve_p2p_manager.go:341.2,342.12 2 1
nexus-backend/pkg/p2p/dve_p2p_manager.go:346.92,357.16 3 0
nexus-backend/pkg/p2p/dve_p2p_manager.go:357.16,359.3 1 0
nexus-backend/pkg/p2p/dve_p2p_manager.go:361.2,362.16 2 0
nexus-backend/pkg/p2p/dve_p2p_manager.go:362.16,364.3 1 0
nexus-backend/pkg/p2p/dve_p2p_manager.go:366.2,367.12 2 0
nexus-backend/pkg/p2p/dve_p2p_manager.go:371.68,393.16 4 4
nexus-backend/pkg/p2p/dve_p2p_manager.go:393.16,395.3 1 0
nexus-backend/pkg/p2p/dve_p2p_manager.go:397.2,398.16 2 4
nexus-backend/pkg/p2p/dve_p2p_manager.go:398.16,400.3 1 0
nexus-backend/pkg/p2p/dve_p2p_manager.go:402.2,403.12 2 4
nexus-backend/pkg/p2p/dve_p2p_manager.go:407.54,408.6 1 1
nexus-backend/pkg/p2p/dve_p2p_manager.go:408.6,409.10 1 1
nexus-backend/pkg/p2p/dve_p2p_manager.go:410.25,411.10 1 0
nexus-backend/pkg/p2p/dve_p2p_manager.go:412.11,414.18 2 1
nexus-backend/pkg/p2p/dve_p2p_manager.go:414.18,415.29 1 1
nexus-backend/pkg/p2p/dve_p2p_manager.go:415.29,417.6 1 1
nexus-backend/pkg/p2p/dve_p2p_manager.go:418.5,419.13 2 0
nexus-backend/pkg/p2p/dve_p2p_manager.go:423.4,423.41 1 0
nexus-backend/pkg/p2p/dve_p2p_manager.go:423.41,424.13 1 0
nexus-backend/pkg/p2p/dve_p2p_manager.go:427.4,428.60 2 0
nexus-backend/pkg/p2p/dve_p2p_manager.go:428.60,430.13 2 0
nexus-backend/pkg/p2p/dve_p2p_manager.go:434.4,434.30 1 0
nexus-backend/pkg/p2p/dve_p2p_manager.go:440.53,441.6 1 1
nexus-backend/pkg/p2p/dve_p2p_manager.go:441.6,442.10 1 1
nexus-backend/pkg/p2p/dve_p2p_manager.go:443.25,444.10 1 0
nexus-backend/pkg/p2p/dve_p2p_manager.go:445.11,447.18 2 1
nexus-backend/pkg/p2p/dve_p2p_manager.go:447.18,448.29 1 1
nexus-backend/pkg/p2p/dve_p2p_manager.go:448.29,450.6 1 1
nexus-backend/pkg/p2p/dve_p2p_manager.go:451.5,452.13 2 0
nexus-backend/pkg/p2p/dve_p2p_manager.go:456.4,456.41 1 0
nexus-backend/pkg/p2p/dve_p2p_manager.go:456.41,457.13 1 0
nexus-backend/pkg/p2p/dve_p2p_manager.go:460.4,461.60 2 0
nexus-backend/pkg/p2p/dve_p2p_manager.go:461.60,463.13 2 0
nexus-backend/pkg/p2p/dve_p2p_manager.go:467.4,467.30 1 0
nexus-backend/pkg/p2p/dve_p2p_manager.go:473.53,474.6 1 1
nexus-backend/pkg/p2p/dve_p2p_manager.go:474.6,475.10 1 1
nexus-backend/pkg/p2p/dve_p2p_manager.go:476.25,477.10 1 0
nexus-backend/pkg/p2p/dve_p2p_manager.go:478.11,480.18 2 1
nexus-backend/pkg/p2p/dve_p2p_manager.go:480.18,481.29 1 1
nexus-backend/pkg/p2p/dve_p2p_manager.go:481.29,483.6 1 1
nexus-backend/pkg/p2p/dve_p2p_manager.go:484.5,485.13 2 0
nexus-backend/pkg/p2p/dve_p2p_manager.go:489.4,489.41 1 0
nexus-backend/pkg/p2p/dve_p2p_manager.go:489.41,490.13 1 0
nexus-backend/pkg/p2p/dve_p2p_manager.go:493.4,494.60 2 0
nexus-backend/pkg/p2p/dve_p2p_manager.go:494.60,496.13 2 0
nexus-backend/pkg/p2p/dve_p2p_manager.go:500.4,500.30 1 0
nexus-backend/pkg/p2p/dve_p2p_manager.go:506.65,511.12 4 0
nexus-backend/pkg/p2p/dve_p2p_manager.go:511.12,512.61 1 0
nexus-backend/pkg/p2p/dve_p2p_manager.go:512.61,514.4 1 0
nexus-backend/pkg/p2p/dve_p2p_manager.go:515.8,517.3 1 0
nexus-backend/pkg/p2p/dve_p2p_manager.go:521.43,525.6 3 1
nexus-backend/pkg/p2p/dve_p2p_manager.go:525.6,526.10 1 1
nexus-backend/pkg/p2p/dve_p2p_manager.go:527.25,528.10 1 1
nexus-backend/pkg/p2p/dve_p2p_manager.go:529.19,531.22 1 0
nexus-backend/pkg/p2p/dve_p2p_manager.go:537.42,542.16 3 0
nexus-backend/pkg/p2p/dve_p2p_manager.go:542.16,545.3 2 0
nexus-backend/pkg/p2p/dve_p2p_manager.go:548.2,554.37 5 0
nexus-backend/pkg/p2p/dve_p2p_manager.go:554.37,556.3 1 0
nexus-backend/pkg/p2p/dve_p2p_manager.go:558.2,561.43 2 0
nexus-backend/pkg/p2p/dve_p2p_manager.go:561.43,562.35 1 0
nexus-backend/pkg/p2p/dve_p2p_manager.go:562.35,563.12 1 0
nexus-backend/pkg/p2p/dve_p2p_manager.go:567.3,571.17 4 0
nexus-backend/pkg/p2p/dve_p2p_manager.go:571.17,573.4 1 0
nexus-backend/pkg/p2p/dve_p2p_manager.go:573.9,575.4 1 0
nexus-backend/pkg/p2p/dve_p2p_manager.go:580.85,583.16 2 1
nexus-backend/pkg/p2p/dve_p2p_manager.go:583.16,585.3 1 0
nexus-backend/pkg/p2p/dve_p2p_manager.go:588.2,588.41 1 1
nexus-backend/pkg/p2p/dve_p2p_manager.go:592.50,595.16 2 1
nexus-backend/pkg/p2p/dve_p2p_manager.go:595.16,598.3 2 0
nexus-backend/pkg/p2p/dve_p2p_manager.go:601.2,601.60 1 1
nexus-backend/pkg/p2p/dve_p2p_manager.go:601.60,604.3 2 1
nexus-backend/pkg/p2p/dve_p2p_manager.go:606.2,606.68 1 0
nexus-backend/pkg/p2p/dve_p2p_manager.go:610.42,614.6 3 1
nexus-backend/pkg/p2p/dve_p2p_manager.go:614.6,615.10 1 1
nexus-backend/pkg/p2p/dve_p2p_manager.go:616.25,617.10 1 1
nexus-backend/pkg/p2p/dve_p2p_manager.go:618.19,620.29 1 0
nexus-backend/pkg/p2p/dve_p2p_manager.go:626.49,629.2 1 0
nexus-backend/pkg/p2p/dve_p2p_manager.go:632.43,636.6 3 1
nexus-backend/pkg/p2p/dve_p2p_manager.go:636.6,637.10 1 1
nexus-backend/pkg/p2p/dve_p2p_manager.go:638.25,639.10 1 1
nexus-backend/pkg/p2p/dve_p2p_manager.go:640.19,641.28 1 0
nexus-backend/pkg/p2p/dve_p2p_manager.go:647.48,665.16 4 0
nexus-backend/pkg/p2p/dve_p2p_manager.go:665.16,668.3 2 0
nexus-backend/pkg/p2p/dve_p2p_manager.go:670.2,670.61 1 0
nexus-backend/pkg/p2p/dve_p2p_manager.go:670.61,672.3 1 0
nexus-backend/pkg/p2p/dve_p2p_manager.go:676.65,680.31 3 2
nexus-backend/pkg/p2p/dve_p2p_manager.go:680.31,682.21 2 0
nexus-backend/pkg/p2p/dve_p2p_manager.go:682.21,690.4 2 0
nexus-backend/pkg/p2p/dve_p2p_manager.go:693.2,693.18 1 2
nexus-backend/pkg/p2p/dve_p2p_manager.go:697.72,710.2 3 1
nexus-backend/pkg/p2p/dve_p2p_manager.go:713.50,714.6 1 1
nexus-backend/pkg/p2p/dve_p2p_manager.go:714.6,715.10 1 2
nexus-backend/pkg/p2p/dve_p2p_manager.go:716.25,717.10 1 1
nexus-backend/pkg/p2p/dve_p2p_manager.go:718.11,720.18 2 1
nexus-backend/pkg/p2p/dve_p2p_manager.go:720.18,721.29 1 1
nexus-backend/pkg/p2p/dve_p2p_manager.go:721.29,723.6 1 0
nexus-backend/pkg/p2p/dve_p2p_manager.go:724.5,724.13 1 1
nexus-backend/pkg/p2p/dve_p2p_manager.go:728.4,728.41 1 0
nexus-backend/pkg/p2p/dve_p2p_manager.go:728.41,729.13 1 0
nexus-backend/pkg/p2p/dve_p2p_manager.go:733.4,734.64 2 0
nexus-backend/pkg/p2p/dve_p2p_manager.go:734.64,736.13 2 0
nexus-backend/pkg/p2p/dve_p2p_manager.go:739.4,742.27 2 0
nexus-backend/pkg/p2p/dve_p2p_manager.go:743.24,744.74 1 0
nexus-backend/pkg/p2p/dve_p2p_manager.go:745.25,746.75 1 0
nexus-backend/pkg/p2p/dve_p2p_manager.go:747.12,748.100 1 0
nexus-backend/pkg/p2p/dve_p2p_manager.go:755.88,758.16 2 0
nexus-backend/pkg/p2p/dve_p2p_manager.go:758.16,761.3 2 0
nexus-backend/pkg/p2p/dve_p2p_manager.go:763.2,764.68 2 0
nexus-backend/pkg/p2p/dve_p2p_manager.go:764.68,767.3 2 0
nexus-backend/pkg/p2p/dve_p2p_manager.go:769.2,784.97 8 0
nexus-backend/pkg/p2p/dve_p2p_manager.go:788.89,794.2 4 0
nexus-backend/pkg/p2p/dve_p2p_manager.go:797.50,801.60 3 0
nexus-backend/pkg/p2p/dve_p2p_manager.go:801.60,809.3 6 0
nexus-backend/pkg/p2p/dve_p2p_manager.go:811.2,811.26 1 0
nexus-backend/pkg/p2p/dve_p2p_manager.go:815.52,816.6 1 1
nexus-backend/pkg/p2p/dve_p2p_manager.go:816.6,817.10 1 2
nexus-backend/pkg/p2p/dve_p2p_manager.go:818.25,819.10 1 1
nexus-backend/pkg/p2p/dve_p2p_manager.go:820.11,822.18 2 1
nexus-backend/pkg/p2p/dve_p2p_manager.go:822.18,823.29 1 1
nexus-backend/pkg/p2p/dve_p2p_manager.go:823.29,825.6 1 0
nexus-backend/pkg/p2p/dve_p2p_manager.go:826.5,826.13 1 1
nexus-backend/pkg/p2p/dve_p2p_manager.go:830.4,830.41 1 0
nexus-backend/pkg/p2p/dve_p2p_manager.go:830.41,831.13 1 0
nexus-backend/pkg/p2p/dve_p2p_manager.go:835.4,836.60 2 0
nexus-backend/pkg/p2p/dve_p2p_manager.go:836.60,838.13 2 0
nexus-backend/pkg/p2p/dve_p2p_manager.go:841.4,845.23 2 0
nexus-backend/pkg/p2p/dve_p2p_manager.go:846.30,847.53 1 0
nexus-backend/pkg/p2p/dve_p2p_manager.go:848.29,849.52 1 0
nexus-backend/pkg/p2p/dve_p2p_manager.go:850.23,851.46 1 0
nexus-backend/pkg/p2p/dve_p2p_manager.go:852.12,853.89 1 0
nexus-backend/pkg/p2p/dve_p2p_manager.go:860.92,863.2 1 0
nexus-backend/pkg/p2p/dve_p2p_manager.go:866.91,869.2 1 0
nexus-backend/pkg/p2p/dve_p2p_manager.go:872.85,875.2 1 0
nexus-backend/pkg/p2p/dve_p2p_manager.go:878.146,879.27 1 0
nexus-backend/pkg/p2p/dve_p2p_manager.go:879.27,881.3 1 0
nexus-backend/pkg/p2p/dve_p2p_manager.go:883.2,901.49 3 0
nexus-backend/pkg/p2p/dve_p2p_manager.go:905.137,906.27 1 0
nexus-backend/pkg/p2p/dve_p2p_manager.go:906.27,908.3 1 0
nexus-backend/pkg/p2p/dve_p2p_manager.go:910.2,928.49 3 0
nexus-backend/pkg/p2p/dve_p2p_manager.go:932.140,933.27 1 0
nexus-backend/pkg/p2p/dve_p2p_manager.go:933.27,935.3 1 0
nexus-backend/pkg/p2p/dve_p2p_manager.go:937.2,955.49 3 0
nexus-backend/pkg/p2p/dve_p2p_manager.go:959.93,961.16 2 0
nexus-backend/pkg/p2p/dve_p2p_manager.go:961.16,963.3 1 0
nexus-backend/pkg/p2p/dve_p2p_manager.go:965.2,965.76 1 0
nexus-backend/pkg/p2p/dve_p2p_manager.go:965.76,967.3 1 0
nexus-backend/pkg/p2p/dve_p2p_manager.go:969.2,971.12 2 0
nexus-backend/pkg/sse/sse_manager.go:39.34,44.2 1 7
nexus-backend/pkg/sse/sse_manager.go:47.52,52.2 3 0
nexus-backend/pkg/sse/sse_manager.go:55.53,59.52 3 0
nexus-backend/pkg/sse/sse_manager.go:59.52,61.37 1 0
nexus-backend/pkg/sse/sse_manager.go:61.37,63.4 1 0
nexus-backend/pkg/sse/sse_manager.go:66.3,69.31 2 0
nexus-backend/pkg/sse/sse_manager.go:74.79,79.13 4 0
nexus-backend/pkg/sse/sse_manager.go:79.13,81.3 1 0
nexus-backend/pkg/sse/sse_manager.go:83.2,83.9 1 0
nexus-backend/pkg/sse/sse_manager.go:84.33,85.13 1 0
nexus-backend/pkg/sse/sse_manager.go:86.37,87.70 1 0
nexus-backend/pkg/sse/sse_manager.go:92.72,95.13 3 0
nexus-backend/pkg/sse/sse_manager.go:95.13,98.3 2 0
nexus-backend/pkg/sse/sse_manager.go:101.2,105.41 4 0
nexus-backend/pkg/sse/sse_manager.go:105.41,107.3 1 0
nexus-backend/pkg/sse/sse_manager.go:111.58,114.35 3 1
nexus-backend/pkg/sse/sse_manager.go:114.35,116.3 1 0
nexus-backend/pkg/sse/sse_manager.go:117.2,119.37 2 1
nexus-backend/pkg/sse/sse_manager.go:119.37,121.3 1 0
nexus-backend/pkg/sse/sse_manager.go:125.61,130.13 4 0
nexus-backend/pkg/sse/sse_manager.go:130.13,132.3 1 0
nexus-backend/pkg/sse/sse_manager.go:135.2,135.42 1 0
nexus-backend/pkg/sse/sse_manager.go:135.42,137.3 1 0
nexus-backend/pkg/sse/sse_manager.go:140.2,140.36 1 0
nexus-backend/pkg/sse/sse_manager.go:140.36,141.21 1 0
nexus-backend/pkg/sse/sse_manager.go:141.21,143.4 1 0
nexus-backend/pkg/sse/sse_manager.go:146.2,149.12 3 0
nexus-backend/pkg/sse/sse_manager.go:153.62,158.13 4 0
nexus-backend/pkg/sse/sse_manager.go:158.13,160.3 1 0
nexus-backend/pkg/sse/sse_manager.go:163.2,166.33 2 0
nexus-backend/pkg/sse/sse_manager.go:166.33,167.16 1 0
nexus-backend/pkg/sse/sse_manager.go:167.16,169.9 2 0
nexus-backend/pkg/sse/sse_manager.go:173.2,173.12 1 0
nexus-backend/pkg/sse/sse_manager.go:177.67,178.49 1 0
nexus-backend/pkg/sse/sse_manager.go:178.49,179.32 1 0
nexus-backend/pkg/sse/sse_manager.go:179.32,180.22 1 0
nexus-backend/pkg/sse/sse_manager.go:180.22,182.10 2 0
nexus-backend/pkg/sse/sse_manager.go:187.3,187.31 1 0
nexus-backend/pkg/sse/sse_manager.go:187.31,189.4 1 0
nexus-backend/pkg/sse/sse_manager.go:194.44,198.2 3 1
nexus-backend/pkg/sse/sse_manager.go:201.42,205.2 3 1
nexus-backend/pkg/sse/sse_manager.go:208.62,212.49 3 0
nexus-backend/pkg/sse/sse_manager.go:212.49,216.3 3 0
nexus-backend/pkg/sse/sse_manager.go:218.2,218.19 1 0
nexus-backend/pkg/sse/sse_manager.go:222.45,229.43 5 0
nexus-backend/pkg/sse/sse_manager.go:229.43,230.45 1 0
nexus-backend/pkg/sse/sse_manager.go:230.45,232.4 1 0
nexus-backend/pkg/sse/sse_manager.go:236.2,236.40 1 0
nexus-backend/pkg/sse/sse_manager.go:236.40,237.53 1 0
nexus-backend/pkg/sse/sse_manager.go:237.53,239.38 1 0
nexus-backend/pkg/sse/sse_manager.go:239.38,241.5 1 0
nexus-backend/pkg/sse/sse_manager.go:244.4,247.32 2 0
nexus-backend/pkg/sse/sse_manager.go:253.31,258.36 3 7
nexus-backend/pkg/sse/sse_manager.go:258.36,260.3 1 0
nexus-backend/pkg/sse/sse_manager.go:263.2,264.38 2 7
nexus-backend/pkg/sse/sse_manager.go:268.72,269.54 1 0
nexus-backend/pkg/sse/sse_manager.go:269.54,300.3 11 0
nexus-backend/pkg/sse/sse_manager.go:304.58,308.6 3 0
nexus-backend/pkg/sse/sse_manager.go:308.6,309.10 1 0
nexus-backend/pkg/sse/sse_manager.go:310.36,317.68 3 0
nexus-backend/pkg/sse/sse_manager.go:317.68,319.5 1 0
nexus-backend/pkg/sse/sse_manager.go:321.4,321.55 1 0
nexus-backend/pkg/sse/sse_manager.go:321.55,323.5 1 0
nexus-backend/pkg/sse/sse_manager.go:325.19,328.63 2 0
nexus-backend/pkg/sse/sse_manager.go:328.63,330.5 1 0
nexus-backend/pkg/sse/sse_manager.go:332.4,332.55 1 0
nexus-backend/pkg/sse/sse_manager.go:332.55,334.5 1 0
nexus-backend/pkg/sse/sse_manager.go:336.4,336.32 1 0
nexus-backend/pkg/sse/sse_manager.go:338.42,339.10 1 0
nexus-backend/pkg/sse/sse_manager.go:345.72,351.2 1 0
nexus-backend/internal/config/config.go:183.30,185.2 1 0
nexus-backend/internal/config/config.go:188.42,192.35 2 0
nexus-backend/internal/config/config.go:192.35,193.46 1 0
nexus-backend/internal/config/config.go:193.46,194.9 1 0
nexus-backend/internal/config/config.go:200.2,213.45 8 0
nexus-backend/internal/config/config.go:213.45,214.56 1 0
nexus-backend/internal/config/config.go:214.56,216.4 1 0
nexus-backend/internal/config/config.go:220.2,221.49 2 0
nexus-backend/internal/config/config.go:221.49,223.3 1 0
nexus-backend/internal/config/config.go:226.2,226.48 1 0
nexus-backend/internal/config/config.go:226.48,228.3 1 0
nexus-backend/internal/config/config.go:230.2,230.21 1 0
nexus-backend/internal/config/config.go:234.20,294.2 42 0
nexus-backend/internal/config/config.go:297.40,299.49 1 0
nexus-backend/internal/config/config.go:299.49,301.3 1 0
nexus-backend/internal/config/config.go:304.2,305.19 2 0
nexus-backend/internal/config/config.go:305.19,307.3 1 0
nexus-backend/internal/config/config.go:308.2,308.19 1 0
nexus-backend/internal/config/config.go:308.19,310.3 1 0
nexus-backend/internal/config/config.go:312.2,312.24 1 0
nexus-backend/internal/config/config.go:312.24,314.3 1 0
nexus-backend/internal/config/config.go:316.2,316.29 1 0
nexus-backend/internal/config/config.go:316.29,318.3 1 0
nexus-backend/internal/config/config.go:321.2,322.21 2 0
nexus-backend/internal/config/config.go:322.21,324.3 1 0
nexus-backend/internal/config/config.go:325.2,325.76 1 0
nexus-backend/internal/config/config.go:325.76,327.3 1 0
nexus-backend/internal/config/config.go:330.2,330.42 1 0
nexus-backend/internal/config/config.go:330.42,331.24 1 0
nexus-backend/internal/config/config.go:331.24,333.4 1 0
nexus-backend/internal/config/config.go:334.3,334.33 1 0
nexus-backend/internal/config/config.go:334.33,336.4 1 0
nexus-backend/internal/config/config.go:339.2,339.12 1 0
nexus-backend/internal/database/buntdb.go:39.53,41.51 1 0
nexus-backend/internal/database/buntdb.go:41.51,43.47 2 0
nexus-backend/internal/database/buntdb.go:43.47,45.4 1 0
nexus-backend/internal/database/buntdb.go:48.2,49.16 2 0
nexus-backend/internal/database/buntdb.go:49.16,51.3 1 0
nexus-backend/internal/database/buntdb.go:53.2,69.61 3 0
nexus-backend/internal/database/buntdb.go:69.61,72.3 2 0
nexus-backend/internal/database/buntdb.go:75.2,75.48 1 0
nexus-backend/internal/database/buntdb.go:75.48,79.3 3 0
nexus-backend/internal/database/buntdb.go:82.2,84.21 2 0
nexus-backend/internal/database/buntdb.go:88.48,89.48 1 0
nexus-backend/internal/database/buntdb.go:89.48,145.3 35 0
nexus-backend/internal/database/buntdb.go:149.45,151.2 1 0
nexus-backend/internal/database/buntdb.go:154.40,159.22 3 0
nexus-backend/internal/database/buntdb.go:159.22,161.3 1 0
nexus-backend/internal/database/buntdb.go:164.2,164.35 1 0
nexus-backend/internal/database/buntdb.go:164.35,165.50 1 0
nexus-backend/internal/database/buntdb.go:165.50,167.4 1 0
nexus-backend/internal/database/buntdb.go:171.2,171.18 1 0
nexus-backend/internal/database/buntdb.go:171.18,173.3 1 0
nexus-backend/internal/database/buntdb.go:175.2,175.12 1 0
nexus-backend/internal/database/buntdb.go:179.72,180.48 1 0
nexus-backend/internal/database/buntdb.go:180.48,182.17 2 0
nexus-backend/internal/database/buntdb.go:182.17,184.4 1 0
nexus-backend/internal/database/buntdb.go:185.3,186.13 2 0
nexus-backend/internal/database/buntdb.go:191.70,192.46 1 0
nexus-backend/internal/database/buntdb.go:192.46,194.17 2 0
nexus-backend/internal/database/buntdb.go:194.17,196.4 1 0
nexus-backend/internal/database/buntdb.go:197.3,197.45 1 0
nexus-backend/internal/database/buntdb.go:202.54,203.48 1 0
nexus-backend/internal/database/buntdb.go:203.48,206.3 2 0
nexus-backend/internal/database/buntdb.go:210.69,212.46 2 0
nexus-backend/internal/database/buntdb.go:212.46,213.58 1 0
nexus-backend/internal/database/buntdb.go:213.58,216.4 2 0
nexus-backend/internal/database/buntdb.go:218.2,218.18 1 0
nexus-backend/internal/database/buntdb.go:222.65,224.46 2 0
nexus-backend/internal/database/buntdb.go:224.46,225.58 1 0
nexus-backend/internal/database/buntdb.go:225.58,228.4 2 0
nexus-backend/internal/database/buntdb.go:230.2,230.19 1 0
nexus-backend/internal/database/buntdb.go:234.81,235.48 1 0
nexus-backend/internal/database/buntdb.go:235.48,239.3 3 0
nexus-backend/internal/database/buntdb.go:243.71,245.2 1 0
nexus-backend/internal/database/buntdb.go:248.75,250.2 1 0
nexus-backend/internal/database/buntdb.go:253.50,259.6 5 0
nexus-backend/internal/database/buntdb.go:259.6,260.10 1 0
nexus-backend/internal/database/buntdb.go:261.24,262.10 1 0
nexus-backend/internal/database/buntdb.go:263.25,264.27 1 0
nexus-backend/internal/database/buntdb.go:265.25,266.21 1 0
nexus-backend/internal/database/buntdb.go:266.21,267.51 1 0
nexus-backend/internal/database/buntdb.go:267.51,269.6 1 0
nexus-backend/internal/database/buntdb.go:276.47,281.46 3 0
nexus-backend/internal/database/buntdb.go:281.46,284.53 2 0
nexus-backend/internal/database/buntdb.go:284.53,287.4 2 0
nexus-backend/internal/database/buntdb.go:290.2,293.19 3 0
nexus-backend/internal/database/buntdb.go:293.19,295.3 1 0
nexus-backend/internal/database/buntdb.go:299.60,300.20 1 0
nexus-backend/internal/database/buntdb.go:300.20,302.3 1 0
nexus-backend/internal/database/buntdb.go:304.2,309.16 4 0
nexus-backend/internal/database/buntdb.go:309.16,311.3 1 0
nexus-backend/internal/database/buntdb.go:312.2,315.45 2 0
nexus-backend/internal/database/buntdb.go:315.45,318.17 2 0
nexus-backend/internal/database/buntdb.go:318.17,320.4 1 0
nexus-backend/internal/database/buntdb.go:321.3,324.53 2 0
nexus-backend/internal/database/buntdb.go:324.53,325.54 1 0
nexus-backend/internal/database/buntdb.go:325.54,328.5 2 0
nexus-backend/internal/database/buntdb.go:330.3,330.17 1 0
nexus-backend/internal/database/buntdb.go:330.17,332.4 1 0
nexus-backend/internal/database/buntdb.go:335.3,335.33 1 0
nexus-backend/internal/database/buntdb.go:338.2,338.16 1 0
nexus-backend/internal/database/buntdb.go:338.16,341.3 2 0
nexus-backend/internal/database/buntdb.go:343.2,348.12 3 0
nexus-backend/internal/database/buntdb.go:352.46,354.16 2 0
nexus-backend/internal/database/buntdb.go:354.16,357.3 2 0
nexus-backend/internal/database/buntdb.go:359.2,359.33 1 0
nexus-backend/internal/database/buntdb.go:359.33,361.3 1 0
nexus-backend/internal/database/buntdb.go:364.2,370.29 3 0
nexus-backend/internal/database/buntdb.go:370.29,371.45 1 0
nexus-backend/internal/database/buntdb.go:371.45,376.4 1 0
nexus-backend/internal/database/buntdb.go:380.2,380.40 1 0
nexus-backend/internal/database/buntdb.go:380.40,381.43 1 0
nexus-backend/internal/database/buntdb.go:381.43,382.56 1 0
nexus-backend/internal/database/buntdb.go:382.56,384.5 1 0
nexus-backend/internal/database/buntdb.go:389.2,390.32 2 0
nexus-backend/internal/database/buntdb.go:390.32,391.54 1 0
nexus-backend/internal/database/buntdb.go:391.54,393.4 1 0
nexus-backend/internal/database/buntdb.go:393.9,395.4 1 0
nexus-backend/internal/database/buntdb.go:400.46,402.49 1 0
nexus-backend/internal/database/buntdb.go:402.49,404.3 1 0
nexus-backend/internal/database/buntdb.go:407.2,408.16 2 0
nexus-backend/internal/database/buntdb.go:408.16,410.3 1 0
nexus-backend/internal/database/buntdb.go:411.2,415.16 3 0
nexus-backend/internal/database/buntdb.go:415.16,417.3 1 0
nexus-backend/internal/database/buntdb.go:419.2,419.42 1 0
nexus-backend/internal/database/buntdb.go:419.42,421.3 1 0
nexus-backend/internal/database/buntdb.go:424.2,425.16 2 0
nexus-backend/internal/database/buntdb.go:425.16,427.3 1 0
nexus-backend/internal/database/buntdb.go:428.2,430.12 2 0
nexus-backend/internal/database/buntdb.go:434.41,442.37 5 0
nexus-backend/internal/database/buntdb.go:442.37,445.64 2 0
nexus-backend/internal/database/buntdb.go:445.64,447.4 1 0
nexus-backend/internal/database/buntdb.go:448.3,448.13 1 0
nexus-backend/internal/database/buntdb.go:452.2,455.33 3 0
nexus-backend/internal/database/buntdb.go:455.33,456.47 1 0
nexus-backend/internal/database/buntdb.go:456.47,457.40 1 0
nexus-backend/internal/database/buntdb.go:457.40,460.5 2 0
nexus-backend/internal/database/buntdb.go:464.2,464.24 1 0
nexus-backend/internal/database/buntdb.go:464.24,466.3 1 0
nexus-backend/internal/database/buntdb.go:468.2,472.16 3 0
nexus-backend/internal/database/buntdb.go:472.16,474.3 1 0
nexus-backend/internal/database/buntdb.go:475.2,478.16 3 0
nexus-backend/internal/database/buntdb.go:478.16,480.3 1 0
nexus-backend/internal/database/buntdb.go:481.2,483.45 2 0
nexus-backend/internal/database/buntdb.go:483.45,485.3 1 0
nexus-backend/internal/database/buntdb.go:487.2,488.12 2 0
nexus-backend/internal/inference/adaptive_host_service.go:151.207,156.16 3 0
nexus-backend/internal/inference/adaptive_host_service.go:156.16,159.3 2 0
nexus-backend/internal/inference/adaptive_host_service.go:161.2,172.55 2 0
nexus-backend/internal/inference/adaptive_host_service.go:172.55,175.3 2 0
nexus-backend/internal/inference/adaptive_host_service.go:177.2,177.21 1 0
nexus-backend/internal/inference/adaptive_host_service.go:181.60,183.35 1 0
nexus-backend/internal/inference/adaptive_host_service.go:183.35,190.3 1 0
nexus-backend/internal/inference/adaptive_host_service.go:193.2,193.34 1 0
nexus-backend/internal/inference/adaptive_host_service.go:193.34,200.3 1 0
nexus-backend/internal/inference/adaptive_host_service.go:203.2,203.31 1 0
nexus-backend/internal/inference/adaptive_host_service.go:203.31,206.17 3 0
nexus-backend/internal/inference/adaptive_host_service.go:206.17,208.4 1 0
nexus-backend/internal/inference/adaptive_host_service.go:212.2,214.12 2 0
nexus-backend/internal/inference/adaptive_host_service.go:218.45,222.17 3 0
nexus-backend/internal/inference/adaptive_host_service.go:222.17,224.3 1 0
nexus-backend/internal/inference/adaptive_host_service.go:227.2,227.51 1 0
nexus-backend/internal/inference/adaptive_host_service.go:227.51,229.3 1 0
nexus-backend/internal/inference/adaptive_host_service.go:232.2,232.30 1 0
nexus-backend/internal/inference/adaptive_host_service.go:232.30,234.3 1 0
nexus-backend/internal/inference/adaptive_host_service.go:237.2,237.27 1 0
nexus-backend/internal/inference/adaptive_host_service.go:237.27,239.3 1 0
nexus-backend/internal/inference/adaptive_host_service.go:242.2,242.32 1 0
nexus-backend/internal/inference/adaptive_host_service.go:242.32,244.3 1 0
nexus-backend/internal/inference/adaptive_host_service.go:247.2,252.12 4 0
nexus-backend/internal/inference/adaptive_host_service.go:256.53,260.6 3 0
nexus-backend/internal/inference/adaptive_host_service.go:260.6,261.10 1 0
nexus-backend/internal/inference/adaptive_host_service.go:262.23,263.10 1 0
nexus-backend/internal/inference/adaptive_host_service.go:264.19,265.31 1 0
nexus-backend/internal/inference/adaptive_host_service.go:271.57,284.2 3 0
nexus-backend/internal/inference/adaptive_host_service.go:287.44,291.18 3 0
nexus-backend/internal/inference/adaptive_host_service.go:291.18,293.3 1 0
nexus-backend/internal/inference/adaptive_host_service.go:296.2,299.50 2 0
nexus-backend/internal/inference/adaptive_host_service.go:299.50,301.3 1 0
nexus-backend/internal/inference/adaptive_host_service.go:304.2,304.24 1 0
nexus-backend/internal/inference/adaptive_host_service.go:304.24,306.3 1 0
nexus-backend/internal/inference/adaptive_host_service.go:308.2,311.12 3 0
nexus-backend/internal/inference/adaptive_host_service.go:315.107,317.18 2 0
nexus-backend/internal/inference/adaptive_host_service.go:317.18,320.3 2 0
nexus-backend/internal/inference/adaptive_host_service.go:321.2,335.30 3 0
nexus-backend/internal/inference/adaptive_host_service.go:335.30,336.55 1 0
nexus-backend/internal/inference/adaptive_host_service.go:336.55,338.4 1 0
nexus-backend/internal/inference/adaptive_host_service.go:342.2,342.27 1 0
nexus-backend/internal/inference/adaptive_host_service.go:342.27,344.3 1 0
nexus-backend/internal/inference/adaptive_host_service.go:347.2,347.40 1 0
nexus-backend/internal/inference/adaptive_host_service.go:351.106,353.9 1 0
nexus-backend/internal/inference/adaptive_host_service.go:354.46,354.46 0 0
nexus-backend/internal/inference/adaptive_host_service.go:356.45,357.58 1 0
nexus-backend/internal/inference/adaptive_host_service.go:361.2,361.9 1 0
nexus-backend/internal/inference/adaptive_host_service.go:362.42,363.28 1 0
nexus-backend/internal/inference/adaptive_host_service.go:363.28,365.4 1 0
nexus-backend/internal/inference/adaptive_host_service.go:368.3,370.30 2 0
nexus-backend/internal/inference/adaptive_host_service.go:371.45,372.65 1 0
nexus-backend/internal/inference/adaptive_host_service.go:377.95,382.30 3 0
nexus-backend/internal/inference/adaptive_host_service.go:382.30,385.3 2 0
nexus-backend/internal/inference/adaptive_host_service.go:388.2,389.16 2 0
nexus-backend/internal/inference/adaptive_host_service.go:389.16,393.3 2 0
nexus-backend/internal/inference/adaptive_host_service.go:396.2,400.30 3 0
nexus-backend/internal/inference/adaptive_host_service.go:400.30,403.3 2 0
nexus-backend/internal/inference/adaptive_host_service.go:406.2,418.20 3 0
nexus-backend/internal/inference/adaptive_host_service.go:422.65,426.65 3 0
nexus-backend/internal/inference/adaptive_host_service.go:426.65,429.3 1 0
nexus-backend/internal/inference/adaptive_host_service.go:431.2,431.71 1 0
nexus-backend/internal/inference/adaptive_host_service.go:431.71,434.3 1 0
nexus-backend/internal/inference/adaptive_host_service.go:436.2,436.12 1 0
nexus-backend/internal/inference/adaptive_host_service.go:440.80,441.56 1 0
nexus-backend/internal/inference/adaptive_host_service.go:441.56,443.3 1 0
nexus-backend/internal/inference/adaptive_host_service.go:446.2,479.3 3 0
nexus-backend/internal/inference/adaptive_host_service.go:483.76,484.56 1 0
nexus-backend/internal/inference/adaptive_host_service.go:484.56,486.3 1 0
nexus-backend/internal/inference/adaptive_host_service.go:489.2,509.3 2 0
nexus-backend/internal/inference/adaptive_host_service.go:513.56,517.6 3 0
nexus-backend/internal/inference/adaptive_host_service.go:517.6,518.10 1 0
nexus-backend/internal/inference/adaptive_host_service.go:519.23,520.10 1 0
nexus-backend/internal/inference/adaptive_host_service.go:521.19,522.29 1 0
nexus-backend/internal/inference/adaptive_host_service.go:528.55,529.30 1 0
nexus-backend/internal/inference/adaptive_host_service.go:529.30,531.3 1 0
nexus-backend/internal/inference/adaptive_host_service.go:534.2,535.16 2 0
nexus-backend/internal/inference/adaptive_host_service.go:535.16,538.3 2 0
nexus-backend/internal/inference/adaptive_host_service.go:540.2,541.31 2 0
nexus-backend/internal/inference/adaptive_host_service.go:541.31,543.3 1 0
nexus-backend/internal/inference/adaptive_host_service.go:544.2,544.34 1 0
nexus-backend/internal/inference/adaptive_host_service.go:544.34,546.3 1 0
nexus-backend/internal/inference/adaptive_host_service.go:547.2,550.55 2 0
nexus-backend/internal/inference/adaptive_host_service.go:550.55,570.3 2 0
nexus-backend/internal/inference/adaptive_host_service.go:574.51,575.6 1 0
nexus-backend/internal/inference/adaptive_host_service.go:575.6,576.10 1 0
nexus-backend/internal/inference/adaptive_host_service.go:577.23,578.10 1 0
nexus-backend/internal/inference/adaptive_host_service.go:579.49,580.44 1 0
nexus-backend/internal/inference/adaptive_host_service.go:586.85,589.67 2 0
nexus-backend/internal/inference/adaptive_host_service.go:589.67,598.3 3 0
nexus-backend/internal/inference/adaptive_host_service.go:599.2,620.28 8 0
nexus-backend/internal/inference/adaptive_host_service.go:624.55,628.6 3 0
nexus-backend/internal/inference/adaptive_host_service.go:628.6,629.10 1 0
nexus-backend/internal/inference/adaptive_host_service.go:630.23,631.10 1 0
nexus-backend/internal/inference/adaptive_host_service.go:632.19,633.31 1 0
nexus-backend/internal/inference/adaptive_host_service.go:639.57,640.25 1 0
nexus-backend/internal/inference/adaptive_host_service.go:640.25,642.3 1 0
nexus-backend/internal/inference/adaptive_host_service.go:645.2,647.31 2 0
nexus-backend/internal/inference/adaptive_host_service.go:647.31,672.27 3 0
nexus-backend/internal/inference/adaptive_host_service.go:672.27,683.4 1 0
nexus-backend/internal/inference/adaptive_host_service.go:685.3,694.4 1 0
nexus-backend/internal/inference/adaptive_host_service.go:698.2,698.27 1 0
nexus-backend/internal/inference/adaptive_host_service.go:698.27,712.3 4 0
nexus-backend/internal/inference/cerebras_provider.go:182.13,187.2 3 1
nexus-backend/internal/inference/cerebras_provider.go:193.99,206.26 3 0
nexus-backend/internal/inference/cerebras_provider.go:206.26,209.21 2 0
nexus-backend/internal/inference/cerebras_provider.go:209.21,212.4 2 0
nexus-backend/internal/inference/cerebras_provider.go:212.9,216.4 2 0
nexus-backend/internal/inference/cerebras_provider.go:219.2,219.33 1 0
nexus-backend/internal/inference/cerebras_provider.go:219.33,221.3 1 0
nexus-backend/internal/inference/cerebras_provider.go:222.2,223.17 2 0
nexus-backend/internal/inference/cerebras_provider.go:227.42,229.2 1 0
nexus-backend/internal/inference/cerebras_provider.go:232.46,234.64 1 0
nexus-backend/internal/inference/cerebras_provider.go:234.64,237.3 2 0
nexus-backend/internal/inference/cerebras_provider.go:239.2,239.54 1 0
nexus-backend/internal/inference/cerebras_provider.go:243.56,252.20 4 0
nexus-backend/internal/inference/cerebras_provider.go:252.20,254.3 1 0
nexus-backend/internal/inference/cerebras_provider.go:254.8,257.3 1 0
nexus-backend/internal/inference/cerebras_provider.go:258.2,258.35 1 0
nexus-backend/internal/inference/cerebras_provider.go:258.35,260.3 1 0
nexus-backend/internal/inference/cerebras_provider.go:261.2,261.16 1 0
nexus-backend/internal/inference/cerebras_provider.go:266.88,268.31 2 0
nexus-backend/internal/inference/cerebras_provider.go:268.31,270.36 2 0
nexus-backend/internal/inference/cerebras_provider.go:271.38,272.36 1 0
nexus-backend/internal/inference/cerebras_provider.go:273.13,274.22 1 0
nexus-backend/internal/inference/cerebras_provider.go:279.3,284.44 2 0
nexus-backend/internal/inference/cerebras_provider.go:286.2,286.20 1 0
nexus-backend/internal/inference/cerebras_provider.go:290.78,291.26 1 0
nexus-backend/internal/inference/cerebras_provider.go:291.26,293.3 1 0
nexus-backend/internal/inference/cerebras_provider.go:294.2,295.34 2 0
nexus-backend/internal/inference/cerebras_provider.go:295.34,296.30 1 0
nexus-backend/internal/inference/cerebras_provider.go:296.30,298.12 2 0
nexus-backend/internal/inference/cerebras_provider.go:302.3,308.38 2 0
nexus-backend/internal/inference/cerebras_provider.go:308.38,310.76 2 0
nexus-backend/internal/inference/cerebras_provider.go:310.76,312.5 1 0
nexus-backend/internal/inference/cerebras_provider.go:312.10,314.5 1 0
nexus-backend/internal/inference/cerebras_provider.go:317.3,329.39 2 0
nexus-backend/internal/inference/cerebras_provider.go:331.2,331.22 1 0
nexus-backend/internal/inference/cerebras_provider.go:336.65,337.24 1 0
nexus-backend/internal/inference/cerebras_provider.go:337.24,339.3 1 0
nexus-backend/internal/inference/cerebras_provider.go:340.2,340.47 1 0
nexus-backend/internal/inference/cerebras_provider.go:340.47,342.82 2 0
nexus-backend/internal/inference/cerebras_provider.go:342.82,344.4 1 0
nexus-backend/internal/inference/cerebras_provider.go:346.3,352.4 2 0
nexus-backend/internal/inference/cerebras_provider.go:355.2,355.63 1 0
nexus-backend/internal/inference/cerebras_provider.go:355.63,356.77 1 0
nexus-backend/internal/inference/cerebras_provider.go:356.77,357.73 1 0
nexus-backend/internal/inference/cerebras_provider.go:357.73,358.46 1 0
nexus-backend/internal/inference/cerebras_provider.go:358.46,360.6 1 0
nexus-backend/internal/inference/cerebras_provider.go:364.2,365.15 2 0
nexus-backend/internal/inference/cerebras_provider.go:369.106,391.55 10 0
nexus-backend/internal/inference/cerebras_provider.go:391.55,393.3 1 0
nexus-backend/internal/inference/cerebras_provider.go:394.2,394.44 1 0
nexus-backend/internal/inference/cerebras_provider.go:394.44,395.29 1 0
nexus-backend/internal/inference/cerebras_provider.go:396.12,397.14 1 0
nexus-backend/internal/inference/cerebras_provider.go:397.14,399.5 1 0
nexus-backend/internal/inference/cerebras_provider.go:400.16,401.14 1 0
nexus-backend/internal/inference/cerebras_provider.go:401.14,403.5 1 0
nexus-backend/internal/inference/cerebras_provider.go:406.2,406.54 1 0
nexus-backend/internal/inference/cerebras_provider.go:406.54,408.3 1 0
nexus-backend/internal/inference/cerebras_provider.go:409.2,409.48 1 0
nexus-backend/internal/inference/cerebras_provider.go:409.48,411.3 1 0
nexus-backend/internal/inference/cerebras_provider.go:412.2,412.37 1 0
nexus-backend/internal/inference/cerebras_provider.go:412.37,413.27 1 0
nexus-backend/internal/inference/cerebras_provider.go:414.12,416.22 2 0
nexus-backend/internal/inference/cerebras_provider.go:417.14,418.17 1 0
nexus-backend/internal/inference/cerebras_provider.go:419.16,421.22 2 0
nexus-backend/internal/inference/cerebras_provider.go:424.2,424.51 1 0
nexus-backend/internal/inference/cerebras_provider.go:424.51,426.3 1 0
nexus-backend/internal/inference/cerebras_provider.go:429.2,429.57 1 0
nexus-backend/internal/inference/cerebras_provider.go:429.57,431.17 2 0
nexus-backend/internal/inference/cerebras_provider.go:431.17,433.4 1 0
nexus-backend/internal/inference/cerebras_provider.go:434.3,434.23 1 0
nexus-backend/internal/inference/cerebras_provider.go:436.2,436.53 1 0
nexus-backend/internal/inference/cerebras_provider.go:436.53,440.43 2 0
nexus-backend/internal/inference/cerebras_provider.go:440.43,442.4 1 0
nexus-backend/internal/inference/cerebras_provider.go:442.9,442.58 1 0
nexus-backend/internal/inference/cerebras_provider.go:442.58,450.4 2 0
nexus-backend/internal/inference/cerebras_provider.go:450.9,453.4 1 0
nexus-backend/internal/inference/cerebras_provider.go:457.2,457.58 1 0
nexus-backend/internal/inference/cerebras_provider.go:457.58,459.3 1 0
nexus-backend/internal/inference/cerebras_provider.go:462.2,462.54 1 0
nexus-backend/internal/inference/cerebras_provider.go:462.54,463.58 1 0
nexus-backend/internal/inference/cerebras_provider.go:463.58,482.4 1 0
nexus-backend/internal/inference/cerebras_provider.go:482.9,484.4 1 0
nexus-backend/internal/inference/cerebras_provider.go:487.2,488.18 2 0
nexus-backend/internal/inference/cerebras_provider.go:488.18,490.3 1 0
nexus-backend/internal/inference/cerebras_provider.go:492.2,492.26 1 0
nexus-backend/internal/inference/cerebras_provider.go:496.136,497.29 1 0
nexus-backend/internal/inference/cerebras_provider.go:497.29,499.3 1 0
nexus-backend/internal/inference/cerebras_provider.go:501.2,502.46 2 0
nexus-backend/internal/inference/cerebras_provider.go:502.46,504.3 1 0
nexus-backend/internal/inference/cerebras_provider.go:504.8,507.23 3 0
nexus-backend/internal/inference/cerebras_provider.go:507.23,509.4 1 0
nexus-backend/internal/inference/cerebras_provider.go:512.2,512.20 1 0
nexus-backend/internal/inference/cerebras_provider.go:512.20,514.3 1 0
nexus-backend/internal/inference/cerebras_provider.go:515.2,517.42 2 0
nexus-backend/internal/inference/cerebras_provider.go:522.141,542.55 10 0
nexus-backend/internal/inference/cerebras_provider.go:542.55,544.3 1 0
nexus-backend/internal/inference/cerebras_provider.go:545.2,545.44 1 0
nexus-backend/internal/inference/cerebras_provider.go:545.44,546.29 1 0
nexus-backend/internal/inference/cerebras_provider.go:547.12,548.14 1 0
nexus-backend/internal/inference/cerebras_provider.go:548.14,550.5 1 0
nexus-backend/internal/inference/cerebras_provider.go:551.16,552.14 1 0
nexus-backend/internal/inference/cerebras_provider.go:552.14,554.5 1 0
nexus-backend/internal/inference/cerebras_provider.go:557.2,557.54 1 0
nexus-backend/internal/inference/cerebras_provider.go:557.54,559.3 1 0
nexus-backend/internal/inference/cerebras_provider.go:560.2,560.48 1 0
nexus-backend/internal/inference/cerebras_provider.go:560.48,562.3 1 0
nexus-backend/internal/inference/cerebras_provider.go:563.2,563.37 1 0
nexus-backend/internal/inference/cerebras_provider.go:563.37,564.27 1 0
nexus-backend/internal/inference/cerebras_provider.go:565.12,567.22 2 0
nexus-backend/internal/inference/cerebras_provider.go:568.14,569.17 1 0
nexus-backend/internal/inference/cerebras_provider.go:570.16,572.22 2 0
nexus-backend/internal/inference/cerebras_provider.go:575.2,575.51 1 0
nexus-backend/internal/inference/cerebras_provider.go:575.51,577.3 1 0
nexus-backend/internal/inference/cerebras_provider.go:580.2,580.57 1 0
nexus-backend/internal/inference/cerebras_provider.go:580.57,582.17 2 0
nexus-backend/internal/inference/cerebras_provider.go:582.17,584.4 1 0
nexus-backend/internal/inference/cerebras_provider.go:585.3,585.23 1 0
nexus-backend/internal/inference/cerebras_provider.go:587.2,587.53 1 0
nexus-backend/internal/inference/cerebras_provider.go:587.53,589.43 2 0
nexus-backend/internal/inference/cerebras_provider.go:589.43,591.4 1 0
nexus-backend/internal/inference/cerebras_provider.go:591.9,595.4 2 0
nexus-backend/internal/inference/cerebras_provider.go:599.2,599.58 1 0
nexus-backend/internal/inference/cerebras_provider.go:599.58,601.3 1 0
nexus-backend/internal/inference/cerebras_provider.go:604.2,604.54 1 0
nexus-backend/internal/inference/cerebras_provider.go:604.54,605.58 1 0
nexus-backend/internal/inference/cerebras_provider.go:605.58,624.4 1 0
nexus-backend/internal/inference/cerebras_provider.go:624.9,626.4 1 0
nexus-backend/internal/inference/cerebras_provider.go:629.2,630.18 2 0
nexus-backend/internal/inference/cerebras_provider.go:630.18,632.3 1 0
nexus-backend/internal/inference/cerebras_provider.go:634.2,634.26 1 0
nexus-backend/internal/inference/cerebras_provider.go:638.71,640.56 2 0
nexus-backend/internal/inference/cerebras_provider.go:640.56,643.3 2 0
nexus-backend/internal/inference/cerebras_provider.go:645.2,645.32 1 0
nexus-backend/internal/inference/cerebras_provider.go:645.32,648.56 3 0
nexus-backend/internal/inference/cerebras_provider.go:648.56,649.42 1 0
nexus-backend/internal/inference/cerebras_provider.go:649.42,651.5 1 0
nexus-backend/internal/inference/cerebras_provider.go:653.3,653.70 1 0
nexus-backend/internal/inference/cerebras_provider.go:656.2,658.41 2 0
nexus-backend/internal/inference/cerebras_provider.go:658.41,661.3 2 0
nexus-backend/internal/inference/cerebras_provider.go:663.2,663.36 1 0
nexus-backend/internal/inference/cerebras_provider.go:667.76,670.27 3 0
nexus-backend/internal/inference/cerebras_provider.go:670.27,672.3 1 0
nexus-backend/internal/inference/cerebras_provider.go:673.2,673.33 1 0
nexus-backend/internal/inference/cerebras_provider.go:673.33,675.3 1 0
nexus-backend/internal/inference/cerebras_provider.go:676.2,676.64 1 0
nexus-backend/internal/inference/cerebras_provider.go:680.77,682.56 2 0
nexus-backend/internal/inference/cerebras_provider.go:682.56,684.3 1 0
nexus-backend/internal/inference/cerebras_provider.go:686.2,686.83 1 0
nexus-backend/internal/inference/cerebras_provider.go:686.83,688.25 2 0
nexus-backend/internal/inference/cerebras_provider.go:688.25,693.33 3 0
nexus-backend/internal/inference/cerebras_provider.go:693.33,702.5 1 0
nexus-backend/internal/inference/cerebras_provider.go:704.4,705.18 2 0
nexus-backend/internal/inference/cerebras_provider.go:705.18,708.5 2 0
nexus-backend/internal/inference/cerebras_provider.go:710.4,710.29 1 0
nexus-backend/internal/inference/cerebras_provider.go:714.2,714.18 1 0
nexus-backend/internal/inference/cerebras_provider.go:718.54,720.2 1 0
nexus-backend/internal/inference/cerebras_provider.go:723.66,734.16 9 0
nexus-backend/internal/inference/cerebras_provider.go:734.16,736.3 1 0
nexus-backend/internal/inference/cerebras_provider.go:738.2,738.24 1 0
nexus-backend/internal/inference/cerebras_provider.go:738.24,739.46 1 0
nexus-backend/internal/inference/cerebras_provider.go:739.46,741.4 1 0
nexus-backend/internal/inference/cerebras_provider.go:745.2,745.91 1 0
nexus-backend/internal/inference/cerebras_provider.go:745.91,747.3 1 0
nexus-backend/internal/inference/cerebras_provider.go:748.2,748.44 1 0
nexus-backend/internal/inference/cerebras_provider.go:748.44,750.3 1 0
nexus-backend/internal/inference/cerebras_provider.go:751.2,751.72 1 0
nexus-backend/internal/inference/cerebras_provider.go:751.72,753.3 1 0
nexus-backend/internal/inference/cerebras_provider.go:754.2,754.26 1 0
nexus-backend/internal/inference/cerebras_provider.go:754.26,756.3 1 0
nexus-backend/internal/inference/cerebras_provider.go:757.2,757.19 1 0
nexus-backend/internal/inference/cerebras_provider.go:757.19,759.3 1 0
nexus-backend/internal/inference/cerebras_provider.go:760.2,760.19 1 0
nexus-backend/internal/inference/cerebras_provider.go:760.19,762.3 1 0
nexus-backend/internal/inference/cerebras_provider.go:765.2,765.87 1 0
nexus-backend/internal/inference/cerebras_provider.go:765.87,767.3 1 0
nexus-backend/internal/inference/cerebras_provider.go:768.2,768.68 1 0
nexus-backend/internal/inference/cerebras_provider.go:768.68,770.3 1 0
nexus-backend/internal/inference/cerebras_provider.go:773.2,773.49 1 0
nexus-backend/internal/inference/cerebras_provider.go:773.49,775.3 1 0
nexus-backend/internal/inference/cerebras_provider.go:776.2,776.38 1 0
nexus-backend/internal/inference/cerebras_provider.go:776.38,778.3 1 0
nexus-backend/internal/inference/cerebras_provider.go:780.2,780.86 1 0
nexus-backend/internal/inference/cerebras_provider.go:784.77,785.13 1 0
nexus-backend/internal/inference/cerebras_provider.go:786.17,787.34 1 0
nexus-backend/internal/inference/cerebras_provider.go:787.34,789.4 1 0
nexus-backend/internal/inference/cerebras_provider.go:790.15,791.34 1 0
nexus-backend/internal/inference/cerebras_provider.go:791.34,793.4 1 0
nexus-backend/internal/inference/cerebras_provider.go:794.20,795.28 1 0
nexus-backend/internal/inference/cerebras_provider.go:796.12,797.13 1 0
nexus-backend/internal/inference/cerebras_provider.go:797.13,799.5 1 0
nexus-backend/internal/inference/cerebras_provider.go:800.16,801.13 1 0
nexus-backend/internal/inference/cerebras_provider.go:801.13,803.5 1 0
nexus-backend/internal/inference/cerebras_provider.go:805.21,806.35 1 0
nexus-backend/internal/inference/cerebras_provider.go:806.35,808.4 1 0
nexus-backend/internal/inference/cerebras_provider.go:809.15,810.35 1 0
nexus-backend/internal/inference/cerebras_provider.go:810.35,812.4 1 0
nexus-backend/internal/inference/cerebras_provider.go:813.14,814.28 1 0
nexus-backend/internal/inference/cerebras_provider.go:815.12,817.21 2 0
nexus-backend/internal/inference/cerebras_provider.go:818.14,819.15 1 0
nexus-backend/internal/inference/cerebras_provider.go:820.16,822.21 2 0
nexus-backend/internal/inference/cerebras_provider.go:824.10,825.84 1 0
nexus-backend/internal/inference/cerebras_provider.go:830.69,835.2 4 0
nexus-backend/internal/inference/cerebras_provider.go:838.59,841.19 3 0
nexus-backend/internal/inference/cerebras_provider.go:841.19,844.3 2 0
nexus-backend/internal/inference/cerebras_provider.go:848.53,850.2 1 0
nexus-backend/internal/inference/cerebras_provider.go:853.112,854.20 1 0
nexus-backend/internal/inference/cerebras_provider.go:854.20,856.3 1 0
nexus-backend/internal/inference/cerebras_provider.go:857.2,860.42 2 0
nexus-backend/internal/inference/cerebras_provider.go:864.78,866.30 2 0
nexus-backend/internal/inference/cerebras_provider.go:866.30,868.3 1 0
nexus-backend/internal/inference/cerebras_provider.go:869.2,869.24 1 0
nexus-backend/internal/inference/cerebras_provider.go:869.24,871.3 1 0
nexus-backend/internal/inference/cerebras_provider.go:873.2,874.73 2 0
nexus-backend/internal/inference/cerebras_provider.go:874.73,877.81 2 0
nexus-backend/internal/inference/cerebras_provider.go:877.81,878.43 1 0
nexus-backend/internal/inference/cerebras_provider.go:878.43,880.58 2 0
nexus-backend/internal/inference/cerebras_provider.go:880.58,881.51 1 0
nexus-backend/internal/inference/cerebras_provider.go:881.51,883.7 1 0
nexus-backend/internal/inference/cerebras_provider.go:885.5,885.86 1 0
nexus-backend/internal/inference/cerebras_provider.go:888.3,889.69 2 0
nexus-backend/internal/inference/cerebras_provider.go:892.2,892.33 1 0
nexus-backend/internal/inference/cerebras_provider.go:892.33,894.3 1 0
nexus-backend/internal/inference/cerebras_provider.go:896.2,899.37 2 0
nexus-backend/internal/inference/cerebras_provider.go:899.37,907.3 2 0
nexus-backend/internal/inference/cerebras_provider.go:909.2,909.32 1 0
nexus-backend/internal/inference/cerebras_provider.go:909.32,912.3 2 0
nexus-backend/internal/inference/cerebras_provider.go:914.2,914.34 1 0
nexus-backend/internal/inference/cerebras_provider.go:938.42,943.2 1 0
nexus-backend/internal/inference/cerebras_provider.go:946.70,948.31 2 0
nexus-backend/internal/inference/cerebras_provider.go:948.31,953.3 1 0
nexus-backend/internal/inference/cerebras_provider.go:954.2,954.25 1 0
nexus-backend/internal/inference/cerebras_provider.go:959.146,960.18 1 0
nexus-backend/internal/inference/cerebras_provider.go:960.18,962.3 1 0
nexus-backend/internal/inference/cerebras_provider.go:963.2,963.17 1 0
nexus-backend/internal/inference/cerebras_provider.go:963.17,965.3 1 0
nexus-backend/internal/inference/cerebras_provider.go:966.2,966.24 1 0
nexus-backend/internal/inference/cerebras_provider.go:966.24,968.3 1 0
nexus-backend/internal/inference/cerebras_provider.go:971.2,983.16 4 0
nexus-backend/internal/inference/cerebras_provider.go:983.16,985.3 1 0
nexus-backend/internal/inference/cerebras_provider.go:988.2,989.16 2 0
nexus-backend/internal/inference/cerebras_provider.go:989.16,991.3 1 0
nexus-backend/internal/inference/cerebras_provider.go:994.2,1000.16 5 0
nexus-backend/internal/inference/cerebras_provider.go:1000.16,1002.39 1 0
nexus-backend/internal/inference/cerebras_provider.go:1002.39,1005.4 2 0
nexus-backend/internal/inference/cerebras_provider.go:1006.3,1006.47 1 0
nexus-backend/internal/inference/cerebras_provider.go:1006.47,1009.4 2 0
nexus-backend/internal/inference/cerebras_provider.go:1010.3,1010.75 1 0
nexus-backend/internal/inference/cerebras_provider.go:1012.2,1016.16 3 0
nexus-backend/internal/inference/cerebras_provider.go:1016.16,1018.3 1 0
nexus-backend/internal/inference/cerebras_provider.go:1021.2,1021.38 1 0
nexus-backend/internal/inference/cerebras_provider.go:1021.38,1024.3 2 0
nexus-backend/internal/inference/cerebras_provider.go:1027.2,1028.56 2 0
nexus-backend/internal/inference/cerebras_provider.go:1028.56,1030.3 1 0
nexus-backend/internal/inference/cerebras_provider.go:1033.2,1033.77 1 0
nexus-backend/internal/inference/cerebras_provider.go:1033.77,1036.3 2 0
nexus-backend/internal/inference/cerebras_provider.go:1039.2,1039.49 1 0
nexus-backend/internal/inference/context_manager.go:51.67,52.34 1 2
nexus-backend/internal/inference/context_manager.go:52.34,54.3 1 2
nexus-backend/internal/inference/context_manager.go:58.54,59.34 1 2
nexus-backend/internal/inference/context_manager.go:59.34,61.3 1 2
nexus-backend/internal/inference/context_manager.go:65.57,66.34 1 1
nexus-backend/internal/inference/context_manager.go:66.34,68.3 1 1
nexus-backend/internal/inference/context_manager.go:72.59,73.34 1 1
nexus-backend/internal/inference/context_manager.go:73.34,75.3 1 1
nexus-backend/internal/inference/context_manager.go:79.62,80.34 1 0
nexus-backend/internal/inference/context_manager.go:80.34,82.3 1 0
nexus-backend/internal/inference/context_manager.go:94.97,107.27 2 7
nexus-backend/internal/inference/context_manager.go:107.27,109.3 1 6
nexus-backend/internal/inference/context_manager.go:111.2,111.11 1 7
nexus-backend/internal/inference/context_manager.go:115.65,116.21 1 9
nexus-backend/internal/inference/context_manager.go:117.24,121.32 3 6
nexus-backend/internal/inference/context_manager.go:121.32,123.21 2 16
nexus-backend/internal/inference/context_manager.go:123.21,125.5 1 16
nexus-backend/internal/inference/context_manager.go:127.3,127.24 1 6
nexus-backend/internal/inference/context_manager.go:129.23,136.38 4 2
nexus-backend/internal/inference/context_manager.go:136.38,138.21 2 4
nexus-backend/internal/inference/context_manager.go:138.21,140.53 1 4
nexus-backend/internal/inference/context_manager.go:140.53,142.71 2 3
nexus-backend/internal/inference/context_manager.go:142.71,144.73 2 2
nexus-backend/internal/inference/context_manager.go:144.73,146.8 1 2
nexus-backend/internal/inference/context_manager.go:149.5,149.59 1 4
nexus-backend/internal/inference/context_manager.go:154.3,154.56 1 2
nexus-backend/internal/inference/context_manager.go:156.25,158.36 1 1
nexus-backend/internal/inference/context_manager.go:160.10,164.34 3 0
nexus-backend/internal/inference/context_manager.go:169.81,170.25 1 2
nexus-backend/internal/inference/context_manager.go:170.25,172.3 1 0
nexus-backend/internal/inference/context_manager.go:174.2,178.37 4 2
nexus-backend/internal/inference/context_manager.go:178.37,182.74 2 4
nexus-backend/internal/inference/context_manager.go:182.74,186.4 3 0
nexus-backend/internal/inference/context_manager.go:189.3,189.24 1 4
nexus-backend/internal/inference/context_manager.go:189.24,191.4 1 2
nexus-backend/internal/inference/context_manager.go:192.3,193.34 2 4
nexus-backend/internal/inference/context_manager.go:197.2,197.28 1 2
nexus-backend/internal/inference/context_manager.go:197.28,199.3 1 2
nexus-backend/internal/inference/context_manager.go:201.2,201.15 1 2
nexus-backend/internal/inference/context_manager.go:205.67,213.39 5 31
nexus-backend/internal/inference/context_manager.go:213.39,215.20 2 31
nexus-backend/internal/inference/context_manager.go:215.20,216.12 1 0
nexus-backend/internal/inference/context_manager.go:219.3,222.40 2 31
nexus-backend/internal/inference/context_manager.go:222.40,224.30 1 15
nexus-backend/internal/inference/context_manager.go:224.30,228.5 3 0
nexus-backend/internal/inference/context_manager.go:231.4,232.45 2 15
nexus-backend/internal/inference/context_manager.go:232.45,237.13 5 15
nexus-backend/internal/inference/context_manager.go:242.4,246.39 4 0
nexus-backend/internal/inference/context_manager.go:246.39,248.30 2 0
nexus-backend/internal/inference/context_manager.go:248.30,249.14 1 0
nexus-backend/internal/inference/context_manager.go:252.5,252.72 1 0
nexus-backend/internal/inference/context_manager.go:252.72,254.82 2 0
nexus-backend/internal/inference/context_manager.go:254.82,256.73 2 0
nexus-backend/internal/inference/context_manager.go:256.73,258.8 1 0
nexus-backend/internal/inference/context_manager.go:262.5,265.92 2 0
nexus-backend/internal/inference/context_manager.go:265.92,269.6 3 0
nexus-backend/internal/inference/context_manager.go:272.5,272.34 1 0
nexus-backend/internal/inference/context_manager.go:272.34,274.6 1 0
nexus-backend/internal/inference/context_manager.go:275.5,276.44 2 0
nexus-backend/internal/inference/context_manager.go:280.4,280.38 1 0
nexus-backend/internal/inference/context_manager.go:280.38,282.5 1 0
nexus-backend/internal/inference/context_manager.go:283.9,283.61 1 16
nexus-backend/internal/inference/context_manager.go:283.61,289.4 4 0
nexus-backend/internal/inference/context_manager.go:289.9,291.25 1 16
nexus-backend/internal/inference/context_manager.go:291.25,293.5 1 0
nexus-backend/internal/inference/context_manager.go:294.4,295.36 2 16
nexus-backend/internal/inference/context_manager.go:300.2,300.28 1 31
nexus-backend/internal/inference/context_manager.go:300.28,302.3 1 16
nexus-backend/internal/inference/context_manager.go:308.2,308.15 1 31
nexus-backend/internal/inference/context_manager.go:314.150,315.16 1 6
nexus-backend/internal/inference/context_manager.go:315.16,317.3 1 0
nexus-backend/internal/inference/context_manager.go:319.2,320.22 2 6
nexus-backend/internal/inference/context_manager.go:320.22,322.3 1 0
nexus-backend/internal/inference/context_manager.go:324.2,326.17 1 6
nexus-backend/internal/inference/context_manager.go:326.17,327.47 1 6
nexus-backend/internal/inference/context_manager.go:327.47,329.5 1 3
nexus-backend/internal/inference/context_manager.go:330.4,330.23 1 3
nexus-backend/internal/inference/context_manager.go:334.2,334.47 1 6
nexus-backend/internal/inference/context_manager.go:334.47,336.3 1 3
nexus-backend/internal/inference/context_manager.go:339.2,339.68 1 3
nexus-backend/internal/inference/context_manager.go:344.144,350.31 5 3
nexus-backend/internal/inference/context_manager.go:350.31,352.40 2 7
nexus-backend/internal/inference/context_manager.go:352.40,360.18 5 7
nexus-backend/internal/inference/context_manager.go:360.18,367.5 6 1
nexus-backend/internal/inference/context_manager.go:368.4,369.62 2 6
nexus-backend/internal/inference/context_manager.go:373.2,379.31 4 3
nexus-backend/internal/inference/context_manager.go:387.146,391.40 3 3
nexus-backend/internal/inference/context_manager.go:391.40,397.34 4 6
nexus-backend/internal/inference/context_manager.go:397.34,400.4 2 3
nexus-backend/internal/inference/context_manager.go:401.3,409.17 7 6
nexus-backend/internal/inference/context_manager.go:409.17,415.4 3 1
nexus-backend/internal/inference/context_manager.go:417.3,425.43 5 5
nexus-backend/internal/inference/context_manager.go:425.43,427.34 1 0
nexus-backend/internal/inference/context_manager.go:427.34,430.5 2 0
nexus-backend/internal/inference/context_manager.go:435.2,435.50 1 2
nexus-backend/internal/inference/context_manager.go:442.79,443.17 1 5
nexus-backend/internal/inference/context_manager.go:443.17,445.3 1 0
nexus-backend/internal/inference/context_manager.go:446.2,457.41 7 5
nexus-backend/internal/inference/context_manager.go:457.41,459.21 2 9
nexus-backend/internal/inference/context_manager.go:459.21,460.12 1 4
nexus-backend/internal/inference/context_manager.go:463.3,464.69 2 5
nexus-backend/internal/inference/context_manager.go:464.69,466.70 2 4
nexus-backend/internal/inference/context_manager.go:466.70,468.5 1 4
nexus-backend/internal/inference/context_manager.go:471.3,473.45 2 5
nexus-backend/internal/inference/context_manager.go:473.45,476.4 2 5
nexus-backend/internal/inference/context_manager.go:476.9,478.9 1 0
nexus-backend/internal/inference/context_manager.go:483.2,483.65 1 5
nexus-backend/internal/inference/context_manager.go:483.65,485.3 1 0
nexus-backend/internal/inference/context_manager.go:488.2,488.32 1 5
nexus-backend/internal/inference/context_manager.go:488.32,490.3 1 0
nexus-backend/internal/inference/context_manager.go:491.2,491.44 1 5
nexus-backend/internal/inference/context_manager.go:496.73,497.52 1 15
nexus-backend/internal/inference/context_manager.go:497.52,499.3 1 0
nexus-backend/internal/inference/context_manager.go:501.2,506.33 3 15
nexus-backend/internal/inference/context_manager.go:506.33,508.15 1 315
nexus-backend/internal/inference/context_manager.go:508.15,510.4 1 90
nexus-backend/internal/inference/context_manager.go:512.3,512.34 1 315
nexus-backend/internal/inference/context_manager.go:512.34,514.21 1 15
nexus-backend/internal/inference/context_manager.go:514.21,516.5 1 1
nexus-backend/internal/inference/context_manager.go:519.4,519.40 1 14
nexus-backend/internal/inference/context_manager.go:523.3,523.52 1 300
nexus-backend/internal/inference/context_manager.go:523.52,525.4 1 0
nexus-backend/internal/inference/context_manager.go:525.9,525.85 1 300
nexus-backend/internal/inference/context_manager.go:525.85,527.66 1 1
nexus-backend/internal/inference/context_manager.go:527.66,529.5 1 1
nexus-backend/internal/inference/context_manager.go:534.2,534.18 1 0
nexus-backend/internal/inference/context_manager.go:545.19,549.15 3 1
nexus-backend/internal/inference/context_manager.go:549.15,549.49 1 1
nexus-backend/internal/inference/context_manager.go:552.2,554.20 2 1
nexus-backend/internal/inference/context_manager.go:565.19,569.15 3 1
nexus-backend/internal/inference/context_manager.go:569.15,569.51 1 1
nexus-backend/internal/inference/context_manager.go:572.2,574.20 2 1
nexus-backend/internal/inference/context_manager.go:578.66,580.2 1 0
nexus-backend/internal/inference/context_manager.go:583.74,586.2 2 1
nexus-backend/internal/inference/context_manager.go:589.62,591.2 1 0
nexus-backend/internal/inference/context_manager.go:594.66,597.2 2 2
nexus-backend/internal/inference/context_manager.go:600.53,603.2 2 0
nexus-backend/internal/inference/context_manager.go:606.56,609.2 2 0
nexus-backend/internal/inference/context_manager.go:618.24,619.11 1 14
nexus-backend/internal/inference/context_manager.go:619.11,621.3 1 14
nexus-backend/internal/inference/context_manager.go:622.2,622.10 1 0
nexus-backend/internal/inference/context_manager.go:626.24,627.11 1 14
nexus-backend/internal/inference/context_manager.go:627.11,629.3 1 0
nexus-backend/internal/inference/context_manager.go:630.2,630.10 1 14
nexus-backend/internal/inference/conversation_memory.go:32.73,37.2 1 0
nexus-backend/internal/inference/conversation_memory.go:40.76,45.2 4 0
nexus-backend/internal/inference/conversation_memory.go:49.113,57.21 6 0
nexus-backend/internal/inference/conversation_memory.go:57.21,59.3 1 0
nexus-backend/internal/inference/conversation_memory.go:61.2,61.44 1 0
nexus-backend/internal/inference/conversation_memory.go:61.44,65.43 3 0
nexus-backend/internal/inference/conversation_memory.go:65.43,69.4 2 0
nexus-backend/internal/inference/conversation_memory.go:69.9,72.9 2 0
nexus-backend/internal/inference/conversation_memory.go:75.2,75.24 1 0
nexus-backend/internal/inference/conversation_memory.go:79.38,84.2 4 0
nexus-backend/internal/inference/conversation_memory.go:87.71,94.2 5 0
nexus-backend/internal/inference/deepseek_provider.go:71.13,75.2 3 1
nexus-backend/internal/inference/deepseek_provider.go:78.99,90.26 3 0
nexus-backend/internal/inference/deepseek_provider.go:90.26,93.21 2 0
nexus-backend/internal/inference/deepseek_provider.go:93.21,96.4 2 0
nexus-backend/internal/inference/deepseek_provider.go:96.9,100.4 2 0
nexus-backend/internal/inference/deepseek_provider.go:103.2,103.33 1 0
nexus-backend/internal/inference/deepseek_provider.go:103.33,105.3 1 0
nexus-backend/internal/inference/deepseek_provider.go:106.2,107.17 2 0
nexus-backend/internal/inference/deepseek_provider.go:111.42,113.2 1 0
nexus-backend/internal/inference/deepseek_provider.go:116.46,118.64 1 0
nexus-backend/internal/inference/deepseek_provider.go:118.64,121.3 2 0
nexus-backend/internal/inference/deepseek_provider.go:123.2,123.55 1 0
nexus-backend/internal/inference/deepseek_provider.go:127.56,136.20 4 0
nexus-backend/internal/inference/deepseek_provider.go:136.20,138.3 1 0
nexus-backend/internal/inference/deepseek_provider.go:138.8,140.3 1 0
nexus-backend/internal/inference/deepseek_provider.go:141.2,141.35 1 0
nexus-backend/internal/inference/deepseek_provider.go:141.35,143.3 1 0
nexus-backend/internal/inference/deepseek_provider.go:144.2,144.16 1 0
nexus-backend/internal/inference/deepseek_provider.go:148.88,151.2 1 0
nexus-backend/internal/inference/deepseek_provider.go:154.78,157.2 1 0
nexus-backend/internal/inference/deepseek_provider.go:160.65,163.2 1 0
nexus-backend/internal/inference/deepseek_provider.go:166.106,188.55 10 0
nexus-backend/internal/inference/deepseek_provider.go:188.55,190.3 1 0
nexus-backend/internal/inference/deepseek_provider.go:191.2,191.44 1 0
nexus-backend/internal/inference/deepseek_provider.go:191.44,192.29 1 0
nexus-backend/internal/inference/deepseek_provider.go:193.12,194.14 1 0
nexus-backend/internal/inference/deepseek_provider.go:194.14,196.5 1 0
nexus-backend/internal/inference/deepseek_provider.go:197.16,198.14 1 0
nexus-backend/internal/inference/deepseek_provider.go:198.14,200.5 1 0
nexus-backend/internal/inference/deepseek_provider.go:203.2,203.54 1 0
nexus-backend/internal/inference/deepseek_provider.go:203.54,205.3 1 0
nexus-backend/internal/inference/deepseek_provider.go:206.2,206.48 1 0
nexus-backend/internal/inference/deepseek_provider.go:206.48,208.3 1 0
nexus-backend/internal/inference/deepseek_provider.go:209.2,209.37 1 0
nexus-backend/internal/inference/deepseek_provider.go:209.37,210.27 1 0
nexus-backend/internal/inference/deepseek_provider.go:211.12,213.22 2 0
nexus-backend/internal/inference/deepseek_provider.go:214.14,215.17 1 0
nexus-backend/internal/inference/deepseek_provider.go:216.16,218.22 2 0
nexus-backend/internal/inference/deepseek_provider.go:221.2,221.51 1 0
nexus-backend/internal/inference/deepseek_provider.go:221.51,223.3 1 0
nexus-backend/internal/inference/deepseek_provider.go:226.2,226.57 1 0
nexus-backend/internal/inference/deepseek_provider.go:226.57,228.17 2 0
nexus-backend/internal/inference/deepseek_provider.go:228.17,230.4 1 0
nexus-backend/internal/inference/deepseek_provider.go:231.3,231.23 1 0
nexus-backend/internal/inference/deepseek_provider.go:233.2,233.53 1 0
nexus-backend/internal/inference/deepseek_provider.go:233.53,235.43 2 0
nexus-backend/internal/inference/deepseek_provider.go:235.43,237.4 1 0
nexus-backend/internal/inference/deepseek_provider.go:237.9,240.4 2 0
nexus-backend/internal/inference/deepseek_provider.go:244.2,244.58 1 0
nexus-backend/internal/inference/deepseek_provider.go:244.58,246.3 1 0
nexus-backend/internal/inference/deepseek_provider.go:249.2,249.75 1 0
nexus-backend/internal/inference/deepseek_provider.go:249.75,270.3 1 0
nexus-backend/internal/inference/deepseek_provider.go:270.8,270.53 1 0
nexus-backend/internal/inference/deepseek_provider.go:270.53,272.3 1 0
nexus-backend/internal/inference/deepseek_provider.go:274.2,275.18 2 0
nexus-backend/internal/inference/deepseek_provider.go:275.18,277.3 1 0
nexus-backend/internal/inference/deepseek_provider.go:279.2,279.26 1 0
nexus-backend/internal/inference/deepseek_provider.go:283.136,284.29 1 0
nexus-backend/internal/inference/deepseek_provider.go:284.29,286.3 1 0
nexus-backend/internal/inference/deepseek_provider.go:288.2,289.46 2 0
nexus-backend/internal/inference/deepseek_provider.go:289.46,291.3 1 0
nexus-backend/internal/inference/deepseek_provider.go:291.8,294.23 3 0
nexus-backend/internal/inference/deepseek_provider.go:294.23,296.4 1 0
nexus-backend/internal/inference/deepseek_provider.go:299.2,299.20 1 0
nexus-backend/internal/inference/deepseek_provider.go:299.20,301.3 1 0
nexus-backend/internal/inference/deepseek_provider.go:302.2,304.42 2 0
nexus-backend/internal/inference/deepseek_provider.go:308.141,329.55 10 0
nexus-backend/internal/inference/deepseek_provider.go:329.55,331.3 1 0
nexus-backend/internal/inference/deepseek_provider.go:332.2,332.44 1 0
nexus-backend/internal/inference/deepseek_provider.go:332.44,333.29 1 0
nexus-backend/internal/inference/deepseek_provider.go:334.12,335.14 1 0
nexus-backend/internal/inference/deepseek_provider.go:335.14,337.5 1 0
nexus-backend/internal/inference/deepseek_provider.go:338.16,339.14 1 0
nexus-backend/internal/inference/deepseek_provider.go:339.14,341.5 1 0
nexus-backend/internal/inference/deepseek_provider.go:344.2,344.54 1 0
nexus-backend/internal/inference/deepseek_provider.go:344.54,346.3 1 0
nexus-backend/internal/inference/deepseek_provider.go:347.2,347.48 1 0
nexus-backend/internal/inference/deepseek_provider.go:347.48,349.3 1 0
nexus-backend/internal/inference/deepseek_provider.go:350.2,350.37 1 0
nexus-backend/internal/inference/deepseek_provider.go:350.37,351.27 1 0
nexus-backend/internal/inference/deepseek_provider.go:352.12,354.22 2 0
nexus-backend/internal/inference/deepseek_provider.go:355.14,356.17 1 0
nexus-backend/internal/inference/deepseek_provider.go:357.16,359.22 2 0
nexus-backend/internal/inference/deepseek_provider.go:362.2,362.51 1 0
nexus-backend/internal/inference/deepseek_provider.go:362.51,364.3 1 0
nexus-backend/internal/inference/deepseek_provider.go:365.2,365.57 1 0
nexus-backend/internal/inference/deepseek_provider.go:365.57,367.17 2 0
nexus-backend/internal/inference/deepseek_provider.go:367.17,369.4 1 0
nexus-backend/internal/inference/deepseek_provider.go:371.2,371.53 1 0
nexus-backend/internal/inference/deepseek_provider.go:371.53,373.43 2 0
nexus-backend/internal/inference/deepseek_provider.go:373.43,375.4 1 0
nexus-backend/internal/inference/deepseek_provider.go:375.9,377.4 1 0
nexus-backend/internal/inference/deepseek_provider.go:379.2,379.58 1 0
nexus-backend/internal/inference/deepseek_provider.go:379.58,381.3 1 0
nexus-backend/internal/inference/deepseek_provider.go:382.2,382.75 1 0
nexus-backend/internal/inference/deepseek_provider.go:382.75,401.3 1 0
nexus-backend/internal/inference/deepseek_provider.go:401.8,401.53 1 0
nexus-backend/internal/inference/deepseek_provider.go:401.53,403.3 1 0
nexus-backend/internal/inference/deepseek_provider.go:405.2,406.18 2 0
nexus-backend/internal/inference/deepseek_provider.go:406.18,408.3 1 0
nexus-backend/internal/inference/deepseek_provider.go:410.2,410.26 1 0
nexus-backend/internal/inference/deepseek_provider.go:414.71,417.2 1 0
nexus-backend/internal/inference/deepseek_provider.go:420.76,423.27 3 0
nexus-backend/internal/inference/deepseek_provider.go:423.27,425.3 1 0
nexus-backend/internal/inference/deepseek_provider.go:426.2,426.33 1 0
nexus-backend/internal/inference/deepseek_provider.go:426.33,428.3 1 0
nexus-backend/internal/inference/deepseek_provider.go:429.2,429.73 1 0
nexus-backend/internal/inference/deepseek_provider.go:433.77,436.2 1 0
nexus-backend/internal/inference/deepseek_provider.go:439.54,441.2 1 0
nexus-backend/internal/inference/deepseek_provider.go:444.66,448.16 3 0
nexus-backend/internal/inference/deepseek_provider.go:448.16,450.3 1 0
nexus-backend/internal/inference/deepseek_provider.go:453.2,454.24 2 0
nexus-backend/internal/inference/deepseek_provider.go:454.24,455.46 1 0
nexus-backend/internal/inference/deepseek_provider.go:455.46,457.4 1 0
nexus-backend/internal/inference/deepseek_provider.go:461.2,461.44 1 0
nexus-backend/internal/inference/deepseek_provider.go:461.44,463.3 1 0
nexus-backend/internal/inference/deepseek_provider.go:466.2,466.70 1 0
nexus-backend/internal/inference/deepseek_provider.go:466.70,468.3 1 0
nexus-backend/internal/inference/deepseek_provider.go:469.2,469.68 1 0
nexus-backend/internal/inference/deepseek_provider.go:469.68,471.3 1 0
nexus-backend/internal/inference/deepseek_provider.go:472.2,472.49 1 0
nexus-backend/internal/inference/deepseek_provider.go:472.49,474.3 1 0
nexus-backend/internal/inference/deepseek_provider.go:475.2,475.35 1 0
nexus-backend/internal/inference/deepseek_provider.go:475.35,477.3 1 0
nexus-backend/internal/inference/deepseek_provider.go:478.2,478.38 1 0
nexus-backend/internal/inference/deepseek_provider.go:478.38,480.3 1 0
nexus-backend/internal/inference/deepseek_provider.go:482.2,482.95 1 0
nexus-backend/internal/inference/deepseek_provider.go:486.77,488.13 1 0
nexus-backend/internal/inference/deepseek_provider.go:489.17,490.34 1 0
nexus-backend/internal/inference/deepseek_provider.go:490.34,492.4 1 0
nexus-backend/internal/inference/deepseek_provider.go:493.15,494.34 1 0
nexus-backend/internal/inference/deepseek_provider.go:494.34,496.4 1 0
nexus-backend/internal/inference/deepseek_provider.go:497.20,498.28 1 0
nexus-backend/internal/inference/deepseek_provider.go:499.12,500.13 1 0
nexus-backend/internal/inference/deepseek_provider.go:500.13,502.5 1 0
nexus-backend/internal/inference/deepseek_provider.go:503.16,504.13 1 0
nexus-backend/internal/inference/deepseek_provider.go:504.13,506.5 1 0
nexus-backend/internal/inference/deepseek_provider.go:508.21,509.35 1 0
nexus-backend/internal/inference/deepseek_provider.go:509.35,511.4 1 0
nexus-backend/internal/inference/deepseek_provider.go:512.15,513.35 1 0
nexus-backend/internal/inference/deepseek_provider.go:513.35,515.4 1 0
nexus-backend/internal/inference/deepseek_provider.go:516.14,517.28 1 0
nexus-backend/internal/inference/deepseek_provider.go:518.12,520.21 2 0
nexus-backend/internal/inference/deepseek_provider.go:521.14,522.15 1 0
nexus-backend/internal/inference/deepseek_provider.go:523.16,525.21 2 0
nexus-backend/internal/inference/deepseek_provider.go:527.10,528.84 1 0
nexus-backend/internal/inference/deepseek_provider.go:533.69,538.2 4 0
nexus-backend/internal/inference/deepseek_provider.go:541.59,544.19 3 0
nexus-backend/internal/inference/deepseek_provider.go:544.19,547.3 2 0
nexus-backend/internal/inference/deepseek_provider.go:551.53,553.2 1 0
nexus-backend/internal/inference/deepseek_provider.go:556.112,557.20 1 0
nexus-backend/internal/inference/deepseek_provider.go:557.20,559.3 1 0
nexus-backend/internal/inference/deepseek_provider.go:560.2,561.42 2 0
nexus-backend/internal/inference/deepseek_provider.go:565.78,568.2 1 0
nexus-backend/internal/inference/delegator_service.go:36.192,37.61 1 0
nexus-backend/internal/inference/delegator_service.go:37.61,40.3 2 0
nexus-backend/internal/inference/delegator_service.go:41.2,41.24 1 0
nexus-backend/internal/inference/delegator_service.go:41.24,43.3 1 0
nexus-backend/internal/inference/delegator_service.go:44.2,44.23 1 0
nexus-backend/internal/inference/delegator_service.go:44.23,46.3 1 0
nexus-backend/internal/inference/delegator_service.go:47.2,55.3 1 0
nexus-backend/internal/inference/delegator_service.go:61.68,62.9 1 55
nexus-backend/internal/inference/delegator_service.go:63.76,64.42 1 55
nexus-backend/internal/inference/delegator_service.go:65.43,67.44 1 0
nexus-backend/internal/inference/delegator_service.go:68.41,70.44 1 0
nexus-backend/internal/inference/delegator_service.go:71.10,74.17 2 0
nexus-backend/internal/inference/delegator_service.go:74.17,77.4 2 0
nexus-backend/internal/inference/delegator_service.go:78.3,78.92 1 0
nexus-backend/internal/inference/delegator_service.go:83.55,86.16 2 55
nexus-backend/internal/inference/delegator_service.go:86.16,89.3 2 55
nexus-backend/internal/inference/delegator_service.go:92.2,93.31 2 0
nexus-backend/internal/inference/delegator_service.go:97.82,99.31 2 0
nexus-backend/internal/inference/delegator_service.go:99.31,101.3 1 0
nexus-backend/internal/inference/delegator_service.go:103.2,103.36 1 0
nexus-backend/internal/inference/delegator_service.go:108.74,110.31 2 0
nexus-backend/internal/inference/delegator_service.go:110.31,115.3 1 0
nexus-backend/internal/inference/delegator_service.go:117.2,117.51 1 0
nexus-backend/internal/inference/delegator_service.go:122.66,123.16 1 0
nexus-backend/internal/inference/delegator_service.go:123.16,125.3 1 0
nexus-backend/internal/inference/delegator_service.go:126.2,130.100 3 0
nexus-backend/internal/inference/delegator_service.go:130.100,133.3 2 0
nexus-backend/internal/inference/delegator_service.go:142.2,142.136 1 0
nexus-backend/internal/inference/delegator_service.go:142.136,145.3 2 0
nexus-backend/internal/inference/delegator_service.go:151.2,152.13 2 0
nexus-backend/internal/inference/delegator_service.go:156.194,157.65 1 0
nexus-backend/internal/inference/delegator_service.go:157.65,159.3 1 0
nexus-backend/internal/inference/delegator_service.go:160.2,160.24 1 0
nexus-backend/internal/inference/delegator_service.go:160.24,162.3 1 0
nexus-backend/internal/inference/delegator_service.go:165.2,170.72 3 0
nexus-backend/internal/inference/delegator_service.go:170.72,183.22 9 0
nexus-backend/internal/inference/delegator_service.go:183.22,187.4 3 0
nexus-backend/internal/inference/delegator_service.go:188.3,188.202 1 0
nexus-backend/internal/inference/delegator_service.go:193.2,196.28 3 0
nexus-backend/internal/inference/delegator_service.go:196.28,199.76 3 0
nexus-backend/internal/inference/delegator_service.go:199.76,200.45 1 0
nexus-backend/internal/inference/delegator_service.go:200.45,203.10 3 0
nexus-backend/internal/inference/delegator_service.go:206.3,206.13 1 0
nexus-backend/internal/inference/delegator_service.go:206.13,208.4 1 0
nexus-backend/internal/inference/delegator_service.go:209.8,211.3 1 0
nexus-backend/internal/inference/delegator_service.go:214.2,220.43 5 0
nexus-backend/internal/inference/delegator_service.go:220.43,221.44 1 0
nexus-backend/internal/inference/delegator_service.go:221.44,222.9 1 0
nexus-backend/internal/inference/delegator_service.go:225.3,226.30 2 0
nexus-backend/internal/inference/delegator_service.go:226.30,227.20 1 0
nexus-backend/internal/inference/delegator_service.go:227.20,230.5 2 0
nexus-backend/internal/inference/delegator_service.go:230.10,230.85 1 0
nexus-backend/internal/inference/delegator_service.go:230.85,234.5 3 0
nexus-backend/internal/inference/delegator_service.go:234.10,234.47 1 0
nexus-backend/internal/inference/delegator_service.go:234.47,236.10 2 0
nexus-backend/internal/inference/delegator_service.go:238.9,238.26 1 0
nexus-backend/internal/inference/delegator_service.go:238.26,239.9 1 0
nexus-backend/internal/inference/delegator_service.go:242.3,242.46 1 0
nexus-backend/internal/inference/delegator_service.go:242.46,248.29 4 0
nexus-backend/internal/inference/delegator_service.go:248.29,250.5 1 0
nexus-backend/internal/inference/delegator_service.go:251.4,254.18 3 0
nexus-backend/internal/inference/delegator_service.go:254.18,258.5 3 0
nexus-backend/internal/inference/delegator_service.go:261.4,269.49 5 0
nexus-backend/internal/inference/delegator_service.go:269.49,274.27 3 0
nexus-backend/internal/inference/delegator_service.go:274.27,282.25 5 0
nexus-backend/internal/inference/delegator_service.go:282.25,286.7 3 0
nexus-backend/internal/inference/delegator_service.go:287.6,287.160 1 0
nexus-backend/internal/inference/delegator_service.go:293.4,293.105 1 0
nexus-backend/internal/inference/delegator_service.go:297.3,297.66 1 0
nexus-backend/internal/inference/delegator_service.go:297.66,299.12 1 0
nexus-backend/internal/inference/delegator_service.go:300.9,302.9 1 0
nexus-backend/internal/inference/delegator_service.go:307.2,308.22 2 0
nexus-backend/internal/inference/delegator_service.go:308.22,310.3 1 0
nexus-backend/internal/inference/delegator_service.go:316.2,319.47 3 0
nexus-backend/internal/inference/delegator_service.go:319.47,324.46 3 0
nexus-backend/internal/inference/delegator_service.go:324.46,326.31 1 0
nexus-backend/internal/inference/delegator_service.go:326.31,329.10 3 0
nexus-backend/internal/inference/delegator_service.go:334.3,334.25 1 0
nexus-backend/internal/inference/delegator_service.go:334.25,343.47 4 0
nexus-backend/internal/inference/delegator_service.go:343.47,344.40 1 0
nexus-backend/internal/inference/delegator_service.go:344.40,346.11 2 0
nexus-backend/internal/inference/delegator_service.go:350.4,350.33 1 0
nexus-backend/internal/inference/delegator_service.go:350.33,351.47 1 0
nexus-backend/internal/inference/delegator_service.go:351.47,352.41 1 0
nexus-backend/internal/inference/delegator_service.go:352.41,354.12 2 0
nexus-backend/internal/inference/delegator_service.go:358.4,360.23 3 0
nexus-backend/internal/inference/delegator_service.go:360.23,365.5 3 0
nexus-backend/internal/inference/delegator_service.go:366.4,368.159 2 0
nexus-backend/internal/inference/delegator_service.go:370.3,370.144 1 0
nexus-backend/internal/inference/delegator_service.go:375.2,375.97 1 0
nexus-backend/internal/inference/delegator_service.go:382.141,393.21 5 0
nexus-backend/internal/inference/delegator_service.go:393.21,395.3 1 0
nexus-backend/internal/inference/delegator_service.go:396.2,398.50 2 0
nexus-backend/internal/inference/delegator_service.go:398.50,402.3 2 0
nexus-backend/internal/inference/delegator_service.go:402.8,405.35 2 0
nexus-backend/internal/inference/delegator_service.go:405.35,410.4 2 0
nexus-backend/internal/inference/delegator_service.go:414.2,414.100 1 0
nexus-backend/internal/inference/delegator_service.go:419.100,429.18 3 0
nexus-backend/internal/inference/delegator_service.go:429.18,432.17 3 0
nexus-backend/internal/inference/delegator_service.go:432.17,438.4 2 0
nexus-backend/internal/inference/delegator_service.go:438.9,447.4 3 0
nexus-backend/internal/inference/delegator_service.go:451.2,466.16 4 0
nexus-backend/internal/inference/delegator_service.go:466.16,468.3 1 0
nexus-backend/internal/inference/delegator_service.go:471.2,471.26 1 0
nexus-backend/internal/inference/delegator_service.go:476.107,482.18 4 0
nexus-backend/internal/inference/delegator_service.go:482.18,489.17 4 0
nexus-backend/internal/inference/delegator_service.go:489.17,492.4 1 0
nexus-backend/internal/inference/delegator_service.go:496.2,496.27 1 0
nexus-backend/internal/inference/delegator_service.go:496.27,498.19 1 0
nexus-backend/internal/inference/delegator_service.go:498.19,500.4 1 0
nexus-backend/internal/inference/delegator_service.go:502.3,505.35 3 0
nexus-backend/internal/inference/delegator_service.go:505.35,507.4 1 0
nexus-backend/internal/inference/delegator_service.go:508.3,508.109 1 0
nexus-backend/internal/inference/delegator_service.go:512.2,512.16 1 0
nexus-backend/internal/inference/delegator_service.go:512.16,514.3 1 0
nexus-backend/internal/inference/delegator_service.go:514.8,514.50 1 0
nexus-backend/internal/inference/delegator_service.go:514.50,516.3 1 0
nexus-backend/internal/inference/delegator_service.go:517.2,525.18 5 0
nexus-backend/internal/inference/delegator_service.go:525.18,532.17 4 0
nexus-backend/internal/inference/delegator_service.go:532.17,535.4 1 0
nexus-backend/internal/inference/delegator_service.go:539.2,539.25 1 0
nexus-backend/internal/inference/delegator_service.go:539.25,541.19 1 0
nexus-backend/internal/inference/delegator_service.go:541.19,543.4 1 0
nexus-backend/internal/inference/delegator_service.go:545.3,548.35 3 0
nexus-backend/internal/inference/delegator_service.go:548.35,550.4 1 0
nexus-backend/internal/inference/delegator_service.go:551.3,551.107 1 0
nexus-backend/internal/inference/delegator_service.go:555.2,555.16 1 0
nexus-backend/internal/inference/delegator_service.go:555.16,557.3 1 0
nexus-backend/internal/inference/delegator_service.go:557.8,557.48 1 0
nexus-backend/internal/inference/delegator_service.go:557.48,559.3 1 0
nexus-backend/internal/inference/delegator_service.go:560.2,562.27 2 0
nexus-backend/internal/inference/delegator_service.go:567.121,583.18 6 0
nexus-backend/internal/inference/delegator_service.go:583.18,586.17 3 0
nexus-backend/internal/inference/delegator_service.go:586.17,589.4 1 0
nexus-backend/internal/inference/delegator_service.go:591.3,591.17 1 0
nexus-backend/internal/inference/delegator_service.go:591.17,593.4 1 0
nexus-backend/internal/inference/delegator_service.go:597.2,597.20 1 0
nexus-backend/internal/inference/delegator_service.go:597.20,601.35 3 0
nexus-backend/internal/inference/delegator_service.go:601.35,603.4 1 0
nexus-backend/internal/inference/delegator_service.go:604.3,604.100 1 0
nexus-backend/internal/inference/delegator_service.go:609.2,609.16 1 0
nexus-backend/internal/inference/delegator_service.go:609.16,613.3 1 0
nexus-backend/internal/inference/delegator_service.go:615.2,618.22 2 0
nexus-backend/internal/inference/delegator_service.go:622.62,625.24 1 0
nexus-backend/internal/inference/delegator_service.go:625.24,627.3 1 0
nexus-backend/internal/inference/delegator_service.go:628.2,629.65 2 0
nexus-backend/internal/inference/delegator_service.go:633.42,634.21 1 0
nexus-backend/internal/inference/delegator_service.go:634.21,636.3 1 0
nexus-backend/internal/inference/fine_tuning_manager.go:158.96,181.2 3 0
nexus-backend/internal/inference/fine_tuning_manager.go:184.44,188.18 3 0
nexus-backend/internal/inference/fine_tuning_manager.go:188.18,190.3 1 0
nexus-backend/internal/inference/fine_tuning_manager.go:193.2,196.32 2 0
nexus-backend/internal/inference/fine_tuning_manager.go:196.32,198.3 1 0
nexus-backend/internal/inference/fine_tuning_manager.go:200.2,203.12 3 0
nexus-backend/internal/inference/fine_tuning_manager.go:207.43,211.19 3 0
nexus-backend/internal/inference/fine_tuning_manager.go:211.19,213.3 1 0
nexus-backend/internal/inference/fine_tuning_manager.go:216.2,216.36 1 0
nexus-backend/internal/inference/fine_tuning_manager.go:216.36,217.34 1 0
nexus-backend/internal/inference/fine_tuning_manager.go:217.34,219.4 1 0
nexus-backend/internal/inference/fine_tuning_manager.go:223.2,228.12 4 0
nexus-backend/internal/inference/fine_tuning_manager.go:232.145,236.19 3 0
nexus-backend/internal/inference/fine_tuning_manager.go:236.19,238.3 1 0
nexus-backend/internal/inference/fine_tuning_manager.go:241.2,242.13 2 0
nexus-backend/internal/inference/fine_tuning_manager.go:242.13,244.3 1 0
nexus-backend/internal/inference/fine_tuning_manager.go:247.2,248.36 2 0
nexus-backend/internal/inference/fine_tuning_manager.go:248.36,249.34 1 0
nexus-backend/internal/inference/fine_tuning_manager.go:249.34,251.4 1 0
nexus-backend/internal/inference/fine_tuning_manager.go:254.2,254.48 1 0
nexus-backend/internal/inference/fine_tuning_manager.go:254.48,256.3 1 0
nexus-backend/internal/inference/fine_tuning_manager.go:259.2,283.17 5 0
nexus-backend/internal/inference/fine_tuning_manager.go:287.148,313.2 7 0
nexus-backend/internal/inference/fine_tuning_manager.go:316.85,321.13 4 0
nexus-backend/internal/inference/fine_tuning_manager.go:321.13,323.3 1 0
nexus-backend/internal/inference/fine_tuning_manager.go:326.2,327.22 2 0
nexus-backend/internal/inference/fine_tuning_manager.go:331.68,336.36 4 0
nexus-backend/internal/inference/fine_tuning_manager.go:336.36,339.3 2 0
nexus-backend/internal/inference/fine_tuning_manager.go:341.2,341.13 1 0
nexus-backend/internal/inference/fine_tuning_manager.go:345.70,350.13 4 0
nexus-backend/internal/inference/fine_tuning_manager.go:350.13,352.3 1 0
nexus-backend/internal/inference/fine_tuning_manager.go:354.2,354.33 1 0
nexus-backend/internal/inference/fine_tuning_manager.go:354.33,360.3 4 0
nexus-backend/internal/inference/fine_tuning_manager.go:362.2,362.12 1 0
nexus-backend/internal/inference/fine_tuning_manager.go:366.97,382.46 5 0
nexus-backend/internal/inference/fine_tuning_manager.go:382.46,383.10 1 0
nexus-backend/internal/inference/fine_tuning_manager.go:384.24,385.10 1 0
nexus-backend/internal/inference/fine_tuning_manager.go:386.11,386.11 0 0
nexus-backend/internal/inference/fine_tuning_manager.go:390.3,391.36 2 0
nexus-backend/internal/inference/fine_tuning_manager.go:391.36,394.4 2 0
nexus-backend/internal/inference/fine_tuning_manager.go:395.3,415.27 12 0
nexus-backend/internal/inference/fine_tuning_manager.go:415.27,427.4 1 0
nexus-backend/internal/inference/fine_tuning_manager.go:429.3,430.46 1 0
nexus-backend/internal/inference/fine_tuning_manager.go:434.2,444.84 8 0
nexus-backend/internal/inference/fine_tuning_manager.go:448.69,467.59 3 0
nexus-backend/internal/inference/fine_tuning_manager.go:467.59,469.3 1 0
nexus-backend/internal/inference/fine_tuning_manager.go:470.2,473.98 3 0
nexus-backend/internal/inference/fine_tuning_manager.go:477.71,497.2 8 0
nexus-backend/internal/inference/fine_tuning_manager.go:500.50,504.6 3 0
nexus-backend/internal/inference/fine_tuning_manager.go:504.6,505.10 1 0
nexus-backend/internal/inference/fine_tuning_manager.go:506.24,507.10 1 0
nexus-backend/internal/inference/fine_tuning_manager.go:508.19,509.20 1 0
nexus-backend/internal/inference/fine_tuning_manager.go:515.44,519.36 3 0
nexus-backend/internal/inference/fine_tuning_manager.go:519.36,520.34 1 0
nexus-backend/internal/inference/fine_tuning_manager.go:520.34,522.61 1 0
nexus-backend/internal/inference/fine_tuning_manager.go:522.61,529.5 5 0
nexus-backend/internal/inference/fine_tuning_manager.go:535.47,539.6 3 0
nexus-backend/internal/inference/fine_tuning_manager.go:539.6,540.10 1 0
nexus-backend/internal/inference/fine_tuning_manager.go:541.24,542.10 1 0
nexus-backend/internal/inference/fine_tuning_manager.go:543.19,544.26 1 0
nexus-backend/internal/inference/fine_tuning_manager.go:550.50,561.26 2 0
nexus-backend/internal/inference/fine_tuning_manager.go:561.26,571.3 1 0
nexus-backend/internal/inference/fine_tuning_manager.go:575.107,576.40 1 0
nexus-backend/internal/inference/fine_tuning_manager.go:576.40,577.34 1 0
nexus-backend/internal/inference/fine_tuning_manager.go:577.34,579.4 1 0
nexus-backend/internal/inference/fine_tuning_manager.go:580.3,580.40 1 0
nexus-backend/internal/inference/fine_tuning_manager.go:580.40,582.4 1 0
nexus-backend/internal/inference/fine_tuning_manager.go:584.2,584.21 1 0
nexus-backend/internal/inference/fine_tuning_manager.go:587.117,588.40 1 0
nexus-backend/internal/inference/fine_tuning_manager.go:588.40,589.40 1 0
nexus-backend/internal/inference/fine_tuning_manager.go:589.40,591.4 1 0
nexus-backend/internal/inference/fine_tuning_manager.go:592.3,592.34 1 0
nexus-backend/internal/inference/fine_tuning_manager.go:592.34,594.4 1 0
nexus-backend/internal/inference/fine_tuning_manager.go:596.2,596.21 1 0
nexus-backend/internal/inference/fine_tuning_manager.go:599.116,600.40 1 0
nexus-backend/internal/inference/fine_tuning_manager.go:600.40,601.37 1 0
nexus-backend/internal/inference/fine_tuning_manager.go:601.37,603.4 1 0
nexus-backend/internal/inference/fine_tuning_manager.go:605.2,605.21 1 0
nexus-backend/internal/inference/fine_tuning_manager.go:608.92,610.43 2 0
nexus-backend/internal/inference/fine_tuning_manager.go:610.43,611.54 1 0
nexus-backend/internal/inference/fine_tuning_manager.go:611.54,612.30 1 0
nexus-backend/internal/inference/fine_tuning_manager.go:612.30,613.37 1 0
nexus-backend/internal/inference/fine_tuning_manager.go:613.37,615.6 1 0
nexus-backend/internal/inference/fine_tuning_manager.go:619.2,619.13 1 0
nexus-backend/internal/inference/fine_tuning_manager.go:623.93,628.13 4 0
nexus-backend/internal/inference/fine_tuning_manager.go:628.13,630.3 1 0
nexus-backend/internal/inference/fine_tuning_manager.go:633.2,634.26 2 0
nexus-backend/internal/inference/fine_tuning_manager.go:638.72,643.46 4 0
nexus-backend/internal/inference/fine_tuning_manager.go:643.46,646.3 2 0
nexus-backend/internal/inference/fine_tuning_manager.go:648.2,648.17 1 0
nexus-backend/internal/inference/fine_tuning_manager.go:652.90,657.13 4 0
nexus-backend/internal/inference/fine_tuning_manager.go:657.13,659.3 1 0
nexus-backend/internal/inference/fine_tuning_manager.go:662.2,663.35 2 0
nexus-backend/internal/inference/fine_tuning_manager.go:663.35,666.3 2 0
nexus-backend/internal/inference/fine_tuning_manager.go:668.2,668.27 1 0
nexus-backend/internal/inference/fine_tuning_manager.go:672.86,677.13 4 0
nexus-backend/internal/inference/fine_tuning_manager.go:677.13,679.3 1 0
nexus-backend/internal/inference/fine_tuning_manager.go:682.2,682.35 1 0
nexus-backend/internal/inference/fine_tuning_manager.go:682.35,684.3 1 0
nexus-backend/internal/inference/fine_tuning_manager.go:687.2,687.35 1 0
nexus-backend/internal/inference/fine_tuning_manager.go:687.35,688.30 1 0
nexus-backend/internal/inference/fine_tuning_manager.go:688.30,692.4 3 0
nexus-backend/internal/inference/fine_tuning_manager.go:695.2,695.78 1 0
nexus-backend/internal/inference/fine_tuning_manager.go:699.93,704.13 4 0
nexus-backend/internal/inference/fine_tuning_manager.go:704.13,706.3 1 0
nexus-backend/internal/inference/fine_tuning_manager.go:708.2,708.35 1 0
nexus-backend/internal/inference/fine_tuning_manager.go:708.35,709.23 1 0
nexus-backend/internal/inference/fine_tuning_manager.go:709.23,712.4 2 0
nexus-backend/internal/inference/fine_tuning_manager.go:715.2,715.75 1 0
nexus-backend/internal/inference/gemini_provider.go:62.13,65.2 2 1
nexus-backend/internal/inference/gemini_provider.go:92.97,109.26 3 0
nexus-backend/internal/inference/gemini_provider.go:109.26,112.21 2 0
nexus-backend/internal/inference/gemini_provider.go:112.21,115.4 2 0
nexus-backend/internal/inference/gemini_provider.go:115.9,119.4 2 0
nexus-backend/internal/inference/gemini_provider.go:123.2,123.33 1 0
nexus-backend/internal/inference/gemini_provider.go:123.33,125.3 1 0
nexus-backend/internal/inference/gemini_provider.go:128.2,129.23 2 0
nexus-backend/internal/inference/gemini_provider.go:129.23,133.3 2 0
nexus-backend/internal/inference/gemini_provider.go:133.8,135.3 1 0
nexus-backend/internal/inference/gemini_provider.go:136.2,139.17 3 0
nexus-backend/internal/inference/gemini_provider.go:145.40,147.2 1 0
nexus-backend/internal/inference/gemini_provider.go:150.44,159.35 6 0
nexus-backend/internal/inference/gemini_provider.go:159.35,161.3 1 0
nexus-backend/internal/inference/gemini_provider.go:163.2,163.18 1 0
nexus-backend/internal/inference/gemini_provider.go:163.18,165.3 1 0
nexus-backend/internal/inference/gemini_provider.go:166.2,166.79 1 0
nexus-backend/internal/inference/gemini_provider.go:170.54,182.35 4 0
nexus-backend/internal/inference/gemini_provider.go:182.35,184.3 1 0
nexus-backend/internal/inference/gemini_provider.go:186.2,186.16 1 0
nexus-backend/internal/inference/gemini_provider.go:190.104,219.2 6 0
nexus-backend/internal/inference/gemini_provider.go:222.134,225.2 1 0
nexus-backend/internal/inference/gemini_provider.go:228.133,236.31 5 0
nexus-backend/internal/inference/gemini_provider.go:236.31,238.124 2 0
nexus-backend/internal/inference/gemini_provider.go:238.124,240.4 1 0
nexus-backend/internal/inference/gemini_provider.go:241.3,244.5 1 0
nexus-backend/internal/inference/gemini_provider.go:247.2,252.23 3 0
nexus-backend/internal/inference/gemini_provider.go:256.69,261.52 2 0
nexus-backend/internal/inference/gemini_provider.go:261.52,264.103 2 0
nexus-backend/internal/inference/gemini_provider.go:264.103,266.4 1 0
nexus-backend/internal/inference/gemini_provider.go:267.3,267.72 1 0
nexus-backend/internal/inference/gemini_provider.go:270.2,270.112 1 0
nexus-backend/internal/inference/gemini_provider.go:270.112,273.3 1 0
nexus-backend/internal/inference/gemini_provider.go:277.2,278.68 2 0
nexus-backend/internal/inference/gemini_provider.go:282.74,288.33 4 0
nexus-backend/internal/inference/gemini_provider.go:288.33,290.3 1 0
nexus-backend/internal/inference/gemini_provider.go:294.75,297.2 1 0
nexus-backend/internal/inference/gemini_provider.go:300.52,303.2 1 0
nexus-backend/internal/inference/gemini_provider.go:306.64,311.16 3 0
nexus-backend/internal/inference/gemini_provider.go:311.16,314.3 2 0
nexus-backend/internal/inference/gemini_provider.go:317.2,318.24 2 0
nexus-backend/internal/inference/gemini_provider.go:318.24,319.46 1 0
nexus-backend/internal/inference/gemini_provider.go:319.46,322.4 2 0
nexus-backend/internal/inference/gemini_provider.go:329.2,339.44 2 0
nexus-backend/internal/inference/gemini_provider.go:339.44,343.3 2 0
nexus-backend/internal/inference/gemini_provider.go:343.8,343.27 1 0
nexus-backend/internal/inference/gemini_provider.go:343.27,345.3 1 0
nexus-backend/internal/inference/gemini_provider.go:348.2,348.84 1 0
nexus-backend/internal/inference/gemini_provider.go:348.84,351.3 2 0
nexus-backend/internal/inference/gemini_provider.go:351.8,351.87 1 0
nexus-backend/internal/inference/gemini_provider.go:351.87,354.3 2 0
nexus-backend/internal/inference/gemini_provider.go:357.2,357.68 1 0
nexus-backend/internal/inference/gemini_provider.go:357.68,360.3 2 0
nexus-backend/internal/inference/gemini_provider.go:363.2,363.49 1 0
nexus-backend/internal/inference/gemini_provider.go:363.49,367.3 3 0
nexus-backend/internal/inference/gemini_provider.go:370.2,370.35 1 0
nexus-backend/internal/inference/gemini_provider.go:370.35,374.3 3 0
nexus-backend/internal/inference/gemini_provider.go:383.2,383.121 1 0
nexus-backend/internal/inference/gemini_provider.go:387.67,391.13 3 0
nexus-backend/internal/inference/gemini_provider.go:392.15,393.41 1 0
nexus-backend/internal/inference/gemini_provider.go:393.41,395.4 1 0
nexus-backend/internal/inference/gemini_provider.go:396.20,397.39 1 0
nexus-backend/internal/inference/gemini_provider.go:397.39,399.4 1 0
nexus-backend/internal/inference/gemini_provider.go:400.21,401.38 1 0
nexus-backend/internal/inference/gemini_provider.go:401.38,404.4 2 0
nexus-backend/internal/inference/gemini_provider.go:404.9,404.45 1 0
nexus-backend/internal/inference/gemini_provider.go:404.45,406.4 1 0
nexus-backend/internal/inference/gemini_provider.go:407.15,408.38 1 0
nexus-backend/internal/inference/gemini_provider.go:408.38,411.4 2 0
nexus-backend/internal/inference/gemini_provider.go:411.9,411.45 1 0
nexus-backend/internal/inference/gemini_provider.go:411.45,413.4 1 0
nexus-backend/internal/inference/gemini_provider.go:414.15,415.34 1 0
nexus-backend/internal/inference/gemini_provider.go:415.34,418.4 2 0
nexus-backend/internal/inference/gemini_provider.go:418.9,418.43 1 0
nexus-backend/internal/inference/gemini_provider.go:418.43,420.4 1 0
nexus-backend/internal/inference/gemini_provider.go:425.57,429.2 3 0
nexus-backend/internal/inference/gemini_provider.go:432.51,434.2 1 0
nexus-backend/internal/inference/gemini_provider.go:437.110,440.2 1 0
nexus-backend/internal/inference/gemini_provider.go:443.76,447.2 1 0
nexus-backend/internal/inference/gemini_provider.go:452.94,460.16 3 0
nexus-backend/internal/inference/gemini_provider.go:460.16,462.3 1 0
nexus-backend/internal/inference/gemini_provider.go:464.2,471.18 7 0
nexus-backend/internal/inference/gemini_provider.go:471.18,473.3 1 0
nexus-backend/internal/inference/gemini_provider.go:474.2,474.23 1 0
nexus-backend/internal/inference/gemini_provider.go:474.23,476.3 1 0
nexus-backend/internal/inference/gemini_provider.go:480.2,480.43 1 0
nexus-backend/internal/inference/gemini_provider.go:480.43,482.3 1 0
nexus-backend/internal/inference/gemini_provider.go:483.2,519.23 3 0
nexus-backend/internal/inference/gemini_provider.go:519.23,521.3 1 0
nexus-backend/internal/inference/gemini_provider.go:521.8,523.3 1 0
nexus-backend/internal/inference/gemini_provider.go:527.2,527.103 1 0
nexus-backend/internal/inference/gemini_provider.go:533.123,537.16 3 0
nexus-backend/internal/inference/gemini_provider.go:537.16,539.3 1 0
nexus-backend/internal/inference/gemini_provider.go:541.2,548.18 7 0
nexus-backend/internal/inference/gemini_provider.go:548.18,550.3 1 0
nexus-backend/internal/inference/gemini_provider.go:551.2,551.23 1 0
nexus-backend/internal/inference/gemini_provider.go:551.23,553.3 1 0
nexus-backend/internal/inference/gemini_provider.go:556.2,556.43 1 0
nexus-backend/internal/inference/gemini_provider.go:556.43,558.3 1 0
nexus-backend/internal/inference/gemini_provider.go:559.2,595.31 4 0
nexus-backend/internal/inference/gemini_provider.go:595.31,597.26 2 0
nexus-backend/internal/inference/gemini_provider.go:597.26,599.4 1 0
nexus-backend/internal/inference/gemini_provider.go:601.3,601.40 1 0
nexus-backend/internal/inference/gemini_provider.go:601.40,603.12 2 0
nexus-backend/internal/inference/gemini_provider.go:606.3,611.126 3 0
nexus-backend/internal/inference/gemini_provider.go:615.2,615.115 1 0
nexus-backend/internal/inference/gemini_provider.go:620.102,624.12 3 0
nexus-backend/internal/inference/gemini_provider.go:624.12,648.3 3 0
nexus-backend/internal/inference/gemini_provider.go:650.2,650.26 1 0
nexus-backend/internal/inference/inference_service.go:57.81,68.2 1 0
nexus-backend/internal/inference/inference_service.go:71.42,77.24 4 0
nexus-backend/internal/inference/inference_service.go:77.24,80.3 2 0
nexus-backend/internal/inference/inference_service.go:84.2,99.45 6 0
nexus-backend/internal/inference/inference_service.go:99.45,102.19 3 0
nexus-backend/internal/inference/inference_service.go:102.19,104.12 2 0
nexus-backend/internal/inference/inference_service.go:107.3,116.17 3 0
nexus-backend/internal/inference/inference_service.go:116.17,118.12 2 0
nexus-backend/internal/inference/inference_service.go:121.3,121.54 1 0
nexus-backend/internal/inference/inference_service.go:121.54,127.29 2 0
nexus-backend/internal/inference/inference_service.go:127.29,130.5 2 0
nexus-backend/internal/inference/inference_service.go:130.10,133.5 2 0
nexus-backend/internal/inference/inference_service.go:134.4,134.110 1 0
nexus-backend/internal/inference/inference_service.go:135.9,137.4 1 0
nexus-backend/internal/inference/inference_service.go:141.2,141.33 1 0
nexus-backend/internal/inference/inference_service.go:141.33,143.3 1 0
nexus-backend/internal/inference/inference_service.go:144.2,144.34 1 0
nexus-backend/internal/inference/inference_service.go:144.34,146.3 1 0
nexus-backend/internal/inference/inference_service.go:150.2,156.51 5 0
nexus-backend/internal/inference/inference_service.go:156.51,158.3 1 0
nexus-backend/internal/inference/inference_service.go:164.2,168.24 4 0
nexus-backend/internal/inference/inference_service.go:168.24,174.3 4 0
nexus-backend/internal/inference/inference_service.go:175.2,179.12 4 0
nexus-backend/internal/inference/inference_service.go:183.41,186.18 3 0
nexus-backend/internal/inference/inference_service.go:186.18,188.3 1 0
nexus-backend/internal/inference/inference_service.go:189.2,198.12 9 0
nexus-backend/internal/inference/inference_service.go:202.118,204.40 2 0
nexus-backend/internal/inference/inference_service.go:204.40,207.3 2 0
nexus-backend/internal/inference/inference_service.go:208.2,218.16 6 0
nexus-backend/internal/inference/inference_service.go:218.16,220.3 1 0
nexus-backend/internal/inference/inference_service.go:221.2,222.22 2 0
nexus-backend/internal/inference/inference_service.go:227.109,229.18 2 0
nexus-backend/internal/inference/inference_service.go:229.18,232.3 2 0
nexus-backend/internal/inference/inference_service.go:234.2,235.24 2 0
nexus-backend/internal/inference/inference_service.go:235.24,238.3 2 0
nexus-backend/internal/inference/inference_service.go:239.2,247.42 5 0
nexus-backend/internal/inference/inference_service.go:252.107,254.18 2 0
nexus-backend/internal/inference/inference_service.go:254.18,257.3 2 0
nexus-backend/internal/inference/inference_service.go:258.2,258.18 1 0
nexus-backend/internal/inference/inference_service.go:258.18,261.3 2 0
nexus-backend/internal/inference/inference_service.go:262.2,269.27 6 0
nexus-backend/internal/inference/inference_service.go:269.27,271.3 1 0
nexus-backend/internal/inference/inference_service.go:274.2,275.16 2 0
nexus-backend/internal/inference/inference_service.go:275.16,278.3 2 0
nexus-backend/internal/inference/inference_service.go:279.2,280.22 2 0
nexus-backend/internal/inference/inference_service.go:285.131,287.45 2 0
nexus-backend/internal/inference/inference_service.go:287.45,290.3 2 0
nexus-backend/internal/inference/inference_service.go:292.2,293.24 2 0
nexus-backend/internal/inference/inference_service.go:293.24,296.3 2 0
nexus-backend/internal/inference/inference_service.go:297.2,305.76 6 0
nexus-backend/internal/inference/inference_service.go:310.83,312.40 2 0
nexus-backend/internal/inference/inference_service.go:312.40,315.3 2 0
nexus-backend/internal/inference/inference_service.go:316.2,320.59 5 0
nexus-backend/internal/inference/inference_service.go:323.90,325.40 2 0
nexus-backend/internal/inference/inference_service.go:325.40,328.3 2 0
nexus-backend/internal/inference/inference_service.go:329.2,333.66 5 0
nexus-backend/internal/inference/inference_service.go:336.100,338.40 2 0
nexus-backend/internal/inference/inference_service.go:338.40,341.3 2 0
nexus-backend/internal/inference/inference_service.go:342.2,346.73 5 0
nexus-backend/internal/inference/inference_service.go:352.71,356.18 3 0
nexus-backend/internal/inference/inference_service.go:356.18,358.3 1 0
nexus-backend/internal/inference/inference_service.go:361.2,362.44 2 0
nexus-backend/internal/inference/inference_service.go:362.44,363.44 1 0
nexus-backend/internal/inference/inference_service.go:363.44,365.9 2 0
nexus-backend/internal/inference/inference_service.go:369.2,369.22 1 0
nexus-backend/internal/inference/inference_service.go:369.22,371.3 1 0
nexus-backend/internal/inference/inference_service.go:373.2,378.51 4 0
nexus-backend/internal/inference/inference_service.go:378.51,381.3 2 0
nexus-backend/internal/inference/inference_service.go:383.2,384.12 2 0
nexus-backend/internal/inference/inference_service.go:389.72,393.18 3 0
nexus-backend/internal/inference/inference_service.go:393.18,395.3 1 0
nexus-backend/internal/inference/inference_service.go:398.2,399.45 2 0
nexus-backend/internal/inference/inference_service.go:399.45,400.44 1 0
nexus-backend/internal/inference/inference_service.go:400.44,402.9 2 0
nexus-backend/internal/inference/inference_service.go:406.2,406.22 1 0
nexus-backend/internal/inference/inference_service.go:406.22,408.3 1 0
nexus-backend/internal/inference/inference_service.go:410.2,415.51 4 0
nexus-backend/internal/inference/inference_service.go:415.51,418.3 2 0
nexus-backend/internal/inference/inference_service.go:420.2,421.12 2 0
nexus-backend/internal/inference/inference_service.go:425.56,429.44 4 0
nexus-backend/internal/inference/inference_service.go:429.44,431.3 1 0
nexus-backend/internal/inference/inference_service.go:432.2,432.15 1 0
nexus-backend/internal/inference/inference_service.go:436.57,440.45 4 0
nexus-backend/internal/inference/inference_service.go:440.45,442.3 1 0
nexus-backend/internal/inference/inference_service.go:443.2,443.15 1 0
nexus-backend/internal/inference/inference_service.go:448.51,452.2 3 0
nexus-backend/internal/inference/inference_service.go:456.50,460.2 3 0
nexus-backend/internal/inference/inference_service.go:463.45,467.2 3 0
nexus-backend/internal/inference/inference_service.go:470.45,472.2 1 0
nexus-backend/internal/inference/inference_service.go:475.61,479.40 3 0
nexus-backend/internal/inference/inference_service.go:479.40,481.3 1 0
nexus-backend/internal/inference/inference_service.go:483.2,484.12 2 0
nexus-backend/internal/inference/inference_service.go:489.59,493.57 2 0
nexus-backend/internal/inference/inference_service.go:493.57,496.3 2 0
nexus-backend/internal/inference/inference_service.go:500.2,504.29 1 0
nexus-backend/internal/inference/inference_service.go:504.29,505.42 1 0
nexus-backend/internal/inference/inference_service.go:505.42,507.6 1 0
nexus-backend/internal/inference/inference_service.go:510.29,511.43 1 0
nexus-backend/internal/inference/inference_service.go:511.43,513.6 1 0
nexus-backend/internal/inference/inference_service.go:520.2,522.19 3 0
nexus-backend/internal/inference/inference_service.go:522.19,526.3 3 0
nexus-backend/internal/inference/inference_service.go:528.2,532.24 3 0
nexus-backend/internal/inference/inference_service.go:532.24,534.3 1 0
nexus-backend/internal/inference/inference_service.go:535.2,535.12 1 0
nexus-backend/internal/inference/inference_service.go:541.73,542.44 1 0
nexus-backend/internal/inference/inference_service.go:542.44,543.50 1 0
nexus-backend/internal/inference/inference_service.go:543.50,545.4 1 0
nexus-backend/internal/inference/inference_service.go:547.2,547.45 1 0
nexus-backend/internal/inference/inference_service.go:547.45,548.50 1 0
nexus-backend/internal/inference/inference_service.go:548.50,550.4 1 0
nexus-backend/internal/inference/inference_service.go:552.2,552.12 1 0
nexus-backend/internal/inference/llm_adapter.go:16.66,20.2 2 0
nexus-backend/internal/inference/model_registry.go:87.53,93.2 1 0
nexus-backend/internal/inference/model_registry.go:96.45,109.2 6 0
nexus-backend/internal/inference/model_registry.go:112.109,117.42 3 0
nexus-backend/internal/inference/model_registry.go:117.42,119.3 1 0
nexus-backend/internal/inference/model_registry.go:122.2,122.36 1 0
nexus-backend/internal/inference/model_registry.go:122.36,124.50 1 0
nexus-backend/internal/inference/model_registry.go:124.50,126.4 1 0
nexus-backend/internal/inference/model_registry.go:130.2,150.12 5 0
nexus-backend/internal/inference/model_registry.go:154.61,159.13 4 0
nexus-backend/internal/inference/model_registry.go:159.13,161.3 1 0
nexus-backend/internal/inference/model_registry.go:164.2,174.12 5 0
nexus-backend/internal/inference/model_registry.go:178.74,183.13 4 0
nexus-backend/internal/inference/model_registry.go:183.13,185.3 1 0
nexus-backend/internal/inference/model_registry.go:188.2,196.24 5 0
nexus-backend/internal/inference/model_registry.go:200.58,205.34 4 0
nexus-backend/internal/inference/model_registry.go:205.34,208.3 2 0
nexus-backend/internal/inference/model_registry.go:210.2,210.15 1 0
nexus-backend/internal/inference/model_registry.go:214.83,219.13 4 0
nexus-backend/internal/inference/model_registry.go:219.13,221.3 1 0
nexus-backend/internal/inference/model_registry.go:223.2,225.12 2 0
nexus-backend/internal/inference/model_registry.go:229.107,234.13 4 0
nexus-backend/internal/inference/model_registry.go:234.13,236.3 1 0
nexus-backend/internal/inference/model_registry.go:239.2,239.27 1 0
nexus-backend/internal/inference/model_registry.go:239.27,241.3 1 0
nexus-backend/internal/inference/model_registry.go:241.8,243.3 1 0
nexus-backend/internal/inference/model_registry.go:246.2,246.19 1 0
nexus-backend/internal/inference/model_registry.go:246.19,248.3 1 0
nexus-backend/internal/inference/model_registry.go:248.8,250.3 1 0
nexus-backend/internal/inference/model_registry.go:253.2,255.12 2 0
nexus-backend/internal/inference/model_registry.go:259.84,266.34 5 0
nexus-backend/internal/inference/model_registry.go:266.34,267.39 1 0
nexus-backend/internal/inference/model_registry.go:267.39,268.12 1 0
nexus-backend/internal/inference/model_registry.go:272.3,273.42 2 0
nexus-backend/internal/inference/model_registry.go:273.42,274.25 1 0
nexus-backend/internal/inference/model_registry.go:274.25,276.10 2 0
nexus-backend/internal/inference/model_registry.go:280.3,280.21 1 0
nexus-backend/internal/inference/model_registry.go:280.21,281.12 1 0
nexus-backend/internal/inference/model_registry.go:285.3,287.44 2 0
nexus-backend/internal/inference/model_registry.go:287.44,290.4 2 0
nexus-backend/internal/inference/model_registry.go:293.2,293.22 1 0
nexus-backend/internal/inference/model_registry.go:293.22,295.3 1 0
nexus-backend/internal/inference/model_registry.go:298.2,299.24 2 0
nexus-backend/internal/inference/model_registry.go:303.54,307.34 3 0
nexus-backend/internal/inference/model_registry.go:307.34,308.80 1 0
nexus-backend/internal/inference/model_registry.go:308.80,309.57 1 0
nexus-backend/internal/inference/model_registry.go:309.57,312.5 2 0
nexus-backend/internal/inference/model_registry.go:316.2,316.21 1 0
nexus-backend/internal/inference/model_registry.go:316.21,318.3 1 0
nexus-backend/internal/inference/model_registry.go:320.2,320.42 1 0
nexus-backend/internal/inference/model_registry.go:324.74,325.18 1 0
nexus-backend/internal/inference/model_registry.go:326.18,327.69 1 0
nexus-backend/internal/inference/model_registry.go:328.16,329.67 1 0
nexus-backend/internal/inference/model_registry.go:330.18,331.77 1 0
nexus-backend/internal/inference/model_registry.go:332.10,333.37 1 0
nexus-backend/internal/inference/model_registry.go:338.68,344.38 3 0
nexus-backend/internal/inference/model_registry.go:344.38,346.3 1 0
nexus-backend/internal/inference/model_registry.go:346.8,346.45 1 0
nexus-backend/internal/inference/model_registry.go:346.45,348.3 1 0
nexus-backend/internal/inference/model_registry.go:350.2,351.27 2 0
nexus-backend/internal/inference/model_registry.go:351.27,353.3 1 0
nexus-backend/internal/inference/model_registry.go:355.2,355.36 1 0
nexus-backend/internal/inference/model_registry.go:359.84,365.34 3 0
nexus-backend/internal/inference/model_registry.go:365.34,367.3 1 0
nexus-backend/internal/inference/model_registry.go:370.2,370.36 1 0
nexus-backend/internal/inference/model_registry.go:370.36,372.3 1 0
nexus-backend/internal/inference/model_registry.go:375.2,377.14 2 0
nexus-backend/internal/inference/model_registry.go:383.55,388.52 3 0
nexus-backend/internal/inference/model_registry.go:388.52,393.3 4 0
nexus-backend/internal/inference/model_registry.go:396.2,396.62 1 0
nexus-backend/internal/inference/model_registry.go:396.62,398.3 1 0
nexus-backend/internal/inference/model_registry.go:401.2,411.24 4 0
nexus-backend/internal/inference/model_registry.go:415.48,419.52 3 0
nexus-backend/internal/inference/model_registry.go:419.52,423.3 3 0
nexus-backend/internal/inference/model_registry.go:427.48,431.52 3 0
nexus-backend/internal/inference/model_registry.go:431.52,435.3 3 0
nexus-backend/internal/inference/model_registry.go:439.34,440.29 1 0
nexus-backend/internal/inference/model_registry.go:440.29,445.3 4 0
nexus-backend/internal/inference/model_registry.go:449.52,454.2 4 0
nexus-backend/internal/inference/model_registry.go:457.54,460.2 2 0
nexus-backend/internal/inference/model_registry.go:463.53,466.2 2 0
nexus-backend/internal/inference/prompts.go:75.62,77.2 1 0
nexus-backend/internal/inference/prompts.go:79.62,81.2 1 0
nexus-backend/internal/inference/prompts.go:83.61,85.2 1 0
nexus-backend/internal/inference/prompts.go:88.62,90.2 1 0
nexus-backend/internal/inference/prompts.go:93.57,95.27 2 0
nexus-backend/internal/inference/prompts.go:95.27,98.32 1 0
nexus-backend/internal/inference/prompts.go:98.32,100.4 1 0
nexus-backend/internal/inference/prompts.go:102.2,102.15 1 0
nexus-backend/internal/inference/prompts.go:106.46,108.11 2 0
nexus-backend/internal/inference/prompts.go:108.11,110.3 1 0
nexus-backend/internal/inference/prompts.go:111.2,111.37 1 0
nexus-backend/internal/inference/prompts.go:115.36,116.43 1 0
nexus-backend/internal/inference/prompts.go:116.43,117.35 1 0
nexus-backend/internal/inference/prompts.go:117.35,119.4 1 0
nexus-backend/internal/inference/prompts.go:121.2,121.11 1 0
nexus-backend/internal/inference/prompts.go:125.120,127.30 1 0
nexus-backend/internal/inference/prompts.go:127.30,129.3 1 0
nexus-backend/internal/inference/prompts.go:130.2,130.32 1 0
nexus-backend/internal/inference/prompts.go:130.32,132.3 1 0
nexus-backend/internal/inference/prompts.go:133.2,133.119 1 0
nexus-backend/internal/services/validation/api_server.go:21.82,26.2 1 0
nexus-backend/internal/services/validation/api_server.go:29.54,52.31 11 0
nexus-backend/internal/services/validation/api_server.go:52.31,54.3 1 0
nexus-backend/internal/services/validation/api_server.go:56.2,65.12 3 0
nexus-backend/internal/services/validation/api_server.go:65.12,66.82 1 0
nexus-backend/internal/services/validation/api_server.go:66.82,68.4 1 0
nexus-backend/internal/services/validation/api_server.go:71.2,72.12 2 0
nexus-backend/internal/services/validation/api_server.go:76.53,77.21 1 0
nexus-backend/internal/services/validation/api_server.go:77.21,79.3 1 0
nexus-backend/internal/services/validation/api_server.go:80.2,80.31 1 0
nexus-backend/internal/services/validation/api_server.go:84.68,85.71 1 0
nexus-backend/internal/services/validation/api_server.go:85.71,90.28 4 0
nexus-backend/internal/services/validation/api_server.go:90.28,93.4 2 0
nexus-backend/internal/services/validation/api_server.go:95.3,95.23 1 0
nexus-backend/internal/services/validation/api_server.go:100.74,111.2 4 0
nexus-backend/internal/services/validation/api_server.go:114.83,115.18 1 0
nexus-backend/internal/services/validation/api_server.go:116.13,140.5 4 0
nexus-backend/internal/services/validation/api_server.go:142.14,145.70 2 0
nexus-backend/internal/services/validation/api_server.go:145.70,148.4 2 0
nexus-backend/internal/services/validation/api_server.go:151.3,161.34 4 0
nexus-backend/internal/services/validation/api_server.go:163.10,164.67 1 0
nexus-backend/internal/services/validation/api_server.go:169.89,171.18 2 0
nexus-backend/internal/services/validation/api_server.go:171.18,174.3 2 0
nexus-backend/internal/services/validation/api_server.go:176.2,176.18 1 0
nexus-backend/internal/services/validation/api_server.go:177.13,194.34 4 0
nexus-backend/internal/services/validation/api_server.go:196.10,197.67 1 0
nexus-backend/internal/services/validation/api_server.go:202.85,203.18 1 0
nexus-backend/internal/services/validation/api_server.go:204.13,222.5 4 0
nexus-backend/internal/services/validation/api_server.go:224.10,225.67 1 0
nexus-backend/internal/services/validation/api_server.go:230.91,232.20 2 0
nexus-backend/internal/services/validation/api_server.go:232.20,235.3 2 0
nexus-backend/internal/services/validation/api_server.go:238.2,253.35 4 0
nexus-backend/internal/services/validation/api_server.go:257.80,269.2 4 0
nexus-backend/internal/services/validation/api_server.go:272.81,283.2 4 0
nexus-backend/internal/services/validation/handlers.go:15.84,17.20 2 0
nexus-backend/internal/services/validation/handlers.go:17.20,20.3 2 0
nexus-backend/internal/services/validation/handlers.go:22.2,23.61 2 0
nexus-backend/internal/services/validation/handlers.go:23.61,26.3 2 0
nexus-backend/internal/services/validation/handlers.go:28.2,28.20 1 0
nexus-backend/internal/services/validation/handlers.go:28.20,31.3 2 0
nexus-backend/internal/services/validation/handlers.go:33.2,34.16 2 0
nexus-backend/internal/services/validation/handlers.go:34.16,37.3 2 0
nexus-backend/internal/services/validation/handlers.go:39.2,39.40 1 0
nexus-backend/internal/services/validation/handlers.go:43.83,45.20 2 0
nexus-backend/internal/services/validation/handlers.go:45.20,48.3 2 0
nexus-backend/internal/services/validation/handlers.go:51.2,57.69 2 0
nexus-backend/internal/services/validation/handlers.go:57.69,59.28 1 0
nexus-backend/internal/services/validation/handlers.go:59.28,61.4 1 0
nexus-backend/internal/services/validation/handlers.go:61.9,61.37 1 0
nexus-backend/internal/services/validation/handlers.go:61.37,63.4 1 0
nexus-backend/internal/services/validation/handlers.go:63.9,63.34 1 0
nexus-backend/internal/services/validation/handlers.go:63.34,65.4 1 0
nexus-backend/internal/services/validation/handlers.go:68.2,69.16 2 0
nexus-backend/internal/services/validation/handlers.go:69.16,72.3 2 0
nexus-backend/internal/services/validation/handlers.go:74.2,74.36 1 0
nexus-backend/internal/services/validation/handlers.go:78.81,80.20 2 0
nexus-backend/internal/services/validation/handlers.go:80.20,83.3 2 0
nexus-backend/internal/services/validation/handlers.go:85.2,89.16 4 0
nexus-backend/internal/services/validation/handlers.go:89.16,92.3 2 0
nexus-backend/internal/services/validation/handlers.go:94.2,94.35 1 0
nexus-backend/internal/services/validation/handlers.go:98.85,100.20 2 0
nexus-backend/internal/services/validation/handlers.go:100.20,103.3 2 0
nexus-backend/internal/services/validation/handlers.go:105.2,110.16 4 0
nexus-backend/internal/services/validation/handlers.go:110.16,113.3 2 0
nexus-backend/internal/services/validation/handlers.go:116.2,117.16 2 0
nexus-backend/internal/services/validation/handlers.go:117.16,120.3 2 0
nexus-backend/internal/services/validation/handlers.go:123.2,130.45 2 0
nexus-backend/internal/services/validation/handlers.go:136.88,138.20 2 0
nexus-backend/internal/services/validation/handlers.go:138.20,141.3 2 0
nexus-backend/internal/services/validation/handlers.go:143.2,149.82 4 0
nexus-backend/internal/services/validation/handlers.go:155.93,167.2 2 0
nexus-backend/internal/services/validation/handlers.go:170.94,172.20 2 0
nexus-backend/internal/services/validation/handlers.go:172.20,175.3 2 0
nexus-backend/internal/services/validation/handlers.go:178.2,185.38 2 0
nexus-backend/internal/services/validation/handlers.go:191.86,193.20 2 0
nexus-backend/internal/services/validation/handlers.go:193.20,196.3 2 0
nexus-backend/internal/services/validation/handlers.go:199.2,206.42 2 0
nexus-backend/internal/services/validation/handlers.go:212.73,216.2 3 0
nexus-backend/internal/services/validation/handlers.go:219.72,223.2 3 0
nexus-backend/internal/services/validation/routes.go:12.100,41.95 16 0
nexus-backend/internal/services/validation/routes.go:41.95,43.3 1 0
nexus-backend/internal/services/validation/task_queue.go:10.59,14.2 3 0
nexus-backend/internal/services/validation/task_queue.go:17.48,21.2 3 0
nexus-backend/internal/services/validation/task_queue.go:24.76,29.2 4 0
nexus-backend/internal/services/validation/task_queue.go:32.65,37.32 4 0
nexus-backend/internal/services/validation/task_queue.go:37.32,38.31 1 0
nexus-backend/internal/services/validation/task_queue.go:38.31,40.4 1 0
nexus-backend/internal/services/validation/task_queue.go:44.2,44.47 1 0
nexus-backend/internal/services/validation/task_queue.go:44.47,46.3 1 0
nexus-backend/internal/services/validation/task_queue.go:48.2,48.21 1 0
nexus-backend/internal/services/validation/task_queue.go:52.61,57.32 4 0
nexus-backend/internal/services/validation/task_queue.go:57.32,59.3 1 0
nexus-backend/internal/services/validation/task_queue.go:60.2,60.14 1 0
nexus-backend/internal/services/validation/task_queue.go:64.79,69.32 4 0
nexus-backend/internal/services/validation/task_queue.go:69.32,70.28 1 0
nexus-backend/internal/services/validation/task_queue.go:70.28,72.4 1 0
nexus-backend/internal/services/validation/task_queue.go:74.2,74.22 1 0
nexus-backend/internal/services/validation/task_queue.go:78.79,83.32 4 0
nexus-backend/internal/services/validation/task_queue.go:83.32,84.28 1 0
nexus-backend/internal/services/validation/task_queue.go:84.28,86.4 1 0
nexus-backend/internal/services/validation/task_queue.go:88.2,88.22 1 0
nexus-backend/internal/services/validation/task_queue.go:92.83,97.32 4 0
nexus-backend/internal/services/validation/task_queue.go:97.32,98.35 1 0
nexus-backend/internal/services/validation/task_queue.go:98.35,100.4 1 0
nexus-backend/internal/services/validation/task_queue.go:104.2,104.48 1 0
nexus-backend/internal/services/validation/task_queue.go:104.48,106.3 1 0
nexus-backend/internal/services/validation/task_queue.go:108.2,108.22 1 0
nexus-backend/internal/services/validation/task_queue.go:112.67,116.46 3 0
nexus-backend/internal/services/validation/task_queue.go:116.46,119.3 2 0
nexus-backend/internal/services/validation/task_queue.go:120.2,120.14 1 0
nexus-backend/internal/services/validation/task_queue.go:124.53,137.32 4 0
nexus-backend/internal/services/validation/task_queue.go:137.32,140.3 2 0
nexus-backend/internal/services/validation/task_queue.go:142.2,142.14 1 0
nexus-backend/internal/services/validation/task_queue.go:146.63,151.32 4 0
nexus-backend/internal/services/validation/task_queue.go:151.32,153.3 1 0
nexus-backend/internal/services/validation/task_queue.go:155.2,155.21 1 0
nexus-backend/internal/services/validation/task_queue.go:159.60,164.32 4 0
nexus-backend/internal/services/validation/task_queue.go:164.32,166.3 1 0
nexus-backend/internal/services/validation/task_queue.go:168.2,168.21 1 0
nexus-backend/internal/services/validation/task_queue.go:172.59,174.27 2 0
nexus-backend/internal/services/validation/task_queue.go:174.27,176.3 1 0
nexus-backend/internal/services/validation/task_queue.go:177.2,177.12 1 0
nexus-backend/internal/services/validation/task_queue.go:181.41,185.2 3 0
nexus-backend/internal/services/validation/task_queue.go:188.48,193.32 4 0
nexus-backend/internal/services/validation/task_queue.go:193.32,194.31 1 0
nexus-backend/internal/services/validation/task_queue.go:194.31,196.4 1 0
nexus-backend/internal/services/validation/task_queue.go:198.2,198.14 1 0
nexus-backend/internal/services/validation/task_queue.go:202.48,207.32 4 0
nexus-backend/internal/services/validation/task_queue.go:207.32,208.31 1 0
nexus-backend/internal/services/validation/task_queue.go:208.31,210.4 1 0
nexus-backend/internal/services/validation/task_queue.go:212.2,212.14 1 0
nexus-backend/internal/services/validation/task_queue.go:216.30,220.2 3 0
nexus-backend/internal/services/validation/task_queue.go:223.50,228.2 4 0
nexus-backend/internal/services/validation/task_queue.go:231.84,236.32 4 0
nexus-backend/internal/services/validation/task_queue.go:236.32,237.38 1 0
nexus-backend/internal/services/validation/task_queue.go:237.38,239.4 1 0
nexus-backend/internal/services/validation/task_queue.go:241.2,241.22 1 0
nexus-backend/internal/services/validation/task_queue.go:245.85,250.32 4 0
nexus-backend/internal/services/validation/task_queue.go:250.32,251.36 1 0
nexus-backend/internal/services/validation/task_queue.go:251.36,253.4 1 0
nexus-backend/internal/services/validation/task_queue.go:255.2,255.22 1 0
nexus-backend/internal/services/validation/validation_core.go:52.115,77.2 5 0
nexus-backend/internal/services/validation/validation_core.go:80.60,91.46 5 0
nexus-backend/internal/services/validation/validation_core.go:91.46,93.3 1 0
nexus-backend/internal/services/validation/validation_core.go:95.2,96.12 2 0
nexus-backend/internal/services/validation/validation_core.go:100.59,112.2 5 0
nexus-backend/internal/services/validation/validation_core.go:115.92,116.18 1 0
nexus-backend/internal/services/validation/validation_core.go:117.40,118.41 1 0
nexus-backend/internal/services/validation/validation_core.go:119.37,120.38 1 0
nexus-backend/internal/services/validation/validation_core.go:121.10,122.62 1 0
nexus-backend/internal/services/validation/validation_core.go:127.104,148.43 4 0
nexus-backend/internal/services/validation/validation_core.go:148.43,150.3 1 0
nexus-backend/internal/services/validation/validation_core.go:153.2,156.71 2 0
nexus-backend/internal/services/validation/validation_core.go:156.71,158.3 1 0
nexus-backend/internal/services/validation/validation_core.go:160.2,161.18 2 0
nexus-backend/internal/services/validation/validation_core.go:165.100,171.46 4 0
nexus-backend/internal/services/validation/validation_core.go:171.46,172.71 1 0
nexus-backend/internal/services/validation/validation_core.go:172.71,174.63 2 0
nexus-backend/internal/services/validation/validation_core.go:174.63,177.5 2 0
nexus-backend/internal/services/validation/validation_core.go:180.4,180.47 1 0
nexus-backend/internal/services/validation/validation_core.go:180.47,182.5 1 0
nexus-backend/internal/services/validation/validation_core.go:184.4,185.15 2 0
nexus-backend/internal/services/validation/validation_core.go:189.2,189.19 1 0
nexus-backend/internal/services/validation/validation_core.go:193.92,200.46 5 0
nexus-backend/internal/services/validation/validation_core.go:200.46,202.17 2 0
nexus-backend/internal/services/validation/validation_core.go:202.17,204.4 1 0
nexus-backend/internal/services/validation/validation_core.go:206.3,206.62 1 0
nexus-backend/internal/services/validation/validation_core.go:206.62,208.4 1 0
nexus-backend/internal/services/validation/validation_core.go:210.3,211.13 2 0
nexus-backend/internal/services/validation/validation_core.go:214.2,214.16 1 0
nexus-backend/internal/services/validation/validation_core.go:214.16,216.3 1 0
nexus-backend/internal/services/validation/validation_core.go:218.2,218.12 1 0
nexus-backend/internal/services/validation/validation_core.go:218.12,220.3 1 0
nexus-backend/internal/services/validation/validation_core.go:222.2,222.19 1 0
nexus-backend/internal/services/validation/validation_core.go:226.108,231.36 3 0
nexus-backend/internal/services/validation/validation_core.go:231.36,233.3 1 0
nexus-backend/internal/services/validation/validation_core.go:236.2,236.64 1 0
nexus-backend/internal/services/validation/validation_core.go:236.64,238.3 1 0
nexus-backend/internal/services/validation/validation_core.go:241.2,245.43 4 0
nexus-backend/internal/services/validation/validation_core.go:245.43,247.3 1 0
nexus-backend/internal/services/validation/validation_core.go:250.2,260.12 4 0
nexus-backend/internal/services/validation/validation_core.go:260.12,261.16 1 0
nexus-backend/internal/services/validation/validation_core.go:261.16,264.4 2 0
nexus-backend/internal/services/validation/validation_core.go:266.3,267.17 2 0
nexus-backend/internal/services/validation/validation_core.go:267.17,271.4 3 0
nexus-backend/internal/services/validation/validation_core.go:274.3,274.58 1 0
nexus-backend/internal/services/validation/validation_core.go:274.58,276.4 1 0
nexus-backend/internal/services/validation/validation_core.go:278.3,281.73 2 0
nexus-backend/internal/services/validation/validation_core.go:281.73,283.4 1 0
nexus-backend/internal/services/validation/validation_core.go:286.2,286.17 1 0
nexus-backend/internal/services/validation/validation_core.go:290.129,301.19 3 0
nexus-backend/internal/services/validation/validation_core.go:302.19,303.49 1 0
nexus-backend/internal/services/validation/validation_core.go:304.18,305.47 1 0
nexus-backend/internal/services/validation/validation_core.go:306.16,307.46 1 0
nexus-backend/internal/services/validation/validation_core.go:308.10,312.21 4 0
nexus-backend/internal/services/validation/validation_core.go:317.162,327.42 5 0
nexus-backend/internal/services/validation/validation_core.go:327.42,331.3 3 0
nexus-backend/internal/services/validation/validation_core.go:334.2,335.42 2 0
nexus-backend/internal/services/validation/validation_core.go:335.42,337.3 1 0
nexus-backend/internal/services/validation/validation_core.go:339.2,354.20 8 0
nexus-backend/internal/services/validation/validation_core.go:358.160,376.2 8 0
nexus-backend/internal/services/validation/validation_core.go:379.159,395.2 8 0
nexus-backend/internal/services/validation/validation_core.go:398.126,404.13 4 0
nexus-backend/internal/services/validation/validation_core.go:404.13,406.3 1 0
nexus-backend/internal/services/validation/validation_core.go:408.2,409.13 2 0
nexus-backend/internal/services/validation/validation_core.go:409.13,411.3 1 0
nexus-backend/internal/services/validation/validation_core.go:413.2,419.3 1 0
nexus-backend/internal/services/validation/validation_core.go:446.65,447.49 1 0
nexus-backend/internal/services/validation/validation_core.go:447.49,449.3 1 0
nexus-backend/internal/services/validation/validation_core.go:450.2,450.43 1 0
nexus-backend/internal/services/validation/validation_core.go:450.43,452.3 1 0
nexus-backend/internal/services/validation/validation_core.go:453.2,453.53 1 0
nexus-backend/internal/services/validation/validation_core.go:453.53,455.3 1 0
nexus-backend/internal/services/validation/validation_core.go:456.2,456.64 1 0
nexus-backend/internal/services/validation/validation_core.go:456.64,458.3 1 0
nexus-backend/internal/services/validation/validation_core.go:459.2,459.71 1 0
nexus-backend/internal/services/validation/validation_core.go:459.71,461.3 1 0
nexus-backend/internal/services/validation/validation_core.go:462.2,462.72 1 0
nexus-backend/internal/services/validation/validation_core.go:462.72,464.3 1 0
nexus-backend/internal/services/validation/validation_core.go:465.2,465.13 1 0
nexus-backend/internal/services/validation/validation_core.go:471.72,472.48 1 0
nexus-backend/internal/services/validation/validation_core.go:472.48,474.17 2 0
nexus-backend/internal/services/validation/validation_core.go:474.17,476.4 1 0
nexus-backend/internal/services/validation/validation_core.go:477.3,478.13 2 0
nexus-backend/internal/services/validation/validation_core.go:483.88,484.48 1 0
nexus-backend/internal/services/validation/validation_core.go:484.48,486.17 2 0
nexus-backend/internal/services/validation/validation_core.go:486.17,488.4 1 0
nexus-backend/internal/services/validation/validation_core.go:489.3,490.13 2 0
nexus-backend/internal/services/validation/validation_core.go:495.52,496.46 1 0
nexus-backend/internal/services/validation/validation_core.go:496.46,497.71 1 0
nexus-backend/internal/services/validation/validation_core.go:497.71,499.63 2 0
nexus-backend/internal/services/validation/validation_core.go:499.63,502.5 2 0
nexus-backend/internal/services/validation/validation_core.go:505.4,505.61 1 0
nexus-backend/internal/services/validation/validation_core.go:505.61,507.5 1 0
nexus-backend/internal/services/validation/validation_core.go:508.4,508.15 1 0
nexus-backend/internal/services/validation/validation_core.go:514.81,516.9 2 0
nexus-backend/internal/services/validation/validation_core.go:516.9,518.3 1 0
nexus-backend/internal/services/validation/validation_core.go:520.2,521.16 2 0
nexus-backend/internal/services/validation/validation_core.go:521.16,523.3 1 0
nexus-backend/internal/services/validation/validation_core.go:525.2,526.56 2 0
nexus-backend/internal/services/validation/validation_core.go:526.56,528.3 1 0
nexus-backend/internal/services/validation/validation_core.go:531.2,533.12 3 0
nexus-backend/internal/services/validation/validation_core.go:537.78,539.9 2 0
nexus-backend/internal/services/validation/validation_core.go:539.9,541.3 1 0
nexus-backend/internal/services/validation/validation_core.go:543.2,544.9 2 0
nexus-backend/internal/services/validation/validation_core.go:544.9,546.3 1 0
nexus-backend/internal/services/validation/validation_core.go:549.2,550.12 2 0
nexus-backend/internal/services/validation/validation_core.go:554.107,559.43 4 0
nexus-backend/internal/services/validation/validation_core.go:559.43,561.3 1 0
nexus-backend/internal/services/validation/validation_core.go:563.2,564.72 2 0
nexus-backend/internal/services/validation/validation_core.go:568.88,572.43 3 0
nexus-backend/internal/services/validation/validation_core.go:572.43,574.3 1 0
nexus-backend/internal/services/validation/validation_core.go:576.2,577.53 2 0
nexus-backend/internal/services/validation/validation_core.go:581.46,585.6 3 0
nexus-backend/internal/services/validation/validation_core.go:585.6,586.10 1 0
nexus-backend/internal/services/validation/validation_core.go:587.24,588.10 1 0
nexus-backend/internal/services/validation/validation_core.go:589.19,590.28 1 0
nexus-backend/internal/services/validation/validation_core.go:596.49,599.29 2 0
nexus-backend/internal/services/validation/validation_core.go:599.29,601.65 1 0
nexus-backend/internal/services/validation/validation_core.go:601.65,602.9 1 0
nexus-backend/internal/services/validation/validation_core.go:606.3,606.55 1 0
nexus-backend/internal/services/validation/validation_core.go:606.55,608.4 1 0
nexus-backend/internal/services/validation/validation_core.go:613.47,617.6 3 0
nexus-backend/internal/services/validation/validation_core.go:617.6,618.10 1 0
nexus-backend/internal/services/validation/validation_core.go:619.24,620.10 1 0
nexus-backend/internal/services/validation/validation_core.go:621.19,622.31 1 0
nexus-backend/internal/services/validation/validation_core.go:628.52,631.39 2 0
nexus-backend/internal/services/validation/validation_core.go:631.39,632.69 1 0
nexus-backend/internal/services/validation/validation_core.go:632.69,636.4 3 0
nexus-backend/internal/services/validation/validation_core.go:641.51,645.6 3 0
nexus-backend/internal/services/validation/validation_core.go:645.6,646.10 1 0
nexus-backend/internal/services/validation/validation_core.go:647.24,648.10 1 0
nexus-backend/internal/services/validation/validation_core.go:649.19,650.23 1 0
nexus-backend/internal/services/validation/validation_core.go:656.44,659.41 2 0
nexus-backend/internal/services/validation/validation_core.go:659.41,662.64 2 0
nexus-backend/internal/services/validation/validation_core.go:662.64,664.63 2 0
nexus-backend/internal/services/validation/validation_core.go:664.63,666.5 1 0
nexus-backend/internal/services/validation/validation_core.go:668.4,668.61 1 0
nexus-backend/internal/services/validation/validation_core.go:668.61,669.38 1 0
nexus-backend/internal/services/validation/validation_core.go:669.38,671.6 1 0
nexus-backend/internal/services/validation/validation_core.go:673.4,673.15 1 0
nexus-backend/internal/services/validation/validation_core.go:676.3,676.36 1 0
nexus-backend/internal/services/validation/validation_core.go:676.36,678.4 1 0
nexus-backend/internal/services/validation/validation_core.go:680.3,680.13 1 0
nexus-backend/internal/services/validation/validation_core.go:685.120,688.2 1 0
nexus-backend/internal/services/validation/validation_core.go:691.81,693.37 2 0
nexus-backend/internal/services/validation/validation_core.go:693.37,694.32 1 0
nexus-backend/internal/services/validation/validation_core.go:694.32,696.4 1 0
nexus-backend/internal/services/validation/validation_core.go:698.2,698.14 1 0
nexus-backend/internal/services/validation/validation_executor.go:6.91,10.2 3 0
nexus-backend/internal/services/validation/validation_executor.go:13.62,17.2 3 0
nexus-backend/internal/services/validation/validation_executor.go:20.88,25.2 4 0
nexus-backend/internal/services/validation/validation_executor.go:28.61,33.2 4 0
nexus-backend/internal/services/validation/validation_executor.go:36.53,40.2 3 0
nexus-backend/internal/services/validation/validation_executor.go:43.77,48.39 4 0
nexus-backend/internal/services/validation/validation_executor.go:48.39,50.3 1 0
nexus-backend/internal/services/validation/validation_executor.go:51.2,51.19 1 0
nexus-backend/internal/services/validation/validation_executor.go:55.60,60.33 4 0
nexus-backend/internal/services/validation/validation_executor.go:60.33,62.3 1 0
nexus-backend/internal/services/validation/validation_executor.go:63.2,63.16 1 0
nexus-backend/internal/services/validation/validation_executor.go:67.53,71.2 3 0
nexus-backend/internal/services/validation/validation_executor.go:74.55,78.19 4 0
nexus-backend/internal/services/validation/validation_executor.go:78.19,80.3 1 0
nexus-backend/internal/services/validation/validation_executor.go:81.2,81.18 1 0
nexus-backend/internal/services/validation/validation_executor.go:85.67,89.53 3 0
nexus-backend/internal/services/validation/validation_executor.go:89.53,93.3 3 0
nexus-backend/internal/services/validation/validation_executor.go:94.2,94.14 1 0
nexus-backend/internal/services/validation/validation_executor.go:98.43,102.44 3 0
nexus-backend/internal/services/validation/validation_executor.go:102.44,105.3 2 0
nexus-backend/internal/services/validation/validation_executor.go:109.57,113.2 3 0
nexus-backend/internal/services/validation/validation_executor.go:116.54,120.2 3 0
nexus-backend/internal/services/validation/validation_executor.go:123.73,133.2 3 0
nexus-backend/internal/services/validation/validation_executor.go:136.87,141.39 4 0
nexus-backend/internal/services/validation/validation_executor.go:141.39,144.3 2 0
nexus-backend/internal/services/validation/validation_executor.go:145.2,145.15 1 0
nexus-backend/internal/services/validation/validation_executor.go:149.88,154.39 4 0
nexus-backend/internal/services/validation/validation_executor.go:154.39,157.3 2 0
nexus-backend/internal/services/validation/validation_executor.go:158.2,158.19 1 0
nexus-backend/internal/services/validation/validation_executor.go:162.81,167.39 4 0
nexus-backend/internal/services/validation/validation_executor.go:167.39,168.70 1 0
nexus-backend/internal/services/validation/validation_executor.go:168.70,170.4 1 0
nexus-backend/internal/services/validation/validation_executor.go:172.2,172.16 1 0
nexus-backend/internal/services/validation/validation_executor.go:176.93,183.39 5 0
nexus-backend/internal/services/validation/validation_executor.go:183.39,184.42 1 0
nexus-backend/internal/services/validation/validation_executor.go:184.42,186.4 1 0
nexus-backend/internal/services/validation/validation_executor.go:188.2,188.22 1 0
nexus-backend/internal/services/validation/validation_executor.go:192.54,194.2 1 0
nexus-backend/internal/services/validation/validation_executor.go:197.73,202.40 3 0
nexus-backend/internal/services/validation/validation_executor.go:202.40,204.3 1 0
nexus-backend/internal/services/validation/validation_executor.go:207.2,207.39 1 0
nexus-backend/internal/services/validation/validation_executor.go:207.39,208.41 1 0
nexus-backend/internal/services/validation/validation_executor.go:208.41,210.4 1 0
nexus-backend/internal/services/validation/validation_executor.go:213.2,213.14 1 0
nexus-backend/internal/services/validation/validation_executor.go:217.94,224.44 5 0
nexus-backend/internal/services/validation/validation_executor.go:224.44,225.44 1 0
nexus-backend/internal/services/validation/validation_executor.go:225.44,226.105 1 0
nexus-backend/internal/services/validation/validation_executor.go:226.105,229.5 2 0
nexus-backend/internal/services/validation/validation_executor.go:233.2,233.36 1 0
nexus-backend/internal/services/validation/validation_executor.go:233.36,237.3 3 0
nexus-backend/internal/services/validation/validation_executor.go:239.2,239.12 1 0
nexus-backend/internal/services/validation/validation_executor.go:243.72,250.44 5 0
nexus-backend/internal/services/validation/validation_executor.go:250.44,253.3 2 0
nexus-backend/internal/services/validation/validation_executor.go:255.2,255.18 1 0
nexus-backend/internal/services/validation/validation_executor.go:259.51,263.2 3 0
nexus-backend/internal/web/middleware/auth.go:49.95,50.21 1 0
nexus-backend/internal/web/middleware/auth.go:50.21,52.3 1 0
nexus-backend/internal/web/middleware/auth.go:54.2,57.8 1 0
nexus-backend/internal/web/middleware/auth.go:61.112,77.2 3 0
nexus-backend/internal/web/middleware/auth.go:80.82,81.108 1 0
nexus-backend/internal/web/middleware/auth.go:81.108,82.58 1 0
nexus-backend/internal/web/middleware/auth.go:82.58,84.4 1 0
nexus-backend/internal/web/middleware/auth.go:85.3,85.27 1 0
nexus-backend/internal/web/middleware/auth.go:88.2,88.16 1 0
nexus-backend/internal/web/middleware/auth.go:88.16,90.3 1 0
nexus-backend/internal/web/middleware/auth.go:92.2,92.65 1 0
nexus-backend/internal/web/middleware/auth.go:92.65,94.37 1 0
nexus-backend/internal/web/middleware/auth.go:94.37,96.4 1 0
nexus-backend/internal/web/middleware/auth.go:97.3,97.21 1 0
nexus-backend/internal/web/middleware/auth.go:100.2,100.41 1 0
nexus-backend/internal/web/middleware/auth.go:104.65,111.53 3 0
nexus-backend/internal/web/middleware/auth.go:111.53,123.3 5 0
nexus-backend/internal/web/middleware/auth.go:127.67,132.50 4 0
nexus-backend/internal/web/middleware/auth.go:132.50,136.3 3 0
nexus-backend/internal/web/middleware/auth.go:138.2,138.18 1 0
nexus-backend/internal/web/middleware/auth.go:142.71,143.71 1 0
nexus-backend/internal/web/middleware/auth.go:143.71,146.23 2 0
nexus-backend/internal/web/middleware/auth.go:146.23,149.4 2 0
nexus-backend/internal/web/middleware/auth.go:152.3,153.46 2 0
nexus-backend/internal/web/middleware/auth.go:153.46,156.4 2 0
nexus-backend/internal/web/middleware/auth.go:158.3,162.17 3 0
nexus-backend/internal/web/middleware/auth.go:162.17,165.4 2 0
nexus-backend/internal/web/middleware/auth.go:168.3,177.40 3 0
nexus-backend/internal/web/middleware/auth.go:182.84,183.46 1 0
nexus-backend/internal/web/middleware/auth.go:183.46,184.72 1 0
nexus-backend/internal/web/middleware/auth.go:184.72,186.22 2 0
nexus-backend/internal/web/middleware/auth.go:186.22,189.5 2 0
nexus-backend/internal/web/middleware/auth.go:191.4,191.55 1 0
nexus-backend/internal/web/middleware/auth.go:191.55,194.5 2 0
nexus-backend/internal/web/middleware/auth.go:196.4,196.24 1 0
nexus-backend/internal/web/middleware/auth.go:202.72,203.71 1 0
nexus-backend/internal/web/middleware/auth.go:203.71,206.23 2 0
nexus-backend/internal/web/middleware/auth.go:206.23,209.47 2 0
nexus-backend/internal/web/middleware/auth.go:209.47,213.65 2 0
nexus-backend/internal/web/middleware/auth.go:213.65,225.6 3 0
nexus-backend/internal/web/middleware/auth.go:229.3,229.23 1 0
nexus-backend/internal/web/middleware/auth.go:234.51,235.66 1 0
nexus-backend/internal/web/middleware/auth.go:235.66,236.44 1 0
nexus-backend/internal/web/middleware/auth.go:236.44,238.4 1 0
nexus-backend/internal/web/middleware/auth.go:240.2,240.12 1 0
nexus-backend/internal/web/middleware/middleware.go:17.56,18.71 1 0
nexus-backend/internal/web/middleware/middleware.go:18.71,38.3 5 0
nexus-backend/internal/web/middleware/middleware.go:42.58,43.71 1 0
nexus-backend/internal/web/middleware/middleware.go:43.71,53.3 4 0
nexus-backend/internal/web/middleware/middleware.go:57.57,58.71 1 0
nexus-backend/internal/web/middleware/middleware.go:58.71,59.16 1 0
nexus-backend/internal/web/middleware/middleware.go:59.16,60.36 1 0
nexus-backend/internal/web/middleware/middleware.go:60.36,64.5 2 0
nexus-backend/internal/web/middleware/middleware.go:67.3,67.23 1 0
nexus-backend/internal/web/middleware/middleware.go:72.81,77.46 2 0
nexus-backend/internal/web/middleware/middleware.go:77.46,78.72 1 0
nexus-backend/internal/web/middleware/middleware.go:78.72,83.53 3 0
nexus-backend/internal/web/middleware/middleware.go:83.53,85.38 2 0
nexus-backend/internal/web/middleware/middleware.go:85.38,86.40 1 0
nexus-backend/internal/web/middleware/middleware.go:86.40,88.7 1 0
nexus-backend/internal/web/middleware/middleware.go:90.5,90.38 1 0
nexus-backend/internal/web/middleware/middleware.go:94.4,94.51 1 0
nexus-backend/internal/web/middleware/middleware.go:94.51,97.5 2 0
nexus-backend/internal/web/middleware/middleware.go:100.4,102.24 2 0
nexus-backend/internal/web/middleware/middleware.go:108.53,109.71 1 0
nexus-backend/internal/web/middleware/middleware.go:109.71,120.48 3 0
nexus-backend/internal/web/middleware/middleware.go:120.48,121.31 1 0
nexus-backend/internal/web/middleware/middleware.go:121.31,123.10 2 0
nexus-backend/internal/web/middleware/middleware.go:128.3,128.58 1 0
nexus-backend/internal/web/middleware/middleware.go:128.58,130.4 1 0
nexus-backend/internal/web/middleware/middleware.go:132.3,137.28 5 0
nexus-backend/internal/web/middleware/middleware.go:137.28,140.4 2 0
nexus-backend/internal/web/middleware/middleware.go:142.3,142.23 1 0
nexus-backend/internal/web/middleware/middleware.go:147.79,148.46 1 0
nexus-backend/internal/web/middleware/middleware.go:148.46,149.72 1 0
nexus-backend/internal/web/middleware/middleware.go:149.72,155.4 4 0
nexus-backend/internal/web/middleware/middleware.go:160.64,161.71 1 0
nexus-backend/internal/web/middleware/middleware.go:161.71,169.3 6 0
nexus-backend/internal/web/middleware/middleware.go:173.61,174.71 1 0
nexus-backend/internal/web/middleware/middleware.go:174.71,175.69 1 0
nexus-backend/internal/web/middleware/middleware.go:175.69,177.41 2 0
nexus-backend/internal/web/middleware/middleware.go:177.41,180.5 2 0
nexus-backend/internal/web/middleware/middleware.go:183.3,183.23 1 0
nexus-backend/internal/web/middleware/middleware.go:195.49,198.2 2 0
nexus-backend/internal/web/middleware/middleware.go:201.42,203.55 1 0
nexus-backend/internal/web/middleware/middleware.go:203.55,205.3 1 0
nexus-backend/internal/web/middleware/middleware.go:208.2,208.49 1 0
nexus-backend/internal/web/middleware/middleware.go:208.49,210.3 1 0
nexus-backend/internal/web/middleware/middleware.go:213.2,213.21 1 0
nexus-backend/internal/web/middleware/middleware.go:217.43,218.68 1 0
nexus-backend/internal/web/middleware/middleware.go:218.68,219.39 1 0
nexus-backend/internal/web/middleware/middleware.go:219.39,221.4 1 0
nexus-backend/internal/web/middleware/middleware.go:223.2,223.11 1 0
nexus-backend/internal/web/middleware/middleware.go:227.72,231.2 3 0
nexus-backend/pkg/host/container_manager.go:93.94,102.43 2 0
nexus-backend/pkg/host/container_manager.go:102.43,104.3 1 0
nexus-backend/pkg/host/container_manager.go:106.2,106.16 1 0
nexus-backend/pkg/host/container_manager.go:110.43,114.16 3 0
nexus-backend/pkg/host/container_manager.go:114.16,116.3 1 0
nexus-backend/pkg/host/container_manager.go:118.2,121.44 2 0
nexus-backend/pkg/host/container_manager.go:121.44,123.3 1 0
nexus-backend/pkg/host/container_manager.go:125.2,125.42 1 0
nexus-backend/pkg/host/container_manager.go:125.42,127.3 1 0
nexus-backend/pkg/host/container_manager.go:130.2,130.48 1 0
nexus-backend/pkg/host/container_manager.go:130.48,132.3 1 0
nexus-backend/pkg/host/container_manager.go:135.2,137.12 2 0
nexus-backend/pkg/host/container_manager.go:141.42,147.2 4 0
nexus-backend/pkg/host/container_manager.go:150.70,155.42 4 0
nexus-backend/pkg/host/container_manager.go:155.42,159.3 2 0
nexus-backend/pkg/host/container_manager.go:161.2,161.24 1 0
nexus-backend/pkg/host/container_manager.go:165.72,170.42 4 0
nexus-backend/pkg/host/container_manager.go:170.42,171.33 1 0
nexus-backend/pkg/host/container_manager.go:171.33,174.4 2 0
nexus-backend/pkg/host/container_manager.go:177.2,177.29 1 0
nexus-backend/pkg/host/container_manager.go:181.49,185.17 3 0
nexus-backend/pkg/host/container_manager.go:185.17,187.3 1 0
nexus-backend/pkg/host/container_manager.go:190.2,190.43 1 0
nexus-backend/pkg/host/container_manager.go:190.43,192.3 1 0
nexus-backend/pkg/host/container_manager.go:195.2,195.48 1 0
nexus-backend/pkg/host/container_manager.go:195.48,197.3 1 0
nexus-backend/pkg/host/container_manager.go:199.2,199.12 1 0
nexus-backend/pkg/host/container_manager.go:203.51,205.34 2 0
nexus-backend/pkg/host/container_manager.go:205.34,207.3 1 0
nexus-backend/pkg/host/container_manager.go:208.2,208.12 1 0
nexus-backend/pkg/host/container_manager.go:212.43,216.6 3 0
nexus-backend/pkg/host/container_manager.go:216.6,217.10 1 0
nexus-backend/pkg/host/container_manager.go:218.24,219.10 1 0
nexus-backend/pkg/host/container_manager.go:220.19,225.16 4 0
nexus-backend/pkg/host/container_manager.go:225.16,227.5 1 0
nexus-backend/pkg/host/container_manager.go:229.4,229.46 1 0
nexus-backend/pkg/host/container_manager.go:229.46,231.5 1 0
nexus-backend/pkg/host/container_manager.go:233.4,233.44 1 0
nexus-backend/pkg/host/container_manager.go:233.44,235.5 1 0
nexus-backend/pkg/host/container_manager.go:241.52,245.16 3 0
nexus-backend/pkg/host/container_manager.go:245.16,247.3 1 0
nexus-backend/pkg/host/container_manager.go:250.2,254.29 3 0
nexus-backend/pkg/host/container_manager.go:254.29,255.17 1 0
nexus-backend/pkg/host/container_manager.go:255.17,256.12 1 0
nexus-backend/pkg/host/container_manager.go:259.3,260.17 2 0
nexus-backend/pkg/host/container_manager.go:260.17,261.12 1 0
nexus-backend/pkg/host/container_manager.go:265.3,265.59 1 0
nexus-backend/pkg/host/container_manager.go:265.59,267.4 1 0
nexus-backend/pkg/host/container_manager.go:269.3,269.39 1 0
nexus-backend/pkg/host/container_manager.go:272.2,277.12 5 0
nexus-backend/pkg/host/container_manager.go:281.85,283.72 2 0
nexus-backend/pkg/host/container_manager.go:283.72,285.3 1 0
nexus-backend/pkg/host/container_manager.go:287.2,296.74 2 0
nexus-backend/pkg/host/container_manager.go:296.74,297.71 1 0
nexus-backend/pkg/host/container_manager.go:297.71,299.4 1 0
nexus-backend/pkg/host/container_manager.go:303.2,305.23 2 0
nexus-backend/pkg/host/container_manager.go:309.61,310.27 1 0
nexus-backend/pkg/host/container_manager.go:310.27,311.34 1 0
nexus-backend/pkg/host/container_manager.go:311.34,313.4 1 0
nexus-backend/pkg/host/container_manager.go:315.2,315.11 1 0
nexus-backend/pkg/host/container_manager.go:319.77,323.16 3 0
nexus-backend/pkg/host/container_manager.go:323.16,325.3 1 0
nexus-backend/pkg/host/container_manager.go:327.2,328.61 2 0
nexus-backend/pkg/host/container_manager.go:328.61,330.3 1 0
nexus-backend/pkg/host/container_manager.go:332.2,332.27 1 0
nexus-backend/pkg/host/container_manager.go:332.27,334.3 1 0
nexus-backend/pkg/host/container_manager.go:336.2,339.63 2 0
nexus-backend/pkg/host/container_manager.go:339.63,341.51 1 0
nexus-backend/pkg/host/container_manager.go:341.51,343.31 2 0
nexus-backend/pkg/host/container_manager.go:343.31,344.42 1 0
nexus-backend/pkg/host/container_manager.go:344.42,346.25 2 0
nexus-backend/pkg/host/container_manager.go:346.25,348.7 1 0
nexus-backend/pkg/host/container_manager.go:355.2,355.81 1 0
nexus-backend/pkg/host/container_manager.go:355.81,356.79 1 0
nexus-backend/pkg/host/container_manager.go:356.79,357.38 1 0
nexus-backend/pkg/host/container_manager.go:357.38,359.5 1 0
nexus-backend/pkg/host/container_manager.go:363.2,363.12 1 0
nexus-backend/pkg/host/container_manager.go:367.74,376.40 4 0
nexus-backend/pkg/host/container_manager.go:376.40,377.84 1 0
nexus-backend/pkg/host/container_manager.go:377.84,381.97 2 0
nexus-backend/pkg/host/container_manager.go:381.97,383.5 1 0
nexus-backend/pkg/host/container_manager.go:383.10,383.112 1 0
nexus-backend/pkg/host/container_manager.go:383.112,385.5 1 0
nexus-backend/pkg/host/container_manager.go:385.10,385.106 1 0
nexus-backend/pkg/host/container_manager.go:385.106,387.5 1 0
nexus-backend/pkg/host/container_manager.go:387.10,387.104 1 0
nexus-backend/pkg/host/container_manager.go:387.104,389.5 1 0
nexus-backend/pkg/host/container_manager.go:389.10,389.100 1 0
nexus-backend/pkg/host/container_manager.go:389.100,391.5 1 0
nexus-backend/pkg/host/container_manager.go:391.10,393.5 1 0
nexus-backend/pkg/host/container_manager.go:396.4,400.9 2 0
nexus-backend/pkg/host/container_manager.go:406.50,409.16 3 0
nexus-backend/pkg/host/container_manager.go:409.16,411.3 1 0
nexus-backend/pkg/host/container_manager.go:413.2,417.29 3 0
nexus-backend/pkg/host/container_manager.go:417.29,418.17 1 0
nexus-backend/pkg/host/container_manager.go:418.17,419.12 1 0
nexus-backend/pkg/host/container_manager.go:422.3,423.17 2 0
nexus-backend/pkg/host/container_manager.go:423.17,424.12 1 0
nexus-backend/pkg/host/container_manager.go:427.3,427.40 1 0
nexus-backend/pkg/host/container_manager.go:430.2,434.12 4 0
nexus-backend/pkg/host/container_manager.go:438.90,440.70 2 0
nexus-backend/pkg/host/container_manager.go:440.70,442.3 1 0
nexus-backend/pkg/host/container_manager.go:444.2,454.21 3 0
nexus-backend/pkg/host/container_manager.go:458.77,463.40 3 0
nexus-backend/pkg/host/container_manager.go:463.40,464.43 1 0
nexus-backend/pkg/host/container_manager.go:464.43,468.9 4 0
nexus-backend/pkg/host/container_manager.go:474.56,477.38 2 0
nexus-backend/pkg/host/container_manager.go:477.38,478.36 1 0
nexus-backend/pkg/host/container_manager.go:478.36,480.9 2 0
nexus-backend/pkg/host/container_manager.go:485.2,485.25 1 0
nexus-backend/pkg/host/container_manager.go:485.25,492.35 2 0
nexus-backend/pkg/host/container_manager.go:492.35,494.4 1 0
nexus-backend/pkg/host/container_manager.go:496.3,496.52 1 0
nexus-backend/pkg/host/container_manager.go:499.2,499.12 1 0
nexus-backend/pkg/host/host_controller.go:68.69,69.19 1 0
nexus-backend/pkg/host/host_controller.go:69.19,84.3 1 0
nexus-backend/pkg/host/host_controller.go:86.2,100.16 5 0
nexus-backend/pkg/host/host_controller.go:100.16,103.3 2 0
nexus-backend/pkg/host/host_controller.go:105.2,106.16 2 0
nexus-backend/pkg/host/host_controller.go:106.16,109.3 2 0
nexus-backend/pkg/host/host_controller.go:111.2,112.16 2 0
nexus-backend/pkg/host/host_controller.go:112.16,115.3 2 0
nexus-backend/pkg/host/host_controller.go:117.2,118.16 2 0
nexus-backend/pkg/host/host_controller.go:118.16,121.3 2 0
nexus-backend/pkg/host/host_controller.go:123.2,123.29 1 0
nexus-backend/pkg/host/host_controller.go:123.29,125.17 2 0
nexus-backend/pkg/host/host_controller.go:125.17,128.4 2 0
nexus-backend/pkg/host/host_controller.go:131.2,131.16 1 0
nexus-backend/pkg/host/host_controller.go:135.41,139.37 3 0
nexus-backend/pkg/host/host_controller.go:139.37,141.3 1 0
nexus-backend/pkg/host/host_controller.go:143.2,146.46 2 0
nexus-backend/pkg/host/host_controller.go:146.46,148.3 1 0
nexus-backend/pkg/host/host_controller.go:150.2,150.46 1 0
nexus-backend/pkg/host/host_controller.go:150.46,152.3 1 0
nexus-backend/pkg/host/host_controller.go:154.2,154.46 1 0
nexus-backend/pkg/host/host_controller.go:154.46,156.3 1 0
nexus-backend/pkg/host/host_controller.go:158.2,158.47 1 0
nexus-backend/pkg/host/host_controller.go:158.47,160.3 1 0
nexus-backend/pkg/host/host_controller.go:162.2,162.28 1 0
nexus-backend/pkg/host/host_controller.go:162.28,163.49 1 0
nexus-backend/pkg/host/host_controller.go:163.49,165.4 1 0
nexus-backend/pkg/host/host_controller.go:168.2,172.12 4 0
nexus-backend/pkg/host/host_controller.go:176.40,180.36 3 0
nexus-backend/pkg/host/host_controller.go:180.36,182.3 1 0
nexus-backend/pkg/host/host_controller.go:184.2,190.28 4 0
nexus-backend/pkg/host/host_controller.go:190.28,191.48 1 0
nexus-backend/pkg/host/host_controller.go:191.48,193.4 1 0
nexus-backend/pkg/host/host_controller.go:196.2,196.46 1 0
nexus-backend/pkg/host/host_controller.go:196.46,198.3 1 0
nexus-backend/pkg/host/host_controller.go:200.2,200.45 1 0
nexus-backend/pkg/host/host_controller.go:200.45,202.3 1 0
nexus-backend/pkg/host/host_controller.go:204.2,204.45 1 0
nexus-backend/pkg/host/host_controller.go:204.45,206.3 1 0
nexus-backend/pkg/host/host_controller.go:208.2,208.45 1 0
nexus-backend/pkg/host/host_controller.go:208.45,210.3 1 0
nexus-backend/pkg/host/host_controller.go:213.2,218.21 4 0
nexus-backend/pkg/host/host_controller.go:218.21,220.3 1 0
nexus-backend/pkg/host/host_controller.go:222.2,223.12 2 0
nexus-backend/pkg/host/host_controller.go:227.63,231.2 3 0
nexus-backend/pkg/host/host_controller.go:234.64,235.26 1 0
nexus-backend/pkg/host/host_controller.go:235.26,237.3 1 0
nexus-backend/pkg/host/host_controller.go:238.2,238.39 1 0
nexus-backend/pkg/host/host_controller.go:242.64,243.26 1 0
nexus-backend/pkg/host/host_controller.go:243.26,245.3 1 0
nexus-backend/pkg/host/host_controller.go:246.2,246.39 1 0
nexus-backend/pkg/host/host_controller.go:250.66,251.26 1 0
nexus-backend/pkg/host/host_controller.go:251.26,253.3 1 0
nexus-backend/pkg/host/host_controller.go:254.2,254.39 1 0
nexus-backend/pkg/host/host_controller.go:258.72,259.27 1 0
nexus-backend/pkg/host/host_controller.go:259.27,261.3 1 0
nexus-backend/pkg/host/host_controller.go:262.2,262.43 1 0
nexus-backend/pkg/host/host_controller.go:266.68,267.28 1 0
nexus-backend/pkg/host/host_controller.go:267.28,269.3 1 0
nexus-backend/pkg/host/host_controller.go:270.2,270.43 1 0
nexus-backend/pkg/host/host_controller.go:274.47,278.36 3 0
nexus-backend/pkg/host/host_controller.go:278.36,280.3 1 0
nexus-backend/pkg/host/host_controller.go:283.2,283.52 1 0
nexus-backend/pkg/host/host_controller.go:283.52,285.3 1 0
nexus-backend/pkg/host/host_controller.go:287.2,287.52 1 0
nexus-backend/pkg/host/host_controller.go:287.52,289.3 1 0
nexus-backend/pkg/host/host_controller.go:291.2,291.52 1 0
nexus-backend/pkg/host/host_controller.go:291.52,293.3 1 0
nexus-backend/pkg/host/host_controller.go:295.2,295.53 1 0
nexus-backend/pkg/host/host_controller.go:295.53,297.3 1 0
nexus-backend/pkg/host/host_controller.go:299.2,299.28 1 0
nexus-backend/pkg/host/host_controller.go:299.28,300.55 1 0
nexus-backend/pkg/host/host_controller.go:300.55,302.4 1 0
nexus-backend/pkg/host/host_controller.go:305.2,305.12 1 0
nexus-backend/pkg/host/network_manager.go:95.90,118.2 2 0
nexus-backend/pkg/host/network_manager.go:121.41,125.16 3 0
nexus-backend/pkg/host/network_manager.go:125.16,127.3 1 0
nexus-backend/pkg/host/network_manager.go:129.2,132.51 2 0
nexus-backend/pkg/host/network_manager.go:132.51,134.3 1 0
nexus-backend/pkg/host/network_manager.go:136.2,136.47 1 0
nexus-backend/pkg/host/network_manager.go:136.47,138.3 1 0
nexus-backend/pkg/host/network_manager.go:141.2,141.53 1 0
nexus-backend/pkg/host/network_manager.go:141.53,143.3 1 0
nexus-backend/pkg/host/network_manager.go:146.2,148.12 2 0
nexus-backend/pkg/host/network_manager.go:152.40,158.2 4 0
nexus-backend/pkg/host/network_manager.go:161.66,180.2 6 0
nexus-backend/pkg/host/network_manager.go:183.47,187.17 3 0
nexus-backend/pkg/host/network_manager.go:187.17,189.3 1 0
nexus-backend/pkg/host/network_manager.go:192.2,192.61 1 0
nexus-backend/pkg/host/network_manager.go:192.61,194.3 1 0
nexus-backend/pkg/host/network_manager.go:197.2,198.38 2 0
nexus-backend/pkg/host/network_manager.go:198.38,199.49 1 0
nexus-backend/pkg/host/network_manager.go:199.49,201.9 2 0
nexus-backend/pkg/host/network_manager.go:205.2,205.25 1 0
nexus-backend/pkg/host/network_manager.go:205.25,207.3 1 0
nexus-backend/pkg/host/network_manager.go:209.2,209.12 1 0
nexus-backend/pkg/host/network_manager.go:213.41,217.6 3 0
nexus-backend/pkg/host/network_manager.go:217.6,218.10 1 0
nexus-backend/pkg/host/network_manager.go:219.24,220.10 1 0
nexus-backend/pkg/host/network_manager.go:221.19,226.16 4 0
nexus-backend/pkg/host/network_manager.go:226.16,228.5 1 0
nexus-backend/pkg/host/network_manager.go:230.4,230.53 1 0
nexus-backend/pkg/host/network_manager.go:230.53,232.5 1 0
nexus-backend/pkg/host/network_manager.go:234.4,234.49 1 0
nexus-backend/pkg/host/network_manager.go:234.49,236.5 1 0
nexus-backend/pkg/host/network_manager.go:242.57,244.16 2 0
nexus-backend/pkg/host/network_manager.go:244.16,246.3 1 0
nexus-backend/pkg/host/network_manager.go:248.2,250.35 2 0
nexus-backend/pkg/host/network_manager.go:250.35,258.34 2 0
nexus-backend/pkg/host/network_manager.go:258.34,260.4 1 0
nexus-backend/pkg/host/network_manager.go:260.9,262.4 1 0
nexus-backend/pkg/host/network_manager.go:265.3,269.17 3 0
nexus-backend/pkg/host/network_manager.go:269.17,270.31 1 0
nexus-backend/pkg/host/network_manager.go:270.31,272.5 1 0
nexus-backend/pkg/host/network_manager.go:276.3,281.58 3 0
nexus-backend/pkg/host/network_manager.go:284.2,289.12 5 0
nexus-backend/pkg/host/network_manager.go:293.70,294.18 1 0
nexus-backend/pkg/host/network_manager.go:294.18,296.3 1 0
nexus-backend/pkg/host/network_manager.go:296.8,296.43 1 0
nexus-backend/pkg/host/network_manager.go:296.43,298.3 1 0
nexus-backend/pkg/host/network_manager.go:298.8,298.79 1 0
nexus-backend/pkg/host/network_manager.go:298.79,300.3 1 0
nexus-backend/pkg/host/network_manager.go:300.8,300.46 1 0
nexus-backend/pkg/host/network_manager.go:300.46,302.3 1 0
nexus-backend/pkg/host/network_manager.go:302.8,302.43 1 0
nexus-backend/pkg/host/network_manager.go:302.43,304.3 1 0
nexus-backend/pkg/host/network_manager.go:304.8,304.77 1 0
nexus-backend/pkg/host/network_manager.go:304.77,306.3 1 0
nexus-backend/pkg/host/network_manager.go:306.8,306.44 1 0
nexus-backend/pkg/host/network_manager.go:306.44,308.3 1 0
nexus-backend/pkg/host/network_manager.go:309.2,309.18 1 0
nexus-backend/pkg/host/network_manager.go:313.75,317.16 3 0
nexus-backend/pkg/host/network_manager.go:317.16,319.3 1 0
nexus-backend/pkg/host/network_manager.go:321.2,322.29 2 0
nexus-backend/pkg/host/network_manager.go:322.29,323.45 1 0
nexus-backend/pkg/host/network_manager.go:323.45,325.25 2 0
nexus-backend/pkg/host/network_manager.go:325.25,327.73 1 0
nexus-backend/pkg/host/network_manager.go:327.73,329.6 1 0
nexus-backend/pkg/host/network_manager.go:330.5,330.75 1 0
nexus-backend/pkg/host/network_manager.go:330.75,332.6 1 0
nexus-backend/pkg/host/network_manager.go:333.5,333.74 1 0
nexus-backend/pkg/host/network_manager.go:333.74,335.6 1 0
nexus-backend/pkg/host/network_manager.go:336.5,336.73 1 0
nexus-backend/pkg/host/network_manager.go:336.73,338.6 1 0
nexus-backend/pkg/host/network_manager.go:339.5,339.76 1 0
nexus-backend/pkg/host/network_manager.go:339.76,341.6 1 0
nexus-backend/pkg/host/network_manager.go:342.5,342.75 1 0
nexus-backend/pkg/host/network_manager.go:342.75,344.6 1 0
nexus-backend/pkg/host/network_manager.go:346.4,346.9 1 0
nexus-backend/pkg/host/network_manager.go:352.75,356.40 2 0
nexus-backend/pkg/host/network_manager.go:356.40,357.61 1 0
nexus-backend/pkg/host/network_manager.go:357.61,360.9 3 0
nexus-backend/pkg/host/network_manager.go:365.2,365.28 1 0
nexus-backend/pkg/host/network_manager.go:365.28,367.48 2 0
nexus-backend/pkg/host/network_manager.go:367.48,369.4 1 0
nexus-backend/pkg/host/network_manager.go:369.9,369.53 1 0
nexus-backend/pkg/host/network_manager.go:369.53,371.4 1 0
nexus-backend/pkg/host/network_manager.go:376.53,380.16 3 0
nexus-backend/pkg/host/network_manager.go:380.16,383.3 1 0
nexus-backend/pkg/host/network_manager.go:385.2,390.29 4 0
nexus-backend/pkg/host/network_manager.go:390.29,392.17 2 0
nexus-backend/pkg/host/network_manager.go:392.17,393.12 1 0
nexus-backend/pkg/host/network_manager.go:397.3,397.40 1 0
nexus-backend/pkg/host/network_manager.go:397.40,399.23 2 0
nexus-backend/pkg/host/network_manager.go:399.23,401.5 1 0
nexus-backend/pkg/host/network_manager.go:402.4,402.12 1 0
nexus-backend/pkg/host/network_manager.go:406.3,406.38 1 0
nexus-backend/pkg/host/network_manager.go:406.38,407.12 1 0
nexus-backend/pkg/host/network_manager.go:411.3,412.18 2 0
nexus-backend/pkg/host/network_manager.go:412.18,414.4 1 0
nexus-backend/pkg/host/network_manager.go:417.2,421.12 4 0
nexus-backend/pkg/host/network_manager.go:425.79,427.21 2 0
nexus-backend/pkg/host/network_manager.go:427.21,429.3 1 0
nexus-backend/pkg/host/network_manager.go:431.2,437.21 2 0
nexus-backend/pkg/host/network_manager.go:437.21,439.3 1 0
nexus-backend/pkg/host/network_manager.go:442.2,444.13 2 0
nexus-backend/pkg/host/network_manager.go:448.86,455.34 4 0
nexus-backend/pkg/host/network_manager.go:455.34,456.35 1 0
nexus-backend/pkg/host/network_manager.go:456.35,459.9 3 0
nexus-backend/pkg/host/network_manager.go:464.2,464.40 1 0
nexus-backend/pkg/host/network_manager.go:464.40,465.43 1 0
nexus-backend/pkg/host/network_manager.go:465.43,468.9 3 0
nexus-backend/pkg/host/network_manager.go:474.59,486.2 2 0
nexus-backend/pkg/host/process_manager.go:72.90,92.2 3 0
nexus-backend/pkg/host/process_manager.go:95.41,99.16 3 0
nexus-backend/pkg/host/process_manager.go:99.16,101.3 1 0
nexus-backend/pkg/host/process_manager.go:103.2,106.43 2 0
nexus-backend/pkg/host/process_manager.go:106.43,108.3 1 0
nexus-backend/pkg/host/process_manager.go:111.2,113.12 2 0
nexus-backend/pkg/host/process_manager.go:117.40,123.2 4 0
nexus-backend/pkg/host/process_manager.go:126.64,131.42 4 0
nexus-backend/pkg/host/process_manager.go:131.42,135.3 2 0
nexus-backend/pkg/host/process_manager.go:137.2,137.23 1 0
nexus-backend/pkg/host/process_manager.go:141.67,146.42 4 0
nexus-backend/pkg/host/process_manager.go:146.42,147.26 1 0
nexus-backend/pkg/host/process_manager.go:147.26,150.4 2 0
nexus-backend/pkg/host/process_manager.go:153.2,153.28 1 0
nexus-backend/pkg/host/process_manager.go:157.54,162.16 4 0
nexus-backend/pkg/host/process_manager.go:162.16,164.3 1 0
nexus-backend/pkg/host/process_manager.go:167.2,167.56 1 0
nexus-backend/pkg/host/process_manager.go:167.56,169.3 1 0
nexus-backend/pkg/host/process_manager.go:172.2,175.58 2 0
nexus-backend/pkg/host/process_manager.go:175.58,177.40 1 0
nexus-backend/pkg/host/process_manager.go:177.40,179.4 1 0
nexus-backend/pkg/host/process_manager.go:183.2,185.12 2 0
nexus-backend/pkg/host/process_manager.go:189.47,193.17 3 0
nexus-backend/pkg/host/process_manager.go:193.17,195.3 1 0
nexus-backend/pkg/host/process_manager.go:198.2,198.61 1 0
nexus-backend/pkg/host/process_manager.go:198.61,200.3 1 0
nexus-backend/pkg/host/process_manager.go:202.2,202.12 1 0
nexus-backend/pkg/host/process_manager.go:206.41,210.6 3 0
nexus-backend/pkg/host/process_manager.go:210.6,211.10 1 0
nexus-backend/pkg/host/process_manager.go:212.24,213.10 1 0
nexus-backend/pkg/host/process_manager.go:214.19,219.16 4 0
nexus-backend/pkg/host/process_manager.go:219.16,221.5 1 0
nexus-backend/pkg/host/process_manager.go:223.4,223.45 1 0
nexus-backend/pkg/host/process_manager.go:223.45,225.5 1 0
nexus-backend/pkg/host/process_manager.go:228.4,228.28 1 0
nexus-backend/pkg/host/process_manager.go:234.49,238.16 3 0
nexus-backend/pkg/host/process_manager.go:238.16,240.3 1 0
nexus-backend/pkg/host/process_manager.go:242.2,243.20 2 0
nexus-backend/pkg/host/process_manager.go:243.20,245.3 1 0
nexus-backend/pkg/host/process_manager.go:247.2,250.33 2 0
nexus-backend/pkg/host/process_manager.go:250.33,251.17 1 0
nexus-backend/pkg/host/process_manager.go:251.17,252.12 1 0
nexus-backend/pkg/host/process_manager.go:255.3,256.17 2 0
nexus-backend/pkg/host/process_manager.go:256.17,257.12 1 0
nexus-backend/pkg/host/process_manager.go:260.3,260.52 1 0
nexus-backend/pkg/host/process_manager.go:263.2,268.12 5 0
nexus-backend/pkg/host/process_manager.go:272.75,274.22 2 0
nexus-backend/pkg/host/process_manager.go:274.22,276.3 1 0
nexus-backend/pkg/host/process_manager.go:278.2,279.16 2 0
nexus-backend/pkg/host/process_manager.go:279.16,281.3 1 0
nexus-backend/pkg/host/process_manager.go:283.2,284.16 2 0
nexus-backend/pkg/host/process_manager.go:284.16,286.3 1 0
nexus-backend/pkg/host/process_manager.go:288.2,289.16 2 0
nexus-backend/pkg/host/process_manager.go:289.16,291.3 1 0
nexus-backend/pkg/host/process_manager.go:294.2,295.23 2 0
nexus-backend/pkg/host/process_manager.go:295.23,298.3 1 0
nexus-backend/pkg/host/process_manager.go:300.2,317.21 4 0
nexus-backend/pkg/host/process_manager.go:321.66,330.40 4 0
nexus-backend/pkg/host/process_manager.go:330.40,331.86 1 0
nexus-backend/pkg/host/process_manager.go:331.86,335.53 2 0
nexus-backend/pkg/host/process_manager.go:335.53,337.5 1 0
nexus-backend/pkg/host/process_manager.go:337.10,337.64 1 0
nexus-backend/pkg/host/process_manager.go:337.64,339.5 1 0
nexus-backend/pkg/host/process_manager.go:339.10,339.61 1 0
nexus-backend/pkg/host/process_manager.go:339.61,341.5 1 0
nexus-backend/pkg/host/process_manager.go:341.10,341.60 1 0
nexus-backend/pkg/host/process_manager.go:341.60,343.5 1 0
nexus-backend/pkg/host/process_manager.go:343.10,343.58 1 0
nexus-backend/pkg/host/process_manager.go:343.58,345.5 1 0
nexus-backend/pkg/host/process_manager.go:345.10,347.5 1 0
nexus-backend/pkg/host/process_manager.go:349.4,349.9 1 0
nexus-backend/pkg/host/process_manager.go:355.51,385.2 5 0
nexus-backend/pkg/host/process_manager.go:388.49,392.45 3 0
nexus-backend/pkg/host/process_manager.go:392.45,393.30 1 0
nexus-backend/pkg/host/process_manager.go:393.30,394.12 1 0
nexus-backend/pkg/host/process_manager.go:397.3,398.14 2 0
nexus-backend/pkg/host/process_manager.go:398.14,399.12 1 0
nexus-backend/pkg/host/process_manager.go:403.3,403.74 1 0
nexus-backend/pkg/host/process_manager.go:403.74,405.4 1 0
nexus-backend/pkg/host/process_manager.go:408.3,408.83 1 0
nexus-backend/pkg/host/process_manager.go:408.83,410.4 1 0
nexus-backend/pkg/host/process_manager.go:415.114,416.37 1 0
nexus-backend/pkg/host/process_manager.go:416.37,419.3 1 0
nexus-backend/pkg/host/security_manager.go:138.92,151.27 2 0
nexus-backend/pkg/host/security_manager.go:151.27,158.3 1 0
nexus-backend/pkg/host/security_manager.go:160.2,160.29 1 0
nexus-backend/pkg/host/security_manager.go:160.29,167.3 2 0
nexus-backend/pkg/host/security_manager.go:169.2,169.22 1 0
nexus-backend/pkg/host/security_manager.go:169.22,174.3 1 0
nexus-backend/pkg/host/security_manager.go:176.2,176.16 1 0
nexus-backend/pkg/host/security_manager.go:180.42,184.16 3 0
nexus-backend/pkg/host/security_manager.go:184.16,186.3 1 0
nexus-backend/pkg/host/security_manager.go:188.2,191.50 2 0
nexus-backend/pkg/host/security_manager.go:191.50,193.3 1 0
nexus-backend/pkg/host/security_manager.go:196.2,196.27 1 0
nexus-backend/pkg/host/security_manager.go:196.27,198.3 1 0
nexus-backend/pkg/host/security_manager.go:201.2,201.29 1 0
nexus-backend/pkg/host/security_manager.go:201.29,203.3 1 0
nexus-backend/pkg/host/security_manager.go:206.2,206.26 1 0
nexus-backend/pkg/host/security_manager.go:206.26,207.44 1 0
nexus-backend/pkg/host/security_manager.go:207.44,209.4 1 0
nexus-backend/pkg/host/security_manager.go:213.2,215.12 2 0
nexus-backend/pkg/host/security_manager.go:219.41,223.27 3 0
nexus-backend/pkg/host/security_manager.go:223.27,225.3 1 0
nexus-backend/pkg/host/security_manager.go:227.2,228.12 2 0
nexus-backend/pkg/host/security_manager.go:232.73,236.30 3 0
nexus-backend/pkg/host/security_manager.go:236.30,238.3 1 0
nexus-backend/pkg/host/security_manager.go:241.2,242.21 2 0
nexus-backend/pkg/host/security_manager.go:246.48,250.17 3 0
nexus-backend/pkg/host/security_manager.go:250.17,252.3 1 0
nexus-backend/pkg/host/security_manager.go:255.2,255.62 1 0
nexus-backend/pkg/host/security_manager.go:255.62,257.3 1 0
nexus-backend/pkg/host/security_manager.go:259.2,259.12 1 0
nexus-backend/pkg/host/security_manager.go:263.42,267.6 3 0
nexus-backend/pkg/host/security_manager.go:267.6,268.10 1 0
nexus-backend/pkg/host/security_manager.go:269.24,270.10 1 0
nexus-backend/pkg/host/security_manager.go:271.19,276.16 4 0
nexus-backend/pkg/host/security_manager.go:276.16,278.5 1 0
nexus-backend/pkg/host/security_manager.go:280.4,280.52 1 0
nexus-backend/pkg/host/security_manager.go:280.52,282.5 1 0
nexus-backend/pkg/host/security_manager.go:288.57,306.26 5 0
nexus-backend/pkg/host/security_manager.go:306.26,311.3 4 0
nexus-backend/pkg/host/security_manager.go:314.2,314.27 1 0
nexus-backend/pkg/host/security_manager.go:314.27,317.3 2 0
nexus-backend/pkg/host/security_manager.go:320.2,320.29 1 0
nexus-backend/pkg/host/security_manager.go:320.29,326.57 4 0
nexus-backend/pkg/host/security_manager.go:326.57,329.4 2 0
nexus-backend/pkg/host/security_manager.go:330.3,330.32 1 0
nexus-backend/pkg/host/security_manager.go:334.2,341.12 6 0
nexus-backend/pkg/host/security_manager.go:345.55,349.2 3 0
nexus-backend/pkg/host/security_manager.go:352.56,353.66 1 0
nexus-backend/pkg/host/security_manager.go:353.66,355.3 1 0
nexus-backend/pkg/host/security_manager.go:357.2,359.16 3 0
nexus-backend/pkg/host/security_manager.go:359.16,361.3 1 0
nexus-backend/pkg/host/security_manager.go:363.2,363.59 1 0
nexus-backend/pkg/host/security_manager.go:367.57,370.16 3 0
nexus-backend/pkg/host/security_manager.go:370.16,372.3 1 0
nexus-backend/pkg/host/security_manager.go:373.2,373.19 1 0
nexus-backend/pkg/host/security_manager.go:377.50,378.52 1 0
nexus-backend/pkg/host/security_manager.go:378.52,380.3 1 0
nexus-backend/pkg/host/security_manager.go:383.2,383.55 1 0
nexus-backend/pkg/host/security_manager.go:383.55,386.3 2 0
nexus-backend/pkg/host/security_manager.go:389.2,389.47 1 0
nexus-backend/pkg/host/security_manager.go:389.47,392.3 2 0
nexus-backend/pkg/host/security_manager.go:394.2,394.19 1 0
nexus-backend/pkg/host/security_manager.go:398.53,399.27 1 0
nexus-backend/pkg/host/security_manager.go:399.27,401.3 1 0
nexus-backend/pkg/host/security_manager.go:403.2,404.16 2 0
nexus-backend/pkg/host/security_manager.go:404.16,406.3 1 0
nexus-backend/pkg/host/security_manager.go:408.2,408.28 1 0
nexus-backend/pkg/host/security_manager.go:412.82,415.28 2 0
nexus-backend/pkg/host/security_manager.go:415.28,417.3 1 0
nexus-backend/pkg/host/security_manager.go:418.2,418.41 1 0
nexus-backend/pkg/host/security_manager.go:418.41,420.3 1 0
nexus-backend/pkg/host/security_manager.go:421.2,421.39 1 0
nexus-backend/pkg/host/security_manager.go:421.39,423.3 1 0
nexus-backend/pkg/host/security_manager.go:424.2,424.55 1 0
nexus-backend/pkg/host/security_manager.go:424.55,426.3 1 0
nexus-backend/pkg/host/security_manager.go:427.2,427.25 1 0
nexus-backend/pkg/host/security_manager.go:427.25,429.3 1 0
nexus-backend/pkg/host/security_manager.go:432.2,434.17 2 0
nexus-backend/pkg/host/security_manager.go:434.17,436.3 1 0
nexus-backend/pkg/host/security_manager.go:436.8,436.24 1 0
nexus-backend/pkg/host/security_manager.go:436.24,438.3 1 0
nexus-backend/pkg/host/security_manager.go:438.8,438.24 1 0
nexus-backend/pkg/host/security_manager.go:438.24,440.3 1 0
nexus-backend/pkg/host/security_manager.go:441.2,441.19 1 0
nexus-backend/pkg/host/security_manager.go:445.82,446.54 1 0
nexus-backend/pkg/host/security_manager.go:446.54,448.3 1 0
nexus-backend/pkg/host/security_manager.go:450.2,458.16 6 0
nexus-backend/pkg/host/security_manager.go:458.16,460.3 1 0
nexus-backend/pkg/host/security_manager.go:461.2,463.28 2 0
nexus-backend/pkg/host/security_manager.go:467.52,468.29 1 0
nexus-backend/pkg/host/security_manager.go:468.29,470.3 1 0
nexus-backend/pkg/host/security_manager.go:472.2,500.3 1 0
nexus-backend/pkg/host/security_manager.go:504.51,505.29 1 0
nexus-backend/pkg/host/security_manager.go:505.29,507.3 1 0
nexus-backend/pkg/host/security_manager.go:509.2,512.6 3 0
nexus-backend/pkg/host/security_manager.go:512.6,513.10 1 0
nexus-backend/pkg/host/security_manager.go:514.24,515.10 1 0
nexus-backend/pkg/host/security_manager.go:516.19,521.16 4 0
nexus-backend/pkg/host/security_manager.go:521.16,523.5 1 0
nexus-backend/pkg/host/security_manager.go:525.4,525.23 1 0
nexus-backend/pkg/host/security_manager.go:531.45,532.29 1 0
nexus-backend/pkg/host/security_manager.go:532.29,534.3 1 0
nexus-backend/pkg/host/security_manager.go:540.2,546.29 3 0
nexus-backend/pkg/host/security_manager.go:550.51,553.2 0 0
nexus-backend/pkg/host/security_manager.go:556.51,559.2 0 0
nexus-backend/pkg/host/security_manager.go:562.54,565.2 0 0
nexus-backend/pkg/host/security_manager.go:568.50,569.26 1 0
nexus-backend/pkg/host/security_manager.go:569.26,571.3 1 0
nexus-backend/pkg/host/security_manager.go:574.2,574.55 1 0
nexus-backend/pkg/host/security_manager.go:574.55,577.3 2 0
nexus-backend/pkg/host/security_manager.go:580.2,580.47 1 0
nexus-backend/pkg/host/security_manager.go:580.47,583.3 2 0
nexus-backend/pkg/host/security_manager.go:586.2,586.26 1 0
nexus-backend/pkg/host/security_manager.go:586.26,589.3 2 0
nexus-backend/pkg/host/security_manager.go:591.2,591.45 1 0
nexus-backend/pkg/host/security_manager.go:595.50,600.34 3 0
nexus-backend/pkg/host/security_manager.go:600.34,602.3 1 0
nexus-backend/pkg/host/security_manager.go:605.2,606.35 2 0
nexus-backend/pkg/host/security_manager.go:606.35,621.3 5 0
nexus-backend/pkg/host/security_manager.go:623.2,623.12 1 0
nexus-backend/pkg/host/security_manager.go:627.50,632.34 3 0
nexus-backend/pkg/host/security_manager.go:632.34,634.3 1 0
nexus-backend/pkg/host/security_manager.go:637.2,637.12 1 0
nexus-backend/pkg/host/security_manager.go:641.50,646.2 2 0
nexus-backend/pkg/host/security_manager.go:649.51,652.16 2 0
nexus-backend/pkg/host/security_manager.go:652.16,654.3 1 0
nexus-backend/pkg/host/security_manager.go:656.2,656.46 1 0
nexus-backend/pkg/host/system_info.go:105.104,112.54 2 0
nexus-backend/pkg/host/system_info.go:112.54,114.3 1 0
nexus-backend/pkg/host/system_info.go:116.2,116.23 1 0
nexus-backend/pkg/host/system_info.go:120.47,124.17 3 0
nexus-backend/pkg/host/system_info.go:124.17,126.3 1 0
nexus-backend/pkg/host/system_info.go:128.2,132.12 3 0
nexus-backend/pkg/host/system_info.go:136.46,142.2 4 0
nexus-backend/pkg/host/system_info.go:145.71,149.28 3 0
nexus-backend/pkg/host/system_info.go:149.28,151.3 1 0
nexus-backend/pkg/host/system_info.go:154.2,155.19 2 0
nexus-backend/pkg/host/system_info.go:159.53,163.18 3 0
nexus-backend/pkg/host/system_info.go:163.18,165.3 1 0
nexus-backend/pkg/host/system_info.go:167.2,167.28 1 0
nexus-backend/pkg/host/system_info.go:167.28,169.3 1 0
nexus-backend/pkg/host/system_info.go:172.2,172.49 1 0
nexus-backend/pkg/host/system_info.go:172.49,174.3 1 0
nexus-backend/pkg/host/system_info.go:176.2,176.12 1 0
nexus-backend/pkg/host/system_info.go:180.47,184.6 3 0
nexus-backend/pkg/host/system_info.go:184.6,185.10 1 0
nexus-backend/pkg/host/system_info.go:186.25,187.10 1 0
nexus-backend/pkg/host/system_info.go:188.19,193.16 4 0
nexus-backend/pkg/host/system_info.go:193.16,195.5 1 0
nexus-backend/pkg/host/system_info.go:197.4,197.50 1 0
nexus-backend/pkg/host/system_info.go:197.50,200.5 1 0
nexus-backend/pkg/host/system_info.go:206.59,212.48 2 0
nexus-backend/pkg/host/system_info.go:212.48,214.3 1 0
nexus-backend/pkg/host/system_info.go:216.2,220.62 3 0
nexus-backend/pkg/host/system_info.go:220.62,222.3 1 0
nexus-backend/pkg/host/system_info.go:225.2,225.48 1 0
nexus-backend/pkg/host/system_info.go:225.48,227.3 1 0
nexus-backend/pkg/host/system_info.go:230.2,230.54 1 0
nexus-backend/pkg/host/system_info.go:230.54,232.3 1 0
nexus-backend/pkg/host/system_info.go:235.2,235.65 1 0
nexus-backend/pkg/host/system_info.go:235.65,238.3 2 0
nexus-backend/pkg/host/system_info.go:241.2,244.50 2 0
nexus-backend/pkg/host/system_info.go:244.50,246.3 1 0
nexus-backend/pkg/host/system_info.go:249.2,249.53 1 0
nexus-backend/pkg/host/system_info.go:249.53,251.3 1 0
nexus-backend/pkg/host/system_info.go:254.2,254.52 1 0
nexus-backend/pkg/host/system_info.go:254.52,256.3 1 0
nexus-backend/pkg/host/system_info.go:259.2,269.12 7 0
nexus-backend/pkg/host/system_info.go:273.68,276.16 3 0
nexus-backend/pkg/host/system_info.go:276.16,278.3 1 0
nexus-backend/pkg/host/system_info.go:279.2,279.47 1 0
nexus-backend/pkg/host/system_info.go:283.61,286.16 3 0
nexus-backend/pkg/host/system_info.go:286.16,288.3 1 0
nexus-backend/pkg/host/system_info.go:289.2,289.47 1 0
nexus-backend/pkg/host/system_info.go:293.69,295.16 2 0
nexus-backend/pkg/host/system_info.go:295.16,297.3 1 0
nexus-backend/pkg/host/system_info.go:299.2,300.21 2 0
nexus-backend/pkg/host/system_info.go:300.21,302.3 1 0
nexus-backend/pkg/host/system_info.go:304.2,305.25 2 0
nexus-backend/pkg/host/system_info.go:305.25,307.17 2 0
nexus-backend/pkg/host/system_info.go:307.17,309.4 1 0
nexus-backend/pkg/host/system_info.go:310.3,310.33 1 0
nexus-backend/pkg/host/system_info.go:313.2,313.21 1 0
nexus-backend/pkg/host/system_info.go:317.71,319.16 2 0
nexus-backend/pkg/host/system_info.go:319.16,321.3 1 0
nexus-backend/pkg/host/system_info.go:323.2,325.21 3 0
nexus-backend/pkg/host/system_info.go:325.21,327.42 2 0
nexus-backend/pkg/host/system_info.go:327.42,329.4 1 0
nexus-backend/pkg/host/system_info.go:329.9,329.58 1 0
nexus-backend/pkg/host/system_info.go:329.58,331.4 1 0
nexus-backend/pkg/host/system_info.go:334.2,334.31 1 0
nexus-backend/pkg/host/system_info.go:338.61,346.29 3 0
nexus-backend/pkg/host/system_info.go:346.29,347.48 1 0
nexus-backend/pkg/host/system_info.go:347.48,349.4 1 0
nexus-backend/pkg/host/system_info.go:352.2,352.18 1 0
nexus-backend/pkg/host/system_info.go:356.81,361.59 3 0
nexus-backend/pkg/host/system_info.go:361.59,362.44 1 0
nexus-backend/pkg/host/system_info.go:362.44,365.4 2 0
nexus-backend/pkg/host/system_info.go:369.2,369.47 1 0
nexus-backend/pkg/host/system_info.go:369.47,372.3 2 0
nexus-backend/pkg/host/system_info.go:375.2,375.59 1 0
nexus-backend/pkg/host/system_info.go:375.59,376.44 1 0
nexus-backend/pkg/host/system_info.go:376.44,379.4 2 0
nexus-backend/pkg/host/system_info.go:382.2,382.34 1 0
nexus-backend/pkg/host/system_info.go:386.64,391.16 3 0
nexus-backend/pkg/host/system_info.go:391.16,393.3 1 0
nexus-backend/pkg/host/system_info.go:395.2,396.29 2 0
nexus-backend/pkg/host/system_info.go:396.29,397.44 1 0
nexus-backend/pkg/host/system_info.go:397.44,399.22 2 0
nexus-backend/pkg/host/system_info.go:399.22,401.10 2 0
nexus-backend/pkg/host/system_info.go:407.2,411.49 3 0
nexus-backend/pkg/host/system_info.go:411.49,413.3 1 0
nexus-backend/pkg/host/system_info.go:415.2,415.21 1 0
nexus-backend/pkg/host/system_info.go:419.64,422.16 2 0
nexus-backend/pkg/host/system_info.go:422.16,424.3 1 0
nexus-backend/pkg/host/system_info.go:426.2,427.21 2 0
nexus-backend/pkg/host/system_info.go:427.21,429.3 1 0
nexus-backend/pkg/host/system_info.go:432.2,433.43 2 0
nexus-backend/pkg/host/system_info.go:433.43,435.3 1 0
nexus-backend/pkg/host/system_info.go:438.2,439.44 2 0
nexus-backend/pkg/host/system_info.go:439.44,441.17 2 0
nexus-backend/pkg/host/system_info.go:441.17,442.12 1 0
nexus-backend/pkg/host/system_info.go:444.3,445.13 2 0
nexus-backend/pkg/host/system_info.go:445.13,447.4 1 0
nexus-backend/pkg/host/system_info.go:450.2,450.16 1 0
nexus-backend/pkg/host/system_info.go:450.16,452.3 1 0
nexus-backend/pkg/host/system_info.go:454.2,455.19 2 0
nexus-backend/pkg/host/system_info.go:459.70,461.16 2 0
nexus-backend/pkg/host/system_info.go:461.16,463.3 1 0
nexus-backend/pkg/host/system_info.go:465.2,468.29 3 0
nexus-backend/pkg/host/system_info.go:468.29,470.22 2 0
nexus-backend/pkg/host/system_info.go:470.22,471.12 1 0
nexus-backend/pkg/host/system_info.go:474.3,476.17 3 0
nexus-backend/pkg/host/system_info.go:476.17,477.12 1 0
nexus-backend/pkg/host/system_info.go:481.3,483.14 2 0
nexus-backend/pkg/host/system_info.go:484.19,485.25 1 0
nexus-backend/pkg/host/system_info.go:486.23,487.29 1 0
nexus-backend/pkg/host/system_info.go:488.18,489.24 1 0
nexus-backend/pkg/host/system_info.go:490.17,491.26 1 0
nexus-backend/pkg/host/system_info.go:492.18,493.27 1 0
nexus-backend/pkg/host/system_info.go:497.2,498.23 2 0
nexus-backend/pkg/host/system_info.go:498.23,500.3 1 0
nexus-backend/pkg/host/system_info.go:502.2,502.21 1 0
nexus-backend/pkg/host/system_info.go:506.68,509.16 3 0
nexus-backend/pkg/host/system_info.go:509.16,511.3 1 0
nexus-backend/pkg/host/system_info.go:513.2,516.29 3 0
nexus-backend/pkg/host/system_info.go:516.29,517.27 1 0
nexus-backend/pkg/host/system_info.go:517.27,518.12 1 0
nexus-backend/pkg/host/system_info.go:521.3,522.22 2 0
nexus-backend/pkg/host/system_info.go:522.22,523.12 1 0
nexus-backend/pkg/host/system_info.go:527.3,529.43 1 0
nexus-backend/pkg/host/system_info.go:529.43,530.12 1 0
nexus-backend/pkg/host/system_info.go:533.3,540.57 2 0
nexus-backend/pkg/host/system_info.go:540.57,542.4 1 0
nexus-backend/pkg/host/system_info.go:543.3,543.56 1 0
nexus-backend/pkg/host/system_info.go:543.56,545.4 1 0
nexus-backend/pkg/host/system_info.go:546.3,546.61 1 0
nexus-backend/pkg/host/system_info.go:546.61,548.4 1 0
nexus-backend/pkg/host/system_info.go:551.3,552.65 2 0
nexus-backend/pkg/host/system_info.go:552.65,554.4 1 0
nexus-backend/pkg/host/system_info.go:556.3,556.42 1 0
nexus-backend/pkg/host/system_info.go:559.2,559.23 1 0
nexus-backend/pkg/host/system_info.go:563.75,564.23 1 0
nexus-backend/pkg/host/system_info.go:564.23,566.3 1 0
nexus-backend/pkg/host/system_info.go:569.2,573.16 4 0
nexus-backend/pkg/host/system_info.go:573.16,575.3 1 0
nexus-backend/pkg/host/system_info.go:577.2,578.31 2 0
nexus-backend/pkg/host/system_info.go:579.11,580.20 1 0
nexus-backend/pkg/host/system_info.go:581.11,582.27 1 0
nexus-backend/pkg/host/system_info.go:583.11,584.34 1 0
nexus-backend/pkg/host/system_info.go:585.11,586.41 1 0
nexus-backend/pkg/host/system_info.go:587.10,589.65 1 0
nexus-backend/pkg/host/system_info.go:589.65,591.4 1 0
nexus-backend/pkg/host/system_info.go:592.3,592.49 1 0
nexus-backend/pkg/host/system_info.go:595.2,595.49 1 0
nexus-backend/pkg/p2p/dve_p2p_manager.go:149.88,158.16 3 0
nexus-backend/pkg/p2p/dve_p2p_manager.go:158.16,161.3 2 0
nexus-backend/pkg/p2p/dve_p2p_manager.go:164.2,165.16 2 0
nexus-backend/pkg/p2p/dve_p2p_manager.go:165.16,168.3 2 0
nexus-backend/pkg/p2p/dve_p2p_manager.go:171.2,172.16 2 0
nexus-backend/pkg/p2p/dve_p2p_manager.go:172.16,175.3 2 0
nexus-backend/pkg/p2p/dve_p2p_manager.go:177.2,194.46 3 0
nexus-backend/pkg/p2p/dve_p2p_manager.go:194.46,197.3 2 0
nexus-backend/pkg/p2p/dve_p2p_manager.go:199.2,199.21 1 0
nexus-backend/pkg/p2p/dve_p2p_manager.go:203.47,213.16 6 0
nexus-backend/pkg/p2p/dve_p2p_manager.go:213.16,215.3 1 0
nexus-backend/pkg/p2p/dve_p2p_manager.go:217.2,218.16 2 0
nexus-backend/pkg/p2p/dve_p2p_manager.go:218.16,220.3 1 0
nexus-backend/pkg/p2p/dve_p2p_manager.go:222.2,223.16 2 0
nexus-backend/pkg/p2p/dve_p2p_manager.go:223.16,225.3 1 0
nexus-backend/pkg/p2p/dve_p2p_manager.go:228.2,229.16 2 0
nexus-backend/pkg/p2p/dve_p2p_manager.go:229.16,231.3 1 0
nexus-backend/pkg/p2p/dve_p2p_manager.go:233.2,234.16 2 0
nexus-backend/pkg/p2p/dve_p2p_manager.go:234.16,236.3 1 0
nexus-backend/pkg/p2p/dve_p2p_manager.go:238.2,239.16 2 0
nexus-backend/pkg/p2p/dve_p2p_manager.go:239.16,241.3 1 0
nexus-backend/pkg/p2p/dve_p2p_manager.go:244.2,245.16 2 0
nexus-backend/pkg/p2p/dve_p2p_manager.go:245.16,247.3 1 0
nexus-backend/pkg/p2p/dve_p2p_manager.go:250.2,251.16 2 0
nexus-backend/pkg/p2p/dve_p2p_manager.go:251.16,253.3 1 0
nexus-backend/pkg/p2p/dve_p2p_manager.go:256.2,257.16 2 0
nexus-backend/pkg/p2p/dve_p2p_manager.go:257.16,259.3 1 0
nexus-backend/pkg/p2p/dve_p2p_manager.go:262.2,263.16 2 0
nexus-backend/pkg/p2p/dve_p2p_manager.go:263.16,265.3 1 0
nexus-backend/pkg/p2p/dve_p2p_manager.go:267.2,271.12 2 0
nexus-backend/pkg/p2p/dve_p2p_manager.go:275.35,298.2 11 0
nexus-backend/pkg/p2p/dve_p2p_manager.go:301.34,306.21 3 0
nexus-backend/pkg/p2p/dve_p2p_manager.go:306.21,308.3 1 0
nexus-backend/pkg/p2p/dve_p2p_manager.go:310.2,310.59 1 0
nexus-backend/pkg/p2p/dve_p2p_manager.go:314.94,318.2 3 0
nexus-backend/pkg/p2p/dve_p2p_manager.go:321.88,332.16 3 0
nexus-backend/pkg/p2p/dve_p2p_manager.go:332.16,334.3 1 0
nexus-backend/pkg/p2p/dve_p2p_manager.go:336.2,337.16 2 0
nexus-backend/pkg/p2p/dve_p2p_manager.go:337.16,339.3 1 0
nexus-backend/pkg/p2p/dve_p2p_manager.go:341.2,342.12 2 0
nexus-backend/pkg/p2p/dve_p2p_manager.go:346.92,357.16 3 0
nexus-backend/pkg/p2p/dve_p2p_manager.go:357.16,359.3 1 0
nexus-backend/pkg/p2p/dve_p2p_manager.go:361.2,362.16 2 0
nexus-backend/pkg/p2p/dve_p2p_manager.go:362.16,364.3 1 0
nexus-backend/pkg/p2p/dve_p2p_manager.go:366.2,367.12 2 0
nexus-backend/pkg/p2p/dve_p2p_manager.go:371.68,393.16 4 0
nexus-backend/pkg/p2p/dve_p2p_manager.go:393.16,395.3 1 0
nexus-backend/pkg/p2p/dve_p2p_manager.go:397.2,398.16 2 0
nexus-backend/pkg/p2p/dve_p2p_manager.go:398.16,400.3 1 0
nexus-backend/pkg/p2p/dve_p2p_manager.go:402.2,403.12 2 0
nexus-backend/pkg/p2p/dve_p2p_manager.go:407.54,408.6 1 0
nexus-backend/pkg/p2p/dve_p2p_manager.go:408.6,409.10 1 0
nexus-backend/pkg/p2p/dve_p2p_manager.go:410.25,411.10 1 0
nexus-backend/pkg/p2p/dve_p2p_manager.go:412.11,414.18 2 0
nexus-backend/pkg/p2p/dve_p2p_manager.go:414.18,415.29 1 0
nexus-backend/pkg/p2p/dve_p2p_manager.go:415.29,417.6 1 0
nexus-backend/pkg/p2p/dve_p2p_manager.go:418.5,419.13 2 0
nexus-backend/pkg/p2p/dve_p2p_manager.go:423.4,423.41 1 0
nexus-backend/pkg/p2p/dve_p2p_manager.go:423.41,424.13 1 0
nexus-backend/pkg/p2p/dve_p2p_manager.go:427.4,428.60 2 0
nexus-backend/pkg/p2p/dve_p2p_manager.go:428.60,430.13 2 0
nexus-backend/pkg/p2p/dve_p2p_manager.go:434.4,434.30 1 0
nexus-backend/pkg/p2p/dve_p2p_manager.go:440.53,441.6 1 0
nexus-backend/pkg/p2p/dve_p2p_manager.go:441.6,442.10 1 0
nexus-backend/pkg/p2p/dve_p2p_manager.go:443.25,444.10 1 0
nexus-backend/pkg/p2p/dve_p2p_manager.go:445.11,447.18 2 0
nexus-backend/pkg/p2p/dve_p2p_manager.go:447.18,448.29 1 0
nexus-backend/pkg/p2p/dve_p2p_manager.go:448.29,450.6 1 0
nexus-backend/pkg/p2p/dve_p2p_manager.go:451.5,452.13 2 0
nexus-backend/pkg/p2p/dve_p2p_manager.go:456.4,456.41 1 0
nexus-backend/pkg/p2p/dve_p2p_manager.go:456.41,457.13 1 0
nexus-backend/pkg/p2p/dve_p2p_manager.go:460.4,461.60 2 0
nexus-backend/pkg/p2p/dve_p2p_manager.go:461.60,463.13 2 0
nexus-backend/pkg/p2p/dve_p2p_manager.go:467.4,467.30 1 0
nexus-backend/pkg/p2p/dve_p2p_manager.go:473.53,474.6 1 0
nexus-backend/pkg/p2p/dve_p2p_manager.go:474.6,475.10 1 0
nexus-backend/pkg/p2p/dve_p2p_manager.go:476.25,477.10 1 0
nexus-backend/pkg/p2p/dve_p2p_manager.go:478.11,480.18 2 0
nexus-backend/pkg/p2p/dve_p2p_manager.go:480.18,481.29 1 0
nexus-backend/pkg/p2p/dve_p2p_manager.go:481.29,483.6 1 0
nexus-backend/pkg/p2p/dve_p2p_manager.go:484.5,485.13 2 0
nexus-backend/pkg/p2p/dve_p2p_manager.go:489.4,489.41 1 0
nexus-backend/pkg/p2p/dve_p2p_manager.go:489.41,490.13 1 0
nexus-backend/pkg/p2p/dve_p2p_manager.go:493.4,494.60 2 0
nexus-backend/pkg/p2p/dve_p2p_manager.go:494.60,496.13 2 0
nexus-backend/pkg/p2p/dve_p2p_manager.go:500.4,500.30 1 0
nexus-backend/pkg/p2p/dve_p2p_manager.go:506.65,511.12 4 0
nexus-backend/pkg/p2p/dve_p2p_manager.go:511.12,512.61 1 0
nexus-backend/pkg/p2p/dve_p2p_manager.go:512.61,514.4 1 0
nexus-backend/pkg/p2p/dve_p2p_manager.go:515.8,517.3 1 0
nexus-backend/pkg/p2p/dve_p2p_manager.go:521.43,525.6 3 0
nexus-backend/pkg/p2p/dve_p2p_manager.go:525.6,526.10 1 0
nexus-backend/pkg/p2p/dve_p2p_manager.go:527.25,528.10 1 0
nexus-backend/pkg/p2p/dve_p2p_manager.go:529.19,531.22 1 0
nexus-backend/pkg/p2p/dve_p2p_manager.go:537.42,542.16 3 0
nexus-backend/pkg/p2p/dve_p2p_manager.go:542.16,545.3 2 0
nexus-backend/pkg/p2p/dve_p2p_manager.go:548.2,554.37 5 0
nexus-backend/pkg/p2p/dve_p2p_manager.go:554.37,556.3 1 0
nexus-backend/pkg/p2p/dve_p2p_manager.go:558.2,561.43 2 0
nexus-backend/pkg/p2p/dve_p2p_manager.go:561.43,562.35 1 0
nexus-backend/pkg/p2p/dve_p2p_manager.go:562.35,563.12 1 0
nexus-backend/pkg/p2p/dve_p2p_manager.go:567.3,571.17 4 0
nexus-backend/pkg/p2p/dve_p2p_manager.go:571.17,573.4 1 0
nexus-backend/pkg/p2p/dve_p2p_manager.go:573.9,575.4 1 0
nexus-backend/pkg/p2p/dve_p2p_manager.go:580.85,583.16 2 0
nexus-backend/pkg/p2p/dve_p2p_manager.go:583.16,585.3 1 0
nexus-backend/pkg/p2p/dve_p2p_manager.go:588.2,588.41 1 0
nexus-backend/pkg/p2p/dve_p2p_manager.go:592.50,595.16 2 0
nexus-backend/pkg/p2p/dve_p2p_manager.go:595.16,598.3 2 0
nexus-backend/pkg/p2p/dve_p2p_manager.go:601.2,601.60 1 0
nexus-backend/pkg/p2p/dve_p2p_manager.go:601.60,604.3 2 0
nexus-backend/pkg/p2p/dve_p2p_manager.go:606.2,606.68 1 0
nexus-backend/pkg/p2p/dve_p2p_manager.go:610.42,614.6 3 0
nexus-backend/pkg/p2p/dve_p2p_manager.go:614.6,615.10 1 0
nexus-backend/pkg/p2p/dve_p2p_manager.go:616.25,617.10 1 0
nexus-backend/pkg/p2p/dve_p2p_manager.go:618.19,620.29 1 0
nexus-backend/pkg/p2p/dve_p2p_manager.go:626.49,629.2 1 0
nexus-backend/pkg/p2p/dve_p2p_manager.go:632.43,636.6 3 0
nexus-backend/pkg/p2p/dve_p2p_manager.go:636.6,637.10 1 0
nexus-backend/pkg/p2p/dve_p2p_manager.go:638.25,639.10 1 0
nexus-backend/pkg/p2p/dve_p2p_manager.go:640.19,641.28 1 0
nexus-backend/pkg/p2p/dve_p2p_manager.go:647.48,665.16 4 0
nexus-backend/pkg/p2p/dve_p2p_manager.go:665.16,668.3 2 0
nexus-backend/pkg/p2p/dve_p2p_manager.go:670.2,670.61 1 0
nexus-backend/pkg/p2p/dve_p2p_manager.go:670.61,672.3 1 0
nexus-backend/pkg/p2p/dve_p2p_manager.go:676.65,680.31 3 0
nexus-backend/pkg/p2p/dve_p2p_manager.go:680.31,682.21 2 0
nexus-backend/pkg/p2p/dve_p2p_manager.go:682.21,690.4 2 0
nexus-backend/pkg/p2p/dve_p2p_manager.go:693.2,693.18 1 0
nexus-backend/pkg/p2p/dve_p2p_manager.go:697.72,710.2 3 0
nexus-backend/pkg/p2p/dve_p2p_manager.go:713.50,714.6 1 0
nexus-backend/pkg/p2p/dve_p2p_manager.go:714.6,715.10 1 0
nexus-backend/pkg/p2p/dve_p2p_manager.go:716.25,717.10 1 0
nexus-backend/pkg/p2p/dve_p2p_manager.go:718.11,720.18 2 0
nexus-backend/pkg/p2p/dve_p2p_manager.go:720.18,721.29 1 0
nexus-backend/pkg/p2p/dve_p2p_manager.go:721.29,723.6 1 0
nexus-backend/pkg/p2p/dve_p2p_manager.go:724.5,724.13 1 0
nexus-backend/pkg/p2p/dve_p2p_manager.go:728.4,728.41 1 0
nexus-backend/pkg/p2p/dve_p2p_manager.go:728.41,729.13 1 0
nexus-backend/pkg/p2p/dve_p2p_manager.go:733.4,734.64 2 0
nexus-backend/pkg/p2p/dve_p2p_manager.go:734.64,736.13 2 0
nexus-backend/pkg/p2p/dve_p2p_manager.go:739.4,742.27 2 0
nexus-backend/pkg/p2p/dve_p2p_manager.go:743.24,744.74 1 0
nexus-backend/pkg/p2p/dve_p2p_manager.go:745.25,746.75 1 0
nexus-backend/pkg/p2p/dve_p2p_manager.go:747.12,748.100 1 0
nexus-backend/pkg/p2p/dve_p2p_manager.go:755.88,758.16 2 0
nexus-backend/pkg/p2p/dve_p2p_manager.go:758.16,761.3 2 0
nexus-backend/pkg/p2p/dve_p2p_manager.go:763.2,764.68 2 0
nexus-backend/pkg/p2p/dve_p2p_manager.go:764.68,767.3 2 0
nexus-backend/pkg/p2p/dve_p2p_manager.go:769.2,784.97 8 0
nexus-backend/pkg/p2p/dve_p2p_manager.go:788.89,794.2 4 0
nexus-backend/pkg/p2p/dve_p2p_manager.go:797.50,801.60 3 0
nexus-backend/pkg/p2p/dve_p2p_manager.go:801.60,809.3 6 0
nexus-backend/pkg/p2p/dve_p2p_manager.go:811.2,811.26 1 0
nexus-backend/pkg/p2p/dve_p2p_manager.go:815.52,816.6 1 0
nexus-backend/pkg/p2p/dve_p2p_manager.go:816.6,817.10 1 0
nexus-backend/pkg/p2p/dve_p2p_manager.go:818.25,819.10 1 0
nexus-backend/pkg/p2p/dve_p2p_manager.go:820.11,822.18 2 0
nexus-backend/pkg/p2p/dve_p2p_manager.go:822.18,823.29 1 0
nexus-backend/pkg/p2p/dve_p2p_manager.go:823.29,825.6 1 0
nexus-backend/pkg/p2p/dve_p2p_manager.go:826.5,826.13 1 0
nexus-backend/pkg/p2p/dve_p2p_manager.go:830.4,830.41 1 0
nexus-backend/pkg/p2p/dve_p2p_manager.go:830.41,831.13 1 0
nexus-backend/pkg/p2p/dve_p2p_manager.go:835.4,836.60 2 0
nexus-backend/pkg/p2p/dve_p2p_manager.go:836.60,838.13 2 0
nexus-backend/pkg/p2p/dve_p2p_manager.go:841.4,845.23 2 0
nexus-backend/pkg/p2p/dve_p2p_manager.go:846.30,847.53 1 0
nexus-backend/pkg/p2p/dve_p2p_manager.go:848.29,849.52 1 0
nexus-backend/pkg/p2p/dve_p2p_manager.go:850.23,851.46 1 0
nexus-backend/pkg/p2p/dve_p2p_manager.go:852.12,853.89 1 0
nexus-backend/pkg/p2p/dve_p2p_manager.go:860.92,863.2 1 0
nexus-backend/pkg/p2p/dve_p2p_manager.go:866.91,869.2 1 0
nexus-backend/pkg/p2p/dve_p2p_manager.go:872.85,875.2 1 0
nexus-backend/pkg/p2p/dve_p2p_manager.go:878.146,879.27 1 0
nexus-backend/pkg/p2p/dve_p2p_manager.go:879.27,881.3 1 0
nexus-backend/pkg/p2p/dve_p2p_manager.go:883.2,901.49 3 0
nexus-backend/pkg/p2p/dve_p2p_manager.go:905.137,906.27 1 0
nexus-backend/pkg/p2p/dve_p2p_manager.go:906.27,908.3 1 0
nexus-backend/pkg/p2p/dve_p2p_manager.go:910.2,928.49 3 0
nexus-backend/pkg/p2p/dve_p2p_manager.go:932.140,933.27 1 0
nexus-backend/pkg/p2p/dve_p2p_manager.go:933.27,935.3 1 0
nexus-backend/pkg/p2p/dve_p2p_manager.go:937.2,955.49 3 0
nexus-backend/pkg/p2p/dve_p2p_manager.go:959.93,961.16 2 0
nexus-backend/pkg/p2p/dve_p2p_manager.go:961.16,963.3 1 0
nexus-backend/pkg/p2p/dve_p2p_manager.go:965.2,965.76 1 0
nexus-backend/pkg/p2p/dve_p2p_manager.go:965.76,967.3 1 0
nexus-backend/pkg/p2p/dve_p2p_manager.go:969.2,971.12 2 0
